<?xml version="1.0" encoding="UTF-8"?>
<eml:eml packageId="knb-lter-knz.100.1"
  system="https://pasta.edirepository.org"
  xmlns:ds="eml://ecoinformatics.org/dataset-2.1.0"
  xmlns:eml="eml://ecoinformatics.org/eml-2.1.1"
  xmlns:stmml="http://www.xml-cml.org/schema/stmml-1.1"
  xmlns:xs="http://www.w3.org/2001/XMLSchema"
  xmlns:xsi="http://www.w3.org/2001/XMLSchema-instance" xsi:schemaLocation="eml://ecoinformatics.org/eml-2.1.0 http://nis.lternet.edu/schemas/EML/eml-2.1.0/eml.xsd">
  <access authSystem="https://pasta.edirepository.org/authentication"
    order="allowFirst" scope="document" system="https://pasta.edirepository.org">
    <allow>
      <principal>uid=KNZ,o=LTER,dc=ecoinformatics,dc=org</principal>
      <permission>all</permission>
    </allow>
    <allow>
      <principal>public</principal>
      <permission>read</permission>
    </allow>
  </access>
  <dataset>
    <alternateIdentifier system="https://doi.org">doi:10.6073/pasta/32f60e91bfeb5fc6d198d05f56ac7ee1</alternateIdentifier>
    <shortName>NUT01</shortName>
    <title>NUT01 Nutrient Network: Investigating the roles of nutrient availability and vertebrate herbivory on grassland structure and function at Konza Prairie</title>
    <creator>
      <individualName>
        <givenName>Kimberly</givenName>
        <surName>La Pierre</surName>
      </individualName>
      <address>
        <deliveryPoint>Smithsonian Environmental Research Center (SERC)</deliveryPoint>
        <city>Edgewater</city>
        <administrativeArea>MD</administrativeArea>
        <postalCode>21037</postalCode>
        <country>US</country>
      </address>
      <electronicMailAddress>lapierrek@si.edu</electronicMailAddress>
    </creator>
    <creator>
      <individualName>
        <givenName>Melinda</givenName>
        <surName>Smith</surName>
      </individualName>
      <address>
        <deliveryPoint>College of Natural Sciences Biology, Colorado State University</deliveryPoint>
        <city>Fort Collins</city>
        <administrativeArea>CO</administrativeArea>
        <postalCode>80523</postalCode>
        <country>US</country>
      </address>
      <phone phonetype="voice">203-432-9422</phone>
      <electronicMailAddress>melinda.smith@colostate.edu</electronicMailAddress>
    </creator>
    <metadataProvider>
      <organizationName>Konza LTER</organizationName>
      <onlineUrl>http://www.konza.ksu.edu/</onlineUrl>
    </metadataProvider>
    <pubDate>2017-07-12</pubDate>
    <language>English</language>
    <abstract>
      <section>
        <para>
          <literalLayout>The goals and focal research questions are copied below from the Nutrient Network website. More information can be found at nutnet.org. NutNet focal research questions: (1) How general is our current understanding of productivity-diversity relationships? (2) To what extent are plant production and diversity co-limited by multiple nutrients in herbacoues-dominated communities? (3) Under what conditions do grazers or fertilization control plant biomass, diversity, and composition? NutNet goals: (1) To collect data from a broad range of sites in a consistent manner to allow direct comparisons of environment-productivity-diversity relationships among systems around the world. This is currently occurring at each site in the network and, when these data are compiled, will allow us to provide new insights into several important, unanswered questions in ecology. (2) To implement a cross-site experiment requiring only nominal investment of time and resources by each investigator, but quantifying community and ecosystem responses in a wide range of herbaceous-dominated ecosystems (i.e., desert grasslands to arctic tundra).</literalLayout>
        </para>
      </section>
    </abstract>
    <keywordSet>
      <keyword>Primary Production</keyword>
      <keyword>Inorganic Nutrients</keyword>
      <keyword>Populations</keyword>
      <keywordThesaurus>Core Areas</keywordThesaurus>
    </keywordSet>
    <keywordSet>
      <keyword>Others</keyword>
      <keywordThesaurus>Section</keywordThesaurus>
    </keywordSet>
    <keywordSet>
      <keyword>Herbivores</keyword>
      <keyword>inorganic N</keyword>
      <keyword>Kansas</keyword>
      <keyword>Konza Prairie</keyword>
      <keyword>Konza Prairie Biological Station</keyword>
      <keyword>nitrogen</keyword>
      <keyword>phosphorus</keyword>
      <keyword>Population</keyword>
      <keyword>primary productivity</keyword>
      <keywordThesaurus>Station Keywords</keywordThesaurus>
    </keywordSet>
    <intellectualRights>
      <section>
        <title>Data Policies</title>
        <para>
          <literalLayout>Data Use Agreements: The Intellectual Rights within the metadata associated with each KNZ data set determines the exact data and metadata use agreement between the data user and the KNZ LTER site. KNZ LTER data and metadata may be released under the license: CC BY - Attribution (https://creativecommons.org/licenses/by/4.0/). This license lets others distribute, remix, tweak, and build upon KNZ work (even commercially), as long as the KNZ program is credited for the original creation. Alternatively, some KNZ LTER data and metadata may be released into the public domain: CC0 - No Rights Reserved (https://creativecommons.org/share-your-work/public-domain/cc0/). CC0 states that data are placed in the public domain, so that others may freely build upon, enhance and reuse the works for any purposes without restriction under copyright or database law. In either case, users of KNZ data are referred to the following guidelines: "The consumer of these data ("Data User" herein) has an ethical obligation to cite it appropriately in any publication that results from its use. The Data User should realize that these data may be actively used by others for ongoing research and that coordination may be necessary to prevent duplicate publication. The Data User is urged to contact the authors of these data if any questions about methodology or results occur. Where appropriate, the Data User is encouraged to consider collaboration or coauthorship with the authors. The Data User should realize that misinterpretation of data may occur if used out of context of the original study. While substantial efforts are made to ensure the accuracy of data and associated documentation, complete accuracy of data sets cannot be guaranteed. All data are made available "as is." The Data User should be aware, however, that data are updated periodically and it is the responsibility of the Data User to check for new versions of the data. The data authors and the repository where these data were obtained shall not be liable for damages resulting from any use or misinterpretation of the data. Thank you".</literalLayout>
        </para>
      </section>
    </intellectualRights>
    <distribution>
      <online>
        <url function="information">http://lter.konza.ksu.edu/content/nut01-nutrient-network-investigating-roles-nutrient-availability-and-vertebrate-herbivory</url>
      </online>
    </distribution>
    <coverage>
      <geographicCoverage>
        <geographicDescription>2C: Ungrazed and scheduled prescribed burned every 2 years in the spring.</geographicDescription>
        <boundingCoordinates>
          <westBoundingCoordinate>-96.5772</westBoundingCoordinate>
          <eastBoundingCoordinate>-96.5846</eastBoundingCoordinate>
          <northBoundingCoordinate>39.0725</northBoundingCoordinate>
          <southBoundingCoordinate>39.0667</southBoundingCoordinate>
        </boundingCoordinates>
      </geographicCoverage>
      <temporalCoverage>
        <rangeOfDates>
          <beginDate>
            <calendarDate>2007-02-01</calendarDate>
          </beginDate>
          <endDate>
            <calendarDate>2015-12-31</calendarDate>
          </endDate>
        </rangeOfDates>
      </temporalCoverage>
    </coverage>
    <maintenance>
      <description>
        <para>
          <literalLayout>Ongoing project.</literalLayout>
        </para>
      </description>
    </maintenance>
    <contact>
      <individualName>
        <givenName>Konza</givenName>
        <surName>LTER</surName>
      </individualName>
      <address>
        <deliveryPoint>Division of Biology</deliveryPoint>
        <city>Manhattan</city>
        <administrativeArea>KS</administrativeArea>
        <postalCode>66506</postalCode>
        <country>US</country>
      </address>
      <phone phonetype="voice">785-532-6729</phone>
      <electronicMailAddress>knzlter@ksu.edu</electronicMailAddress>
      <onlineUrl>http://lter.konza.ksu.edu</onlineUrl>
    </contact>
    <publisher>
      <organizationName>Konza LTER</organizationName>
      <onlineUrl>http://www.konza.ksu.edu/</onlineUrl>
    </publisher>
    <pubPlace>Konza Prairie LTER</pubPlace>
    <methods>
      <methodStep>
        <description>
          <section>
            <para>
              <literalLayout>The NutNet methods used at Konza are copied below, modified from the Nutrient Network website. More information can be found at nutnet.org/methods. 1. Site Selection â€“ The Konza NutNet site was selected to be relatively homogeneous (i.e., not encompassing large gradients), dominated by herbaceous vegetation, and representative of the tallgrass prairie ecosystem. 2. Observational Study â€“ The observational data is composed of the pre-treatment sampling of all 30 experimental plots described below. At Konza, this data was collected in 2007. 3. Experimental Design - The core experiment was set up in a completely randomized block (environmental gradient) design with three blocks, 10 treatments per block, and three replicates per treatment (N = 30 total experimental units). Each experimental unit are 5 x 5 m in size, with 1-m walkways between plots and 2-m walkways between blocks. The corners of the plots are permanently marked. Experimental units are subdivided into 4 2.5 x 2.5 m subplots (designated A,B,C,D). These four subplot are assigned to be used for the core sampling, site-specific studies, or one of two possible future studies. Each of the four 2.5 x 2.5 m subplots is further subdivided into 4 1 x 1 m sub-subplots (1,2,3,4). Thus a specific location in the plot is designated by number, letter, number combination (e.g., 21A2, 13B4, etc). To assess multiple resource limitation, three nutrient addition treatments (Nitrogen, Phosphorus, Potassium plus Other nutrients), each with two levels (Control, Added), are crossed in a factorial design, for a total of 8 treatment combinations. Nitrogen was added in the form of ammonium nitrate in 2008 and time-released urea thereafter. Phosphorus is added in the form of super phosphate, and potassium is added in the form of potassium sulfate. Each nutrient is applied at 10 g m-2 in the spring of each year. In addition, there is an herbivore fencing treatment, in which the entire 5 x 5 m plot will be fenced to exclude most herbivores. This treatment is crossed with the Control and NPK+ treatments to assess top-down vs. bottom-up effects on community structure and function. 4. Core Sampling Methodology - The core sampling 2.5 x 2.5 m subplot is divided into four 1 x 1 m permanent subplots, surrounded by a 0.25 m buffer. One of these permanent 1-m2 subplots is designated for plant species composition sampling and the other three for destructive sampling. Core sampling includes aboveground standing crop (sorted to at least three functional groups), percent cover of all plant species, and light availability measurements. All of these core measurements was collected from all plots prior to initiation of the experiment and in each year of the experiment, using the same methodology as all NutNet sites. Nut011- Plant Species Composition Percent aerial cover was estimated in one permanently marked 1-m2 subplot within the core-sampling subplot. Aerial cover was estimated for each plant species separately using a modified Daubenmire method (Daubenmire 1959), in which cover is estimated to the nearest 1% percent for each species rooted within the plot. Percent cover was also estimated for bare soil, animal diggings/disturbance, and rocks if present. Note that total cover will typically exceed 100% because species cover is estimated independently for each species. Within-season sampling frequency was adjusted based on the phenology of the component species in order to capture the maximum cover of each species. Species composition was measured in the spring (late-May) and again in the fall (late-Aug) to capture maximum relative cover of early-season C3 forb and grass species and late-season C4 forb and grass species, respectively. NUT012 - Aboveground Standing Crop Aboveground standing crop was estimated destructively by clipping at ground level all aboveground biomass of individual plants rooted within a 0.2 m2 (two 20 x 50 cm strips) area. Biomass was clipped within the 1-m2 subplots designated for destructive sampling within the core sampling subplot. Location of the quadrats was noted to prevent resampling during the duration of the study. For shrubs and subshrubs rooted within the quadrat, leaves and current yearâ€™s woody growth were collected. Standing crop was separated into the following categories: 1. previous yearâ€™s dead, 2. current yearâ€™s graminoid (grasses, sedges, rushes), 3. current yearâ€™s forbs, and 4. current yearâ€™s woody growth. All biomass was dried at 60ï‚°C for 48hrs prior to weighing to the nearest 0.01 g. NUT013 - Light Availability Light availability was measured using a light meter (1-m length ceptometer) capable of integrated measures of photosynthetically active radiation (PAR, ï­mol m-2 sec-1). Light availability was measured at the same time and in the same 1-m2 subplot used for the species composition measurements. Light readings were taken on a cloudless day as close to solar noon as possible (i.e., 11 am to 2 pm). For each subplot, two light measurements at ground level (at opposite corners of the 1-m2 plot, diagonal to each other) and one to two above the canopy were taken. Light availability was calculated as the ratio of PAR below and above the canopy. ForÂ list of Species code used, please check species list in Excel versionFor the NutNet Experiment treatment map, please check NutNet TreatmentFor additional metadata information see: http://lter.konza.ksu.edu/sites/default/files/DC.pdfFor additional methods information see: http://lter.konza.ksu.edu/sites/default/files/MM.pdf</literalLayout>
            </para>
          </section>
        </description>
      </methodStep>
    </methods>
    <dataTable>
      <entityName>NUT011</entityName>
      <entityDescription>Plant Species Composition</entityDescription>
      <physical>
        <objectName>NUT011.csv</objectName>
        <size>309806</size>
        <dataFormat>
          <textFormat>
            <numHeaderLines>1</numHeaderLines>
            <recordDelimiter>\n</recordDelimiter>
            <attributeOrientation>column</attributeOrientation>
            <simpleDelimited>
              <fieldDelimiter>,</fieldDelimiter>
            </simpleDelimited>
          </textFormat>
        </dataFormat>
        <distribution>
          <online>
            <url>https://pasta.lternet.edu/package/data/eml/knb-lter-knz/100/1/0154c446e47da5ec3b0242e078615d3f</url>
          </online>
        </distribution>
      </physical>
      <attributeList>
        <attribute>
          <attributeName>DataCode</attributeName>
          <attributeLabel>DataCode</attributeLabel>
          <attributeDefinition>Dataset Code</attributeDefinition>
          <storageType>string</storageType>
          <measurementScale>
            <nominal>
              <nonNumericDomain>
                <textDomain>
                  <definition>Dataset Code</definition>
                </textDomain>
              </nonNumericDomain>
            </nominal>
          </measurementScale>
        </attribute>
        <attribute>
          <attributeName>RecType</attributeName>
          <attributeLabel>RecType</attributeLabel>
          <attributeDefinition>Record Type</attributeDefinition>
          <storageType>string</storageType>
          <measurementScale>
            <nominal>
              <nonNumericDomain>
                <textDomain>
                  <definition>Record Type</definition>
                </textDomain>
              </nonNumericDomain>
            </nominal>
          </measurementScale>
        </attribute>
        <attribute>
          <attributeName>RecYear</attributeName>
          <attributeLabel>RecYear</attributeLabel>
          <attributeDefinition>The year of data were collected</attributeDefinition>
          <storageType>string</storageType>
          <measurementScale>
            <nominal>
              <nonNumericDomain>
                <textDomain>
                  <definition>The year of data were collected</definition>
                </textDomain>
              </nonNumericDomain>
            </nominal>
          </measurementScale>
        </attribute>
        <attribute>
          <attributeName>Season</attributeName>
          <attributeLabel>Season</attributeLabel>
          <attributeDefinition>The season of data were collected</attributeDefinition>
          <storageType>string</storageType>
          <measurementScale>
            <nominal>
              <nonNumericDomain>
                <textDomain>
                  <definition>The season of data were collected</definition>
                </textDomain>
              </nonNumericDomain>
            </nominal>
          </measurementScale>
        </attribute>
        <attribute>
          <attributeName>Date</attributeName>
          <attributeLabel>Date</attributeLabel>
          <attributeDefinition>The date of data were collected</attributeDefinition>
          <storageType>date</storageType>
          <measurementScale>
            <dateTime>
              <formatString>MM:DD:YYYY</formatString>
            </dateTime>
          </measurementScale>
        </attribute>
        <attribute>
          <attributeName>Site</attributeName>
          <attributeLabel>Site</attributeLabel>
          <attributeDefinition>Site name</attributeDefinition>
          <storageType>string</storageType>
          <measurementScale>
            <nominal>
              <nonNumericDomain>
                <textDomain>
                  <definition>Site name</definition>
                </textDomain>
              </nonNumericDomain>
            </nominal>
          </measurementScale>
        </attribute>
        <attribute>
          <attributeName>Block</attributeName>
          <attributeLabel>Block</attributeLabel>
          <attributeDefinition>Block number</attributeDefinition>
          <storageType>string</storageType>
          <measurementScale>
            <nominal>
              <nonNumericDomain>
                <textDomain>
                  <definition>Block number</definition>
                </textDomain>
              </nonNumericDomain>
            </nominal>
          </measurementScale>
        </attribute>
        <attribute>
          <attributeName>Plot</attributeName>
          <attributeLabel>Plot</attributeLabel>
          <attributeDefinition>Plot number</attributeDefinition>
          <storageType>string</storageType>
          <measurementScale>
            <nominal>
              <nonNumericDomain>
                <textDomain>
                  <definition>Plot number</definition>
                </textDomain>
              </nonNumericDomain>
            </nominal>
          </measurementScale>
        </attribute>
        <attribute>
          <attributeName>Subplot</attributeName>
          <attributeLabel>Subplot</attributeLabel>
          <attributeDefinition>Subplot letter (A-Z), default value is 'A'. Other values may not be unique between sites.</attributeDefinition>
          <storageType>string</storageType>
          <measurementScale>
            <nominal>
              <nonNumericDomain>
                <textDomain>
                  <definition>Subplot letter (A-Z), default value is 'A'. Other values may not be unique between sites.</definition>
                </textDomain>
              </nonNumericDomain>
            </nominal>
          </measurementScale>
        </attribute>
        <attribute>
          <attributeName>Sppnum</attributeName>
          <attributeLabel>Sppnum</attributeLabel>
          <attributeDefinition>Species number from NUT species list.</attributeDefinition>
          <storageType>string</storageType>
          <measurementScale>
            <nominal>
              <nonNumericDomain>
                <textDomain>
                  <definition>Species number from NUT species list.</definition>
                </textDomain>
              </nonNumericDomain>
            </nominal>
          </measurementScale>
        </attribute>
        <attribute>
          <attributeName>Taxa</attributeName>
          <attributeLabel>Taxa</attributeLabel>
          <attributeDefinition>Taxa associated with cover value</attributeDefinition>
          <storageType>string</storageType>
          <measurementScale>
            <nominal>
              <nonNumericDomain>
                <textDomain>
                  <definition>Taxa associated with cover value</definition>
                </textDomain>
              </nonNumericDomain>
            </nominal>
          </measurementScale>
        </attribute>
        <attribute>
          <attributeName>Cover</attributeName>
          <attributeLabel>Cover</attributeLabel>
          <attributeDefinition>Percent cover of taxa (0-100)</attributeDefinition>
          <storageType>string</storageType>
          <measurementScale>
            <nominal>
              <nonNumericDomain>
                <textDomain>
                  <definition>Percent cover of taxa (0-100)</definition>
                </textDomain>
              </nonNumericDomain>
            </nominal>
          </measurementScale>
        </attribute>
        <attribute>
          <attributeName>Comments</attributeName>
          <attributeLabel>Comments</attributeLabel>
          <attributeDefinition>Comments</attributeDefinition>
          <storageType>string</storageType>
          <measurementScale>
            <nominal>
              <nonNumericDomain>
                <textDomain>
                  <definition>Comments</definition>
                </textDomain>
              </nonNumericDomain>
            </nominal>
          </measurementScale>
        </attribute>
      </attributeList>
    </dataTable>
    <dataTable>
      <entityName>NUT012</entityName>
      <entityDescription>Aboveground Biomass data</entityDescription>
      <physical>
        <objectName>NUT012.csv</objectName>
        <size>26129</size>
        <dataFormat>
          <textFormat>
            <numHeaderLines>1</numHeaderLines>
            <recordDelimiter>\n</recordDelimiter>
            <attributeOrientation>column</attributeOrientation>
            <simpleDelimited>
              <fieldDelimiter>,</fieldDelimiter>
            </simpleDelimited>
          </textFormat>
        </dataFormat>
        <distribution>
          <online>
            <url>https://pasta.lternet.edu/package/data/eml/knb-lter-knz/100/1/de5966f3eba971cbfd2a18d50915b853</url>
          </online>
        </distribution>
      </physical>
      <attributeList>
        <attribute>
          <attributeName>DataCode</attributeName>
          <attributeLabel>DataCode</attributeLabel>
          <attributeDefinition>Data Code</attributeDefinition>
          <storageType>string</storageType>
          <measurementScale>
            <nominal>
              <nonNumericDomain>
                <textDomain>
                  <definition>Data Code</definition>
                </textDomain>
              </nonNumericDomain>
            </nominal>
          </measurementScale>
        </attribute>
        <attribute>
          <attributeName>RecType</attributeName>
          <attributeLabel>RecType</attributeLabel>
          <attributeDefinition>Record Type</attributeDefinition>
          <storageType>string</storageType>
          <measurementScale>
            <nominal>
              <nonNumericDomain>
                <textDomain>
                  <definition>Record Type</definition>
                </textDomain>
              </nonNumericDomain>
            </nominal>
          </measurementScale>
        </attribute>
        <attribute>
          <attributeName>RecYear</attributeName>
          <attributeLabel>RecYear</attributeLabel>
          <attributeDefinition>The year of data were collected</attributeDefinition>
          <measurementScale>
            <ratio>
              <unit>
                <customUnit>Year</customUnit>
              </unit>
              <numericDomain>
                <numberType>real</numberType>
              </numericDomain>
            </ratio>
          </measurementScale>
        </attribute>
        <attribute>
          <attributeName>Site</attributeName>
          <attributeLabel>Site</attributeLabel>
          <attributeDefinition>Site Name</attributeDefinition>
          <storageType>string</storageType>
          <measurementScale>
            <nominal>
              <nonNumericDomain>
                <textDomain>
                  <definition>Site Name</definition>
                </textDomain>
              </nonNumericDomain>
            </nominal>
          </measurementScale>
        </attribute>
        <attribute>
          <attributeName>Plot</attributeName>
          <attributeLabel>Plot</attributeLabel>
          <attributeDefinition>Plot number</attributeDefinition>
          <storageType>string</storageType>
          <measurementScale>
            <nominal>
              <nonNumericDomain>
                <textDomain>
                  <definition>Plot number</definition>
                </textDomain>
              </nonNumericDomain>
            </nominal>
          </measurementScale>
        </attribute>
        <attribute>
          <attributeName>Subplot</attributeName>
          <attributeLabel>Subplot</attributeLabel>
          <attributeDefinition>Subplot letter (A-Z), default value is 'A'. Other values may not be unique between sites.</attributeDefinition>
          <storageType>string</storageType>
          <measurementScale>
            <nominal>
              <nonNumericDomain>
                <textDomain>
                  <definition>Subplot letter (A-Z), default value is 'A'. Other values may not be unique between sites.</definition>
                </textDomain>
              </nonNumericDomain>
            </nominal>
          </measurementScale>
        </attribute>
        <attribute>
          <attributeName>Lvgrass</attributeName>
          <attributeLabel>Lvgrass</attributeLabel>
          <attributeDefinition>Dried lvgrass biomass of taxa in grams per m2</attributeDefinition>
          <measurementScale>
            <ratio>
              <unit>
                <standardUnit>gramsPerSquareMeter</standardUnit>
              </unit>
              <precision>0.01</precision>
              <numericDomain>
                <numberType>real</numberType>
              </numericDomain>
            </ratio>
          </measurementScale>
        </attribute>
        <attribute>
          <attributeName>Forbs</attributeName>
          <attributeLabel>Forbs</attributeLabel>
          <attributeDefinition>Dried forbs biomass of taxa in grams per m2</attributeDefinition>
          <measurementScale>
            <ratio>
              <unit>
                <standardUnit>gramsPerSquareMeter</standardUnit>
              </unit>
              <precision>0.01</precision>
              <numericDomain>
                <numberType>real</numberType>
              </numericDomain>
            </ratio>
          </measurementScale>
        </attribute>
        <attribute>
          <attributeName>Woody</attributeName>
          <attributeLabel>Woody</attributeLabel>
          <attributeDefinition>Dried woody biomass of taxa in grams per m2</attributeDefinition>
          <measurementScale>
            <ratio>
              <unit>
                <standardUnit>gramsPerSquareMeter</standardUnit>
              </unit>
              <precision>0.01</precision>
              <numericDomain>
                <numberType>real</numberType>
              </numericDomain>
            </ratio>
          </measurementScale>
        </attribute>
        <attribute>
          <attributeName>Pryrdead</attributeName>
          <attributeLabel>Pryrdead</attributeLabel>
          <attributeDefinition>Dried pryrdead biomass of taxa in grams per m2</attributeDefinition>
          <measurementScale>
            <ratio>
              <unit>
                <standardUnit>gramsPerSquareMeter</standardUnit>
              </unit>
              <precision>0.01</precision>
              <numericDomain>
                <numberType>real</numberType>
              </numericDomain>
            </ratio>
          </measurementScale>
        </attribute>
        <attribute>
          <attributeName>Total</attributeName>
          <attributeLabel>Total</attributeLabel>
          <attributeDefinition>Dried total biomass of taxa in grams per m2</attributeDefinition>
          <measurementScale>
            <ratio>
              <unit>
                <standardUnit>gramsPerSquareMeter</standardUnit>
              </unit>
              <precision>0.01</precision>
              <numericDomain>
                <numberType>real</numberType>
              </numericDomain>
            </ratio>
          </measurementScale>
        </attribute>
        <attribute>
          <attributeName>Comments</attributeName>
          <attributeLabel>Comments</attributeLabel>
          <attributeDefinition>Comments</attributeDefinition>
          <storageType>string</storageType>
          <measurementScale>
            <nominal>
              <nonNumericDomain>
                <textDomain>
                  <definition>Comments</definition>
                </textDomain>
              </nonNumericDomain>
            </nominal>
          </measurementScale>
        </attribute>
      </attributeList>
    </dataTable>
    <dataTable>
      <entityName>NUT013</entityName>
      <entityDescription>Photsynthetically Active Radiation (PAR) Data</entityDescription>
      <physical>
        <objectName>NUT013.csv</objectName>
        <size>39920</size>
        <dataFormat>
          <textFormat>
            <numHeaderLines>1</numHeaderLines>
            <recordDelimiter>\n</recordDelimiter>
            <attributeOrientation>column</attributeOrientation>
            <simpleDelimited>
              <fieldDelimiter>,</fieldDelimiter>
            </simpleDelimited>
          </textFormat>
        </dataFormat>
        <distribution>
          <online>
            <url>https://pasta.lternet.edu/package/data/eml/knb-lter-knz/100/1/992912e8d595be6352a9fd0f47964ad9</url>
          </online>
        </distribution>
      </physical>
      <attributeList>
        <attribute>
          <attributeName>DataCode</attributeName>
          <attributeLabel>DataCode</attributeLabel>
          <attributeDefinition>Dataset Code</attributeDefinition>
          <storageType>string</storageType>
          <measurementScale>
            <nominal>
              <nonNumericDomain>
                <textDomain>
                  <definition>Dataset Code</definition>
                </textDomain>
              </nonNumericDomain>
            </nominal>
          </measurementScale>
        </attribute>
        <attribute>
          <attributeName>Rectype</attributeName>
          <attributeLabel>Rectype</attributeLabel>
          <attributeDefinition>Record type</attributeDefinition>
          <storageType>string</storageType>
          <measurementScale>
            <nominal>
              <nonNumericDomain>
                <textDomain>
                  <definition>Record type</definition>
                </textDomain>
              </nonNumericDomain>
            </nominal>
          </measurementScale>
        </attribute>
        <attribute>
          <attributeName>RecYear</attributeName>
          <attributeLabel>RecYear</attributeLabel>
          <attributeDefinition>The year of data were collected</attributeDefinition>
          <storageType>string</storageType>
          <measurementScale>
            <nominal>
              <nonNumericDomain>
                <textDomain>
                  <definition>The year of data were collected</definition>
                </textDomain>
              </nonNumericDomain>
            </nominal>
          </measurementScale>
        </attribute>
        <attribute>
          <attributeName>Date</attributeName>
          <attributeLabel>Date</attributeLabel>
          <attributeDefinition>The Date were data collected</attributeDefinition>
          <storageType>date</storageType>
          <measurementScale>
            <dateTime>
              <formatString>DD:MM:YYYY</formatString>
            </dateTime>
          </measurementScale>
        </attribute>
        <attribute>
          <attributeName>RecMonth</attributeName>
          <attributeLabel>RecMonth</attributeLabel>
          <attributeDefinition>The month were data collected</attributeDefinition>
          <storageType>string</storageType>
          <measurementScale>
            <nominal>
              <nonNumericDomain>
                <textDomain>
                  <definition>The month were data collected</definition>
                </textDomain>
              </nonNumericDomain>
            </nominal>
          </measurementScale>
        </attribute>
        <attribute>
          <attributeName>Site</attributeName>
          <attributeLabel>Site</attributeLabel>
          <attributeDefinition>Site name</attributeDefinition>
          <storageType>string</storageType>
          <measurementScale>
            <nominal>
              <nonNumericDomain>
                <textDomain>
                  <definition>Site name</definition>
                </textDomain>
              </nonNumericDomain>
            </nominal>
          </measurementScale>
        </attribute>
        <attribute>
          <attributeName>Block</attributeName>
          <attributeLabel>Block</attributeLabel>
          <attributeDefinition>Block number</attributeDefinition>
          <storageType>string</storageType>
          <measurementScale>
            <nominal>
              <nonNumericDomain>
                <textDomain>
                  <definition>Block number</definition>
                </textDomain>
              </nonNumericDomain>
            </nominal>
          </measurementScale>
        </attribute>
        <attribute>
          <attributeName>Plot</attributeName>
          <attributeLabel>Plot</attributeLabel>
          <attributeDefinition>Plot number</attributeDefinition>
          <storageType>string</storageType>
          <measurementScale>
            <nominal>
              <nonNumericDomain>
                <textDomain>
                  <definition>Plot number</definition>
                </textDomain>
              </nonNumericDomain>
            </nominal>
          </measurementScale>
        </attribute>
        <attribute>
          <attributeName>Subplot</attributeName>
          <attributeLabel>Subplot</attributeLabel>
          <attributeDefinition>Subplot letter (A-Z), default value is 'A'. Other values may not be unique between sites.</attributeDefinition>
          <storageType>string</storageType>
          <measurementScale>
            <nominal>
              <nonNumericDomain>
                <textDomain>
                  <definition>Subplot letter (A-Z), default value is 'A'. Other values may not be unique between sites.</definition>
                </textDomain>
              </nonNumericDomain>
            </nominal>
          </measurementScale>
        </attribute>
        <attribute>
          <attributeName>Replicate</attributeName>
          <attributeLabel>Replicate</attributeLabel>
          <attributeDefinition>Replicate measurement of 2</attributeDefinition>
          <storageType>string</storageType>
          <measurementScale>
            <nominal>
              <nonNumericDomain>
                <textDomain>
                  <definition>Replicate measurement of 2</definition>
                </textDomain>
              </nonNumericDomain>
            </nominal>
          </measurementScale>
        </attribute>
        <attribute>
          <attributeName>Ground</attributeName>
          <attributeLabel>Ground</attributeLabel>
          <attributeDefinition>PAR in mmol m-2 s-1 at ground level</attributeDefinition>
          <storageType>string</storageType>
          <measurementScale>
            <nominal>
              <nonNumericDomain>
                <textDomain>
                  <definition>PAR in mmol m-2 s-1 at ground level</definition>
                </textDomain>
              </nonNumericDomain>
            </nominal>
          </measurementScale>
        </attribute>
        <attribute>
          <attributeName>Above</attributeName>
          <attributeLabel>Above</attributeLabel>
          <attributeDefinition>PAR in mmol m-2 s-1 above the canopy</attributeDefinition>
          <storageType>string</storageType>
          <measurementScale>
            <nominal>
              <nonNumericDomain>
                <textDomain>
                  <definition>PAR in mmol m-2 s-1 above the canopy</definition>
                </textDomain>
              </nonNumericDomain>
            </nominal>
          </measurementScale>
        </attribute>
        <attribute>
          <attributeName>Par</attributeName>
          <attributeLabel>Par</attributeLabel>
          <attributeDefinition>ground/above</attributeDefinition>
          <storageType>string</storageType>
          <measurementScale>
            <nominal>
              <nonNumericDomain>
                <textDomain>
                  <definition>ground/above</definition>
                </textDomain>
              </nonNumericDomain>
            </nominal>
          </measurementScale>
        </attribute>
        <attribute>
          <attributeName>Comments</attributeName>
          <attributeLabel>Comments</attributeLabel>
          <attributeDefinition>Comments on data</attributeDefinition>
          <storageType>string</storageType>
          <measurementScale>
            <nominal>
              <nonNumericDomain>
                <textDomain>
                  <definition>Comments on data</definition>
                </textDomain>
              </nonNumericDomain>
            </nominal>
          </measurementScale>
        </attribute>
      </attributeList>
    </dataTable>
  </dataset>
  <additionalMetadata>
    <metadata>
      <stmml:unitList xmlns="http://www.xml-cml.org/schema/stmml"
        xmlns:sch="http://www.ascc.net/xml/schematron"
        xmlns:stmml="http://www.xml-cml.org/schema/stmml-1.1"
        xmlns:xsi="http://www.w3.org/2001/XMLSchema-instance" xsi:schemaLocation="http://www.xml-cml.org/schema/stmml-1.1 http://nis.lternet.edu/schemas/EML/eml-2.1.0/stmml.xsd">
        <stmml:unit id="Year">
          <stmml:description/>
        </stmml:unit>
      </stmml:unitList>
    </metadata>
  </additionalMetadata>
</eml:eml>
