<?xml version="1.0" encoding="UTF-8"?>
<eml:eml packageId="knb-lter-knz.117.1"
  system="https://pasta.edirepository.org"
  xmlns:ds="eml://ecoinformatics.org/dataset-2.1.0"
  xmlns:eml="eml://ecoinformatics.org/eml-2.1.1"
  xmlns:stmml="http://www.xml-cml.org/schema/stmml-1.1"
  xmlns:xs="http://www.w3.org/2001/XMLSchema"
  xmlns:xsi="http://www.w3.org/2001/XMLSchema-instance" xsi:schemaLocation="eml://ecoinformatics.org/eml-2.1.0 http://nis.lternet.edu/schemas/EML/eml-2.1.0/eml.xsd">
  <access authSystem="https://pasta.edirepository.org/authentication"
    order="allowFirst" scope="document" system="https://pasta.edirepository.org">
    <allow>
      <principal>uid=KNZ,o=LTER,dc=ecoinformatics,dc=org</principal>
      <permission>all</permission>
    </allow>
    <allow>
      <principal>public</principal>
      <permission>read</permission>
    </allow>
  </access>
  <dataset>
    <alternateIdentifier system="https://doi.org">doi:10.6073/pasta/f155a5bae39bb8b4ea4b19fadaddf898</alternateIdentifier>
    <shortName>PBG03</shortName>
    <title>PBG03 Disk pasture meter measurements to estimate plant standing biomass in the Patch-Burn Grazing experiment at Konza Prairie</title>
    <creator>
      <individualName>
        <givenName>Anthony</givenName>
        <surName>Joern</surName>
      </individualName>
      <address>
        <deliveryPoint>116 Ackert Hall, Division of Biology, Kansas State University</deliveryPoint>
        <city>Manhattan</city>
        <administrativeArea>KS</administrativeArea>
        <postalCode>66506</postalCode>
        <country>US</country>
      </address>
      <phone phonetype="voice">402-472-2724</phone>
      <phone phonetype="facsimile">402-472-2083</phone>
      <electronicMailAddress>ajoern@ksu.edu</electronicMailAddress>
    </creator>
    <metadataProvider>
      <organizationName>Konza LTER</organizationName>
      <onlineUrl>http://www.konza.ksu.edu/</onlineUrl>
    </metadataProvider>
    <pubDate>2017-08-16</pubDate>
    <language>English</language>
    <abstract>
      <section>
        <para>
          <literalLayout>â€˜PBGâ€™ datasets are associated with a long-term, large-scale study that is addressing the effects of fire-grazing interactions in the context of a Patch-Burn Grazing management system designed to promote grassland heterogeneity. Effects of patch-burn grazing management on plant and animal diversity and the nature and variety of wildlife habitat are being assessed in two replicate management units, each consisting of three pastures (watersheds) designated C03A/C03B/C03C and C3SA/C3SB/C3SC. In each patch-burn grazing unit, one watershed is burned and two that are left unburned in a given year. The burning treatments are rotated annually so that each pasture is burned every third year. Each patch-burn grazing unit is paired with an annually-burned pasture for comparison with traditional grazing systems (C01A and C1SB). All grazing units are stocked with cow/calf pairs from approximately 1 May until 1 Oct at a stocking density equal to 3.2 ha per cow/calf. To examine the impact of patch burning and grazing in all 8 units, we monitor changes in plant species composition, residual biomass, grassland bird populations, insect populations, small mammal populations, soil nutrients, and stream water quality1 (1C3SA/C3SB/C3SC unit only). The KSU Department of Animal Science monitors cattle performance, including weight gain and body condition to assess the economic feasibility of using patch-burn management on a widespread basis. This dataset includes both the annual calibration data for the disk pasture meter measurements (PBG031) and the actual disk pasture meter measurements in the PBG experiment (PBG032). Measurements were taken at a total of 64 transects (8 watersheds x 4 sites per watershed x 2 pasture meter transects per site). Each cattle-grazed watershed (designated as of May 2011 C3A, C3B, C3C, and C1A) and the four Shane cattle-grazed watersheds (C1B, C3SA, C3SB, and C3SC) includes 4 plant composition sampling transects (A-D). Pasture meter measurements were taken along two transects adjacent and parallel to the plant composition transects in each of these watersheds. Standing biomass samples for pasture meter calibration were also collected near the plant composition transects in the same 8 watersheds.</literalLayout>
        </para>
      </section>
    </abstract>
    <keywordSet>
      <keyword>Primary Production</keyword>
      <keyword>Disturbance</keyword>
      <keywordThesaurus>Core Areas</keywordThesaurus>
    </keywordSet>
    <keywordSet>
      <keyword>Others</keyword>
      <keywordThesaurus>Section</keywordThesaurus>
    </keywordSet>
    <keywordSet>
      <keyword>disk pasture meter</keyword>
      <keyword>Kansas</keyword>
      <keyword>Konza Prairie</keyword>
      <keyword>Konza Prairie Biological Station</keyword>
      <keyword>LTER</keyword>
      <keyword>patch-burn grazing</keyword>
      <keyword>Standing plant biomass</keyword>
      <keyword>vegetation structure</keyword>
      <keywordThesaurus>Station Keywords</keywordThesaurus>
    </keywordSet>
    <intellectualRights>
      <section>
        <title>Data Policies</title>
        <para>
          <literalLayout>Data Use Agreements: The Intellectual Rights within the metadata associated with each KNZ data set determines the exact data and metadata use agreement between the data user and the KNZ LTER site. KNZ LTER data and metadata may be released under the license: CC BY - Attribution (https://creativecommons.org/licenses/by/4.0/). This license lets others distribute, remix, tweak, and build upon KNZ work (even commercially), as long as the KNZ program is credited for the original creation. Alternatively, some KNZ LTER data and metadata may be released into the public domain: CC0 - No Rights Reserved (https://creativecommons.org/share-your-work/public-domain/cc0/). CC0 states that data are placed in the public domain, so that others may freely build upon, enhance and reuse the works for any purposes without restriction under copyright or database law. In either case, users of KNZ data are referred to the following guidelines: "The consumer of these data ("Data User" herein) has an ethical obligation to cite it appropriately in any publication that results from its use. The Data User should realize that these data may be actively used by others for ongoing research and that coordination may be necessary to prevent duplicate publication. The Data User is urged to contact the authors of these data if any questions about methodology or results occur. Where appropriate, the Data User is encouraged to consider collaboration or coauthorship with the authors. The Data User should realize that misinterpretation of data may occur if used out of context of the original study. While substantial efforts are made to ensure the accuracy of data and associated documentation, complete accuracy of data sets cannot be guaranteed. All data are made available "as is." The Data User should be aware, however, that data are updated periodically and it is the responsibility of the Data User to check for new versions of the data. The data authors and the repository where these data were obtained shall not be liable for damages resulting from any use or misinterpretation of the data. Thank you".</literalLayout>
        </para>
      </section>
    </intellectualRights>
    <distribution>
      <online>
        <url function="information">http://lter.konza.ksu.edu/content/pbg03-disk-pasture-meter-measurements-estimate-plant-standing-biomass-patch-burn-grazing</url>
      </online>
    </distribution>
    <coverage>
      <geographicCoverage>
        <geographicDescription>Konza Prairie Biological Station (KPBS) is located on a 3,487 hectare native tallgrass prairie preserve jointly owned by The Nature Conservancy and Kansas State University. The KPBS is located in the Flint Hills of northeastern Kansas (39°05’ N, 96°35’ W), a grassland region of steep-slopes overlain by shallow limestone soils unsuitable for cultivation.</geographicDescription>
        <boundingCoordinates>
          <westBoundingCoordinate>-96.5833</westBoundingCoordinate>
          <eastBoundingCoordinate>-96.5833</eastBoundingCoordinate>
          <northBoundingCoordinate>39.0833</northBoundingCoordinate>
          <southBoundingCoordinate>39.0833</southBoundingCoordinate>
          <boundingAltitudes>
            <altitudeMinimum>397</altitudeMinimum>
            <altitudeMaximum>397</altitudeMaximum>
            <altitudeUnits>meter</altitudeUnits>
          </boundingAltitudes>
        </boundingCoordinates>
      </geographicCoverage>
      <temporalCoverage>
        <rangeOfDates>
          <beginDate>
            <calendarDate>2011-01-04</calendarDate>
          </beginDate>
          <endDate>
            <calendarDate>2016-12-28</calendarDate>
          </endDate>
        </rangeOfDates>
      </temporalCoverage>
    </coverage>
    <purpose>
      <para>
        <literalLayout>To estimate aboveground biomass using vegetation structure height profiles in eight grazed watersheds of varying burn history.</literalLayout>
      </para>
    </purpose>
    <contact>
      <individualName>
        <givenName>Konza</givenName>
        <surName>LTER</surName>
      </individualName>
      <address>
        <deliveryPoint>Division of Biology</deliveryPoint>
        <city>Manhattan</city>
        <administrativeArea>KS</administrativeArea>
        <postalCode>66506</postalCode>
        <country>US</country>
      </address>
      <phone phonetype="voice">785-532-6729</phone>
      <electronicMailAddress>knzlter@ksu.edu</electronicMailAddress>
      <onlineUrl>http://lter.konza.ksu.edu</onlineUrl>
    </contact>
    <publisher>
      <organizationName>Konza LTER</organizationName>
      <onlineUrl>http://www.konza.ksu.edu/</onlineUrl>
    </publisher>
    <pubPlace>Konza Prairie LTER</pubPlace>
    <methods>
      <methodStep>
        <description>
          <section>
            <para>
              <literalLayout>Location of Sampling Stations: Measurements were taken at a total of 64 transects (8 watersheds X 4 sites per watershed X 2 pasture meter transects per site). Each cattle-grazed watershed (designated as of May 2011 C2A, C3B, C3C, and C1A) includes 4 plant composition sampling transects (A-D). Pasture meter measurements were taken along two transects adjacent and parallel to the plant composition transects in each of these watersheds. Standing biomass samples for pasture meter calibration were also collected near the plant composition transects in the same 8 watersheds. For example: In watershed C3A, there are 4 plant composition transects (labeled A-D). Two pasture meter transects (50 m) will be placed at each of these sites. Frequency of Sampling: Sampling occurred annually in late summer or early fall. The first measurements were taken in August 2010. Variable Measured: Standing biomass, vegetation structure height Methods: Measurements of vegetation structure height were taken along two 50m transects approximately 25m on either side of and parallel to each of the 32 designated plant composition transects. A disc pasture meter was used to take 50 measurements per transect (1 measurement per meter). The disc apparatus was raised to the top of the measuring stick, released, and allowed to settle on the standing vegetation. The height of the vegetation in centimeters was then read from the measuring stick. To calibrate the pasture meter, standing biomass was collected at 25-30 different locations across multiple watersheds. Care was taken to ensure the samples included a wide range of standing biomass. First, a vegetation structure height measurement was taken and recorded. Then, a circular clipping frame was placed in the same location and all biomass in the ring was clipped, bagged, dried, and weighed. These data were then used to create a regression relationship between standing biomass and vegetation structure height. The resulting equation can then be used to estimate standing biomass along each of the vegetation structure height transects. For additional metadata information see: http://lter.konza.ksu.edu/sites/default/files/DC.pdf For additional methods information see: http://lter.konza.ksu.edu/sites/default/files/MM.pdf</literalLayout>
            </para>
          </section>
        </description>
      </methodStep>
    </methods>
    <dataTable>
      <entityName>PBG031</entityName>
      <entityDescription>Data used to calibrate the disk pasture meter to estimate plant standing biomass in the patch-burn grazing experiment at Konza Prairie</entityDescription>
      <physical>
        <objectName>PBG031.csv</objectName>
        <size>11450</size>
        <dataFormat>
          <textFormat>
            <numHeaderLines>1</numHeaderLines>
            <recordDelimiter>\r\n</recordDelimiter>
            <attributeOrientation>column</attributeOrientation>
            <simpleDelimited>
              <fieldDelimiter>,</fieldDelimiter>
              <quoteCharacter>"</quoteCharacter>
            </simpleDelimited>
          </textFormat>
        </dataFormat>
        <distribution>
          <online>
            <url>https://pasta.lternet.edu/package/data/eml/knb-lter-knz/117/1/79cf030fee7a7308274d9fc8b31b1257</url>
          </online>
        </distribution>
      </physical>
      <coverage>
        <temporalCoverage>
          <rangeOfDates>
            <beginDate>
              <calendarDate>2011-01-05</calendarDate>
            </beginDate>
            <endDate>
              <calendarDate>2016-12-31</calendarDate>
            </endDate>
          </rangeOfDates>
        </temporalCoverage>
      </coverage>
      <attributeList>
        <attribute>
          <attributeName>Datacode</attributeName>
          <attributeLabel>Datacode</attributeLabel>
          <attributeDefinition>Dataset code</attributeDefinition>
          <storageType>string</storageType>
          <measurementScale>
            <nominal>
              <nonNumericDomain>
                <textDomain>
                  <definition>Dataset code</definition>
                </textDomain>
              </nonNumericDomain>
            </nominal>
          </measurementScale>
        </attribute>
        <attribute>
          <attributeName>Rectype</attributeName>
          <attributeLabel>Rectype</attributeLabel>
          <attributeDefinition>dataset record type</attributeDefinition>
          <storageType>string</storageType>
          <measurementScale>
            <nominal>
              <nonNumericDomain>
                <textDomain>
                  <definition>dataset record type</definition>
                </textDomain>
              </nonNumericDomain>
            </nominal>
          </measurementScale>
        </attribute>
        <attribute>
          <attributeName>RecYear</attributeName>
          <attributeLabel>RecYear</attributeLabel>
          <attributeDefinition>Year of the sample collected</attributeDefinition>
          <measurementScale>
            <ratio>
              <unit>
                <customUnit>Year (YYYY)</customUnit>
              </unit>
              <numericDomain>
                <numberType>real</numberType>
              </numericDomain>
            </ratio>
          </measurementScale>
        </attribute>
        <attribute>
          <attributeName>RecMonth</attributeName>
          <attributeLabel>RecMonth</attributeLabel>
          <attributeDefinition>Month of record</attributeDefinition>
          <storageType>date</storageType>
          <measurementScale>
            <dateTime>
              <formatString>MM</formatString>
            </dateTime>
          </measurementScale>
        </attribute>
        <attribute>
          <attributeName>RecDay</attributeName>
          <attributeLabel>RecDay</attributeLabel>
          <attributeDefinition>Day of record</attributeDefinition>
          <storageType>date</storageType>
          <measurementScale>
            <dateTime>
              <formatString>DD</formatString>
            </dateTime>
          </measurementScale>
        </attribute>
        <attribute>
          <attributeName>SampleNum</attributeName>
          <attributeLabel>SampleNum</attributeLabel>
          <attributeDefinition>Sample Number</attributeDefinition>
          <storageType>string</storageType>
          <measurementScale>
            <nominal>
              <nonNumericDomain>
                <textDomain>
                  <definition>Sample Number</definition>
                </textDomain>
              </nonNumericDomain>
            </nominal>
          </measurementScale>
        </attribute>
        <attribute>
          <attributeName>Lvgrass</attributeName>
          <attributeLabel>Lvgrass</attributeLabel>
          <attributeDefinition>mass of live grass</attributeDefinition>
          <measurementScale>
            <ratio>
              <unit>
                <standardUnit>dimensionless</standardUnit>
              </unit>
              <precision>0.01</precision>
              <numericDomain>
                <numberType>real</numberType>
              </numericDomain>
            </ratio>
          </measurementScale>
        </attribute>
        <attribute>
          <attributeName>Forbs</attributeName>
          <attributeLabel>Forbs</attributeLabel>
          <attributeDefinition>forbs (g/0.1m2)</attributeDefinition>
          <measurementScale>
            <ratio>
              <unit>
                <standardUnit>dimensionless</standardUnit>
              </unit>
              <precision>0.01</precision>
              <numericDomain>
                <numberType>real</numberType>
              </numericDomain>
            </ratio>
          </measurementScale>
        </attribute>
        <attribute>
          <attributeName>Pdead</attributeName>
          <attributeLabel>Pdead</attributeLabel>
          <attributeDefinition>mass of previous years dead</attributeDefinition>
          <measurementScale>
            <ratio>
              <unit>
                <standardUnit>dimensionless</standardUnit>
              </unit>
              <precision>0.01</precision>
              <numericDomain>
                <numberType>real</numberType>
              </numericDomain>
            </ratio>
          </measurementScale>
        </attribute>
        <attribute>
          <attributeName>Woody</attributeName>
          <attributeLabel>Woody</attributeLabel>
          <attributeDefinition>mass of woody</attributeDefinition>
          <measurementScale>
            <ratio>
              <unit>
                <standardUnit>dimensionless</standardUnit>
              </unit>
              <precision>0.01</precision>
              <numericDomain>
                <numberType>real</numberType>
              </numericDomain>
            </ratio>
          </measurementScale>
        </attribute>
        <attribute>
          <attributeName>Diskht</attributeName>
          <attributeLabel>DiskHT</attributeLabel>
          <attributeDefinition>Disk height</attributeDefinition>
          <measurementScale>
            <ratio>
              <unit>
                <standardUnit>centimeter</standardUnit>
              </unit>
              <numericDomain>
                <numberType>real</numberType>
              </numericDomain>
            </ratio>
          </measurementScale>
        </attribute>
        <attribute>
          <attributeName>Comments</attributeName>
          <attributeLabel>Comments</attributeLabel>
          <attributeDefinition>Comments</attributeDefinition>
          <storageType>string</storageType>
          <measurementScale>
            <nominal>
              <nonNumericDomain>
                <textDomain>
                  <definition>Comments</definition>
                </textDomain>
              </nonNumericDomain>
            </nominal>
          </measurementScale>
        </attribute>
      </attributeList>
    </dataTable>
    <dataTable>
      <entityName>PBG032</entityName>
      <entityDescription>Disk pasture meter measurements used to estimate plant standing biomass in the patch-burn grazing experiment at Konza Prairie</entityDescription>
      <physical>
        <objectName>PBG032.csv</objectName>
        <size>139</size>
        <dataFormat>
          <textFormat>
            <numHeaderLines>1</numHeaderLines>
            <recordDelimiter>\r\n</recordDelimiter>
            <attributeOrientation>column</attributeOrientation>
            <simpleDelimited>
              <fieldDelimiter>,</fieldDelimiter>
              <quoteCharacter>"</quoteCharacter>
            </simpleDelimited>
          </textFormat>
        </dataFormat>
        <distribution>
          <online>
            <url>https://pasta.lternet.edu/package/data/eml/knb-lter-knz/117/1/7f0844826ee9dcadc61f5c2de5b11b96</url>
          </online>
        </distribution>
      </physical>
      <attributeList>
        <attribute>
          <attributeName>DataCode</attributeName>
          <attributeLabel>DataCode</attributeLabel>
          <attributeDefinition>Dataset code</attributeDefinition>
          <storageType>string</storageType>
          <measurementScale>
            <nominal>
              <nonNumericDomain>
                <textDomain>
                  <definition>Dataset code</definition>
                </textDomain>
              </nonNumericDomain>
            </nominal>
          </measurementScale>
        </attribute>
        <attribute>
          <attributeName>RecType</attributeName>
          <attributeLabel>RecType</attributeLabel>
          <attributeDefinition>Record type</attributeDefinition>
          <storageType>string</storageType>
          <measurementScale>
            <nominal>
              <nonNumericDomain>
                <textDomain>
                  <definition>Record type</definition>
                </textDomain>
              </nonNumericDomain>
            </nominal>
          </measurementScale>
        </attribute>
        <attribute>
          <attributeName>RecYear</attributeName>
          <attributeLabel>RecYear</attributeLabel>
          <attributeDefinition>Year of record</attributeDefinition>
          <measurementScale>
            <ratio>
              <unit>
                <customUnit>Year (YYYY)</customUnit>
              </unit>
              <numericDomain>
                <numberType>real</numberType>
              </numericDomain>
            </ratio>
          </measurementScale>
        </attribute>
        <attribute>
          <attributeName>RecMonth</attributeName>
          <attributeLabel>RecMonth</attributeLabel>
          <attributeDefinition>Month of record</attributeDefinition>
          <storageType>date</storageType>
          <measurementScale>
            <dateTime>
              <formatString>MM</formatString>
            </dateTime>
          </measurementScale>
        </attribute>
        <attribute>
          <attributeName>RecDay</attributeName>
          <attributeLabel>RecDay</attributeLabel>
          <attributeDefinition>Day of record</attributeDefinition>
          <storageType>date</storageType>
          <measurementScale>
            <dateTime>
              <formatString>DD</formatString>
            </dateTime>
          </measurementScale>
        </attribute>
        <attribute>
          <attributeName>Watershed</attributeName>
          <attributeLabel>Watershed</attributeLabel>
          <attributeDefinition>watershed</attributeDefinition>
          <storageType>string</storageType>
          <measurementScale>
            <nominal>
              <nonNumericDomain>
                <textDomain>
                  <definition>watershed</definition>
                </textDomain>
              </nonNumericDomain>
            </nominal>
          </measurementScale>
        </attribute>
        <attribute>
          <attributeName>Transect</attributeName>
          <attributeLabel>Transect</attributeLabel>
          <attributeDefinition>transect (A, B, C, D)</attributeDefinition>
          <storageType>string</storageType>
          <measurementScale>
            <nominal>
              <nonNumericDomain>
                <textDomain>
                  <definition>transect (A, B, C, D)</definition>
                </textDomain>
              </nonNumericDomain>
            </nominal>
          </measurementScale>
        </attribute>
        <attribute>
          <attributeName>plotnum</attributeName>
          <attributeLabel>plotnum</attributeLabel>
          <attributeDefinition>plot number</attributeDefinition>
          <storageType>string</storageType>
          <measurementScale>
            <nominal>
              <nonNumericDomain>
                <textDomain>
                  <definition>plot number</definition>
                </textDomain>
              </nonNumericDomain>
            </nominal>
          </measurementScale>
        </attribute>
        <attribute>
          <attributeName>ADiskHT</attributeName>
          <attributeLabel>ADiskHT</attributeLabel>
          <attributeDefinition>A Disk height (cm)</attributeDefinition>
          <measurementScale>
            <ratio>
              <unit>
                <standardUnit>centimeter</standardUnit>
              </unit>
              <numericDomain>
                <numberType>real</numberType>
              </numericDomain>
            </ratio>
          </measurementScale>
        </attribute>
        <attribute>
          <attributeName>BDiskHT</attributeName>
          <attributeLabel>BDiskHT</attributeLabel>
          <attributeDefinition>B Disk height (cm)</attributeDefinition>
          <storageType>string</storageType>
          <measurementScale>
            <nominal>
              <nonNumericDomain>
                <textDomain>
                  <definition>B Disk height (cm)</definition>
                </textDomain>
              </nonNumericDomain>
            </nominal>
          </measurementScale>
        </attribute>
        <attribute>
          <attributeName>Comments</attributeName>
          <attributeLabel>Comments</attributeLabel>
          <attributeDefinition>comments</attributeDefinition>
          <storageType>string</storageType>
          <measurementScale>
            <nominal>
              <nonNumericDomain>
                <textDomain>
                  <definition>comments</definition>
                </textDomain>
              </nonNumericDomain>
            </nominal>
          </measurementScale>
        </attribute>
      </attributeList>
    </dataTable>
  </dataset>
  <additionalMetadata>
    <metadata>
      <stmml:unitList xmlns="http://www.xml-cml.org/schema/stmml"
        xmlns:sch="http://www.ascc.net/xml/schematron"
        xmlns:stmml="http://www.xml-cml.org/schema/stmml-1.1"
        xmlns:xsi="http://www.w3.org/2001/XMLSchema-instance" xsi:schemaLocation="http://www.xml-cml.org/schema/stmml-1.1 http://nis.lternet.edu/schemas/EML/eml-2.1.0/stmml.xsd">
        <stmml:unit id="Year (YYYY)">
          <stmml:description/>
        </stmml:unit>
      </stmml:unitList>
    </metadata>
  </additionalMetadata>
</eml:eml>
