<?xml version="1.0" encoding="UTF-8"?>
<eml:eml packageId="knb-lter-knz.131.1"
  system="https://pasta.edirepository.org"
  xmlns:ds="eml://ecoinformatics.org/dataset-2.1.0"
  xmlns:eml="eml://ecoinformatics.org/eml-2.1.1"
  xmlns:stmml="http://www.xml-cml.org/schema/stmml-1.1"
  xmlns:xs="http://www.w3.org/2001/XMLSchema"
  xmlns:xsi="http://www.w3.org/2001/XMLSchema-instance" xsi:schemaLocation="eml://ecoinformatics.org/eml-2.1.0 http://nis.lternet.edu/schemas/EML/eml-2.1.0/eml.xsd">
  <access authSystem="https://pasta.edirepository.org/authentication"
    order="allowFirst" scope="document" system="https://pasta.edirepository.org">
    <allow>
      <principal>uid=KNZ,o=LTER,dc=ecoinformatics,dc=org</principal>
      <permission>all</permission>
    </allow>
    <allow>
      <principal>public</principal>
      <permission>read</permission>
    </allow>
  </access>
  <dataset>
    <alternateIdentifier system="https://doi.org">doi:10.6073/pasta/6d1c703bacd443dac13662d1b87305fe</alternateIdentifier>
    <shortName>KKE01</shortName>
    <title>KKE01 The Konza-Kruger Experiment: A cross-continental fire and grazing experiment at Konza Prairie</title>
    <creator>
      <individualName>
        <givenName>Melinda</givenName>
        <surName>Smith</surName>
      </individualName>
      <address>
        <deliveryPoint>College of Natural Sciences Biology, Colorado State University</deliveryPoint>
        <city>Fort Collins</city>
        <administrativeArea>CO</administrativeArea>
        <postalCode>80523</postalCode>
        <country>US</country>
      </address>
      <phone phonetype="voice">203-432-9422</phone>
      <electronicMailAddress>melinda.smith@colostate.edu</electronicMailAddress>
    </creator>
    <creator>
      <individualName>
        <givenName>Sally</givenName>
        <surName>Koerner</surName>
      </individualName>
      <address>
        <deliveryPoint>The University of North Carolina at Greensboro</deliveryPoint>
        <city>Greensboro</city>
        <administrativeArea>NC</administrativeArea>
        <postalCode>27402-6170</postalCode>
        <country>US</country>
      </address>
      <electronicMailAddress>Sally.Koerner@uncg.edu</electronicMailAddress>
    </creator>
    <metadataProvider>
      <organizationName>Konza LTER</organizationName>
      <onlineUrl>http://www.konza.ksu.edu/</onlineUrl>
    </metadataProvider>
    <pubDate>2017-09-27</pubDate>
    <language>English</language>
    <abstract>
      <section>
        <para>
          <literalLayout>For more than a decade, we have compared responses of mesic (subhumid) savanna grasslands (&amp;gt;500 mm MAP in the tropics and &amp;gt;600 mm MAP outside the tropics) in North America and South Africa to alterations in both fire and grazing regimes. The long-term, comparative experiment that forms the centerpiece of this cross-continental research program is located in tallgrass prairie at the Konza Prairie Biological Station (Kansas, USA) and in knob-thorn marula savanna at the Kruger National Park (Limpopo and Mpumalanga provinces, South Africa). We refer to this study as the Konza-Kruger (K-K) Experiment. At both sites, we have been manipulating grazing by removing all large herbivores (&amp;gt;5 kg) from research plots with permanent exclosures (each with a paired plot that grazers can freely access). These exclosures were established in replicated fire frequency experiments ongoing at each site (treatments range from &amp;gt;25-50 yrs of annual burning, burning every 3-4 yrs, or complete fire exclusion).</literalLayout>
        </para>
      </section>
    </abstract>
    <keywordSet>
      <keyword>Primary Production</keyword>
      <keyword>Disturbance</keyword>
      <keywordThesaurus>Core Areas</keywordThesaurus>
    </keywordSet>
    <keywordSet>
      <keyword>Others</keyword>
      <keywordThesaurus>Section</keywordThesaurus>
    </keywordSet>
    <keywordSet>
      <keyword>ANPP</keyword>
      <keyword>Fire</keyword>
      <keyword>grazing</keyword>
      <keyword>KNZ</keyword>
      <keyword>Konza Prairie</keyword>
      <keyword>Konza Prairie Biological Station</keyword>
      <keyword>LTER</keyword>
      <keywordThesaurus>Station Keywords</keywordThesaurus>
    </keywordSet>
    <intellectualRights>
      <section>
        <title>Data Policies</title>
        <para>
          <literalLayout>Data Use Agreements: The Intellectual Rights within the metadata associated with each KNZ data set determines the exact data and metadata use agreement between the data user and the KNZ LTER site. KNZ LTER data and metadata may be released under the license: CC BY - Attribution (https://creativecommons.org/licenses/by/4.0/). This license lets others distribute, remix, tweak, and build upon KNZ work (even commercially), as long as the KNZ program is credited for the original creation. Alternatively, some KNZ LTER data and metadata may be released into the public domain: CC0 - No Rights Reserved (https://creativecommons.org/share-your-work/public-domain/cc0/). CC0 states that data are placed in the public domain, so that others may freely build upon, enhance and reuse the works for any purposes without restriction under copyright or database law. In either case, users of KNZ data are referred to the following guidelines: "The consumer of these data ("Data User" herein) has an ethical obligation to cite it appropriately in any publication that results from its use. The Data User should realize that these data may be actively used by others for ongoing research and that coordination may be necessary to prevent duplicate publication. The Data User is urged to contact the authors of these data if any questions about methodology or results occur. Where appropriate, the Data User is encouraged to consider collaboration or coauthorship with the authors. The Data User should realize that misinterpretation of data may occur if used out of context of the original study. While substantial efforts are made to ensure the accuracy of data and associated documentation, complete accuracy of data sets cannot be guaranteed. All data are made available "as is." The Data User should be aware, however, that data are updated periodically and it is the responsibility of the Data User to check for new versions of the data. The data authors and the repository where these data were obtained shall not be liable for damages resulting from any use or misinterpretation of the data. Thank you".</literalLayout>
        </para>
      </section>
    </intellectualRights>
    <distribution>
      <online>
        <url function="information">http://lter.konza.ksu.edu/content/kke01-konza-kruger-experiment-cross-continental-fire-and-grazing-experiment-konza-prairie</url>
      </online>
    </distribution>
    <coverage>
      <geographicCoverage>
        <geographicDescription>N1B : Year-long grazing by bison and scheduled prescribed burned annually in the spring.</geographicDescription>
        <boundingCoordinates>
          <westBoundingCoordinate>-96.5634</westBoundingCoordinate>
          <eastBoundingCoordinate>-96.5793</eastBoundingCoordinate>
          <northBoundingCoordinate>39.088</northBoundingCoordinate>
          <southBoundingCoordinate>39.0746</southBoundingCoordinate>
        </boundingCoordinates>
      </geographicCoverage>
      <geographicCoverage>
        <geographicDescription>N4B : Year-long grazing by bison and scheduled prescribed burned every 4 years in the spring.</geographicDescription>
        <boundingCoordinates>
          <westBoundingCoordinate>-96.5738</westBoundingCoordinate>
          <eastBoundingCoordinate>-96.5869</eastBoundingCoordinate>
          <northBoundingCoordinate>39.096</northBoundingCoordinate>
          <southBoundingCoordinate>39.0891</southBoundingCoordinate>
        </boundingCoordinates>
      </geographicCoverage>
      <geographicCoverage>
        <geographicDescription>N4D : Year-long grazing by bison and scheduled prescribed burned every 4 years in the spring.</geographicDescription>
        <boundingCoordinates>
          <westBoundingCoordinate>-96.5768</westBoundingCoordinate>
          <eastBoundingCoordinate>-96.59</eastBoundingCoordinate>
          <northBoundingCoordinate>39.0896</northBoundingCoordinate>
          <southBoundingCoordinate>39.0701</southBoundingCoordinate>
        </boundingCoordinates>
      </geographicCoverage>
      <geographicCoverage>
        <geographicDescription>N20B: Year-long grazing by bison and scheduled prescribed burned every 20 years in the spring.</geographicDescription>
        <boundingCoordinates>
          <westBoundingCoordinate>-96.561</westBoundingCoordinate>
          <eastBoundingCoordinate>-96.5801</eastBoundingCoordinate>
          <northBoundingCoordinate>39.0922</northBoundingCoordinate>
          <southBoundingCoordinate>39.0815</southBoundingCoordinate>
        </boundingCoordinates>
      </geographicCoverage>
      <temporalCoverage>
        <rangeOfDates>
          <beginDate>
            <calendarDate>2006-01-01</calendarDate>
          </beginDate>
          <endDate>
            <calendarDate>2013-12-30</calendarDate>
          </endDate>
        </rangeOfDates>
      </temporalCoverage>
    </coverage>
    <purpose>
      <para>
        <literalLayout>Compare mesic grassland responses to alterations in fire and grazing regimes in tallgrass prairie of North America and knobthorn-marula savanna in South Africa.</literalLayout>
      </para>
    </purpose>
    <contact>
      <individualName>
        <givenName>Konza</givenName>
        <surName>LTER</surName>
      </individualName>
      <address>
        <deliveryPoint>Division of Biology</deliveryPoint>
        <city>Manhattan</city>
        <administrativeArea>KS</administrativeArea>
        <postalCode>66506</postalCode>
        <country>US</country>
      </address>
      <phone phonetype="voice">785-532-6729</phone>
      <electronicMailAddress>knzlter@ksu.edu</electronicMailAddress>
      <onlineUrl>http://lter.konza.ksu.edu</onlineUrl>
    </contact>
    <publisher>
      <organizationName>Konza LTER</organizationName>
      <onlineUrl>http://www.konza.ksu.edu/</onlineUrl>
    </publisher>
    <pubPlace>Konza Prairie LTER</pubPlace>
    <methods>
      <methodStep>
        <description>
          <section>
            <para>
              <literalLayout>Location of Sampling Stations (watershed name, or map with grid locations): N1B, N4B, N4D, N20B. Frequency of Sampling: From 2006-2013, annually (ANPP) and twice per growing season (plant species composition). From 2018 onward, every 5 years. Variable Measured: ANPP, plant species composition. Field Methods: Core Experimental Design. To manipulate the presence of large herbivores, we established replicate, 38.5-m^2 (7m diameter circular) herbivore exclosures prior to the growing season in 2005/06 in unburned, intermediate burned (3 or 4 years), and annually burned areas at both Konza and Kruger. We established three blocks of seven exclosures with co-located paired plots open to grazing in each of the three fire treatments (n = 21 exclosures/treatment/site). Vegetation Sampling Methods. Each year, we survey herbaceous plant community structure at the beginning and end of the growing season (Konza: June and August; Kruger: January and March) to capture peak abundance of early and late-season species, respectively. We sample vegetation in a permanent 2 x 2 m plot located within each of the full exclosures, partial exclosures, and paired plots. The 4-m2 plot is divided into four 1-m2 subplots, and within each subplot, we estimate percent cover (to the nearest 1%) for each species rooted inside. We also sample herbaceous plant biomass in two ways. First, we measure ANPP each year at the end of the growing season inside each full exclosure by clipping all aboveground biomass in three 0.1 m2 quadrats. Clipped biomass is separated into grass, forb, woody, and previous yearâ€™s dead.</literalLayout>
            </para>
          </section>
        </description>
      </methodStep>
    </methods>
    <dataTable>
      <entityName>KKE011</entityName>
      <entityDescription>plant species composition and ANPP</entityDescription>
      <physical>
        <objectName>KKE011.csv</objectName>
        <size>10631525</size>
        <dataFormat>
          <textFormat>
            <numHeaderLines>1</numHeaderLines>
            <recordDelimiter>\r\n</recordDelimiter>
            <attributeOrientation>column</attributeOrientation>
            <simpleDelimited>
              <fieldDelimiter>,</fieldDelimiter>
              <quoteCharacter>"</quoteCharacter>
            </simpleDelimited>
          </textFormat>
        </dataFormat>
        <distribution>
          <online>
            <url>https://pasta.lternet.edu/package/data/eml/knb-lter-knz/131/1/6675c0ed7170ffaa85eee1beae0616cd</url>
          </online>
        </distribution>
      </physical>
      <attributeList>
        <attribute>
          <attributeName>Datacode</attributeName>
          <attributeLabel>Datacode</attributeLabel>
          <attributeDefinition>Data set code</attributeDefinition>
          <storageType>string</storageType>
          <measurementScale>
            <nominal>
              <nonNumericDomain>
                <textDomain>
                  <definition>Data set code</definition>
                </textDomain>
              </nonNumericDomain>
            </nominal>
          </measurementScale>
        </attribute>
        <attribute>
          <attributeName>Rectype</attributeName>
          <attributeLabel>Rectype</attributeLabel>
          <attributeDefinition>Record type</attributeDefinition>
          <storageType>string</storageType>
          <measurementScale>
            <nominal>
              <nonNumericDomain>
                <textDomain>
                  <definition>Record type</definition>
                </textDomain>
              </nonNumericDomain>
            </nominal>
          </measurementScale>
        </attribute>
        <attribute>
          <attributeName>Recyear</attributeName>
          <attributeLabel>Recyear</attributeLabel>
          <attributeDefinition>Year of the cover data was collected</attributeDefinition>
          <measurementScale>
            <ratio>
              <unit>
                <customUnit>Year (YYYY)</customUnit>
              </unit>
              <numericDomain>
                <numberType>real</numberType>
              </numericDomain>
            </ratio>
          </measurementScale>
        </attribute>
        <attribute>
          <attributeName>Fire</attributeName>
          <attributeLabel>Fire</attributeLabel>
          <attributeDefinition>Fire treatments (1, 4, 20)</attributeDefinition>
          <measurementScale>
            <ratio>
              <unit>
                <standardUnit>dimensionless</standardUnit>
              </unit>
              <numericDomain>
                <numberType>real</numberType>
              </numericDomain>
            </ratio>
          </measurementScale>
        </attribute>
        <attribute>
          <attributeName>Watershed</attributeName>
          <attributeLabel>Watershed</attributeLabel>
          <attributeDefinition>Watershed</attributeDefinition>
          <storageType>string</storageType>
          <measurementScale>
            <nominal>
              <nonNumericDomain>
                <textDomain>
                  <definition>Watershed</definition>
                </textDomain>
              </nonNumericDomain>
            </nominal>
          </measurementScale>
        </attribute>
        <attribute>
          <attributeName>Block</attributeName>
          <attributeLabel>Block</attributeLabel>
          <attributeDefinition>Blocks per fire treatment (A, B, C)</attributeDefinition>
          <storageType>string</storageType>
          <measurementScale>
            <nominal>
              <nonNumericDomain>
                <textDomain>
                  <definition>Blocks per fire treatment (A, B, C)</definition>
                </textDomain>
              </nonNumericDomain>
            </nominal>
          </measurementScale>
        </attribute>
        <attribute>
          <attributeName>Treatment</attributeName>
          <attributeLabel>Treatment</attributeLabel>
          <attributeDefinition>Grazing treatments per block (grazed, ungrazed)</attributeDefinition>
          <storageType>string</storageType>
          <measurementScale>
            <nominal>
              <nonNumericDomain>
                <textDomain>
                  <definition>Grazing treatments per block (grazed, ungrazed)</definition>
                </textDomain>
              </nonNumericDomain>
            </nominal>
          </measurementScale>
        </attribute>
        <attribute>
          <attributeName>Plot</attributeName>
          <attributeLabel>Plot</attributeLabel>
          <attributeDefinition>plots per treatment (126 total plots)</attributeDefinition>
          <measurementScale>
            <ratio>
              <unit>
                <standardUnit>dimensionless</standardUnit>
              </unit>
              <numericDomain>
                <numberType>real</numberType>
              </numericDomain>
            </ratio>
          </measurementScale>
        </attribute>
        <attribute>
          <attributeName>Sppcode</attributeName>
          <attributeLabel>Sppcode</attributeLabel>
          <attributeDefinition>Species code</attributeDefinition>
          <storageType>string</storageType>
          <measurementScale>
            <nominal>
              <nonNumericDomain>
                <textDomain>
                  <definition>Species code</definition>
                </textDomain>
              </nonNumericDomain>
            </nominal>
          </measurementScale>
        </attribute>
        <attribute>
          <attributeName>Species</attributeName>
          <attributeLabel>Species</attributeLabel>
          <attributeDefinition>Species genus and species name</attributeDefinition>
          <storageType>string</storageType>
          <measurementScale>
            <nominal>
              <nonNumericDomain>
                <textDomain>
                  <definition>Species genus and species name</definition>
                </textDomain>
              </nonNumericDomain>
            </nominal>
          </measurementScale>
        </attribute>
        <attribute>
          <attributeName>Cover</attributeName>
          <attributeLabel>Cover</attributeLabel>
          <attributeDefinition>Cover</attributeDefinition>
          <measurementScale>
            <ratio>
              <unit>
                <standardUnit>dimensionless</standardUnit>
              </unit>
              <numericDomain>
                <numberType>real</numberType>
              </numericDomain>
            </ratio>
          </measurementScale>
        </attribute>
        <attribute>
          <attributeName>Comments</attributeName>
          <attributeLabel>Comments</attributeLabel>
          <attributeDefinition>Comments</attributeDefinition>
          <storageType>string</storageType>
          <measurementScale>
            <nominal>
              <nonNumericDomain>
                <textDomain>
                  <definition>Comments</definition>
                </textDomain>
              </nonNumericDomain>
            </nominal>
          </measurementScale>
        </attribute>
      </attributeList>
    </dataTable>
  </dataset>
  <additionalMetadata>
    <metadata>
      <stmml:unitList xmlns="http://www.xml-cml.org/schema/stmml"
        xmlns:sch="http://www.ascc.net/xml/schematron"
        xmlns:stmml="http://www.xml-cml.org/schema/stmml-1.1"
        xmlns:xsi="http://www.w3.org/2001/XMLSchema-instance" xsi:schemaLocation="http://www.xml-cml.org/schema/stmml-1.1 http://nis.lternet.edu/schemas/EML/eml-2.1.0/stmml.xsd">
        <stmml:unit id="Year (YYYY)">
          <stmml:description/>
        </stmml:unit>
      </stmml:unitList>
    </metadata>
  </additionalMetadata>
</eml:eml>
