<?xml version="1.0" encoding="UTF-8"?>
<eml:eml packageId="knb-lter-knz.260.3"
  system="https://pasta.edirepository.org"
  xmlns:ds="eml://ecoinformatics.org/dataset-2.1.0"
  xmlns:eml="eml://ecoinformatics.org/eml-2.1.1"
  xmlns:stmml="http://www.xml-cml.org/schema/stmml-1.1"
  xmlns:xs="http://www.w3.org/2001/XMLSchema"
  xmlns:xsi="http://www.w3.org/2001/XMLSchema-instance" xsi:schemaLocation="eml://ecoinformatics.org/eml-2.1.0 http://nis.lternet.edu/schemas/EML/eml-2.1.0/eml.xsd">
  <access authSystem="https://pasta.edirepository.org/authentication"
    order="allowFirst" scope="document" system="https://pasta.edirepository.org">
    <allow>
      <principal>uid=KNZ,o=LTER,dc=ecoinformatics,dc=org</principal>
      <permission>all</permission>
    </allow>
    <allow>
      <principal>public</principal>
      <permission>read</permission>
    </allow>
  </access>
  <dataset>
    <alternateIdentifier system="https://doi.org">doi:10.6073/pasta/9e7fc5b97eaea9c44724984e623c9a9b</alternateIdentifier>
    <shortName>GIS60</shortName>
    <title>GIS60 GIS Coverages Defining Other Konza Sample and Research Areas (1982-present)</title>
    <creator>
      <individualName>
        <givenName>John</givenName>
        <surName>Briggs</surName>
      </individualName>
      <address>
        <deliveryPoint>116 Ackert Hall, Division of Biology, Kansas State University</deliveryPoint>
        <city>Manhattan</city>
        <administrativeArea>KS</administrativeArea>
        <postalCode>66506</postalCode>
        <country>US</country>
      </address>
      <phone phonetype="voice">785-532-0140</phone>
      <phone phonetype="facsimile">785-532-6653</phone>
      <electronicMailAddress>Jbriggs1@ksu.edu</electronicMailAddress>
      <onlineUrl>http://129.219.149.4</onlineUrl>
    </creator>
    <metadataProvider>
      <organizationName>Konza LTER</organizationName>
      <onlineUrl>http://www.konza.ksu.edu/</onlineUrl>
    </metadataProvider>
    <pubDate>2016-01-01</pubDate>
    <language>English</language>
    <abstract>
      <section>
        <para>
          <literalLayout>These data show locations of samples and research areas at Konza that do not fit under our standard classifications. Record type 1 (GIS 600) contains the locations of the Hulbert plots on Konza Prairie. Record type 6 (GIS605) contains locations for rainfall shelters, ramps, experimental streams, restoration plots, the weather station, grasshopper cages, the climate extremes project. Currently no associated LTER datasets exist for these locations. Record type 11 (GIS 610) provides a record of the historic Konza gridded location system. Older datasets may reference these locations with a column letter and row number. Record type 16 (GIS615) contains the location for the Clean Air Status and Trends Network (CASTNET) site on Konza Prairie. For more information, visit the following link: http://www.epa.gov/castnet/javaweb/site_pages/KNZ184.html. Record type 21 (GIS620) contains the location for the USGS gauging station. These data may be used in conjunction with the Stream Discharge for Kings Creek Measured at USGS Gauging Station (ASD01) dataset. For more information, visit the following link: http://waterdata.usgs.gov/nwis/nwisman/?site_no=06879650. Record types 31 (GIS630) and 36 (GIS635) contain the location and treatment information for two bison grant grazing experiments. These data are available to download as zipped shapefiles (.zip), compressed Google Earth KML layers (.kmz), and associated EML metadata (.xml).</literalLayout>
        </para>
      </section>
    </abstract>
    <keywordSet>
      <keyword>GIS</keyword>
      <keywordThesaurus>Section</keywordThesaurus>
    </keywordSet>
    <intellectualRights>
      <section>
        <title>Data Policies</title>
        <para>
          <literalLayout>Data Use Agreements: The Intellectual Rights within the metadata associated with each KNZ data set determines the exact data and metadata use agreement between the data user and the KNZ LTER site. KNZ LTER data and metadata may be released under the license: CC BY - Attribution (https://creativecommons.org/licenses/by/4.0/). This license lets others distribute, remix, tweak, and build upon KNZ work (even commercially), as long as the KNZ program is credited for the original creation. Alternatively, some KNZ LTER data and metadata may be released into the public domain: CC0 - No Rights Reserved (https://creativecommons.org/share-your-work/public-domain/cc0/). CC0 states that data are placed in the public domain, so that others may freely build upon, enhance and reuse the works for any purposes without restriction under copyright or database law. In either case, users of KNZ data are referred to the following guidelines: "The consumer of these data ("Data User" herein) has an ethical obligation to cite it appropriately in any publication that results from its use. The Data User should realize that these data may be actively used by others for ongoing research and that coordination may be necessary to prevent duplicate publication. The Data User is urged to contact the authors of these data if any questions about methodology or results occur. Where appropriate, the Data User is encouraged to consider collaboration or coauthorship with the authors. The Data User should realize that misinterpretation of data may occur if used out of context of the original study. While substantial efforts are made to ensure the accuracy of data and associated documentation, complete accuracy of data sets cannot be guaranteed. All data are made available "as is." The Data User should be aware, however, that data are updated periodically and it is the responsibility of the Data User to check for new versions of the data. The data authors and the repository where these data were obtained shall not be liable for damages resulting from any use or misinterpretation of the data. Thank you".</literalLayout>
        </para>
      </section>
    </intellectualRights>
    <distribution>
      <online>
        <url function="information">http://lter.konza.ksu.edu/content/gis60-gis-coverages-defining-other-konza-sample-and-research-areas-1982-present</url>
      </online>
    </distribution>
    <coverage>
      <geographicCoverage>
        <geographicDescription>Konza Prairie Biological Station (KPBS) is located on a 3,487 hectare native tallgrass prairie preserve jointly owned by The Nature Conservancy and Kansas State University. The KPBS is located in the Flint Hills of northeastern Kansas (39°05’ N, 96°35’ W), a grassland region of steep-slopes overlain by shallow limestone soils unsuitable for cultivation.</geographicDescription>
        <boundingCoordinates>
          <westBoundingCoordinate>-96.5833</westBoundingCoordinate>
          <eastBoundingCoordinate>-96.5833</eastBoundingCoordinate>
          <northBoundingCoordinate>39.0833</northBoundingCoordinate>
          <southBoundingCoordinate>39.0833</southBoundingCoordinate>
          <boundingAltitudes>
            <altitudeMinimum>397</altitudeMinimum>
            <altitudeMaximum>397</altitudeMaximum>
            <altitudeUnits>meter</altitudeUnits>
          </boundingAltitudes>
        </boundingCoordinates>
      </geographicCoverage>
      <temporalCoverage>
        <rangeOfDates>
          <beginDate>
            <calendarDate>1982-01-01</calendarDate>
          </beginDate>
          <endDate>
            <calendarDate>2016-12-30</calendarDate>
          </endDate>
        </rangeOfDates>
      </temporalCoverage>
    </coverage>
    <contact>
      <organizationName>Konza LTER</organizationName>
      <onlineUrl>http://www.konza.ksu.edu/</onlineUrl>
    </contact>
    <publisher>
      <organizationName>Konza LTER</organizationName>
      <onlineUrl>http://www.konza.ksu.edu/</onlineUrl>
    </publisher>
    <pubPlace>Konza Prairie LTER</pubPlace>
    <methods>
      <methodStep>
        <description>
          <section>
            <para>
              <literalLayout>Information relevant to the GIS data encoding Horizontal Coordinate System Name:NAD 1983 UTM Zone 14N Datum: D North American 1983Reference Ellipsoid: Name: GRS 1980 Semi Axis: 6378137.0Meridian: GreenwichProjection Name : Transverse Mercator</literalLayout>
            </para>
          </section>
        </description>
      </methodStep>
    </methods>
    <otherEntity>
      <entityName>GIS600</entityName>
      <entityDescription>GIS600: Konza Hulbert plots</entityDescription>
      <physical>
        <objectName>GIS600.zip</objectName>
        <size>12417</size>
        <dataFormat>
          <externallyDefinedFormat>
            <formatName>application/zip</formatName>
          </externallyDefinedFormat>
        </dataFormat>
        <distribution>
          <online>
            <url>https://pasta.lternet.edu/package/data/eml/knb-lter-knz/260/3/5287c1b89a6b1efa964f394845c43039</url>
          </online>
        </distribution>
      </physical>
      <entityType>document</entityType>
    </otherEntity>
    <otherEntity>
      <entityName>GIS605</entityName>
      <entityDescription>Additional research locations on Konza</entityDescription>
      <physical>
        <objectName>GIS605.zip</objectName>
        <size>11462</size>
        <dataFormat>
          <externallyDefinedFormat>
            <formatName>application/zip</formatName>
          </externallyDefinedFormat>
        </dataFormat>
        <distribution>
          <online>
            <url>https://pasta.lternet.edu/package/data/eml/knb-lter-knz/260/3/c5fa8d75181d5bbab4e4e5fa2ead880f</url>
          </online>
        </distribution>
      </physical>
      <entityType>document</entityType>
    </otherEntity>
    <otherEntity>
      <entityName>GIS610</entityName>
      <entityDescription>Konza Prairie grid reference system: provides a record of the historic Konza gridded location system.</entityDescription>
      <physical>
        <objectName>GIS610.zip</objectName>
        <size>61365</size>
        <dataFormat>
          <externallyDefinedFormat>
            <formatName>application/zip</formatName>
          </externallyDefinedFormat>
        </dataFormat>
        <distribution>
          <online>
            <url>https://pasta.lternet.edu/package/data/eml/knb-lter-knz/260/3/483d293329ff44eb846e04b43dc95202</url>
          </online>
        </distribution>
      </physical>
      <entityType>document</entityType>
    </otherEntity>
    <otherEntity>
      <entityName>GIS615</entityName>
      <entityDescription>CASTNET: http://www.epa.gov/castnet/javaweb/site_pages/KNZ184.html</entityDescription>
      <physical>
        <objectName>GIS615.zip</objectName>
        <size>10137</size>
        <dataFormat>
          <externallyDefinedFormat>
            <formatName>application/zip</formatName>
          </externallyDefinedFormat>
        </dataFormat>
        <distribution>
          <online>
            <url>https://pasta.lternet.edu/package/data/eml/knb-lter-knz/260/3/81aa18ee1b86b5a1b61c82fef211bdc1</url>
          </online>
        </distribution>
      </physical>
      <entityType>document</entityType>
    </otherEntity>
    <otherEntity>
      <entityName>GIS620</entityName>
      <entityDescription>Konza USGS weather and stream gauging station: this defines the locations of stream gauges (5 including one operated by the USGS) in the Kings Creek watershed. (http://waterdata.usgs.gov/nwis/nwisman/?site_no=06879650)</entityDescription>
      <physical>
        <objectName>GIS620.zip</objectName>
        <size>10063</size>
        <dataFormat>
          <externallyDefinedFormat>
            <formatName>application/zip</formatName>
          </externallyDefinedFormat>
        </dataFormat>
        <distribution>
          <online>
            <url>https://pasta.lternet.edu/package/data/eml/knb-lter-knz/260/3/09f2c6015502924c3171e115e01cb38c</url>
          </online>
        </distribution>
      </physical>
      <entityType>document</entityType>
    </otherEntity>
    <otherEntity>
      <entityName>GIS630</entityName>
      <entityDescription>Bison Grant Bison Grazing Exclosure Experiment</entityDescription>
      <physical>
        <objectName>GIS630.zip</objectName>
        <size>12452</size>
        <dataFormat>
          <externallyDefinedFormat>
            <formatName>application/zip</formatName>
          </externallyDefinedFormat>
        </dataFormat>
        <distribution>
          <online>
            <url>https://pasta.lternet.edu/package/data/eml/knb-lter-knz/260/3/1c9fa56c188862d52e1cf5cb7d900144</url>
          </online>
        </distribution>
      </physical>
      <entityType>document</entityType>
    </otherEntity>
    <otherEntity>
      <entityName>GIS635</entityName>
      <entityDescription>Bison Grant Grazing Patch Size Experiment</entityDescription>
      <physical>
        <objectName>GIS635.zip</objectName>
        <size>22758</size>
        <dataFormat>
          <externallyDefinedFormat>
            <formatName>application/zip</formatName>
          </externallyDefinedFormat>
        </dataFormat>
        <distribution>
          <online>
            <url>https://pasta.lternet.edu/package/data/eml/knb-lter-knz/260/3/4389d6931e128bef6834e3b3586adfbb</url>
          </online>
        </distribution>
      </physical>
      <entityType>document</entityType>
    </otherEntity>
  </dataset>
</eml:eml>
