<?xml version="1.0" encoding="UTF-8"?>
<eml:eml packageId="knb-lter-knz.42.6"
  system="https://pasta.edirepository.org"
  xmlns:ds="eml://ecoinformatics.org/dataset-2.1.0"
  xmlns:eml="eml://ecoinformatics.org/eml-2.1.1"
  xmlns:stmml="http://www.xml-cml.org/schema/stmml-1.1"
  xmlns:xs="http://www.w3.org/2001/XMLSchema"
  xmlns:xsi="http://www.w3.org/2001/XMLSchema-instance" xsi:schemaLocation="eml://ecoinformatics.org/eml-2.1.0 http://nis.lternet.edu/schemas/EML/eml-2.1.0/eml.xsd">
  <access authSystem="https://pasta.edirepository.org/authentication"
    order="allowFirst" scope="document" system="https://pasta.edirepository.org">
    <allow>
      <principal>uid=KNZ,o=LTER,dc=ecoinformatics,dc=org</principal>
      <permission>all</permission>
    </allow>
    <allow>
      <principal>public</principal>
      <permission>read</permission>
    </allow>
  </access>
  <dataset>
    <alternateIdentifier system="https://doi.org">doi:10.6073/pasta/072849913db6bc5c2276023b4cb31cf3</alternateIdentifier>
    <shortName>KFH01</shortName>
    <title>KFH01 Konza Prairie Fire History</title>
    <creator>
      <individualName>
        <givenName>John</givenName>
        <surName>Briggs</surName>
      </individualName>
      <address>
        <deliveryPoint>116 Ackert Hall, Division of Biology, Kansas State University</deliveryPoint>
        <city>Manhattan</city>
        <administrativeArea>KS</administrativeArea>
        <postalCode>66506</postalCode>
        <country>US</country>
      </address>
      <phone phonetype="voice">785-532-0140</phone>
      <phone phonetype="facsimile">785-532-6653</phone>
      <electronicMailAddress>Jbriggs1@ksu.edu</electronicMailAddress>
      <onlineUrl>http://129.219.149.4</onlineUrl>
    </creator>
    <metadataProvider>
      <organizationName>Konza LTER</organizationName>
      <onlineUrl>http://www.konza.ksu.edu/</onlineUrl>
    </metadataProvider>
    <pubDate>2017-12-30</pubDate>
    <language>English</language>
    <abstract>
      <section>
        <para>
          <literalLayout>The Konza burn history data is downloadable by year. Watershed names and codes listed are the current watershed designations (2010). Please note that several watershed designations have changed over the history of Konza. This is inevitable due to changes in research objectives but is problematic for those wanting to discover the full burn history of a given area. In some cases watersheds have simply been renamed to reflect changes in experimental burn treatments (e.g. R20A was formerly 1A). In other cases watersheds have been subdivided or aggregated from smaller watersheds (eg. in 1994 3B3UA was added to 20A (currently R1A) to form a larger watershed). In a few cases watershed names have been moved to new areas (e.g. 1D was moved from its original location in 1978 after the acquisition of new property. The original 1D watershed is now part of WB and 20C). Investigators should consult the proper watershed map for a given year to see watershed designations at the time of burning.</literalLayout>
        </para>
      </section>
    </abstract>
    <keywordSet>
      <keyword>Disturbance</keyword>
      <keywordThesaurus>Core Areas</keywordThesaurus>
    </keywordSet>
    <keywordSet>
      <keyword>Others</keyword>
      <keywordThesaurus>Section</keywordThesaurus>
    </keywordSet>
    <keywordSet>
      <keyword>biodiversity</keyword>
      <keyword>burning</keyword>
      <keyword>cattle</keyword>
      <keyword>Fire history</keyword>
      <keyword>Kansas</keyword>
      <keyword>Konza Prairie</keyword>
      <keyword>Konza Prairie Biological Station</keyword>
      <keyword>LTER</keyword>
      <keywordThesaurus>Station Keywords</keywordThesaurus>
    </keywordSet>
    <intellectualRights>
      <section>
        <title>Data Policies</title>
        <para>
          <literalLayout>Data Use Agreements: The Intellectual Rights within the metadata associated with each KNZ data set determines the exact data and metadata use agreement between the data user and the KNZ LTER site. KNZ LTER data and metadata may be released under the license: CC BY - Attribution (https://creativecommons.org/licenses/by/4.0/). This license lets others distribute, remix, tweak, and build upon KNZ work (even commercially), as long as the KNZ program is credited for the original creation. Alternatively, some KNZ LTER data and metadata may be released into the public domain: CC0 - No Rights Reserved (https://creativecommons.org/share-your-work/public-domain/cc0/). CC0 states that data are placed in the public domain, so that others may freely build upon, enhance and reuse the works for any purposes without restriction under copyright or database law. In either case, users of KNZ data are referred to the following guidelines: "The consumer of these data ("Data User" herein) has an ethical obligation to cite it appropriately in any publication that results from its use. The Data User should realize that these data may be actively used by others for ongoing research and that coordination may be necessary to prevent duplicate publication. The Data User is urged to contact the authors of these data if any questions about methodology or results occur. Where appropriate, the Data User is encouraged to consider collaboration or coauthorship with the authors. The Data User should realize that misinterpretation of data may occur if used out of context of the original study. While substantial efforts are made to ensure the accuracy of data and associated documentation, complete accuracy of data sets cannot be guaranteed. All data are made available "as is." The Data User should be aware, however, that data are updated periodically and it is the responsibility of the Data User to check for new versions of the data. The data authors and the repository where these data were obtained shall not be liable for damages resulting from any use or misinterpretation of the data. Thank you".</literalLayout>
        </para>
      </section>
    </intellectualRights>
    <distribution>
      <online>
        <url function="information">http://lter.konza.ksu.edu/content/kfh01-konza-prairie-fire-history</url>
      </online>
    </distribution>
    <coverage>
      <geographicCoverage>
        <geographicDescription>20B: Ungrazed and scheduled prescribed burned every 20 years in the spring.</geographicDescription>
        <boundingCoordinates>
          <westBoundingCoordinate>-96.5741</westBoundingCoordinate>
          <eastBoundingCoordinate>-96.5808</eastBoundingCoordinate>
          <northBoundingCoordinate>39.0758</northBoundingCoordinate>
          <southBoundingCoordinate>39.0693</southBoundingCoordinate>
        </boundingCoordinates>
      </geographicCoverage>
      <geographicCoverage>
        <geographicDescription>20C: Ungrazed and scheduled prescribed burned every 20 years in the spring.</geographicDescription>
        <boundingCoordinates>
          <westBoundingCoordinate>-96.5588</westBoundingCoordinate>
          <eastBoundingCoordinate>-96.5655</eastBoundingCoordinate>
          <northBoundingCoordinate>39.0739</northBoundingCoordinate>
          <southBoundingCoordinate>39.0659</southBoundingCoordinate>
        </boundingCoordinates>
      </geographicCoverage>
      <geographicCoverage>
        <geographicDescription>2A: Ungrazed and scheduled prescribed burned every 2 years in the spring.</geographicDescription>
        <boundingCoordinates>
          <westBoundingCoordinate>-96.6013</westBoundingCoordinate>
          <eastBoundingCoordinate>-96.6067</eastBoundingCoordinate>
          <northBoundingCoordinate>39.0743</northBoundingCoordinate>
          <southBoundingCoordinate>39.0665</southBoundingCoordinate>
        </boundingCoordinates>
      </geographicCoverage>
      <geographicCoverage>
        <geographicDescription>2B: Ungrazed and scheduled prescribed burned every 2 years in the spring.</geographicDescription>
        <boundingCoordinates>
          <westBoundingCoordinate>-96.587</westBoundingCoordinate>
          <eastBoundingCoordinate>-96.595</eastBoundingCoordinate>
          <northBoundingCoordinate>39.0701</northBoundingCoordinate>
          <southBoundingCoordinate>39.0669</southBoundingCoordinate>
        </boundingCoordinates>
      </geographicCoverage>
      <geographicCoverage>
        <geographicDescription>2C: Ungrazed and scheduled prescribed burned every 2 years in the spring.</geographicDescription>
        <boundingCoordinates>
          <westBoundingCoordinate>-96.5772</westBoundingCoordinate>
          <eastBoundingCoordinate>-96.5846</eastBoundingCoordinate>
          <northBoundingCoordinate>39.0725</northBoundingCoordinate>
          <southBoundingCoordinate>39.0667</southBoundingCoordinate>
        </boundingCoordinates>
      </geographicCoverage>
      <geographicCoverage>
        <geographicDescription>4A: Ungrazed and scheduled prescribed burned every 4 years in the spring</geographicDescription>
        <boundingCoordinates>
          <westBoundingCoordinate>-96.6017</westBoundingCoordinate>
          <eastBoundingCoordinate>-96.6093</eastBoundingCoordinate>
          <northBoundingCoordinate>39.0773</northBoundingCoordinate>
          <southBoundingCoordinate>39.0731</southBoundingCoordinate>
        </boundingCoordinates>
      </geographicCoverage>
      <geographicCoverage>
        <geographicDescription>4B: Ungrazed and scheduled prescribed burned every 4 years in the spring</geographicDescription>
        <boundingCoordinates>
          <westBoundingCoordinate>-96.5924</westBoundingCoordinate>
          <eastBoundingCoordinate>-96.6035</eastBoundingCoordinate>
          <northBoundingCoordinate>39.0802</northBoundingCoordinate>
          <southBoundingCoordinate>39.0712</southBoundingCoordinate>
        </boundingCoordinates>
      </geographicCoverage>
      <geographicCoverage>
        <geographicDescription>4F: Ungrazed and scheduled prescribed burned every 4 years in the spring</geographicDescription>
        <boundingCoordinates>
          <westBoundingCoordinate>-96.5691</westBoundingCoordinate>
          <eastBoundingCoordinate>-96.5733</eastBoundingCoordinate>
          <northBoundingCoordinate>39.0766</northBoundingCoordinate>
          <southBoundingCoordinate>39.0711</southBoundingCoordinate>
        </boundingCoordinates>
      </geographicCoverage>
      <geographicCoverage>
        <geographicDescription>AL: Area of AL</geographicDescription>
        <boundingCoordinates>
          <westBoundingCoordinate>-96.5534</westBoundingCoordinate>
          <eastBoundingCoordinate>-96.5568</eastBoundingCoordinate>
          <northBoundingCoordinate>39.1149</northBoundingCoordinate>
          <southBoundingCoordinate>39.1124</southBoundingCoordinate>
        </boundingCoordinates>
      </geographicCoverage>
      <geographicCoverage>
        <geographicDescription>C1A: Seasonally grazed (~01 May to ~ Sep. 01) by cattle and scheduled prescribed burned annually in the spring.</geographicDescription>
        <boundingCoordinates>
          <westBoundingCoordinate>-96.5385</westBoundingCoordinate>
          <eastBoundingCoordinate>-96.5508</eastBoundingCoordinate>
          <northBoundingCoordinate>39.0835</northBoundingCoordinate>
          <southBoundingCoordinate>39.073</southBoundingCoordinate>
        </boundingCoordinates>
      </geographicCoverage>
      <geographicCoverage>
        <geographicDescription>1D: Ungrazed and scheduled prescribed burned annually in the spring.</geographicDescription>
        <boundingCoordinates>
          <westBoundingCoordinate>-96.5594</westBoundingCoordinate>
          <eastBoundingCoordinate>-96.5658</eastBoundingCoordinate>
          <northBoundingCoordinate>39.0841</northBoundingCoordinate>
          <southBoundingCoordinate>39.0732</southBoundingCoordinate>
        </boundingCoordinates>
      </geographicCoverage>
      <geographicCoverage>
        <geographicDescription>2D: Ungrazed and scheduled prescribed burned every 2 years in the spring</geographicDescription>
        <boundingCoordinates>
          <westBoundingCoordinate>-96.5534</westBoundingCoordinate>
          <eastBoundingCoordinate>-96.5606</eastBoundingCoordinate>
          <northBoundingCoordinate>39.0841</northBoundingCoordinate>
          <southBoundingCoordinate>39.0731</southBoundingCoordinate>
        </boundingCoordinates>
      </geographicCoverage>
      <geographicCoverage>
        <geographicDescription>C1SB: Seasonally grazed (~01 May to ~ Sep. 01) by cattle and scheduled prescribed burned annually in the spring.</geographicDescription>
        <boundingCoordinates>
          <westBoundingCoordinate>-96.5634</westBoundingCoordinate>
          <eastBoundingCoordinate>-96.5757</eastBoundingCoordinate>
          <northBoundingCoordinate>39.1167</northBoundingCoordinate>
          <southBoundingCoordinate>39.1063</southBoundingCoordinate>
        </boundingCoordinates>
      </geographicCoverage>
      <geographicCoverage>
        <geographicDescription>C3A: Seasonally grazed (~01 May to ~ Sep. 01) by cattle and scheduled prescribed burned every 3 years in the spring.</geographicDescription>
        <boundingCoordinates>
          <westBoundingCoordinate>-96.5385</westBoundingCoordinate>
          <eastBoundingCoordinate>-96.5534</eastBoundingCoordinate>
          <northBoundingCoordinate>39.098</northBoundingCoordinate>
          <southBoundingCoordinate>39.0906</southBoundingCoordinate>
        </boundingCoordinates>
      </geographicCoverage>
      <geographicCoverage>
        <geographicDescription>C3B: Seasonally grazed (~01 May to ~ Sep. 01) by cattle and scheduled prescribed burned every 3 years in the spring.</geographicDescription>
        <boundingCoordinates>
          <westBoundingCoordinate>-96.5385</westBoundingCoordinate>
          <eastBoundingCoordinate>-96.5534</eastBoundingCoordinate>
          <northBoundingCoordinate>39.0961</northBoundingCoordinate>
          <southBoundingCoordinate>39.0874</southBoundingCoordinate>
        </boundingCoordinates>
      </geographicCoverage>
      <geographicCoverage>
        <geographicDescription>C3C: Seasonally grazed (~01 May to ~ Sep. 01) by cattle and scheduled prescribed burned every 3 years in the spring.</geographicDescription>
        <boundingCoordinates>
          <westBoundingCoordinate>-96.5385</westBoundingCoordinate>
          <eastBoundingCoordinate>-96.556</eastBoundingCoordinate>
          <northBoundingCoordinate>39.0884</northBoundingCoordinate>
          <southBoundingCoordinate>39.0785</southBoundingCoordinate>
        </boundingCoordinates>
      </geographicCoverage>
      <geographicCoverage>
        <geographicDescription>C3SA: Seasonally grazed (~01 May to ~ Sep. 01) by cattle and scheduled prescribed burned every 3 years in the spring.</geographicDescription>
        <boundingCoordinates>
          <westBoundingCoordinate>-96.5537</westBoundingCoordinate>
          <eastBoundingCoordinate>-96.565</eastBoundingCoordinate>
          <northBoundingCoordinate>39.1162</northBoundingCoordinate>
          <southBoundingCoordinate>39.0995</southBoundingCoordinate>
        </boundingCoordinates>
      </geographicCoverage>
      <geographicCoverage>
        <geographicDescription>C3SB: Seasonally grazed (~01 May to ~ Sep. 01) by cattle and scheduled prescribed burned every 3 years in the spring.</geographicDescription>
        <boundingCoordinates>
          <westBoundingCoordinate>-96.5385</westBoundingCoordinate>
          <eastBoundingCoordinate>-96.5603</eastBoundingCoordinate>
          <northBoundingCoordinate>39.112</northBoundingCoordinate>
          <southBoundingCoordinate>39.0932</southBoundingCoordinate>
        </boundingCoordinates>
      </geographicCoverage>
      <geographicCoverage>
        <geographicDescription>C3SC: Seasonally grazed (~01 May to ~ Sep. 01) by cattle and scheduled prescribed.</geographicDescription>
        <boundingCoordinates>
          <westBoundingCoordinate>-96.5385</westBoundingCoordinate>
          <eastBoundingCoordinate>-96.555</eastBoundingCoordinate>
          <northBoundingCoordinate>39.1176</northBoundingCoordinate>
          <southBoundingCoordinate>39.1053</southBoundingCoordinate>
        </boundingCoordinates>
      </geographicCoverage>
      <geographicCoverage>
        <geographicDescription>FA: Ungrazed and scheduled prescribed burned annually in the fall (November).</geographicDescription>
        <boundingCoordinates>
          <westBoundingCoordinate>-96.5764</westBoundingCoordinate>
          <eastBoundingCoordinate>-96.5825</eastBoundingCoordinate>
          <northBoundingCoordinate>39.0738</northBoundingCoordinate>
          <southBoundingCoordinate>39.0681</southBoundingCoordinate>
        </boundingCoordinates>
      </geographicCoverage>
      <geographicCoverage>
        <geographicDescription>FB: Ungrazed and scheduled prescribed burned annually in the fall (November)</geographicDescription>
        <boundingCoordinates>
          <westBoundingCoordinate>-96.5673</westBoundingCoordinate>
          <eastBoundingCoordinate>-96.5731</eastBoundingCoordinate>
          <northBoundingCoordinate>39.0714</northBoundingCoordinate>
          <southBoundingCoordinate>39.0686</southBoundingCoordinate>
        </boundingCoordinates>
      </geographicCoverage>
      <geographicCoverage>
        <geographicDescription>HQA : Ungrazed and scheduled prescribed burned annually in the spring.</geographicDescription>
        <boundingCoordinates>
          <westBoundingCoordinate>-96.6118</westBoundingCoordinate>
          <eastBoundingCoordinate>-96.6151</eastBoundingCoordinate>
          <northBoundingCoordinate>39.1083</northBoundingCoordinate>
          <southBoundingCoordinate>39.1019</southBoundingCoordinate>
        </boundingCoordinates>
      </geographicCoverage>
      <geographicCoverage>
        <geographicDescription>HQB : Ungrazed and scheduled prescribed burned annually in the spring</geographicDescription>
        <boundingCoordinates>
          <westBoundingCoordinate>-96.6076</westBoundingCoordinate>
          <eastBoundingCoordinate>-96.6128</eastBoundingCoordinate>
          <northBoundingCoordinate>39.1066</northBoundingCoordinate>
          <southBoundingCoordinate>39.101</southBoundingCoordinate>
        </boundingCoordinates>
      </geographicCoverage>
      <geographicCoverage>
        <geographicDescription>HQC : Ungrazed and scheduled prescribed burned annually in the spring.</geographicDescription>
        <boundingCoordinates>
          <westBoundingCoordinate>-96.6087</westBoundingCoordinate>
          <eastBoundingCoordinate>-96.6149</eastBoundingCoordinate>
          <northBoundingCoordinate>39.103</northBoundingCoordinate>
          <southBoundingCoordinate>39.0995</southBoundingCoordinate>
        </boundingCoordinates>
      </geographicCoverage>
      <geographicCoverage>
        <geographicDescription>HQD: Ungrazed and scheduled prescribed burned every 2 years in the spring.</geographicDescription>
        <boundingCoordinates>
          <westBoundingCoordinate>-96.61</westBoundingCoordinate>
          <eastBoundingCoordinate>-96.6148</eastBoundingCoordinate>
          <northBoundingCoordinate>39.0996</northBoundingCoordinate>
          <southBoundingCoordinate>39.09</southBoundingCoordinate>
        </boundingCoordinates>
      </geographicCoverage>
      <geographicCoverage>
        <geographicDescription>K1A: Ungrazed and scheduled prescribed burned annually in the spring</geographicDescription>
        <boundingCoordinates>
          <westBoundingCoordinate>-96.5763</westBoundingCoordinate>
          <eastBoundingCoordinate>-96.5959</eastBoundingCoordinate>
          <northBoundingCoordinate>39.112</northBoundingCoordinate>
          <southBoundingCoordinate>39.1017</southBoundingCoordinate>
        </boundingCoordinates>
      </geographicCoverage>
      <geographicCoverage>
        <geographicDescription>K1B: Ungrazed and scheduled prescribed burned annually in the spring</geographicDescription>
        <boundingCoordinates>
          <westBoundingCoordinate>-96.5529</westBoundingCoordinate>
          <eastBoundingCoordinate>-96.5754</eastBoundingCoordinate>
          <northBoundingCoordinate>39.0977</northBoundingCoordinate>
          <southBoundingCoordinate>39.0836</southBoundingCoordinate>
        </boundingCoordinates>
      </geographicCoverage>
      <geographicCoverage>
        <geographicDescription>K20A: Ungrazed and 20 yr interval through 2012, scheduled prescribed burned annually in the spring thereafter.</geographicDescription>
        <boundingCoordinates>
          <westBoundingCoordinate>-96.5628</westBoundingCoordinate>
          <eastBoundingCoordinate>-96.5787</eastBoundingCoordinate>
          <northBoundingCoordinate>39.1079</northBoundingCoordinate>
          <southBoundingCoordinate>39.1006</southBoundingCoordinate>
        </boundingCoordinates>
      </geographicCoverage>
      <geographicCoverage>
        <geographicDescription>K2A: Ungrazed and scheduled prescribed burned every 2 years in the spring.</geographicDescription>
        <boundingCoordinates>
          <westBoundingCoordinate>-96.5576</westBoundingCoordinate>
          <eastBoundingCoordinate>-96.5755</eastBoundingCoordinate>
          <northBoundingCoordinate>39.1019</northBoundingCoordinate>
          <southBoundingCoordinate>39.0958</southBoundingCoordinate>
        </boundingCoordinates>
      </geographicCoverage>
      <geographicCoverage>
        <geographicDescription>K4A: Ungrazed and scheduled prescribed burned every 4 years in the spring</geographicDescription>
        <boundingCoordinates>
          <westBoundingCoordinate>-96.5728</westBoundingCoordinate>
          <eastBoundingCoordinate>-96.588</eastBoundingCoordinate>
          <northBoundingCoordinate>39.1011</northBoundingCoordinate>
          <southBoundingCoordinate>39.0942</southBoundingCoordinate>
        </boundingCoordinates>
      </geographicCoverage>
      <geographicCoverage>
        <geographicDescription>N1A: Year-long grazing by bison and scheduled prescribed burned annually in the spring.</geographicDescription>
        <boundingCoordinates>
          <westBoundingCoordinate>-96.5834</westBoundingCoordinate>
          <eastBoundingCoordinate>-96.5969</eastBoundingCoordinate>
          <northBoundingCoordinate>39.0993</northBoundingCoordinate>
          <southBoundingCoordinate>39.0879</southBoundingCoordinate>
        </boundingCoordinates>
      </geographicCoverage>
      <geographicCoverage>
        <geographicDescription>N1B : Year-long grazing by bison and scheduled prescribed burned annually in the spring.</geographicDescription>
        <boundingCoordinates>
          <westBoundingCoordinate>-96.5634</westBoundingCoordinate>
          <eastBoundingCoordinate>-96.5793</eastBoundingCoordinate>
          <northBoundingCoordinate>39.088</northBoundingCoordinate>
          <southBoundingCoordinate>39.0746</southBoundingCoordinate>
        </boundingCoordinates>
      </geographicCoverage>
      <geographicCoverage>
        <geographicDescription>N20A: Year-long grazing by bison and scheduled prescribed burned every 20 years in the spring.</geographicDescription>
        <boundingCoordinates>
          <westBoundingCoordinate>-96.5929</westBoundingCoordinate>
          <eastBoundingCoordinate>-96.6044</eastBoundingCoordinate>
          <northBoundingCoordinate>39.1021</northBoundingCoordinate>
          <southBoundingCoordinate>39.0885</southBoundingCoordinate>
        </boundingCoordinates>
      </geographicCoverage>
      <geographicCoverage>
        <geographicDescription>N20B: Year-long grazing by bison and scheduled prescribed burned every 20 years in the spring.</geographicDescription>
        <boundingCoordinates>
          <westBoundingCoordinate>-96.561</westBoundingCoordinate>
          <eastBoundingCoordinate>-96.5801</eastBoundingCoordinate>
          <northBoundingCoordinate>39.0922</northBoundingCoordinate>
          <southBoundingCoordinate>39.0815</southBoundingCoordinate>
        </boundingCoordinates>
      </geographicCoverage>
      <geographicCoverage>
        <geographicDescription>N2A: Year-long grazing by bison and scheduled prescribed burned every 2 years in the spring.</geographicDescription>
        <boundingCoordinates>
          <westBoundingCoordinate>-96.6024</westBoundingCoordinate>
          <eastBoundingCoordinate>-96.6138</eastBoundingCoordinate>
          <northBoundingCoordinate>39.1018</northBoundingCoordinate>
          <southBoundingCoordinate>39.0839</southBoundingCoordinate>
        </boundingCoordinates>
      </geographicCoverage>
      <geographicCoverage>
        <geographicDescription>N2B : Year-long grazing by bison and scheduled prescribed burned every 2 years in the spring.</geographicDescription>
        <boundingCoordinates>
          <westBoundingCoordinate>-96.5843</westBoundingCoordinate>
          <eastBoundingCoordinate>-96.599</eastBoundingCoordinate>
          <northBoundingCoordinate>39.0913</northBoundingCoordinate>
          <southBoundingCoordinate>39.0762</southBoundingCoordinate>
        </boundingCoordinates>
      </geographicCoverage>
      <geographicCoverage>
        <geographicDescription>N4A: Year-long grazing by bison and scheduled prescribed burned every 4 years in the spring</geographicDescription>
        <boundingCoordinates>
          <westBoundingCoordinate>-96.5979</westBoundingCoordinate>
          <eastBoundingCoordinate>-96.6139</eastBoundingCoordinate>
          <northBoundingCoordinate>39.0845</northBoundingCoordinate>
          <southBoundingCoordinate>39.0761</southBoundingCoordinate>
        </boundingCoordinates>
      </geographicCoverage>
      <geographicCoverage>
        <geographicDescription>N4B : Year-long grazing by bison and scheduled prescribed burned every 4 years in the spring.</geographicDescription>
        <boundingCoordinates>
          <westBoundingCoordinate>-96.5738</westBoundingCoordinate>
          <eastBoundingCoordinate>-96.5869</eastBoundingCoordinate>
          <northBoundingCoordinate>39.096</northBoundingCoordinate>
          <southBoundingCoordinate>39.0891</southBoundingCoordinate>
        </boundingCoordinates>
      </geographicCoverage>
      <geographicCoverage>
        <geographicDescription>N4C : Year-long grazing by bison and scheduled prescribed burned every 4 years in the spring.</geographicDescription>
        <boundingCoordinates>
          <westBoundingCoordinate>-96.5954</westBoundingCoordinate>
          <eastBoundingCoordinate>-96.6082</eastBoundingCoordinate>
          <northBoundingCoordinate>39.0929</northBoundingCoordinate>
          <southBoundingCoordinate>39.0832</southBoundingCoordinate>
        </boundingCoordinates>
      </geographicCoverage>
      <geographicCoverage>
        <geographicDescription>N4D : Year-long grazing by bison and scheduled prescribed burned every 4 years in the spring.</geographicDescription>
        <boundingCoordinates>
          <westBoundingCoordinate>-96.5768</westBoundingCoordinate>
          <eastBoundingCoordinate>-96.59</eastBoundingCoordinate>
          <northBoundingCoordinate>39.0896</northBoundingCoordinate>
          <southBoundingCoordinate>39.0701</southBoundingCoordinate>
        </boundingCoordinates>
      </geographicCoverage>
      <geographicCoverage>
        <geographicDescription>NatureTrail: Ungrazed and scheduled prescribed burned every 2 years in the spring. </geographicDescription>
        <boundingCoordinates>
          <westBoundingCoordinate>-96.5756</westBoundingCoordinate>
          <eastBoundingCoordinate>-96.6051</eastBoundingCoordinate>
          <northBoundingCoordinate>39.1173</northBoundingCoordinate>
          <southBoundingCoordinate>39.1047</southBoundingCoordinate>
        </boundingCoordinates>
      </geographicCoverage>
      <geographicCoverage>
        <geographicDescription>R1A: Ungrazed and scheduled unburned through 2000, scheduled prescribed burned annually in the spring beginning 2001.</geographicDescription>
        <boundingCoordinates>
          <westBoundingCoordinate>-96.6066</westBoundingCoordinate>
          <eastBoundingCoordinate>-96.6147</eastBoundingCoordinate>
          <northBoundingCoordinate>39.077</northBoundingCoordinate>
          <southBoundingCoordinate>39.067</southBoundingCoordinate>
        </boundingCoordinates>
      </geographicCoverage>
      <geographicCoverage>
        <geographicDescription>R1B: Ungrazed and scheduled unburned through 2000, scheduled prescribed burned annually in the spring beginning 2001</geographicDescription>
        <boundingCoordinates>
          <westBoundingCoordinate>-96.5481</westBoundingCoordinate>
          <eastBoundingCoordinate>-96.5579</eastBoundingCoordinate>
          <northBoundingCoordinate>39.0792</northBoundingCoordinate>
          <southBoundingCoordinate>39.0731</southBoundingCoordinate>
        </boundingCoordinates>
      </geographicCoverage>
      <geographicCoverage>
        <geographicDescription>R20A: Ungrazed and scheduled prescribed burned annually through 2000, scheduled prescribed burned every 20 years in the spring thereafter.</geographicDescription>
        <boundingCoordinates>
          <westBoundingCoordinate>-96.6055</westBoundingCoordinate>
          <eastBoundingCoordinate>-96.6145</eastBoundingCoordinate>
          <northBoundingCoordinate>39.0731</northBoundingCoordinate>
          <southBoundingCoordinate>39.0664</southBoundingCoordinate>
        </boundingCoordinates>
      </geographicCoverage>
      <geographicCoverage>
        <geographicDescription>R20B: Ungrazed and scheduled prescribed burned annually through 2000, scheduled prescribed burned every 20 years in the spring thereafter.</geographicDescription>
        <boundingCoordinates>
          <westBoundingCoordinate>-96.5724</westBoundingCoordinate>
          <eastBoundingCoordinate>-96.5785</eastBoundingCoordinate>
          <northBoundingCoordinate>39.0714</northBoundingCoordinate>
          <southBoundingCoordinate>39.0664</southBoundingCoordinate>
        </boundingCoordinates>
      </geographicCoverage>
      <geographicCoverage>
        <geographicDescription>SpA: Ungrazed and scheduled prescribed burned annually in the spring.</geographicDescription>
        <boundingCoordinates>
          <westBoundingCoordinate>-96.5881</westBoundingCoordinate>
          <eastBoundingCoordinate>-96.5956</eastBoundingCoordinate>
          <northBoundingCoordinate>39.0784</northBoundingCoordinate>
          <southBoundingCoordinate>39.0683</southBoundingCoordinate>
        </boundingCoordinates>
      </geographicCoverage>
      <geographicCoverage>
        <geographicDescription>SpB: Ungrazed and scheduled prescribed burned annually in the spring.</geographicDescription>
        <boundingCoordinates>
          <westBoundingCoordinate>-96.5838</westBoundingCoordinate>
          <eastBoundingCoordinate>-96.5913</eastBoundingCoordinate>
          <northBoundingCoordinate>39.0756</northBoundingCoordinate>
          <southBoundingCoordinate>39.0669</southBoundingCoordinate>
        </boundingCoordinates>
      </geographicCoverage>
      <geographicCoverage>
        <geographicDescription>SuA: Ungrazed and scheduled prescribed burned every 2 years in the summer.</geographicDescription>
        <boundingCoordinates>
          <westBoundingCoordinate>-96.5648</westBoundingCoordinate>
          <eastBoundingCoordinate>-96.5739</eastBoundingCoordinate>
          <northBoundingCoordinate>39.0697</northBoundingCoordinate>
          <southBoundingCoordinate>39.066</southBoundingCoordinate>
        </boundingCoordinates>
      </geographicCoverage>
      <geographicCoverage>
        <geographicDescription>SuB: Ungrazed and scheduled prescribed burned every 2 years in the summer</geographicDescription>
        <boundingCoordinates>
          <westBoundingCoordinate>-96.565</westBoundingCoordinate>
          <eastBoundingCoordinate>-96.5694</eastBoundingCoordinate>
          <northBoundingCoordinate>39.0768</northBoundingCoordinate>
          <southBoundingCoordinate>39.0712</southBoundingCoordinate>
        </boundingCoordinates>
      </geographicCoverage>
      <geographicCoverage>
        <geographicDescription>WA: Ungrazed and scheduled prescribed burned annually in the winter (February).</geographicDescription>
        <boundingCoordinates>
          <westBoundingCoordinate>-96.5728</westBoundingCoordinate>
          <eastBoundingCoordinate>-96.5766</eastBoundingCoordinate>
          <northBoundingCoordinate>39.0747</northBoundingCoordinate>
          <southBoundingCoordinate>39.0694</southBoundingCoordinate>
        </boundingCoordinates>
      </geographicCoverage>
      <geographicCoverage>
        <geographicDescription>WB: Ungrazed and scheduled prescribed burned annually in the winter (February).</geographicDescription>
        <boundingCoordinates>
          <westBoundingCoordinate>-96.5639</westBoundingCoordinate>
          <eastBoundingCoordinate>-96.5678</eastBoundingCoordinate>
          <northBoundingCoordinate>39.0739</northBoundingCoordinate>
          <southBoundingCoordinate>39.0687</southBoundingCoordinate>
        </boundingCoordinates>
      </geographicCoverage>
      <geographicCoverage>
        <geographicDescription>WP: Periodically grazed by cattle and scheduled prescribed burned stochastically 3-4 times per decade.</geographicDescription>
        <boundingCoordinates>
          <westBoundingCoordinate>-96.5385</westBoundingCoordinate>
          <eastBoundingCoordinate>-96.5477</eastBoundingCoordinate>
          <northBoundingCoordinate>39.1359</northBoundingCoordinate>
          <southBoundingCoordinate>39.1163</southBoundingCoordinate>
        </boundingCoordinates>
      </geographicCoverage>
      <geographicCoverage>
        <geographicDescription>ALC: Former lowland agricultural land that is burned as needed and when it is convenient</geographicDescription>
        <boundingCoordinates>
          <westBoundingCoordinate>-96.609</westBoundingCoordinate>
          <eastBoundingCoordinate>-96.6151</eastBoundingCoordinate>
          <northBoundingCoordinate>39.1139</northBoundingCoordinate>
          <southBoundingCoordinate>39.106</southBoundingCoordinate>
        </boundingCoordinates>
      </geographicCoverage>
      <geographicCoverage>
        <geographicDescription>watershed 1B</geographicDescription>
        <boundingCoordinates>
          <westBoundingCoordinate>-96.5942</westBoundingCoordinate>
          <eastBoundingCoordinate>-96.603</eastBoundingCoordinate>
          <northBoundingCoordinate>39.0736</northBoundingCoordinate>
          <southBoundingCoordinate>39.0666</southBoundingCoordinate>
        </boundingCoordinates>
      </geographicCoverage>
      <temporalCoverage>
        <rangeOfDates>
          <beginDate>
            <calendarDate>1972-04-23</calendarDate>
          </beginDate>
          <endDate>
            <calendarDate>2017-12-31</calendarDate>
          </endDate>
        </rangeOfDates>
      </temporalCoverage>
    </coverage>
    <contact>
      <organizationName>Konza LTER</organizationName>
      <onlineUrl>http://www.konza.ksu.edu/</onlineUrl>
    </contact>
    <publisher>
      <organizationName>Konza LTER</organizationName>
      <onlineUrl>http://www.konza.ksu.edu/</onlineUrl>
    </publisher>
    <pubPlace>Konza Prairie LTER</pubPlace>
    <methods>
      <methodStep>
        <description>
          <section>
            <para>
              <literalLayout>For additional metadata information see: http://lter.konza.ksu.edu/sites/default/files/DC.pdf For additional methods information see: http://lter.konza.ksu.edu/sites/default/files/MM.pdf</literalLayout>
            </para>
          </section>
        </description>
      </methodStep>
    </methods>
    <dataTable>
      <entityName>KFH011</entityName>
      <entityDescription>Konza Prairie Fire History</entityDescription>
      <physical>
        <objectName>KFH011.csv</objectName>
        <size>54377</size>
        <dataFormat>
          <textFormat>
            <numHeaderLines>1</numHeaderLines>
            <recordDelimiter>\n</recordDelimiter>
            <attributeOrientation>column</attributeOrientation>
            <simpleDelimited>
              <fieldDelimiter>,</fieldDelimiter>
              <quoteCharacter>"</quoteCharacter>
            </simpleDelimited>
          </textFormat>
        </dataFormat>
        <distribution>
          <online>
            <url>https://pasta.lternet.edu/package/data/eml/knb-lter-knz/42/6/3565885edc7640f2276174ca1f00240b</url>
          </online>
        </distribution>
      </physical>
      <coverage>
        <temporalCoverage>
          <rangeOfDates>
            <beginDate>
              <calendarDate>1972-04-03</calendarDate>
            </beginDate>
            <endDate>
              <calendarDate>2017-12-31</calendarDate>
            </endDate>
          </rangeOfDates>
        </temporalCoverage>
      </coverage>
      <methods>
        <methodStep>
          <description>
            <section>
              <para>
                <literalLayout>For additional metadata information see: http://lter.konza.ksu.edu/sites/default/files/DC.pdf For additional methods information see: http://lter.konza.ksu.edu/sites/default/files/MM.pdf</literalLayout>
              </para>
            </section>
          </description>
        </methodStep>
      </methods>
      <attributeList>
        <attribute>
          <attributeName>Watershed</attributeName>
          <attributeLabel>Watershed</attributeLabel>
          <attributeDefinition>Watershed name</attributeDefinition>
          <storageType>string</storageType>
          <measurementScale>
            <nominal>
              <nonNumericDomain>
                <enumeratedDomain>
                  <codeDefinition>
                    <code>1B</code>
                    <definition>1B</definition>
                  </codeDefinition>
                  <codeDefinition>
                    <code>1D</code>
                    <definition>1D</definition>
                  </codeDefinition>
                  <codeDefinition>
                    <code>20B</code>
                    <definition>20B</definition>
                  </codeDefinition>
                  <codeDefinition>
                    <code>20C</code>
                    <definition>20C</definition>
                  </codeDefinition>
                  <codeDefinition>
                    <code>2A</code>
                    <definition>2A</definition>
                  </codeDefinition>
                  <codeDefinition>
                    <code>2B</code>
                    <definition>2B</definition>
                  </codeDefinition>
                  <codeDefinition>
                    <code>2C</code>
                    <definition>2C</definition>
                  </codeDefinition>
                  <codeDefinition>
                    <code>2D</code>
                    <definition>2D</definition>
                  </codeDefinition>
                  <codeDefinition>
                    <code>4A</code>
                    <definition>4A</definition>
                  </codeDefinition>
                  <codeDefinition>
                    <code>4B</code>
                    <definition>4B</definition>
                  </codeDefinition>
                  <codeDefinition>
                    <code>4F</code>
                    <definition>4F</definition>
                  </codeDefinition>
                  <codeDefinition>
                    <code>AL</code>
                    <definition>AL</definition>
                  </codeDefinition>
                  <codeDefinition>
                    <code>AL - SC</code>
                    <definition>AL - SC</definition>
                  </codeDefinition>
                  <codeDefinition>
                    <code>Belowground Plots</code>
                    <definition>Belowground Plots</definition>
                  </codeDefinition>
                  <codeDefinition>
                    <code>Brome Field N of K4A</code>
                    <definition>Brome Field N of K4A</definition>
                  </codeDefinition>
                  <codeDefinition>
                    <code>Brome Field S of K1A</code>
                    <definition>Brome Field S of K1A</definition>
                  </codeDefinition>
                  <codeDefinition>
                    <code>C1A</code>
                    <definition>C1A</definition>
                  </codeDefinition>
                  <codeDefinition>
                    <code>C1SB</code>
                    <definition>C1SB</definition>
                  </codeDefinition>
                  <codeDefinition>
                    <code>C3A</code>
                    <definition>C3A</definition>
                  </codeDefinition>
                  <codeDefinition>
                    <code>C3B</code>
                    <definition>C3B</definition>
                  </codeDefinition>
                  <codeDefinition>
                    <code>C3C</code>
                    <definition>C3C</definition>
                  </codeDefinition>
                  <codeDefinition>
                    <code>C3SA</code>
                    <definition>C3SA</definition>
                  </codeDefinition>
                  <codeDefinition>
                    <code>C3SB</code>
                    <definition>C3SB</definition>
                  </codeDefinition>
                  <codeDefinition>
                    <code>C3SC</code>
                    <definition>C3SC</definition>
                  </codeDefinition>
                  <codeDefinition>
                    <code>Cottage Hill</code>
                    <definition>Cottage Hill</definition>
                  </codeDefinition>
                  <codeDefinition>
                    <code>FA</code>
                    <definition>FA</definition>
                  </codeDefinition>
                  <codeDefinition>
                    <code>FB</code>
                    <definition>FB</definition>
                  </codeDefinition>
                  <codeDefinition>
                    <code>HQ Restoration Plots</code>
                    <definition>HQ Restoration Plots</definition>
                  </codeDefinition>
                  <codeDefinition>
                    <code>HQA</code>
                    <definition>HQA</definition>
                  </codeDefinition>
                  <codeDefinition>
                    <code>HQB</code>
                    <definition>HQB</definition>
                  </codeDefinition>
                  <codeDefinition>
                    <code>HQC</code>
                    <definition>HQC</definition>
                  </codeDefinition>
                  <codeDefinition>
                    <code>HQD</code>
                    <definition>HQD</definition>
                  </codeDefinition>
                  <codeDefinition>
                    <code>K1A</code>
                    <definition>K1A</definition>
                  </codeDefinition>
                  <codeDefinition>
                    <code>K1B</code>
                    <definition>K1B</definition>
                  </codeDefinition>
                  <codeDefinition>
                    <code>K1B/K4B</code>
                    <definition>K1B/K4B</definition>
                  </codeDefinition>
                  <codeDefinition>
                    <code>K20A</code>
                    <definition>K20A</definition>
                  </codeDefinition>
                  <codeDefinition>
                    <code>K2A</code>
                    <definition>K2A</definition>
                  </codeDefinition>
                  <codeDefinition>
                    <code>K4A</code>
                    <definition>K4A</definition>
                  </codeDefinition>
                  <codeDefinition>
                    <code>N1A</code>
                    <definition>N1A</definition>
                  </codeDefinition>
                  <codeDefinition>
                    <code>N1B</code>
                    <definition>N1B</definition>
                  </codeDefinition>
                  <codeDefinition>
                    <code>N20A</code>
                    <definition>N20A</definition>
                  </codeDefinition>
                  <codeDefinition>
                    <code>N20B</code>
                    <definition>N20B</definition>
                  </codeDefinition>
                  <codeDefinition>
                    <code>N2A</code>
                    <definition>N2A</definition>
                  </codeDefinition>
                  <codeDefinition>
                    <code>N2B</code>
                    <definition>N2B</definition>
                  </codeDefinition>
                  <codeDefinition>
                    <code>N4A</code>
                    <definition>N4A</definition>
                  </codeDefinition>
                  <codeDefinition>
                    <code>N4B</code>
                    <definition>N4B</definition>
                  </codeDefinition>
                  <codeDefinition>
                    <code>N4C</code>
                    <definition>N4C</definition>
                  </codeDefinition>
                  <codeDefinition>
                    <code>N4D</code>
                    <definition>N4D</definition>
                  </codeDefinition>
                  <codeDefinition>
                    <code>Nature Trail</code>
                    <definition>Nature Trail</definition>
                  </codeDefinition>
                  <codeDefinition>
                    <code>Nature Trail - North Hill</code>
                    <definition>Nature Trail - North Hill</definition>
                  </codeDefinition>
                  <codeDefinition>
                    <code>Nature Trail -Restoration</code>
                    <definition>Nature Trail -Restoration</definition>
                  </codeDefinition>
                  <codeDefinition>
                    <code>R1A</code>
                    <definition>R1A</definition>
                  </codeDefinition>
                  <codeDefinition>
                    <code>R1B</code>
                    <definition>R1B</definition>
                  </codeDefinition>
                  <codeDefinition>
                    <code>R20A</code>
                    <definition>R20A</definition>
                  </codeDefinition>
                  <codeDefinition>
                    <code>R20B</code>
                    <definition>R20B</definition>
                  </codeDefinition>
                  <codeDefinition>
                    <code>SpA</code>
                    <definition>SpA</definition>
                  </codeDefinition>
                  <codeDefinition>
                    <code>SpB</code>
                    <definition>SpB</definition>
                  </codeDefinition>
                  <codeDefinition>
                    <code>SuA</code>
                    <definition>SuA</definition>
                  </codeDefinition>
                  <codeDefinition>
                    <code>SuB</code>
                    <definition>SuB</definition>
                  </codeDefinition>
                  <codeDefinition>
                    <code>UN07</code>
                    <definition>UN07</definition>
                  </codeDefinition>
                  <codeDefinition>
                    <code>Vetch Hill - South of 2C</code>
                    <definition>Vetch Hill - South of 2C</definition>
                  </codeDefinition>
                  <codeDefinition>
                    <code>WA</code>
                    <definition>WA</definition>
                  </codeDefinition>
                  <codeDefinition>
                    <code>WB</code>
                    <definition>WB</definition>
                  </codeDefinition>
                  <codeDefinition>
                    <code>White Pasture</code>
                    <definition>White Pasture</definition>
                  </codeDefinition>
                </enumeratedDomain>
              </nonNumericDomain>
            </nominal>
          </measurementScale>
          <missingValueCode>
            <code>.</code>
            <codeExplanation>missing Value</codeExplanation>
          </missingValueCode>
        </attribute>
        <attribute>
          <attributeName>Hname</attributeName>
          <attributeLabel>Hname</attributeLabel>
          <attributeDefinition>Historic watershed name</attributeDefinition>
          <storageType>string</storageType>
          <measurementScale>
            <nominal>
              <nonNumericDomain>
                <textDomain>
                  <definition>Historic watershed name</definition>
                </textDomain>
              </nonNumericDomain>
            </nominal>
          </measurementScale>
        </attribute>
        <attribute>
          <attributeName>Hectares</attributeName>
          <attributeLabel>Hectares</attributeLabel>
          <attributeDefinition>Burning area in hectares</attributeDefinition>
          <measurementScale>
            <ratio>
              <unit>
                <standardUnit>hectare</standardUnit>
              </unit>
              <numericDomain>
                <numberType>real</numberType>
              </numericDomain>
            </ratio>
          </measurementScale>
        </attribute>
        <attribute>
          <attributeName>Acres</attributeName>
          <attributeLabel>Acres</attributeLabel>
          <attributeDefinition>Burning area in acres</attributeDefinition>
          <measurementScale>
            <ratio>
              <unit>
                <standardUnit>acre</standardUnit>
              </unit>
              <numericDomain>
                <numberType>real</numberType>
              </numericDomain>
            </ratio>
          </measurementScale>
        </attribute>
        <attribute>
          <attributeName>Date</attributeName>
          <attributeLabel>Date</attributeLabel>
          <attributeDefinition>Date of Burn</attributeDefinition>
          <storageType>date</storageType>
          <measurementScale>
            <dateTime>
              <formatString>DD/MM/YYYY</formatString>
            </dateTime>
          </measurementScale>
        </attribute>
        <attribute>
          <attributeName>Type</attributeName>
          <attributeLabel>Type</attributeLabel>
          <attributeDefinition>Fire type code</attributeDefinition>
          <storageType>string</storageType>
          <measurementScale>
            <nominal>
              <nonNumericDomain>
                <enumeratedDomain>
                  <codeDefinition>
                    <code>PP</code>
                    <definition>Prescribed Planned</definition>
                  </codeDefinition>
                  <codeDefinition>
                    <code>PU</code>
                    <definition>Prescribed Unplanned</definition>
                  </codeDefinition>
                  <codeDefinition>
                    <code>WP</code>
                    <definition>Wildfire Planned</definition>
                  </codeDefinition>
                  <codeDefinition>
                    <code>WU</code>
                    <definition>Wildfire Unplanned</definition>
                  </codeDefinition>
                </enumeratedDomain>
              </nonNumericDomain>
            </nominal>
          </measurementScale>
        </attribute>
        <attribute>
          <attributeName>Year</attributeName>
          <attributeLabel>Year</attributeLabel>
          <attributeDefinition>Year of Burn</attributeDefinition>
          <measurementScale>
            <ratio>
              <unit>
                <customUnit>Year (YYYY)</customUnit>
              </unit>
              <numericDomain>
                <numberType>real</numberType>
              </numericDomain>
            </ratio>
          </measurementScale>
        </attribute>
        <attribute>
          <attributeName>Code</attributeName>
          <attributeLabel>Code</attributeLabel>
          <attributeDefinition>Watershed code</attributeDefinition>
          <storageType>string</storageType>
          <measurementScale>
            <nominal>
              <nonNumericDomain>
                <textDomain>
                  <definition>Watershed code</definition>
                </textDomain>
              </nonNumericDomain>
            </nominal>
          </measurementScale>
        </attribute>
        <attribute>
          <attributeName>Comments</attributeName>
          <attributeLabel>Comments</attributeLabel>
          <attributeDefinition>Comments</attributeDefinition>
          <storageType>string</storageType>
          <measurementScale>
            <nominal>
              <nonNumericDomain>
                <textDomain>
                  <definition>Comments</definition>
                </textDomain>
              </nonNumericDomain>
            </nominal>
          </measurementScale>
        </attribute>
      </attributeList>
    </dataTable>
  </dataset>
  <additionalMetadata>
    <metadata>
      <stmml:unitList xmlns="http://www.xml-cml.org/schema/stmml"
        xmlns:sch="http://www.ascc.net/xml/schematron"
        xmlns:stmml="http://www.xml-cml.org/schema/stmml-1.1"
        xmlns:xsi="http://www.w3.org/2001/XMLSchema-instance" xsi:schemaLocation="http://www.xml-cml.org/schema/stmml-1.1 http://nis.lternet.edu/schemas/EML/eml-2.1.0/stmml.xsd">
        <stmml:unit id="Year (YYYY)">
          <stmml:description/>
        </stmml:unit>
      </stmml:unitList>
    </metadata>
  </additionalMetadata>
</eml:eml>
