<?xml version="1.0" encoding="UTF-8"?>
<eml:eml packageId="knb-lter-knz.47.7"
  system="https://pasta.edirepository.org"
  xmlns:ds="eml://ecoinformatics.org/dataset-2.1.0"
  xmlns:eml="eml://ecoinformatics.org/eml-2.1.1"
  xmlns:stmml="http://www.xml-cml.org/schema/stmml-1.1"
  xmlns:xs="http://www.w3.org/2001/XMLSchema"
  xmlns:xsi="http://www.w3.org/2001/XMLSchema-instance" xsi:schemaLocation="eml://ecoinformatics.org/eml-2.1.0 http://nis.lternet.edu/schemas/EML/eml-2.1.0/eml.xsd">
  <access authSystem="https://pasta.edirepository.org/authentication"
    order="allowFirst" scope="document" system="https://pasta.edirepository.org">
    <allow>
      <principal>uid=KNZ,o=LTER,dc=ecoinformatics,dc=org</principal>
      <permission>all</permission>
    </allow>
    <allow>
      <principal>public</principal>
      <permission>read</permission>
    </allow>
  </access>
  <dataset>
    <alternateIdentifier system="https://doi.org">doi:10.6073/pasta/dbe5138bad34d0215cede0146fa75c46</alternateIdentifier>
    <shortName>NSC01</shortName>
    <title>NSC01 Chemistry and Physical Characteristics of Soils from Konza LTER Watersheds with different fire and grazing treatments</title>
    <creator>
      <individualName>
        <givenName>John</givenName>
        <surName>Blair</surName>
      </individualName>
      <address>
        <deliveryPoint>116 Ackert Hall, Division of Biology, Kansas State University</deliveryPoint>
        <city>Manhattan</city>
        <administrativeArea>KS</administrativeArea>
        <postalCode>66506</postalCode>
        <country>US</country>
      </address>
      <phone phonetype="voice">785-532-7065</phone>
      <phone phonetype="facsimile">785-532-6653</phone>
      <electronicMailAddress>jblair@ksu.edu</electronicMailAddress>
    </creator>
    <metadataProvider>
      <organizationName>Konza LTER</organizationName>
      <onlineUrl>http://www.konza.ksu.edu/</onlineUrl>
    </metadataProvider>
    <pubDate>2017-01-10</pubDate>
    <language>English</language>
    <abstract>
      <section>
        <para>
          <literalLayout>Soil chemical and physical characteristics are quantified on selected LTER watersheds adjacent to LTER vegetation sampling plots. Sampling was initiated in 1982, and is repeated every five years. A subset of variables (e.g., pH, Bray extractable P, total C, exchangeable cations) is measured on all sample dates, while additional specific variables (e.g., bulk density, soil texture, CaCO3 content, trace metals, extractable inorganic N) are measured less frequently. Methods for C and N analysis have changed over time. C content of samples from 1982, 1987 and 1997 was derived from Walkley-Black measurements of % soil organic matter (OM) content, using a conversion factor of 1.72 (%C = %OM / 1.72). Soil C content of samples from 1992, 2002 and later were determined by dry combustion and gas chromatography (i.e., Carlo-Erba C/N analyzer). N content of samples prior to 1992 was based on Kjeldahl digeston. N content of samples from 1992 on were determined by dry combustion and gas chromatography (i.e., Carlo-Erba C/N analyzer). Additional details regarding sampling protocols and analytical methods are available in the Konza LTER Methods Manual.</literalLayout>
        </para>
      </section>
    </abstract>
    <keywordSet>
      <keyword>Organic Matter</keyword>
      <keyword>Disturbance</keyword>
      <keyword>Inorganic Nutrients</keyword>
      <keywordThesaurus>Core Areas</keywordThesaurus>
    </keywordSet>
    <keywordSet>
      <keyword>Nutrients</keyword>
      <keywordThesaurus>Section</keywordThesaurus>
    </keywordSet>
    <keywordSet>
      <keyword>bulk density</keyword>
      <keyword>carbon</keyword>
      <keyword>cations</keyword>
      <keyword>Kansas</keyword>
      <keyword>Konza Prairie</keyword>
      <keyword>Konza Prairie Biological Station</keyword>
      <keyword>LTER</keyword>
      <keyword>nitrogen</keyword>
      <keyword>phosphorus</keyword>
      <keyword>prairie</keyword>
      <keyword>soil</keyword>
      <keyword>soil chemistry</keyword>
      <keyword>soil organic matter</keyword>
      <keyword>soil texture</keyword>
      <keywordThesaurus>Station Keywords</keywordThesaurus>
    </keywordSet>
    <intellectualRights>
      <section>
        <title>Data Policies</title>
        <para>
          <literalLayout>Data Use Agreements: The Intellectual Rights within the metadata associated with each KNZ data set determines the exact data and metadata use agreement between the data user and the KNZ LTER site. KNZ LTER data and metadata may be released under the license: CC BY - Attribution (https://creativecommons.org/licenses/by/4.0/). This license lets others distribute, remix, tweak, and build upon KNZ work (even commercially), as long as the KNZ program is credited for the original creation. Alternatively, some KNZ LTER data and metadata may be released into the public domain: CC0 - No Rights Reserved (https://creativecommons.org/share-your-work/public-domain/cc0/). CC0 states that data are placed in the public domain, so that others may freely build upon, enhance and reuse the works for any purposes without restriction under copyright or database law. In either case, users of KNZ data are referred to the following guidelines: "The consumer of these data ("Data User" herein) has an ethical obligation to cite it appropriately in any publication that results from its use. The Data User should realize that these data may be actively used by others for ongoing research and that coordination may be necessary to prevent duplicate publication. The Data User is urged to contact the authors of these data if any questions about methodology or results occur. Where appropriate, the Data User is encouraged to consider collaboration or coauthorship with the authors. The Data User should realize that misinterpretation of data may occur if used out of context of the original study. While substantial efforts are made to ensure the accuracy of data and associated documentation, complete accuracy of data sets cannot be guaranteed. All data are made available "as is." The Data User should be aware, however, that data are updated periodically and it is the responsibility of the Data User to check for new versions of the data. The data authors and the repository where these data were obtained shall not be liable for damages resulting from any use or misinterpretation of the data. Thank you".</literalLayout>
        </para>
      </section>
    </intellectualRights>
    <distribution>
      <online>
        <url function="information">http://lter.konza.ksu.edu/content/nsc01-chemistry-and-physical-characteristics-soils-konza-lter-watersheds-different-fire-and</url>
      </online>
    </distribution>
    <coverage>
      <geographicCoverage>
        <geographicDescription>N4A: Year-long grazing by bison and scheduled prescribed burned every 4 years in the spring</geographicDescription>
        <boundingCoordinates>
          <westBoundingCoordinate>-96.5979</westBoundingCoordinate>
          <eastBoundingCoordinate>-96.6139</eastBoundingCoordinate>
          <northBoundingCoordinate>39.0845</northBoundingCoordinate>
          <southBoundingCoordinate>39.0761</southBoundingCoordinate>
        </boundingCoordinates>
      </geographicCoverage>
      <geographicCoverage>
        <geographicDescription>N20A: Year-long grazing by bison and scheduled prescribed burned every 20 years in the spring.</geographicDescription>
        <boundingCoordinates>
          <westBoundingCoordinate>-96.5929</westBoundingCoordinate>
          <eastBoundingCoordinate>-96.6044</eastBoundingCoordinate>
          <northBoundingCoordinate>39.1021</northBoundingCoordinate>
          <southBoundingCoordinate>39.0885</southBoundingCoordinate>
        </boundingCoordinates>
      </geographicCoverage>
      <geographicCoverage>
        <geographicDescription>N1A: Year-long grazing by bison and scheduled prescribed burned annually in the spring.</geographicDescription>
        <boundingCoordinates>
          <westBoundingCoordinate>-96.5834</westBoundingCoordinate>
          <eastBoundingCoordinate>-96.5969</eastBoundingCoordinate>
          <northBoundingCoordinate>39.0993</northBoundingCoordinate>
          <southBoundingCoordinate>39.0879</southBoundingCoordinate>
        </boundingCoordinates>
      </geographicCoverage>
      <geographicCoverage>
        <geographicDescription>N4D : Year-long grazing by bison and scheduled prescribed burned every 4 years in the spring.</geographicDescription>
        <boundingCoordinates>
          <westBoundingCoordinate>-96.5768</westBoundingCoordinate>
          <eastBoundingCoordinate>-96.59</eastBoundingCoordinate>
          <northBoundingCoordinate>39.0896</northBoundingCoordinate>
          <southBoundingCoordinate>39.0701</southBoundingCoordinate>
        </boundingCoordinates>
      </geographicCoverage>
      <geographicCoverage>
        <geographicDescription>N1B : Year-long grazing by bison and scheduled prescribed burned annually in the spring.</geographicDescription>
        <boundingCoordinates>
          <westBoundingCoordinate>-96.5634</westBoundingCoordinate>
          <eastBoundingCoordinate>-96.5793</eastBoundingCoordinate>
          <northBoundingCoordinate>39.088</northBoundingCoordinate>
          <southBoundingCoordinate>39.0746</southBoundingCoordinate>
        </boundingCoordinates>
      </geographicCoverage>
      <geographicCoverage>
        <geographicDescription>R20B: Ungrazed and scheduled prescribed burned annually through 2000, scheduled prescribed burned every 20 years in the spring thereafter.</geographicDescription>
        <boundingCoordinates>
          <westBoundingCoordinate>-96.5724</westBoundingCoordinate>
          <eastBoundingCoordinate>-96.5785</eastBoundingCoordinate>
          <northBoundingCoordinate>39.0714</northBoundingCoordinate>
          <southBoundingCoordinate>39.0664</southBoundingCoordinate>
        </boundingCoordinates>
      </geographicCoverage>
      <geographicCoverage>
        <geographicDescription>N20B: Year-long grazing by bison and scheduled prescribed burned every 20 years in the spring.</geographicDescription>
        <boundingCoordinates>
          <westBoundingCoordinate>-96.561</westBoundingCoordinate>
          <eastBoundingCoordinate>-96.5801</eastBoundingCoordinate>
          <northBoundingCoordinate>39.0922</northBoundingCoordinate>
          <southBoundingCoordinate>39.0815</southBoundingCoordinate>
        </boundingCoordinates>
      </geographicCoverage>
      <geographicCoverage>
        <geographicDescription>R1B: Ungrazed and scheduled unburned through 2000, scheduled prescribed burned annually in the spring beginning 2001</geographicDescription>
        <boundingCoordinates>
          <westBoundingCoordinate>-96.5481</westBoundingCoordinate>
          <eastBoundingCoordinate>-96.5579</eastBoundingCoordinate>
          <northBoundingCoordinate>39.0792</northBoundingCoordinate>
          <southBoundingCoordinate>39.0731</southBoundingCoordinate>
        </boundingCoordinates>
      </geographicCoverage>
      <geographicCoverage>
        <geographicDescription>R1A: Ungrazed and scheduled unburned through 2000, scheduled prescribed burned annually in the spring beginning 2001.</geographicDescription>
        <boundingCoordinates>
          <westBoundingCoordinate>-96.6066</westBoundingCoordinate>
          <eastBoundingCoordinate>-96.6147</eastBoundingCoordinate>
          <northBoundingCoordinate>39.077</northBoundingCoordinate>
          <southBoundingCoordinate>39.067</southBoundingCoordinate>
        </boundingCoordinates>
      </geographicCoverage>
      <geographicCoverage>
        <geographicDescription>R20A: Ungrazed and scheduled prescribed burned annually through 2000, scheduled prescribed burned every 20 years in the spring thereafter.</geographicDescription>
        <boundingCoordinates>
          <westBoundingCoordinate>-96.6055</westBoundingCoordinate>
          <eastBoundingCoordinate>-96.6145</eastBoundingCoordinate>
          <northBoundingCoordinate>39.0731</northBoundingCoordinate>
          <southBoundingCoordinate>39.0664</southBoundingCoordinate>
        </boundingCoordinates>
      </geographicCoverage>
      <geographicCoverage>
        <geographicDescription>1D: Ungrazed and scheduled prescribed burned annually in the spring.</geographicDescription>
        <boundingCoordinates>
          <westBoundingCoordinate>-96.5594</westBoundingCoordinate>
          <eastBoundingCoordinate>-96.5658</eastBoundingCoordinate>
          <northBoundingCoordinate>39.0841</northBoundingCoordinate>
          <southBoundingCoordinate>39.0732</southBoundingCoordinate>
        </boundingCoordinates>
      </geographicCoverage>
      <geographicCoverage>
        <geographicDescription>4A: Ungrazed and scheduled prescribed burned every 4 years in the spring</geographicDescription>
        <boundingCoordinates>
          <westBoundingCoordinate>-96.6017</westBoundingCoordinate>
          <eastBoundingCoordinate>-96.6093</eastBoundingCoordinate>
          <northBoundingCoordinate>39.0773</northBoundingCoordinate>
          <southBoundingCoordinate>39.0731</southBoundingCoordinate>
        </boundingCoordinates>
      </geographicCoverage>
      <geographicCoverage>
        <geographicDescription>4B: Ungrazed and scheduled prescribed burned every 4 years in the spring</geographicDescription>
        <boundingCoordinates>
          <westBoundingCoordinate>-96.5924</westBoundingCoordinate>
          <eastBoundingCoordinate>-96.6035</eastBoundingCoordinate>
          <northBoundingCoordinate>39.0802</northBoundingCoordinate>
          <southBoundingCoordinate>39.0712</southBoundingCoordinate>
        </boundingCoordinates>
      </geographicCoverage>
      <geographicCoverage>
        <geographicDescription>4F: Ungrazed and scheduled prescribed burned every 4 years in the spring</geographicDescription>
        <boundingCoordinates>
          <westBoundingCoordinate>-96.5691</westBoundingCoordinate>
          <eastBoundingCoordinate>-96.5733</eastBoundingCoordinate>
          <northBoundingCoordinate>39.0766</northBoundingCoordinate>
          <southBoundingCoordinate>39.0711</southBoundingCoordinate>
        </boundingCoordinates>
      </geographicCoverage>
      <geographicCoverage>
        <geographicDescription>2D: Ungrazed and scheduled prescribed burned every 2 years in the spring</geographicDescription>
        <boundingCoordinates>
          <westBoundingCoordinate>-96.5534</westBoundingCoordinate>
          <eastBoundingCoordinate>-96.5606</eastBoundingCoordinate>
          <northBoundingCoordinate>39.0841</northBoundingCoordinate>
          <southBoundingCoordinate>39.0731</southBoundingCoordinate>
        </boundingCoordinates>
      </geographicCoverage>
      <geographicCoverage>
        <geographicDescription>2C: Ungrazed and scheduled prescribed burned every 2 years in the spring.</geographicDescription>
        <boundingCoordinates>
          <westBoundingCoordinate>-96.5772</westBoundingCoordinate>
          <eastBoundingCoordinate>-96.5846</eastBoundingCoordinate>
          <northBoundingCoordinate>39.0725</northBoundingCoordinate>
          <southBoundingCoordinate>39.0667</southBoundingCoordinate>
        </boundingCoordinates>
      </geographicCoverage>
      <geographicCoverage>
        <geographicDescription>20B: Ungrazed and scheduled prescribed burned every 20 years in the spring.</geographicDescription>
        <boundingCoordinates>
          <westBoundingCoordinate>-96.5741</westBoundingCoordinate>
          <eastBoundingCoordinate>-96.5808</eastBoundingCoordinate>
          <northBoundingCoordinate>39.0758</northBoundingCoordinate>
          <southBoundingCoordinate>39.0693</southBoundingCoordinate>
        </boundingCoordinates>
      </geographicCoverage>
      <temporalCoverage>
        <rangeOfDates>
          <beginDate>
            <calendarDate>1982-01-04</calendarDate>
          </beginDate>
          <endDate>
            <calendarDate>2015-10-30</calendarDate>
          </endDate>
        </rangeOfDates>
      </temporalCoverage>
    </coverage>
    <contact>
      <individualName>
        <givenName>Konza</givenName>
        <surName>LTER</surName>
      </individualName>
      <address>
        <deliveryPoint>Division of Biology</deliveryPoint>
        <city>Manhattan</city>
        <administrativeArea>KS</administrativeArea>
        <postalCode>66506</postalCode>
        <country>US</country>
      </address>
      <phone phonetype="voice">785-532-6729</phone>
      <electronicMailAddress>knzlter@ksu.edu</electronicMailAddress>
      <onlineUrl>http://lter.konza.ksu.edu</onlineUrl>
    </contact>
    <publisher>
      <organizationName>Konza LTER</organizationName>
      <onlineUrl>http://www.konza.ksu.edu/</onlineUrl>
    </publisher>
    <pubPlace>Konza Prairie LTER</pubPlace>
    <methods>
      <methodStep>
        <description>
          <section>
            <para>
              <literalLayout>Location of Sampling Stations:Â Â Â Â Â Â Â Â  Soil are sampled along the LTER vegetation transects. Frequency of Sampling:Â Â Â Â Â Â Â Â  Cores were obtained for analysis once from each site during the first week of October 1982. Sites are now scheduled to be sampled in the non-winter seasons of every 5th year. Variable Measured: Â  Bulk density, pH, cation exchange capacity, concentrations of Ca++, Mg++, and Na+, extractable phosphorous, and total Kjeldahl nitrogen. Â In 1987, the following additional variables were measured: K, Zn, Cu, Fe, Mn, NH4-N, and NO3-N. Methods: An Oakfield Soil Sampler, with a coring diameter of 3/4" (19.05 mm) is used to obtain soil. Litter is scraped off of the surface prior to inserting the tube. Â Soils are sampled to a depth of 5 cm at all sites, and additional samples to a depth of 25 cm are obtained at all Tully soil sites.Â  Â A composite sample is obtained by taking ten 5 cm cores along each of the vegetation transect and mixing these together in plastic zip-closed bags. Â Similarly, four 25 cm cores are combined to form a single sample at each Tully site. Â Occasionally, it is not possible to get all the 25 cm samples. Samples were taken as deeply as possible and notes about actual depths were made on the plastic sampling bag. All samples were stored at 5-10oC until they could be processed. The samples were sieved through a #5 U.S.A. Standard Testing sieve (4 mm opening). Â All visible rocks and large root fragments are subsequently removed from the sieved soil. Â Sorting takes approximately 20 minutes for each composite sample. Sieved soil is returned to the plastic sampling bag and submitted to the K.S.U. Soils Testing Laboratory for chemical analyses.Â  Â Upon completion of analysis, any remaining soil is returned to KSU Biology for archival storage. Bulk density data are obtained from the individual cores placed in soil tins.Â  Â These are air-dried and weighed, sieved (as above) and reweighed, then dried at 105ï‚°C and weighed a final time. No chemical analyses are performed on these samples. Locations of Archived Soil Samples 1982, 1987, 2002, 2010 -Bushnell Annex 121 Other years are missing or were not returned from Soils Testing Lab Procedures for Chemical: KSU Soils Testing Laboratory used their standard test procedures. Details about their various procedures may be found through their website:Â  www.agronomy.ksu.edu/soiltesting/ Many of the original methods used may be found in the following reference:Â Â  1998. Recommended Chemical Soil Test Procedures for the North Central Region-North Central Regional Publication No. 221 (revised).Â  Â University of Missouri Agricultural Experiment Station, Columbia, MO. Summary of All Changes: 1982 Watersheds: 001c, 001d, 004b, 020b, N01b, N04a. N20b 1987 Watersheds: Â 001c, 001d, 002c, 002d, 004a, 004b, 004d, 004f, 020b, N01a, N01b, N04d, N20a, N20b. Samples were taken July to September. 1992 Watersheds: 001c, 001d, 002c, 002d, 004a, 004b, 004d, 004f, 004g, 020b, N01b, N02a, N04c (bench), N04d, N20a, N20b, irrigation transect. Â Samples were taken May to June. Twelve 5cm cores taken at all sites. 1997Â  Â Watersheds: 001a, 001c, 001d, 002c, 002d, 004a, 004b, 004f, 020a, 020b, N01a, N02a (N, S and W), N04a (N and S), N04c (bench), N04d, N20a, N20b, irrigation transect. Samples were taken in July. Twelve 5 cm cores taken at all sites 2001 Â Fire reversal project began. Â 001a became R20a, 001c became R20b, 020a became R01a and 020d became R01b. 2002Â  Â Watersheds: Â 001d, R01a, R01b, 002c, 002d, 004a, 004b, 004f, 020b, R20a, R20b, N01a, N01b, N02a (N, S and W), N04a, N04c (N and S), N04d, N20a, N20b, irrigation. Â Samples were taken in September. Slopes are no longer sampled. 5cm cores reduced to 10 per site. 2010 Â Watersheds: Â 001d, R01a, R01b, 002c, 002d, 004a, 004b, 004f, 020b, R20a, R20b, N01a, N01b, N04a, N04d, N20a, N20b, irrigation, Texas Hog pasture, 00SA, 00SB, 00SC, C03A, C03B, C03C, C01D.Â  Â Samples were taken September to October.Â  Â Texas Hog pasture, 00SA, 00SB, 00SC, C03A, C03B, C03C, C01D are part of the new patch burn study. For additional metadata information see: http://lter.konza.ksu.edu/sites/default/files/DC.pdf For additional methods information see: http://lter.konza.ksu.edu/sites/default/files/MM.pdf</literalLayout>
            </para>
          </section>
        </description>
      </methodStep>
    </methods>
    <dataTable>
      <entityName>NSC011</entityName>
      <entityDescription>Data on selected soil physical (bulk density, texture) and chemical properties (pH, ammonium, nitrate and bray P, total C and N, exchangeable cations, CEC, trace metals), measured adjacent to LTER permanent plots for sampling plant biomass and species composition. Sampling is done every five years, and specific watersheds sampled have varied over time, as a result of new watersheds and experimental locations being added. Not all variables are measured at all sampling periods.</entityDescription>
      <physical>
        <objectName>NSC011.csv</objectName>
        <size>95973</size>
        <dataFormat>
          <textFormat>
            <numHeaderLines>1</numHeaderLines>
            <recordDelimiter>\n</recordDelimiter>
            <attributeOrientation>column</attributeOrientation>
            <simpleDelimited>
              <fieldDelimiter>,</fieldDelimiter>
              <quoteCharacter>"</quoteCharacter>
            </simpleDelimited>
          </textFormat>
        </dataFormat>
        <distribution>
          <online>
            <url>https://pasta.lternet.edu/package/data/eml/knb-lter-knz/47/7/b33c220b5140e48707411d8d164ffb77</url>
          </online>
        </distribution>
      </physical>
      <attributeList>
        <attribute>
          <attributeName>DataCode</attributeName>
          <attributeLabel>DataCode</attributeLabel>
          <attributeDefinition>Dataset code</attributeDefinition>
          <storageType>string</storageType>
          <measurementScale>
            <nominal>
              <nonNumericDomain>
                <textDomain>
                  <definition>Dataset code</definition>
                </textDomain>
              </nonNumericDomain>
            </nominal>
          </measurementScale>
        </attribute>
        <attribute>
          <attributeName>RecType</attributeName>
          <attributeLabel>RecType</attributeLabel>
          <attributeDefinition>Record type</attributeDefinition>
          <storageType>string</storageType>
          <measurementScale>
            <nominal>
              <nonNumericDomain>
                <textDomain>
                  <definition>Record type</definition>
                </textDomain>
              </nonNumericDomain>
            </nominal>
          </measurementScale>
        </attribute>
        <attribute>
          <attributeName>RecYear</attributeName>
          <attributeLabel>RecYear</attributeLabel>
          <attributeDefinition>Year of record</attributeDefinition>
          <measurementScale>
            <ratio>
              <unit>
                <customUnit>Year (YYYY)</customUnit>
              </unit>
              <numericDomain>
                <numberType>real</numberType>
              </numericDomain>
            </ratio>
          </measurementScale>
        </attribute>
        <attribute>
          <attributeName>RecMonth</attributeName>
          <attributeLabel>RecMonth</attributeLabel>
          <attributeDefinition>Month of record</attributeDefinition>
          <storageType>date</storageType>
          <measurementScale>
            <dateTime>
              <formatString>MM</formatString>
            </dateTime>
          </measurementScale>
        </attribute>
        <attribute>
          <attributeName>RecDay</attributeName>
          <attributeLabel>RecDay</attributeLabel>
          <attributeDefinition>Day of record</attributeDefinition>
          <storageType>date</storageType>
          <measurementScale>
            <dateTime>
              <formatString>DD</formatString>
            </dateTime>
          </measurementScale>
        </attribute>
        <attribute>
          <attributeName>Watershed</attributeName>
          <attributeLabel>Watershed</attributeLabel>
          <attributeDefinition>watershed</attributeDefinition>
          <storageType>string</storageType>
          <measurementScale>
            <nominal>
              <nonNumericDomain>
                <textDomain>
                  <definition>watershed</definition>
                </textDomain>
              </nonNumericDomain>
            </nominal>
          </measurementScale>
        </attribute>
        <attribute>
          <attributeName>Soil</attributeName>
          <attributeLabel>Soil</attributeLabel>
          <attributeDefinition>soil type</attributeDefinition>
          <storageType>string</storageType>
          <measurementScale>
            <nominal>
              <nonNumericDomain>
                <textDomain>
                  <definition>soil type</definition>
                </textDomain>
              </nonNumericDomain>
            </nominal>
          </measurementScale>
        </attribute>
        <attribute>
          <attributeName>Rep</attributeName>
          <attributeLabel>Rep</attributeLabel>
          <attributeDefinition>replication</attributeDefinition>
          <storageType>string</storageType>
          <measurementScale>
            <nominal>
              <nonNumericDomain>
                <textDomain>
                  <definition>replication</definition>
                </textDomain>
              </nonNumericDomain>
            </nominal>
          </measurementScale>
        </attribute>
        <attribute>
          <attributeName>Depth</attributeName>
          <attributeLabel>Depth</attributeLabel>
          <attributeDefinition>depth</attributeDefinition>
          <measurementScale>
            <ratio>
              <unit>
                <standardUnit>centimeter</standardUnit>
              </unit>
              <numericDomain>
                <numberType>real</numberType>
              </numericDomain>
            </ratio>
          </measurementScale>
        </attribute>
        <attribute>
          <attributeName>pH</attributeName>
          <attributeLabel>pH</attributeLabel>
          <attributeDefinition>ph</attributeDefinition>
          <storageType>string</storageType>
          <measurementScale>
            <nominal>
              <nonNumericDomain>
                <textDomain>
                  <definition>ph</definition>
                </textDomain>
              </nonNumericDomain>
            </nominal>
          </measurementScale>
        </attribute>
        <attribute>
          <attributeName>BrayP</attributeName>
          <attributeLabel>BrayP</attributeLabel>
          <attributeDefinition>bray p</attributeDefinition>
          <measurementScale>
            <ratio>
              <unit>
                <customUnit>ppm</customUnit>
              </unit>
              <numericDomain>
                <numberType>real</numberType>
              </numericDomain>
            </ratio>
          </measurementScale>
        </attribute>
        <attribute>
          <attributeName>Na</attributeName>
          <attributeLabel>Na</attributeLabel>
          <attributeDefinition>Na</attributeDefinition>
          <measurementScale>
            <ratio>
              <unit>
                <standardUnit>dimensionless</standardUnit>
              </unit>
              <precision>0.1</precision>
              <numericDomain>
                <numberType>real</numberType>
              </numericDomain>
            </ratio>
          </measurementScale>
        </attribute>
        <attribute>
          <attributeName>K</attributeName>
          <attributeLabel>K</attributeLabel>
          <attributeDefinition>K</attributeDefinition>
          <measurementScale>
            <ratio>
              <unit>
                <standardUnit>dimensionless</standardUnit>
              </unit>
              <precision>1</precision>
              <numericDomain>
                <numberType>real</numberType>
              </numericDomain>
            </ratio>
          </measurementScale>
        </attribute>
        <attribute>
          <attributeName>Mg</attributeName>
          <attributeLabel>Mg</attributeLabel>
          <attributeDefinition>Mg</attributeDefinition>
          <measurementScale>
            <ratio>
              <unit>
                <standardUnit>dimensionless</standardUnit>
              </unit>
              <precision>1</precision>
              <numericDomain>
                <numberType>real</numberType>
              </numericDomain>
            </ratio>
          </measurementScale>
        </attribute>
        <attribute>
          <attributeName>Ca</attributeName>
          <attributeLabel>Ca</attributeLabel>
          <attributeDefinition>Ca</attributeDefinition>
          <measurementScale>
            <ratio>
              <unit>
                <standardUnit>dimensionless</standardUnit>
              </unit>
              <precision>1</precision>
              <numericDomain>
                <numberType>real</numberType>
              </numericDomain>
            </ratio>
          </measurementScale>
        </attribute>
        <attribute>
          <attributeName>TotalC</attributeName>
          <attributeLabel>TotalC</attributeLabel>
          <attributeDefinition>Total C</attributeDefinition>
          <measurementScale>
            <ratio>
              <unit>
                <standardUnit>dimensionless</standardUnit>
              </unit>
              <precision>0.01</precision>
              <numericDomain>
                <numberType>real</numberType>
              </numericDomain>
            </ratio>
          </measurementScale>
        </attribute>
        <attribute>
          <attributeName>TotalN</attributeName>
          <attributeLabel>TotalN</attributeLabel>
          <attributeDefinition>Total N</attributeDefinition>
          <measurementScale>
            <ratio>
              <unit>
                <standardUnit>dimensionless</standardUnit>
              </unit>
              <precision>0.001</precision>
              <numericDomain>
                <numberType>real</numberType>
              </numericDomain>
            </ratio>
          </measurementScale>
        </attribute>
        <attribute>
          <attributeName>NH4</attributeName>
          <attributeLabel>NH4</attributeLabel>
          <attributeDefinition>NH4</attributeDefinition>
          <measurementScale>
            <ratio>
              <unit>
                <standardUnit>dimensionless</standardUnit>
              </unit>
              <precision>0.01</precision>
              <numericDomain>
                <numberType>real</numberType>
              </numericDomain>
            </ratio>
          </measurementScale>
        </attribute>
        <attribute>
          <attributeName>NO3</attributeName>
          <attributeLabel>NO3</attributeLabel>
          <attributeDefinition>NO3</attributeDefinition>
          <measurementScale>
            <ratio>
              <unit>
                <standardUnit>dimensionless</standardUnit>
              </unit>
              <precision>0.01</precision>
              <numericDomain>
                <numberType>real</numberType>
              </numericDomain>
            </ratio>
          </measurementScale>
        </attribute>
        <attribute>
          <attributeName>CEC</attributeName>
          <attributeLabel>CEC</attributeLabel>
          <attributeDefinition>Cation exchange capacity</attributeDefinition>
          <measurementScale>
            <ratio>
              <unit>
                <standardUnit>dimensionless</standardUnit>
              </unit>
              <precision>0.1</precision>
              <numericDomain>
                <numberType>real</numberType>
              </numericDomain>
            </ratio>
          </measurementScale>
        </attribute>
        <attribute>
          <attributeName>CaCO3</attributeName>
          <attributeLabel>CaCO3</attributeLabel>
          <attributeDefinition>Calcium carbonate</attributeDefinition>
          <measurementScale>
            <ratio>
              <unit>
                <standardUnit>dimensionless</standardUnit>
              </unit>
              <precision>1</precision>
              <numericDomain>
                <numberType>real</numberType>
              </numericDomain>
            </ratio>
          </measurementScale>
        </attribute>
        <attribute>
          <attributeName>SO4</attributeName>
          <attributeLabel>SO4</attributeLabel>
          <attributeDefinition>SO4</attributeDefinition>
          <measurementScale>
            <ratio>
              <unit>
                <standardUnit>dimensionless</standardUnit>
              </unit>
              <precision>0.01</precision>
              <numericDomain>
                <numberType>real</numberType>
              </numericDomain>
            </ratio>
          </measurementScale>
        </attribute>
        <attribute>
          <attributeName>Zn</attributeName>
          <attributeLabel>Zn</attributeLabel>
          <attributeDefinition>Zn</attributeDefinition>
          <measurementScale>
            <ratio>
              <unit>
                <standardUnit>dimensionless</standardUnit>
              </unit>
              <precision>0.1</precision>
              <numericDomain>
                <numberType>real</numberType>
              </numericDomain>
            </ratio>
          </measurementScale>
        </attribute>
        <attribute>
          <attributeName>Cu</attributeName>
          <attributeLabel>Cu</attributeLabel>
          <attributeDefinition>Cu</attributeDefinition>
          <measurementScale>
            <ratio>
              <unit>
                <standardUnit>dimensionless</standardUnit>
              </unit>
              <precision>0.1</precision>
              <numericDomain>
                <numberType>real</numberType>
              </numericDomain>
            </ratio>
          </measurementScale>
        </attribute>
        <attribute>
          <attributeName>Fe</attributeName>
          <attributeLabel>Fe</attributeLabel>
          <attributeDefinition>Fe</attributeDefinition>
          <measurementScale>
            <ratio>
              <unit>
                <standardUnit>dimensionless</standardUnit>
              </unit>
              <precision>0.1</precision>
              <numericDomain>
                <numberType>real</numberType>
              </numericDomain>
            </ratio>
          </measurementScale>
        </attribute>
        <attribute>
          <attributeName>Mn</attributeName>
          <attributeLabel>Mn</attributeLabel>
          <attributeDefinition>Mn</attributeDefinition>
          <measurementScale>
            <ratio>
              <unit>
                <standardUnit>dimensionless</standardUnit>
              </unit>
              <precision>0.1</precision>
              <numericDomain>
                <numberType>real</numberType>
              </numericDomain>
            </ratio>
          </measurementScale>
        </attribute>
        <attribute>
          <attributeName>BD</attributeName>
          <attributeLabel>BD</attributeLabel>
          <attributeDefinition>BD</attributeDefinition>
          <measurementScale>
            <ratio>
              <unit>
                <standardUnit>dimensionless</standardUnit>
              </unit>
              <precision>0.01</precision>
              <numericDomain>
                <numberType>real</numberType>
              </numericDomain>
            </ratio>
          </measurementScale>
        </attribute>
        <attribute>
          <attributeName>H2O</attributeName>
          <attributeLabel>H2O</attributeLabel>
          <attributeDefinition>H2)</attributeDefinition>
          <measurementScale>
            <ratio>
              <unit>
                <standardUnit>dimensionless</standardUnit>
              </unit>
              <precision>0.01</precision>
              <numericDomain>
                <numberType>real</numberType>
              </numericDomain>
            </ratio>
          </measurementScale>
        </attribute>
        <attribute>
          <attributeName>Sand</attributeName>
          <attributeLabel>Sand</attributeLabel>
          <attributeDefinition>sand%</attributeDefinition>
          <measurementScale>
            <ratio>
              <unit>
                <standardUnit>dimensionless</standardUnit>
              </unit>
              <precision>0.1</precision>
              <numericDomain>
                <numberType>real</numberType>
              </numericDomain>
            </ratio>
          </measurementScale>
        </attribute>
        <attribute>
          <attributeName>Silt</attributeName>
          <attributeLabel>Silt</attributeLabel>
          <attributeDefinition>silt%</attributeDefinition>
          <measurementScale>
            <ratio>
              <unit>
                <standardUnit>dimensionless</standardUnit>
              </unit>
              <precision>0.1</precision>
              <numericDomain>
                <numberType>real</numberType>
              </numericDomain>
            </ratio>
          </measurementScale>
        </attribute>
        <attribute>
          <attributeName>Clay</attributeName>
          <attributeLabel>Clay</attributeLabel>
          <attributeDefinition>clay%</attributeDefinition>
          <measurementScale>
            <ratio>
              <unit>
                <standardUnit>dimensionless</standardUnit>
              </unit>
              <precision>0.1</precision>
              <numericDomain>
                <numberType>real</numberType>
              </numericDomain>
            </ratio>
          </measurementScale>
        </attribute>
        <attribute>
          <attributeName>Comments</attributeName>
          <attributeLabel>Comments</attributeLabel>
          <attributeDefinition>comments</attributeDefinition>
          <storageType>string</storageType>
          <measurementScale>
            <nominal>
              <nonNumericDomain>
                <textDomain>
                  <definition>comments</definition>
                </textDomain>
              </nonNumericDomain>
            </nominal>
          </measurementScale>
        </attribute>
      </attributeList>
    </dataTable>
  </dataset>
  <additionalMetadata>
    <metadata>
      <stmml:unitList xmlns="http://www.xml-cml.org/schema/stmml"
        xmlns:sch="http://www.ascc.net/xml/schematron"
        xmlns:stmml="http://www.xml-cml.org/schema/stmml-1.1"
        xmlns:xsi="http://www.w3.org/2001/XMLSchema-instance" xsi:schemaLocation="http://www.xml-cml.org/schema/stmml-1.1 http://nis.lternet.edu/schemas/EML/eml-2.1.0/stmml.xsd">
        <stmml:unit id="Year (YYYY)">
          <stmml:description/>
        </stmml:unit>
        <stmml:unit id="ppm">
          <stmml:description/>
        </stmml:unit>
      </stmml:unitList>
    </metadata>
  </additionalMetadata>
</eml:eml>
