<?xml version="1.0" encoding="UTF-8"?>
<eml:eml packageId="knb-lter-knz.50.7"
  system="https://pasta.edirepository.org"
  xmlns:ds="eml://ecoinformatics.org/dataset-2.1.0"
  xmlns:eml="eml://ecoinformatics.org/eml-2.1.1"
  xmlns:stmml="http://www.xml-cml.org/schema/stmml-1.1"
  xmlns:xs="http://www.w3.org/2001/XMLSchema"
  xmlns:xsi="http://www.w3.org/2001/XMLSchema-instance" xsi:schemaLocation="eml://ecoinformatics.org/eml-2.1.0 http://nis.lternet.edu/schemas/EML/eml-2.1.0/eml.xsd">
  <access authSystem="https://pasta.edirepository.org/authentication"
    order="allowFirst" scope="document" system="https://pasta.edirepository.org">
    <allow>
      <principal>uid=KNZ,o=LTER,dc=ecoinformatics,dc=org</principal>
      <permission>all</permission>
    </allow>
    <allow>
      <principal>public</principal>
      <permission>read</permission>
    </allow>
  </access>
  <dataset>
    <alternateIdentifier system="https://doi.org">doi:10.6073/pasta/a4e8e8256602fe5345e5f0a907aa2c2f</alternateIdentifier>
    <title>NWC01 Stream Water Chemistry for the King's Creek Drainage Basin on Konza Prarie</title>
    <creator>
      <individualName>
        <givenName>Walter</givenName>
        <surName>Dodds</surName>
      </individualName>
      <address>
        <deliveryPoint>116 Ackert Hall, Division of Biology, Kansas State University</deliveryPoint>
        <city>Manhattan</city>
        <administrativeArea>KS</administrativeArea>
        <postalCode>66506</postalCode>
        <country>US</country>
      </address>
      <phone phonetype="voice">785-532-6998</phone>
      <phone phonetype="facsimile"/>
      <electronicMailAddress>wkdodds@ksu.edu</electronicMailAddress>
    </creator>
    <metadataProvider>
      <organizationName>Konza LTER</organizationName>
      <onlineUrl>http://www.konza.ksu.edu/</onlineUrl>
    </metadataProvider>
    <pubDate>2015-06-15</pubDate>
    <language>English</language>
    <abstract>
      <section>
        <para>
          <literalLayout>Nitrate, ammonium, total N, soluble reactive P, total P, and dissolved organic C are monitored in four streams draining watersheds with 1 (N01B), 2 (N02B), 4 (N04D), and 20 (N20B) year target burn frequencies. Bison have grazed these treatments since May 1992. The number of sites sampled has been expanded since 1992 to include sites that may reflect anthropogenic, groundwater, and bison influences on water chemistry. These sites include the south branch of Kings Creek as it leaves watershed N01A (tube), a site immediately below the NO4D weir at Konza Falls that is heavily influenced by groundwater (kzfl), the north fork of Kings Creek draining watersheds without bison (nfkc), the south fork of Kings Creek that drains the watersheds with bison (sfkc), Kings Creek below the USGS gauging station above the first agricultural field (hokn), a small creek that drains into Kings Creek after flowing past the bison handling facilities, two private residences, the site headquarters and an agricultural field (stck), a pristine prairie groundwater site (edlr), and Kings Creek at the bottom of Konza as it leaves the agricultural land in watershed AL (hikx). Early samples were preserved with phenyl mercuric acetate. Future plans to restore agricultural land to prairie may influence downstream nutrient concentrations.</literalLayout>
        </para>
      </section>
    </abstract>
    <keywordSet>
      <keyword>Inorganic Nutrients</keyword>
      <keywordThesaurus>Core Areas</keywordThesaurus>
    </keywordSet>
    <intellectualRights>
      <section>
        <title>Data Policies</title>
        <para>
          <literalLayout>Introduction The Konza Prairie LTER is dedicated to having all long-term data sets and key short-term data on-line and available to the scientific community and general public. Our goal is to have data on-line within two years of collection (as per LTER guidelines), processing and the completion of appropriate quality control procedures. We recognize that Konza LTER researchers have an obligation to make available all LTER funded data to the Konza LTER database and to publish those data in a timely fashion. We also recognized that investigators must have a reasonable opportunity for first use of data they have collected. Konza LTER data are defined and processed for online access according to the protocols outlined below. Type I: Core, long-term data sets (with associated meta-data) that address Konza LTER objectives and hypotheses as outlined in LTER proposals I-VI and that are supported primarily by LTER funds. The goal is for data to be available on-line one year after data are generated and quality control is completed. We recognize that some data sets will take longer to get on-line than others due to the time required for adequate quality control or due to the demand for certain data by others. Type II: Short-term data sets supported primarily by LTER funds, key short- or long-term data sets supported by other funding, graduate student data sets, discontinued long-term data sets, one-time surveys, etc. Data sets in the above categories that are supported primarily by LTER funds must be made available to the data manager/PIâ€™s and may be placed on line within 2 years of completing quality control -- but only at the discretion of the data manager/PIs. Data not supported by LTER funds will be placed on line only if mutually agreed upon by the investigator(s) and the data manager/PIs. Disclaimer While substantial efforts are made to ensure the accuracy of data and documentation, complete accuracy of data sets cannot be guaranteed. All data are made available "as is". The Konza Prairie LTER Program makes no warranty nor assumes any legal liability or responsibility for the accuracy, completeness or usefulness of any information presented as part of this data catalog. Reference to commercial products, trademarks or manufacturers does not necessarily constitute endorsement. Material published here is based in part upon work supported by the National Science Foundation under Cooperative Agreement #DEB-0823341. Any opinions, findings, conclusions, or recommendations expressed in the material are those of the author(s) and do not necessarily reflect the views of the National Science Foundation. All data users are required to fill the Data Access Form to download data in order to enable data providers to track usage, evaluate its impact in the community, and confirm usersâ€™ acceptance. PLEASE GIVE CREDIT WHERE CREDIT IS DUE!!! Finally we ask the authors of all publications, reports and proposals who use any data from Konza LTER program for acknowledgement using the following statement: "Data for XXX was supported by the NSF Long Term Ecological Research Program at Konza Prairie Biological Station", where XXX is the list of data sets used in the publications, reports or proposals.</literalLayout>
        </para>
      </section>
    </intellectualRights>
    <distribution>
      <online>
        <url function="information">http://lter.konza.ksu.edu/content/nwc01-stream-water-chemistry-kings-creek-drainage-basin-konza-prarie</url>
      </online>
    </distribution>
    <coverage>
      <temporalCoverage>
        <rangeOfDates>
          <beginDate>
            <calendarDate>1983-04-01</calendarDate>
          </beginDate>
          <endDate>
            <calendarDate>2015-12-01</calendarDate>
          </endDate>
        </rangeOfDates>
      </temporalCoverage>
    </coverage>
    <contact>
      <organizationName>Konza LTER</organizationName>
      <onlineUrl>http://www.konza.ksu.edu/</onlineUrl>
    </contact>
    <publisher>
      <organizationName>Konza LTER</organizationName>
      <onlineUrl>http://www.konza.ksu.edu/</onlineUrl>
    </publisher>
    <pubPlace>Konza Prairie LTER</pubPlace>
    <methods>
      <methodStep>
        <description>
          <section>
            <para>
              <literalLayout>For additional metadata information see: http://lter.konza.ksu.edu/sites/default/files/DC.pdf For additional methods information see: http://lter.konza.ksu.edu/sites/default/files/MM.pdf</literalLayout>
            </para>
          </section>
        </description>
      </methodStep>
    </methods>
    <dataTable>
      <entityName>NWC011</entityName>
      <entityDescription>stream water chemistry</entityDescription>
      <physical>
        <objectName>NWC011.csv</objectName>
        <size>905865</size>
        <dataFormat>
          <textFormat>
            <numHeaderLines>1</numHeaderLines>
            <recordDelimiter>\n</recordDelimiter>
            <attributeOrientation>column</attributeOrientation>
            <simpleDelimited>
              <fieldDelimiter>,</fieldDelimiter>
              <quoteCharacter>"</quoteCharacter>
            </simpleDelimited>
          </textFormat>
        </dataFormat>
        <distribution>
          <online>
            <url>https://pasta.lternet.edu/package/data/eml/knb-lter-knz/50/7/330657133c2c8699171f36affd9b4862</url>
          </online>
        </distribution>
      </physical>
      <coverage>
        <temporalCoverage>
          <rangeOfDates>
            <beginDate>
              <calendarDate>1983-01-03</calendarDate>
            </beginDate>
            <endDate>
              <calendarDate>2015-12-31</calendarDate>
            </endDate>
          </rangeOfDates>
        </temporalCoverage>
      </coverage>
      <attributeList>
        <attribute>
          <attributeName>Datacode</attributeName>
          <attributeLabel>Datacode</attributeLabel>
          <attributeDefinition>dataset code</attributeDefinition>
          <storageType>string</storageType>
          <measurementScale>
            <nominal>
              <nonNumericDomain>
                <textDomain>
                  <definition>dataset code</definition>
                </textDomain>
              </nonNumericDomain>
            </nominal>
          </measurementScale>
        </attribute>
        <attribute>
          <attributeName>RecType</attributeName>
          <attributeLabel>RecType</attributeLabel>
          <attributeDefinition>Record type</attributeDefinition>
          <storageType>string</storageType>
          <measurementScale>
            <nominal>
              <nonNumericDomain>
                <textDomain>
                  <definition>Record type</definition>
                </textDomain>
              </nonNumericDomain>
            </nominal>
          </measurementScale>
        </attribute>
        <attribute>
          <attributeName>RecYear</attributeName>
          <attributeLabel>RecYear</attributeLabel>
          <attributeDefinition>Year of record</attributeDefinition>
          <storageType>date</storageType>
          <measurementScale>
            <dateTime>
              <formatString>YYYY</formatString>
            </dateTime>
          </measurementScale>
        </attribute>
        <attribute>
          <attributeName>RecMonth</attributeName>
          <attributeLabel>RecMonth</attributeLabel>
          <attributeDefinition>Month of record</attributeDefinition>
          <storageType>date</storageType>
          <measurementScale>
            <dateTime>
              <formatString>MM</formatString>
            </dateTime>
          </measurementScale>
        </attribute>
        <attribute>
          <attributeName>RecDay</attributeName>
          <attributeLabel>RecDay</attributeLabel>
          <attributeDefinition>Day of record</attributeDefinition>
          <storageType>date</storageType>
          <measurementScale>
            <dateTime>
              <formatString>DD</formatString>
            </dateTime>
          </measurementScale>
        </attribute>
        <attribute>
          <attributeName>Watershed</attributeName>
          <attributeLabel>Watershed</attributeLabel>
          <attributeDefinition>Watershed</attributeDefinition>
          <storageType>string</storageType>
          <measurementScale>
            <nominal>
              <nonNumericDomain>
                <enumeratedDomain>
                  <codeDefinition>
                    <code>edlr</code>
                    <definition>a pristine prairie groundwater site</definition>
                  </codeDefinition>
                  <codeDefinition>
                    <code>hikx</code>
                    <definition>Kings Creek at the bottom of Konza as it leaves the agricultural land in watershed AL</definition>
                  </codeDefinition>
                  <codeDefinition>
                    <code>hokn</code>
                    <definition>Kings Creek below the USGS gauging station above the first agricultural field the first agricultural field</definition>
                  </codeDefinition>
                  <codeDefinition>
                    <code>kzfl</code>
                    <definition>a site immediately below the NO4D weir at Konza Falls that is heavily influenced by groundwater</definition>
                  </codeDefinition>
                  <codeDefinition>
                    <code>nfkc</code>
                    <definition>the north fork of Kings Creek draining watersheds without bison</definition>
                  </codeDefinition>
                  <codeDefinition>
                    <code>sfkc</code>
                    <definition>the south fork of Kings Creek that drains the watersheds with bison Creek that drains the watersheds with bison</definition>
                  </codeDefinition>
                  <codeDefinition>
                    <code>stck</code>
                    <definition>a small creek that drains into Kings Creek after flowing past the bison handling facilities, two private residences, the site headquarters and an agricultural field handling facilities, two private residences, the site headquarters and an agricultural field</definition>
                  </codeDefinition>
                  <codeDefinition>
                    <code>tube</code>
                    <definition>the south branch of Kings Creek as it leaves watershed N01A</definition>
                  </codeDefinition>
                </enumeratedDomain>
              </nonNumericDomain>
            </nominal>
          </measurementScale>
        </attribute>
        <attribute>
          <attributeName>RecTime</attributeName>
          <attributeLabel>RecTime</attributeLabel>
          <attributeDefinition>time of record</attributeDefinition>
          <storageType>date</storageType>
          <measurementScale>
            <dateTime>
              <formatString>hhmm</formatString>
            </dateTime>
          </measurementScale>
        </attribute>
        <attribute>
          <attributeName>Preservatives</attributeName>
          <attributeLabel>Preservatives</attributeLabel>
          <attributeDefinition>preservative</attributeDefinition>
          <storageType>string</storageType>
          <measurementScale>
            <nominal>
              <nonNumericDomain>
                <enumeratedDomain>
                  <codeDefinition>
                    <code>N</code>
                    <definition>no preservative added</definition>
                  </codeDefinition>
                  <codeDefinition>
                    <code>Y</code>
                    <definition>preservative added</definition>
                  </codeDefinition>
                </enumeratedDomain>
              </nonNumericDomain>
            </nominal>
          </measurementScale>
        </attribute>
        <attribute>
          <attributeName>NO3</attributeName>
          <attributeLabel>NO3</attributeLabel>
          <attributeDefinition>Nitrate concentration (ug/l)</attributeDefinition>
          <measurementScale>
            <ratio>
              <unit>
                <standardUnit>dimensionless</standardUnit>
              </unit>
              <precision>0.1</precision>
              <numericDomain>
                <numberType>real</numberType>
              </numericDomain>
            </ratio>
          </measurementScale>
        </attribute>
        <attribute>
          <attributeName>NH4</attributeName>
          <attributeLabel>NH4</attributeLabel>
          <attributeDefinition>Total N concentration (ug/l)</attributeDefinition>
          <measurementScale>
            <ratio>
              <unit>
                <standardUnit>dimensionless</standardUnit>
              </unit>
              <precision>0.1</precision>
              <numericDomain>
                <numberType>real</numberType>
              </numericDomain>
            </ratio>
          </measurementScale>
        </attribute>
        <attribute>
          <attributeName>TN</attributeName>
          <attributeLabel>TN</attributeLabel>
          <attributeDefinition>Total N concentration (ug/l)</attributeDefinition>
          <measurementScale>
            <ratio>
              <unit>
                <standardUnit>dimensionless</standardUnit>
              </unit>
              <precision>1</precision>
              <numericDomain>
                <numberType>real</numberType>
              </numericDomain>
            </ratio>
          </measurementScale>
        </attribute>
        <attribute>
          <attributeName>SRP</attributeName>
          <attributeLabel>SRP</attributeLabel>
          <attributeDefinition>Soluble reactive phosphate</attributeDefinition>
          <measurementScale>
            <ratio>
              <unit>
                <standardUnit>dimensionless</standardUnit>
              </unit>
              <precision>0.1</precision>
              <numericDomain>
                <numberType>real</numberType>
              </numericDomain>
            </ratio>
          </measurementScale>
        </attribute>
        <attribute>
          <attributeName>TP</attributeName>
          <attributeLabel>TP</attributeLabel>
          <attributeDefinition>Total P concentration (ug/l)</attributeDefinition>
          <measurementScale>
            <ratio>
              <unit>
                <standardUnit>dimensionless</standardUnit>
              </unit>
              <precision>1</precision>
              <numericDomain>
                <numberType>real</numberType>
              </numericDomain>
            </ratio>
          </measurementScale>
        </attribute>
        <attribute>
          <attributeName>DOC</attributeName>
          <attributeLabel>DOC</attributeLabel>
          <attributeDefinition>Dissolved organic carbon concentration (ug/l)</attributeDefinition>
          <measurementScale>
            <ratio>
              <unit>
                <standardUnit>dimensionless</standardUnit>
              </unit>
              <precision>0.001</precision>
              <numericDomain>
                <numberType>real</numberType>
              </numericDomain>
            </ratio>
          </measurementScale>
        </attribute>
        <attribute>
          <attributeName>Comments</attributeName>
          <attributeLabel>Comments</attributeLabel>
          <attributeDefinition>Comments</attributeDefinition>
          <storageType>string</storageType>
          <measurementScale>
            <nominal>
              <nonNumericDomain>
                <textDomain>
                  <definition>Comments</definition>
                </textDomain>
              </nonNumericDomain>
            </nominal>
          </measurementScale>
        </attribute>
      </attributeList>
    </dataTable>
  </dataset>
</eml:eml>
