<?xml version="1.0" encoding="UTF-8"?>
<eml:eml packageId="knb-lter-knz.59.6"
  system="https://pasta.edirepository.org"
  xmlns:ds="eml://ecoinformatics.org/dataset-2.1.0"
  xmlns:eml="eml://ecoinformatics.org/eml-2.1.1"
  xmlns:stmml="http://www.xml-cml.org/schema/stmml-1.1"
  xmlns:xs="http://www.w3.org/2001/XMLSchema"
  xmlns:xsi="http://www.w3.org/2001/XMLSchema-instance" xsi:schemaLocation="eml://ecoinformatics.org/eml-2.1.0 http://nis.lternet.edu/schemas/EML/eml-2.1.0/eml.xsd">
  <access authSystem="https://pasta.edirepository.org/authentication"
    order="allowFirst" scope="document" system="https://pasta.edirepository.org">
    <allow>
      <principal>uid=KNZ,o=LTER,dc=ecoinformatics,dc=org</principal>
      <permission>all</permission>
    </allow>
    <allow>
      <principal>public</principal>
      <permission>read</permission>
    </allow>
  </access>
  <dataset>
    <alternateIdentifier system="https://doi.org">doi:10.6073/pasta/47e5104bc2fcbcbeb2a0b300b2aac768</alternateIdentifier>
    <shortName>PBB03</shortName>
    <title>PBB03 Belowground Plot Experiment: Belowground plot experiment: biomass and nutrient content of Roots</title>
    <creator>
      <individualName>
        <givenName>Charles</givenName>
        <surName>Rice</surName>
      </individualName>
      <address>
        <deliveryPoint>2004 Throckmorton Plant Science Center, Department of Agronomy, Kansas State University</deliveryPoint>
        <city>Manhattan</city>
        <administrativeArea>KS</administrativeArea>
        <postalCode>66506</postalCode>
        <country>US</country>
      </address>
      <phone phonetype="voice">785-532-7217</phone>
      <phone phonetype="facsimile">785-532-6094</phone>
      <electronicMailAddress>cwrice@ksu.edu</electronicMailAddress>
      <onlineUrl>http://www.oznet.ksu.edu/agronomy/about_us/faculty/rice/</onlineUrl>
    </creator>
    <creator>
      <individualName>
        <givenName>Lydia</givenName>
        <surName>Zeglin</surName>
      </individualName>
      <address>
        <deliveryPoint>316 Ackert Hall, Division of Biology, Kansas State University.</deliveryPoint>
        <city>Manhattan</city>
        <administrativeArea>KS</administrativeArea>
        <postalCode>66506</postalCode>
        <country>US</country>
      </address>
      <phone phonetype="voice">785-532-5579</phone>
      <electronicMailAddress>lzeglin@ksu.edu</electronicMailAddress>
    </creator>
    <metadataProvider>
      <organizationName>Konza LTER</organizationName>
      <onlineUrl>http://www.konza.ksu.edu/</onlineUrl>
    </metadataProvider>
    <pubDate>2015-06-15</pubDate>
    <language>English</language>
    <abstract>
      <section>
        <para>
          <literalLayout>To address the potential interactive effects of fire, aboveground biomass removal, and nutrient amendments on above- and belowground responses, a long-term field experiment was initiated in 1986 as part of the Konza Prairie Long-Term Ecological Research (LTER) program. The general goals of this experiment are: 1) to document both short- and long-term responses of plants and soils to fire, aboveground biomass removal (a surrogate for grazing in these small plots), and nutrient amendments (additions of N and/or P); and 2) to provide a better understanding of the mechanisms underlying tallgrass prairie responses to fire, aboveground biomass removal and nutrient enrichment. Standing crops of live and dead grass roots(0.1 sq. m2 * 20cm deep samples) are taken in late summer periodically from 64 belowground plots. N &amp;amp; P content are determined on live and dead grass roots. N &amp;amp; P concentrations for forb roots are available for some plots in some years.Â </literalLayout>
        </para>
      </section>
    </abstract>
    <keywordSet>
      <keyword>Primary Production</keyword>
      <keyword>Disturbance</keyword>
      <keyword>Inorganic Nutrients</keyword>
      <keywordThesaurus>Core Areas</keywordThesaurus>
    </keywordSet>
    <keywordSet>
      <keyword>Producers</keyword>
      <keywordThesaurus>Section</keywordThesaurus>
    </keywordSet>
    <keywordSet>
      <keyword>Belowground Plot Experiment</keyword>
      <keyword>belowground plots</keyword>
      <keyword>Kansas</keyword>
      <keyword>Konza Prairie</keyword>
      <keyword>Konza Prairie Biological Station</keyword>
      <keyword>LTER</keyword>
      <keyword>nitrogen</keyword>
      <keyword>nutrients</keyword>
      <keyword>phosphorus</keyword>
      <keyword>prairie</keyword>
      <keyword>root</keyword>
      <keywordThesaurus>Station Keywords</keywordThesaurus>
    </keywordSet>
    <intellectualRights>
      <section>
        <title>Data Policies</title>
        <para>
          <literalLayout>Data Use Agreements: The Intellectual Rights within the metadata associated with each KNZ data set determines the exact data and metadata use agreement between the data user and the KNZ LTER site. KNZ LTER data and metadata may be released under the license: CC BY - Attribution (https://creativecommons.org/licenses/by/4.0/). This license lets others distribute, remix, tweak, and build upon KNZ work (even commercially), as long as the KNZ program is credited for the original creation. Alternatively, some KNZ LTER data and metadata may be released into the public domain: CC0 - No Rights Reserved (https://creativecommons.org/share-your-work/public-domain/cc0/). CC0 states that data are placed in the public domain, so that others may freely build upon, enhance and reuse the works for any purposes without restriction under copyright or database law. In either case, users of KNZ data are referred to the following guidelines: "The consumer of these data ("Data User" herein) has an ethical obligation to cite it appropriately in any publication that results from its use. The Data User should realize that these data may be actively used by others for ongoing research and that coordination may be necessary to prevent duplicate publication. The Data User is urged to contact the authors of these data if any questions about methodology or results occur. Where appropriate, the Data User is encouraged to consider collaboration or coauthorship with the authors. The Data User should realize that misinterpretation of data may occur if used out of context of the original study. While substantial efforts are made to ensure the accuracy of data and associated documentation, complete accuracy of data sets cannot be guaranteed. All data are made available "as is." The Data User should be aware, however, that data are updated periodically and it is the responsibility of the Data User to check for new versions of the data. The data authors and the repository where these data were obtained shall not be liable for damages resulting from any use or misinterpretation of the data. Thank you".</literalLayout>
        </para>
      </section>
    </intellectualRights>
    <distribution>
      <online>
        <url function="information">http://lter.konza.ksu.edu/content/pbb03-belowground-plot-experiment-belowground-plot-experiment-biomass-and-nutrient-content</url>
      </online>
    </distribution>
    <coverage>
      <geographicCoverage>
        <geographicDescription>HQC : Ungrazed and scheduled prescribed burned annually in the spring.</geographicDescription>
        <boundingCoordinates>
          <westBoundingCoordinate>-96.6087</westBoundingCoordinate>
          <eastBoundingCoordinate>-96.6149</eastBoundingCoordinate>
          <northBoundingCoordinate>39.103</northBoundingCoordinate>
          <southBoundingCoordinate>39.0995</southBoundingCoordinate>
        </boundingCoordinates>
      </geographicCoverage>
      <temporalCoverage>
        <rangeOfDates>
          <beginDate>
            <calendarDate>1989-01-01</calendarDate>
          </beginDate>
          <endDate>
            <calendarDate>1994-12-30</calendarDate>
          </endDate>
        </rangeOfDates>
      </temporalCoverage>
    </coverage>
    <contact>
      <individualName>
        <givenName>Konza</givenName>
        <surName>LTER</surName>
      </individualName>
      <address>
        <deliveryPoint>Division of Biology</deliveryPoint>
        <city>Manhattan</city>
        <administrativeArea>KS</administrativeArea>
        <postalCode>66506</postalCode>
        <country>US</country>
      </address>
      <phone phonetype="voice">785-532-6729</phone>
      <electronicMailAddress>knzlter@ksu.edu</electronicMailAddress>
      <onlineUrl>http://lter.konza.ksu.edu</onlineUrl>
    </contact>
    <publisher>
      <organizationName>Konza LTER</organizationName>
      <onlineUrl>http://www.konza.ksu.edu/</onlineUrl>
    </publisher>
    <pubPlace>Konza Prairie LTER</pubPlace>
    <methods>
      <methodStep>
        <description>
          <section>
            <para>
              <literalLayout>For additional metadata information see: http://lter.konza.ksu.edu/sites/default/files/DC.pdf For additional methods information see: http://lter.konza.ksu.edu/sites/default/files/MM.pdf</literalLayout>
            </para>
          </section>
        </description>
      </methodStep>
    </methods>
    <dataTable>
      <entityName>PBB031</entityName>
      <entityDescription>Biomass of root, N, and P content on belowground plots</entityDescription>
      <physical>
        <objectName>PBB031.csv</objectName>
        <size>9591</size>
        <dataFormat>
          <textFormat>
            <numHeaderLines>1</numHeaderLines>
            <recordDelimiter>\n</recordDelimiter>
            <attributeOrientation>column</attributeOrientation>
            <simpleDelimited>
              <fieldDelimiter>,</fieldDelimiter>
              <quoteCharacter>"</quoteCharacter>
            </simpleDelimited>
          </textFormat>
        </dataFormat>
        <distribution>
          <online>
            <url>https://pasta.lternet.edu/package/data/eml/knb-lter-knz/59/6/e7fb423b3d42747d542932ac3bc705ca</url>
          </online>
        </distribution>
      </physical>
      <attributeList>
        <attribute>
          <attributeName>DataCode</attributeName>
          <attributeLabel>DataCode</attributeLabel>
          <attributeDefinition>Dataset code</attributeDefinition>
          <storageType>string</storageType>
          <measurementScale>
            <nominal>
              <nonNumericDomain>
                <textDomain>
                  <definition>Dataset code</definition>
                </textDomain>
              </nonNumericDomain>
            </nominal>
          </measurementScale>
        </attribute>
        <attribute>
          <attributeName>RecType</attributeName>
          <attributeLabel>RecType</attributeLabel>
          <attributeDefinition>Record type</attributeDefinition>
          <storageType>string</storageType>
          <measurementScale>
            <nominal>
              <nonNumericDomain>
                <textDomain>
                  <definition>Record type</definition>
                </textDomain>
              </nonNumericDomain>
            </nominal>
          </measurementScale>
        </attribute>
        <attribute>
          <attributeName>RecYear</attributeName>
          <attributeLabel>RecYear</attributeLabel>
          <attributeDefinition>Year of record</attributeDefinition>
          <storageType>date</storageType>
          <measurementScale>
            <dateTime>
              <formatString>YYYY</formatString>
            </dateTime>
          </measurementScale>
        </attribute>
        <attribute>
          <attributeName>RecMonth</attributeName>
          <attributeLabel>RecMonth</attributeLabel>
          <attributeDefinition>Month of record</attributeDefinition>
          <storageType>date</storageType>
          <measurementScale>
            <dateTime>
              <formatString>MM</formatString>
            </dateTime>
          </measurementScale>
        </attribute>
        <attribute>
          <attributeName>RecDay</attributeName>
          <attributeLabel>RecDay</attributeLabel>
          <attributeDefinition>Day of record</attributeDefinition>
          <storageType>date</storageType>
          <measurementScale>
            <dateTime>
              <formatString>DD</formatString>
            </dateTime>
          </measurementScale>
        </attribute>
        <attribute>
          <attributeName>watershed</attributeName>
          <attributeLabel>watershed</attributeLabel>
          <attributeDefinition>Location of data collection</attributeDefinition>
          <storageType>string</storageType>
          <measurementScale>
            <nominal>
              <nonNumericDomain>
                <textDomain>
                  <definition>Location of data collection</definition>
                </textDomain>
              </nonNumericDomain>
            </nominal>
          </measurementScale>
        </attribute>
        <attribute>
          <attributeName>plot</attributeName>
          <attributeLabel>plot</attributeLabel>
          <attributeDefinition>Plot number</attributeDefinition>
          <storageType>string</storageType>
          <measurementScale>
            <nominal>
              <nonNumericDomain>
                <textDomain>
                  <definition>Plot number</definition>
                </textDomain>
              </nonNumericDomain>
            </nominal>
          </measurementScale>
        </attribute>
        <attribute>
          <attributeName>Lroot</attributeName>
          <attributeLabel>Lroot</attributeLabel>
          <attributeDefinition>Mass of live root</attributeDefinition>
          <measurementScale>
            <ratio>
              <unit>
                <standardUnit>dimensionless</standardUnit>
              </unit>
              <precision>0.01</precision>
              <numericDomain>
                <numberType>real</numberType>
              </numericDomain>
            </ratio>
          </measurementScale>
        </attribute>
        <attribute>
          <attributeName>NLroot</attributeName>
          <attributeLabel>NLroot</attributeLabel>
          <attributeDefinition>Nitrogen percentage of live root</attributeDefinition>
          <measurementScale>
            <ratio>
              <unit>
                <standardUnit>dimensionless</standardUnit>
              </unit>
              <precision>0.001</precision>
              <numericDomain>
                <numberType>real</numberType>
              </numericDomain>
            </ratio>
          </measurementScale>
        </attribute>
        <attribute>
          <attributeName>PLroot</attributeName>
          <attributeLabel>PLroot</attributeLabel>
          <attributeDefinition>Phosphorous percentage of live root</attributeDefinition>
          <measurementScale>
            <ratio>
              <unit>
                <standardUnit>dimensionless</standardUnit>
              </unit>
              <precision>0.001</precision>
              <numericDomain>
                <numberType>real</numberType>
              </numericDomain>
            </ratio>
          </measurementScale>
        </attribute>
        <attribute>
          <attributeName>Droot</attributeName>
          <attributeLabel>Droot</attributeLabel>
          <attributeDefinition>Mass of dead root</attributeDefinition>
          <measurementScale>
            <ratio>
              <unit>
                <standardUnit>dimensionless</standardUnit>
              </unit>
              <precision>0.01</precision>
              <numericDomain>
                <numberType>real</numberType>
              </numericDomain>
            </ratio>
          </measurementScale>
        </attribute>
        <attribute>
          <attributeName>NDroot</attributeName>
          <attributeLabel>NDroot</attributeLabel>
          <attributeDefinition>Nitrogen percentage of dead root</attributeDefinition>
          <measurementScale>
            <ratio>
              <unit>
                <standardUnit>dimensionless</standardUnit>
              </unit>
              <precision>0.001</precision>
              <numericDomain>
                <numberType>real</numberType>
              </numericDomain>
            </ratio>
          </measurementScale>
        </attribute>
        <attribute>
          <attributeName>PDroot</attributeName>
          <attributeLabel>PDroot</attributeLabel>
          <attributeDefinition>Phosphorous percentage of dead root</attributeDefinition>
          <measurementScale>
            <ratio>
              <unit>
                <standardUnit>dimensionless</standardUnit>
              </unit>
              <precision>0.001</precision>
              <numericDomain>
                <numberType>real</numberType>
              </numericDomain>
            </ratio>
          </measurementScale>
        </attribute>
        <attribute>
          <attributeName>LForb</attributeName>
          <attributeLabel>LForb</attributeLabel>
          <attributeDefinition>Mass of live forbs</attributeDefinition>
          <measurementScale>
            <ratio>
              <unit>
                <standardUnit>dimensionless</standardUnit>
              </unit>
              <precision>0.01</precision>
              <numericDomain>
                <numberType>real</numberType>
              </numericDomain>
            </ratio>
          </measurementScale>
        </attribute>
        <attribute>
          <attributeName>NLForb</attributeName>
          <attributeLabel>NLForb</attributeLabel>
          <attributeDefinition>Nitrogen percentage of live forbs</attributeDefinition>
          <measurementScale>
            <ratio>
              <unit>
                <standardUnit>dimensionless</standardUnit>
              </unit>
              <precision>0.001</precision>
              <numericDomain>
                <numberType>real</numberType>
              </numericDomain>
            </ratio>
          </measurementScale>
        </attribute>
        <attribute>
          <attributeName>PLForb</attributeName>
          <attributeLabel>PLForb</attributeLabel>
          <attributeDefinition>Phosphorous percentage of live forbs</attributeDefinition>
          <measurementScale>
            <ratio>
              <unit>
                <standardUnit>dimensionless</standardUnit>
              </unit>
              <precision>0.001</precision>
              <numericDomain>
                <numberType>real</numberType>
              </numericDomain>
            </ratio>
          </measurementScale>
        </attribute>
      </attributeList>
    </dataTable>
  </dataset>
</eml:eml>
