<?xml version="1.0" encoding="UTF-8"?>
<eml:eml packageId="knb-lter-knz.63.7"
  system="https://pasta.edirepository.org"
  xmlns:ds="eml://ecoinformatics.org/dataset-2.1.0"
  xmlns:eml="eml://ecoinformatics.org/eml-2.1.1"
  xmlns:stmml="http://www.xml-cml.org/schema/stmml-1.1"
  xmlns:xs="http://www.w3.org/2001/XMLSchema"
  xmlns:xsi="http://www.w3.org/2001/XMLSchema-instance" xsi:schemaLocation="eml://ecoinformatics.org/eml-2.1.0 http://nis.lternet.edu/schemas/EML/eml-2.1.0/eml.xsd">
  <access authSystem="https://pasta.edirepository.org/authentication"
    order="allowFirst" scope="document" system="https://pasta.edirepository.org">
    <allow>
      <principal>uid=KNZ,o=LTER,dc=ecoinformatics,dc=org</principal>
      <permission>all</permission>
    </allow>
    <allow>
      <principal>public</principal>
      <permission>read</permission>
    </allow>
  </access>
  <dataset>
    <alternateIdentifier system="https://doi.org">doi:10.6073/pasta/d0d6aa8d9038635864b9f7c41b9bda32</alternateIdentifier>
    <shortName>PGL01</shortName>
    <title>PGL01 Litterfall Collection in Riparian Gallery Forest at Konza Prairie</title>
    <creator>
      <individualName>
        <givenName>John</givenName>
        <surName>Briggs</surName>
      </individualName>
      <address>
        <deliveryPoint>116 Ackert Hall, Division of Biology, Kansas State University</deliveryPoint>
        <city>Manhattan</city>
        <administrativeArea>KS</administrativeArea>
        <postalCode>66506</postalCode>
        <country>US</country>
      </address>
      <phone phonetype="voice">785-532-0140</phone>
      <phone phonetype="facsimile">785-532-6653</phone>
      <electronicMailAddress>Jbriggs1@ksu.edu</electronicMailAddress>
      <onlineUrl>http://129.219.149.4</onlineUrl>
    </creator>
    <metadataProvider>
      <organizationName>Konza LTER</organizationName>
      <onlineUrl>http://www.konza.ksu.edu/</onlineUrl>
    </metadataProvider>
    <pubDate>2016-12-01</pubDate>
    <language>English</language>
    <abstract>
      <section>
        <para>
          <literalLayout>Litterfall is collected monthly (more frequently during peak litterfall in October and November) at permanent sampling sites in the mixed deciduous gallery forest located along the lower reaches of Kings Creek at the Konza Prairie Biological Station. Thirty litterfall traps, 50 x 50 cm (.25 m2) are located along the north fork of Kings Creek, and two are located on the south fork of Kings Creek. The north fork boxes are numbered 31 to 60 and the south fork boxes are numbered 1 and 2. Originally, the south fork also had boxes 3 to 30 but these samplers were terminated in 1993 due to repeated damage by bison. (Boxes 1 and 2 are located just outside the bison area.) Samples are sorted in the lab, and mass of wood, seeds, and foliage are recorded separately.</literalLayout>
        </para>
      </section>
    </abstract>
    <keywordSet>
      <keyword>Primary Production</keyword>
      <keyword>Organic Matter</keyword>
      <keywordThesaurus>Core Areas</keywordThesaurus>
    </keywordSet>
    <keywordSet>
      <keyword>Producers</keyword>
      <keywordThesaurus>Section</keywordThesaurus>
    </keywordSet>
    <keywordSet>
      <keyword>forest</keyword>
      <keyword>Kansas</keyword>
      <keyword>Konza Prairie</keyword>
      <keyword>Konza Prairie Biological Station</keyword>
      <keyword>leaf litter</keyword>
      <keyword>litter</keyword>
      <keyword>litterfall</keyword>
      <keyword>LTER</keyword>
      <keyword>prairie</keyword>
      <keyword>riparian</keyword>
      <keyword>seed</keyword>
      <keyword>woody</keyword>
      <keyword>woody debris</keyword>
      <keywordThesaurus>Station Keywords</keywordThesaurus>
    </keywordSet>
    <intellectualRights>
      <section>
        <title>Data Policies</title>
        <para>
          <literalLayout>Data Use Agreements: The Intellectual Rights within the metadata associated with each KNZ data set determines the exact data and metadata use agreement between the data user and the KNZ LTER site. KNZ LTER data and metadata may be released under the license: CC BY - Attribution (https://creativecommons.org/licenses/by/4.0/). This license lets others distribute, remix, tweak, and build upon KNZ work (even commercially), as long as the KNZ program is credited for the original creation. Alternatively, some KNZ LTER data and metadata may be released into the public domain: CC0 - No Rights Reserved (https://creativecommons.org/share-your-work/public-domain/cc0/). CC0 states that data are placed in the public domain, so that others may freely build upon, enhance and reuse the works for any purposes without restriction under copyright or database law. In either case, users of KNZ data are referred to the following guidelines: "The consumer of these data ("Data User" herein) has an ethical obligation to cite it appropriately in any publication that results from its use. The Data User should realize that these data may be actively used by others for ongoing research and that coordination may be necessary to prevent duplicate publication. The Data User is urged to contact the authors of these data if any questions about methodology or results occur. Where appropriate, the Data User is encouraged to consider collaboration or coauthorship with the authors. The Data User should realize that misinterpretation of data may occur if used out of context of the original study. While substantial efforts are made to ensure the accuracy of data and associated documentation, complete accuracy of data sets cannot be guaranteed. All data are made available "as is." The Data User should be aware, however, that data are updated periodically and it is the responsibility of the Data User to check for new versions of the data. The data authors and the repository where these data were obtained shall not be liable for damages resulting from any use or misinterpretation of the data. Thank you".</literalLayout>
        </para>
      </section>
    </intellectualRights>
    <distribution>
      <online>
        <url function="information">http://lter.konza.ksu.edu/content/pgl01-litterfall-collection-riparian-gallery-forest-konza-prairie</url>
      </online>
    </distribution>
    <coverage>
      <temporalCoverage>
        <rangeOfDates>
          <beginDate>
            <calendarDate>1981-10-01</calendarDate>
          </beginDate>
          <endDate>
            <calendarDate>2014-12-30</calendarDate>
          </endDate>
        </rangeOfDates>
      </temporalCoverage>
    </coverage>
    <purpose>
      <para>
        <literalLayout>To measure annual inputs of macro particulates (particles greater than 1 mm2 in size) to the gallery forest floor. The data provide a conservative estimate of net primary production and will therefore measure effects of abiotic (climate) and biotic (e.g., canopy herbivores) factors on forest production.</literalLayout>
      </para>
    </purpose>
    <contact>
      <organizationName>Konza LTER</organizationName>
      <onlineUrl>http://www.konza.ksu.edu/</onlineUrl>
    </contact>
    <publisher>
      <organizationName>Konza LTER</organizationName>
      <onlineUrl>http://www.konza.ksu.edu/</onlineUrl>
    </publisher>
    <pubPlace>Konza Prairie LTER</pubPlace>
    <methods>
      <methodStep>
        <description>
          <section>
            <para>
              <literalLayout>Location of Sampling Stations: Litterfall trap placement was determined by a stratified, random design. Â A line was drawn on a map of the two forks of Kings Creek representing the longest possible straight line through the forest. Â This line was scaled to the actual length of the forest, and divided into five equal sections. A random number generator was then used to select a point on each segment, and a line perpendicular to the main line was drawn. Â These perpendicular lines represented the five transect lines used to place litter traps in each fork of Kings Creek (PGLO1 Figure 1 available in Appendix M.) Â The points where these lines emerged from the forest were located in the field, and a surveyorâ€™s transit and compass were used to measure the length of each transect and set stakes at 25 m along the transect lines. Once the total length of the transect lines was known for each forest, the number of traps allocated to each transect line was determined.Â  Â The number of traps corresponds to the relationship: Â length of transect/total length of transect in forest Â x30. Â The only exception to this procedure was that each transect was assigned a minimum of two litter traps. Â A random number generator determined the location of each trap. Â Again, exceptions existed in site selection, and these were 1. Traps were to be separated by a minimum of 5 m, and 2. Traps were to be placed within 10 m of canopy foliage. Â This last rule was used in placing traps along transects N-1 and N-3. Frequency of Sampling: Samples are collected monthly March to December, weather permitting.Â  October and November samples are collected approximately every two weeks. Â No collections are made during January and February (little to no sample this time of year). Variable Measured: Total deposition of litter (grams of dry weight/0.25 m2) per collection period, and subdivisions of wood and seeds (see sample data sheet). Â Please note that foliage is not measured directly; foliage mass may be determined by subtraction of woody and seeds from total. Â Insects, feathers and other animal debris and fecal droppings are removed prior to weighing. Methods: Thirty litterfall traps, 50 x 50 cm (.25 m2) are located along the north fork of Kings Creek. Two are located on the south fork of Kings Creek. Â The north fork boxes are numbered 31 to 60 and the south fork boxes are numbered 1 and 2. Â Originally, the south fork also had boxes 3 to 30 but these samplers were terminated in 1993 due to repeated damage by bison. Â (Boxes 1 and 2 are located just outside the bison area.) Â The design of the litterfall traps is similar to those used at Coweeta but have been modified overtime. Â Modifications include increasing the depth of the traps to 50 cm (â€œdeep dishâ€), reinforcement of all corners and screens (to minimize the effect of rot) and metal legs. Most recent design attached in Appendix P. Samples are collected by brushing all material to a corner. Â The sample is then brushed or scooped into pre-labeled paper bags. Any sample that gets caught on the upper rim of the trap (large branches, etc), will be marked and cut or broken apart to retain the portion that would be inside the sampling area (the rest is discarded). Samples are dried at 60*C for a minimum of 3 days and weights of woody material, seeds and total are measured. Summary of All Changes: FREQUENCY OF SAMPLING (Original set-up; 1981): Traps were placed in the field on September 4-6, 1981. Â Collections were made every two weeks during September, October and November and then monthly from December to September. Deviations: In 1983, collections were irregular. Beginning in 1984, the autumn collections were at monthly intervals. And 1987-1992, the monthly collections were from March through November. VARIABLES MEARSURED (1981): Deviations:Â Â  Foliage was not measured 1981-June 1992, and 1995-present (foliage mass may be determined by subtraction of wood and seeds from total). Â Foliage weights were measured July 1992-Dec 1994. ORIGINAL METHODS (1981): Sixty litter fall traps, 50 x 50 cm (0.25 m2) were constructed during the summer of 1981. The design of these traps was similar to those used at Coweeta (e.g., Cromack, K. Jr. Â 1973, Litter production and decomposition in a mixed hardwood watershed and white pine watershed at Coweeta Hydrologic Station, North Carolina. Â PhD dissertation. Â University of Georgia, Athens, GA.), except that the depth of these traps was 50 cm. Â This â€œdeep dishâ€ design (available in Appendix P) was used to prevent losses due to high winds. Â The traps open at 1 m above the forest floor. Â Deposition of litter into these traps due to lateral movements by wind is believed minimal (e.g., virtually no foliage was found in these traps during January 1982, in spite of strong winds). The allocation of 30 traps per forest floor resulted in a somewhat greater sampling intensity of the South Fork of Kings Creek.Â  Â Transect lines measured 353.6 m resulting in one collector every 11.8 m. The total transect length for the North Fork was 543.3 m resulting in one trap placed every 18.1 m. The transects are marked by a yellow-painted steel conduit stake at each end. The material is dried at 60*C and weights of woody material, seeds and total are measured. Foliage is assessing by subtracting the woody and seed weights from the total weight. January 6, 1993: Â Collections from litter-fall traps within the bison area terminated. Â The sample IDâ€™s affected are 3 through 30, inclusive. Â This modification is due to repeated damage to litter fall traps by bison. For additional metadata information see: http://lter.konza.ksu.edu/sites/default/files/DC.pdf For additional methods information see: http://lter.konza.ksu.edu/sites/default/files/MM.pdf</literalLayout>
            </para>
          </section>
        </description>
      </methodStep>
    </methods>
    <dataTable>
      <entityName>PGL011</entityName>
      <entityDescription>Description of Gallery Forest Litterfall</entityDescription>
      <physical>
        <objectName>PGL011.csv</objectName>
        <size>519657</size>
        <dataFormat>
          <textFormat>
            <numHeaderLines>1</numHeaderLines>
            <recordDelimiter>\n</recordDelimiter>
            <attributeOrientation>column</attributeOrientation>
            <simpleDelimited>
              <fieldDelimiter>,</fieldDelimiter>
              <quoteCharacter>"</quoteCharacter>
            </simpleDelimited>
          </textFormat>
        </dataFormat>
        <distribution>
          <online>
            <url>https://pasta.lternet.edu/package/data/eml/knb-lter-knz/63/7/d18fee3c7a2be8c8c41e20a871347a96</url>
          </online>
        </distribution>
      </physical>
      <attributeList>
        <attribute>
          <attributeName>DataCode</attributeName>
          <attributeLabel>DataCode</attributeLabel>
          <attributeDefinition>Dataset code</attributeDefinition>
          <storageType>string</storageType>
          <measurementScale>
            <nominal>
              <nonNumericDomain>
                <textDomain>
                  <definition>Dataset code</definition>
                </textDomain>
              </nonNumericDomain>
            </nominal>
          </measurementScale>
        </attribute>
        <attribute>
          <attributeName>RecType</attributeName>
          <attributeLabel>RecType</attributeLabel>
          <attributeDefinition>Record type</attributeDefinition>
          <storageType>string</storageType>
          <measurementScale>
            <nominal>
              <nonNumericDomain>
                <textDomain>
                  <definition>Record type</definition>
                </textDomain>
              </nonNumericDomain>
            </nominal>
          </measurementScale>
        </attribute>
        <attribute>
          <attributeName>RecYear</attributeName>
          <attributeLabel>RecYear</attributeLabel>
          <attributeDefinition>Year of record</attributeDefinition>
          <storageType>date</storageType>
          <measurementScale>
            <dateTime>
              <formatString>YYYY</formatString>
            </dateTime>
          </measurementScale>
        </attribute>
        <attribute>
          <attributeName>RecMonth</attributeName>
          <attributeLabel>RecMonth</attributeLabel>
          <attributeDefinition>Month of record</attributeDefinition>
          <storageType>date</storageType>
          <measurementScale>
            <dateTime>
              <formatString>MM</formatString>
            </dateTime>
          </measurementScale>
        </attribute>
        <attribute>
          <attributeName>RecDay</attributeName>
          <attributeLabel>RecDay</attributeLabel>
          <attributeDefinition>Day of record</attributeDefinition>
          <storageType>date</storageType>
          <measurementScale>
            <dateTime>
              <formatString>DD</formatString>
            </dateTime>
          </measurementScale>
        </attribute>
        <attribute>
          <attributeName>Branch</attributeName>
          <attributeLabel>Branch</attributeLabel>
          <attributeDefinition>branch of Kings Creek</attributeDefinition>
          <storageType>string</storageType>
          <measurementScale>
            <nominal>
              <nonNumericDomain>
                <textDomain>
                  <definition>branch of Kings Creek</definition>
                </textDomain>
              </nonNumericDomain>
            </nominal>
          </measurementScale>
        </attribute>
        <attribute>
          <attributeName>ID</attributeName>
          <attributeLabel>ID</attributeLabel>
          <attributeDefinition>identification number</attributeDefinition>
          <storageType>string</storageType>
          <measurementScale>
            <nominal>
              <nonNumericDomain>
                <textDomain>
                  <definition>identification number</definition>
                </textDomain>
              </nonNumericDomain>
            </nominal>
          </measurementScale>
        </attribute>
        <attribute>
          <attributeName>Mass</attributeName>
          <attributeLabel>Mass</attributeLabel>
          <attributeDefinition>total (include wood &amp; seed)</attributeDefinition>
          <measurementScale>
            <ratio>
              <unit>
                <standardUnit>dimensionless</standardUnit>
              </unit>
              <numericDomain>
                <numberType>real</numberType>
              </numericDomain>
            </ratio>
          </measurementScale>
        </attribute>
        <attribute>
          <attributeName>Wood</attributeName>
          <attributeLabel>Wood</attributeLabel>
          <attributeDefinition>woody mass</attributeDefinition>
          <measurementScale>
            <ratio>
              <unit>
                <standardUnit>dimensionless</standardUnit>
              </unit>
              <precision>0.01</precision>
              <numericDomain>
                <numberType>real</numberType>
              </numericDomain>
            </ratio>
          </measurementScale>
        </attribute>
        <attribute>
          <attributeName>Seed</attributeName>
          <attributeLabel>Seed</attributeLabel>
          <attributeDefinition>seed mass (include husks, hulls)</attributeDefinition>
          <measurementScale>
            <ratio>
              <unit>
                <standardUnit>dimensionless</standardUnit>
              </unit>
              <precision>0.01</precision>
              <numericDomain>
                <numberType>real</numberType>
              </numericDomain>
            </ratio>
          </measurementScale>
        </attribute>
        <attribute>
          <attributeName>Comment</attributeName>
          <attributeLabel>Comment</attributeLabel>
          <attributeDefinition>Comments on data collection</attributeDefinition>
          <storageType>string</storageType>
          <measurementScale>
            <nominal>
              <nonNumericDomain>
                <textDomain>
                  <definition>Comments on data collection</definition>
                </textDomain>
              </nonNumericDomain>
            </nominal>
          </measurementScale>
        </attribute>
      </attributeList>
    </dataTable>
  </dataset>
</eml:eml>
