<?xml version="1.0" encoding="UTF-8"?>
<eml:eml packageId="knb-lter-knz.82.1"
  system="https://pasta.edirepository.org"
  xmlns:ds="eml://ecoinformatics.org/dataset-2.1.0"
  xmlns:eml="eml://ecoinformatics.org/eml-2.1.1"
  xmlns:stmml="http://www.xml-cml.org/schema/stmml-1.1"
  xmlns:xs="http://www.w3.org/2001/XMLSchema"
  xmlns:xsi="http://www.w3.org/2001/XMLSchema-instance" xsi:schemaLocation="eml://ecoinformatics.org/eml-2.1.0 http://nis.lternet.edu/schemas/EML/eml-2.1.0/eml.xsd">
  <access authSystem="https://pasta.edirepository.org/authentication"
    order="allowFirst" scope="document" system="https://pasta.edirepository.org">
    <allow>
      <principal>uid=KNZ,o=LTER,dc=ecoinformatics,dc=org</principal>
      <permission>all</permission>
    </allow>
    <allow>
      <principal>public</principal>
      <permission>read</permission>
    </allow>
  </access>
  <dataset>
    <alternateIdentifier system="https://doi.org">doi:10.6073/pasta/0411f14afeffbc3ed84428ca8b289de5</alternateIdentifier>
    <shortName>PRP01</shortName>
    <title>PRP01 Konza prairie long term restoration study of aboveground annual net primary productivity (ANPP)</title>
    <creator>
      <individualName>
        <givenName>Sara</givenName>
        <surName>Baer</surName>
      </individualName>
      <address>
        <deliveryPoint>417 Life Science II, Department of Plant Biology, Southern Illinois University at Carbondale</deliveryPoint>
        <city>Carbondale</city>
        <administrativeArea>IL</administrativeArea>
        <postalCode>62901</postalCode>
        <country>US</country>
      </address>
      <phone phonetype="voice">618-453-3218</phone>
      <electronicMailAddress>sgbaer@siu.edu</electronicMailAddress>
    </creator>
    <creator>
      <individualName>
        <givenName>John</givenName>
        <surName>Blair</surName>
      </individualName>
      <address>
        <deliveryPoint>116 Ackert Hall, Division of Biology, Kansas State University</deliveryPoint>
        <city>Manhattan</city>
        <administrativeArea>KS</administrativeArea>
        <postalCode>66506</postalCode>
        <country>US</country>
      </address>
      <phone phonetype="voice">785-532-7065</phone>
      <phone phonetype="facsimile">785-532-6653</phone>
      <electronicMailAddress>jblair@ksu.edu</electronicMailAddress>
    </creator>
    <creator>
      <individualName>
        <givenName>Scott</givenName>
        <surName>Collins</surName>
      </individualName>
      <address>
        <deliveryPoint>Department of Biology, University of New Mexico</deliveryPoint>
        <city>Albuquerque</city>
        <administrativeArea>NM</administrativeArea>
        <postalCode>87131</postalCode>
        <country>US</country>
      </address>
      <phone phonetype="voice">505-277-6303</phone>
      <electronicMailAddress>scollins@sevilleta.unm.edu</electronicMailAddress>
    </creator>
    <metadataProvider>
      <individualName>
        <givenName>Yang</givenName>
        <surName>Xia</surName>
      </individualName>
      <address>
        <deliveryPoint>116 Ackert Hall, Division of Biology, Kansas State University.</deliveryPoint>
        <city>Manhattan</city>
        <administrativeArea>KS</administrativeArea>
        <postalCode>66506</postalCode>
        <country>US</country>
      </address>
      <phone phonetype="voice">785-532-6729</phone>
      <phone phonetype="facsimile">785-532-6615</phone>
      <electronicMailAddress>yangx@ksu.edu</electronicMailAddress>
    </metadataProvider>
    <pubDate>2015-07-01</pubDate>
    <language>English</language>
    <abstract>
      <section>
        <para>
          <literalLayout>The experiment is a randomized complete block design with four whole plot hetereogeneity treatments replicated within each of four blocks (n=16 whole plots). The whole plot treatments were created using different combinations of soil depth and nutrient manipulations. The control plots contained no depth or nutrient manipulations. The "maximum hetereogeneity" plots contained three 2 m x 8 m vertical strips assigned to ambient, enriched and reduced N treatments and four 2 m x 6 m horizontal strips assigned to deep and shallow soil to result in six treatment combinations. The maximum heterogeneity plots are a split-block design. Each plot contained 12 subplots (2 m x 2 m) for sampling. All of the plots had surface soil temporarily removed to a depth of approximately 25 cm and natural limestone slabs were laid in strips assigned to the shallow soil treatment. The soil from all plots was then replaced, leveled, and disked (2-3 cm deep). In February 1998, we incorporated sawdust (49% C; C:N ratio=122) into the strips assigned to the reduced-N treatment. The average C concentration and bulk density in the surface 15 cm following long-term cultivation was 1.5% and 1.2 g cm-3, respectively. Sawdust was tilled into the soil at a rate of 5.5 kg dry wt./m2 to achieve a C concentration representative of native prairie soil (approx. 3% C). Surface applications of granular sugar were initiated in 2004 at a rate of 200 g sucrose m-2 (84.22 g C/m2) 3-4 times each growing season. Strips assigned to the enriched-N treatment were fertilized with 5 g N m2/y (applied as ammonium-nitrate) in July of the first growing season and early June of each subsequent year.</literalLayout>
        </para>
      </section>
    </abstract>
    <keywordSet>
      <keyword>Primary Production</keyword>
      <keyword>Disturbance</keyword>
      <keywordThesaurus>Core Areas</keywordThesaurus>
    </keywordSet>
    <keywordSet>
      <keyword>Producers</keyword>
      <keywordThesaurus>Section</keywordThesaurus>
    </keywordSet>
    <keywordSet>
      <keyword>aboveground biomass</keyword>
      <keyword>heterogeneity</keyword>
      <keyword>Konza Prairie</keyword>
      <keyword>LTER</keyword>
      <keyword>nutrients</keyword>
      <keyword>primary productivity</keyword>
      <keyword>restoration</keyword>
      <keywordThesaurus>Station Keywords</keywordThesaurus>
    </keywordSet>
    <intellectualRights>
      <section>
        <title>Data Policies</title>
        <para>
          <literalLayout>Data Use Agreements: The Intellectual Rights within the metadata associated with each KNZ data set determines the exact data and metadata use agreement between the data user and the KNZ LTER site. KNZ LTER data and metadata may be released under the license: CC BY - Attribution (https://creativecommons.org/licenses/by/4.0/). This license lets others distribute, remix, tweak, and build upon KNZ work (even commercially), as long as the KNZ program is credited for the original creation. Alternatively, some KNZ LTER data and metadata may be released into the public domain: CC0 - No Rights Reserved (https://creativecommons.org/share-your-work/public-domain/cc0/). CC0 states that data are placed in the public domain, so that others may freely build upon, enhance and reuse the works for any purposes without restriction under copyright or database law. In either case, users of KNZ data are referred to the following guidelines: "The consumer of these data ("Data User" herein) has an ethical obligation to cite it appropriately in any publication that results from its use. The Data User should realize that these data may be actively used by others for ongoing research and that coordination may be necessary to prevent duplicate publication. The Data User is urged to contact the authors of these data if any questions about methodology or results occur. Where appropriate, the Data User is encouraged to consider collaboration or coauthorship with the authors. The Data User should realize that misinterpretation of data may occur if used out of context of the original study. While substantial efforts are made to ensure the accuracy of data and associated documentation, complete accuracy of data sets cannot be guaranteed. All data are made available "as is." The Data User should be aware, however, that data are updated periodically and it is the responsibility of the Data User to check for new versions of the data. The data authors and the repository where these data were obtained shall not be liable for damages resulting from any use or misinterpretation of the data. Thank you".</literalLayout>
        </para>
      </section>
    </intellectualRights>
    <distribution>
      <online>
        <url function="information">http://lter.konza.ksu.edu/content/prp01-konza-prairie-long-term-restoration-study-aboveground-annual-net-primary-productivity</url>
      </online>
    </distribution>
    <coverage>
      <temporalCoverage>
        <rangeOfDates>
          <beginDate>
            <calendarDate>1998-02-02</calendarDate>
          </beginDate>
          <endDate>
            <calendarDate>2012-12-30</calendarDate>
          </endDate>
        </rangeOfDates>
      </temporalCoverage>
    </coverage>
    <contact>
      <individualName>
        <givenName>Sara</givenName>
        <surName>Baer</surName>
      </individualName>
      <address>
        <deliveryPoint>417 Life Science II, Department of Plant Biology, Southern Illinois University at Carbondale</deliveryPoint>
        <city>Carbondale</city>
        <administrativeArea>IL</administrativeArea>
        <postalCode>62901</postalCode>
        <country>US</country>
      </address>
      <phone phonetype="voice">618-453-3218</phone>
      <electronicMailAddress>sgbaer@siu.edu</electronicMailAddress>
    </contact>
    <publisher>
      <organizationName>Konza LTER</organizationName>
      <onlineUrl>http://www.konza.ksu.edu/</onlineUrl>
    </publisher>
    <pubPlace>Konza Prairie LTER</pubPlace>
    <methods>
      <methodStep>
        <description>
          <section>
            <para>
              <literalLayout>Biomass was harvested from 0.1 m2 quadrats in each of the 12 subplots within the maximum and control whole-plot treatments. Biomass was clipped at the end of each growing season in 1998, 1999, 2000, 2005, and 2012 corresponding to 1, 2, 3, 8, and 15 years since the agricultural field was sown with native grasses and forbs. Biomass was dried for 1 week at 60oC, sorted into this and previous years' growth, and weighed.</literalLayout>
            </para>
          </section>
        </description>
      </methodStep>
      <methodStep>
        <description>
          <section>
            <para>
              <literalLayout>For additional metadata information see: http://lter.konza.ksu.edu/sites/default/files/DC.pdf For additional methods information see: http://lter.konza.ksu.edu/sites/default/files/MM.pdf</literalLayout>
            </para>
          </section>
        </description>
      </methodStep>
    </methods>
    <dataTable>
      <entityName>prp011</entityName>
      <entityDescription>Restoration study of aboveground annual net primary productivity.</entityDescription>
      <physical>
        <objectName>PRP011.csv</objectName>
        <size>22068</size>
        <dataFormat>
          <textFormat>
            <numHeaderLines>1</numHeaderLines>
            <recordDelimiter>\r\n</recordDelimiter>
            <attributeOrientation>column</attributeOrientation>
            <simpleDelimited>
              <fieldDelimiter>,</fieldDelimiter>
              <quoteCharacter>"</quoteCharacter>
            </simpleDelimited>
          </textFormat>
        </dataFormat>
        <distribution>
          <online>
            <url>https://pasta.lternet.edu/package/data/eml/knb-lter-knz/82/1/581a32d963e74adf6b80b68a8e44d4da</url>
          </online>
        </distribution>
      </physical>
      <coverage>
        <temporalCoverage>
          <rangeOfDates>
            <beginDate>
              <calendarDate>1998-02-02</calendarDate>
            </beginDate>
            <endDate>
              <calendarDate>2050-12-30</calendarDate>
            </endDate>
          </rangeOfDates>
        </temporalCoverage>
      </coverage>
      <methods>
        <methodStep>
          <description>
            <section>
              <para>
                <literalLayout>Biomass was harvested from 0.1 m2 quadrats in each of the 12 subplots within the maximum and control whole-plot treatments. Biomass was clipped at the end of each growing season in 1998, 1999, 2000, 2005, and 2012 corresponding to 1, 2, 3, 8, and 15 years since the agricultural field was sown with native grasses and forbs. Biomass was dried for 1 week at 60oC, sorted into this and previous years' growth, and weighed.</literalLayout>
              </para>
            </section>
          </description>
        </methodStep>
        <qualityControl>
          <description>
            <para>
              <literalLayout>QA/QC:06/30/2015</literalLayout>
            </para>
          </description>
        </qualityControl>
      </methods>
      <attributeList>
        <attribute>
          <attributeName>datacode</attributeName>
          <attributeLabel>datacode</attributeLabel>
          <attributeDefinition>dataset code</attributeDefinition>
          <storageType>string</storageType>
          <measurementScale>
            <nominal>
              <nonNumericDomain>
                <textDomain>
                  <definition>dataset code</definition>
                </textDomain>
              </nonNumericDomain>
            </nominal>
          </measurementScale>
        </attribute>
        <attribute>
          <attributeName>RecType</attributeName>
          <attributeLabel>RecType</attributeLabel>
          <attributeDefinition>record type</attributeDefinition>
          <storageType>string</storageType>
          <measurementScale>
            <nominal>
              <nonNumericDomain>
                <textDomain>
                  <definition>record type</definition>
                </textDomain>
              </nonNumericDomain>
            </nominal>
          </measurementScale>
        </attribute>
        <attribute>
          <attributeName>RecYear</attributeName>
          <attributeLabel>RecYear</attributeLabel>
          <attributeDefinition>Year of record</attributeDefinition>
          <measurementScale>
            <ratio>
              <unit>
                <customUnit>Year (YYYY)</customUnit>
              </unit>
              <numericDomain>
                <numberType>real</numberType>
              </numericDomain>
            </ratio>
          </measurementScale>
        </attribute>
        <attribute>
          <attributeName>Treatment</attributeName>
          <attributeLabel>Treatment</attributeLabel>
          <attributeDefinition>treatment</attributeDefinition>
          <storageType>string</storageType>
          <measurementScale>
            <nominal>
              <nonNumericDomain>
                <enumeratedDomain>
                  <codeDefinition>
                    <code>C</code>
                    <definition>control</definition>
                  </codeDefinition>
                  <codeDefinition>
                    <code>i</code>
                    <definition>irrigrated</definition>
                  </codeDefinition>
                  <codeDefinition>
                    <code>control</code>
                    <definition>control</definition>
                  </codeDefinition>
                  <codeDefinition>
                    <code>stone</code>
                    <definition>stone</definition>
                  </codeDefinition>
                  <codeDefinition>
                    <code>stoneC</code>
                    <definition>stoneC?</definition>
                  </codeDefinition>
                  <codeDefinition>
                    <code>N</code>
                    <definition>nitrogen?</definition>
                  </codeDefinition>
                </enumeratedDomain>
              </nonNumericDomain>
            </nominal>
          </measurementScale>
        </attribute>
        <attribute>
          <attributeName>Block</attributeName>
          <attributeLabel>Block</attributeLabel>
          <attributeDefinition>Block number of plots</attributeDefinition>
          <measurementScale>
            <ratio>
              <unit>
                <standardUnit>dimensionless</standardUnit>
              </unit>
              <precision>1</precision>
              <numericDomain>
                <numberType>real</numberType>
              </numericDomain>
            </ratio>
          </measurementScale>
        </attribute>
        <attribute>
          <attributeName>plot</attributeName>
          <attributeLabel>plot</attributeLabel>
          <attributeDefinition>Plot number</attributeDefinition>
          <measurementScale>
            <ratio>
              <unit>
                <standardUnit>dimensionless</standardUnit>
              </unit>
              <precision>1</precision>
              <numericDomain>
                <numberType>real</numberType>
              </numericDomain>
            </ratio>
          </measurementScale>
        </attribute>
        <attribute>
          <attributeName>SubPlot</attributeName>
          <attributeLabel>subplot number</attributeLabel>
          <attributeDefinition>subplot number</attributeDefinition>
          <storageType>string</storageType>
          <measurementScale>
            <nominal>
              <nonNumericDomain>
                <textDomain>
                  <definition>subplot number</definition>
                </textDomain>
              </nonNumericDomain>
            </nominal>
          </measurementScale>
        </attribute>
        <attribute>
          <attributeName>WPHetTrt</attributeName>
          <attributeLabel>WPHetTrt</attributeLabel>
          <attributeDefinition>WPHetTrt</attributeDefinition>
          <storageType>string</storageType>
          <measurementScale>
            <nominal>
              <nonNumericDomain>
                <textDomain>
                  <definition>WPHetTrt</definition>
                </textDomain>
              </nonNumericDomain>
            </nominal>
          </measurementScale>
        </attribute>
        <attribute>
          <attributeName>Depth</attributeName>
          <attributeLabel>depth</attributeLabel>
          <attributeDefinition>depth</attributeDefinition>
          <storageType>string</storageType>
          <measurementScale>
            <nominal>
              <nonNumericDomain>
                <textDomain>
                  <definition>depth</definition>
                </textDomain>
              </nonNumericDomain>
            </nominal>
          </measurementScale>
        </attribute>
        <attribute>
          <attributeName>Nutrient</attributeName>
          <attributeLabel>nutrient</attributeLabel>
          <attributeDefinition>Nutrient</attributeDefinition>
          <storageType>string</storageType>
          <measurementScale>
            <nominal>
              <nonNumericDomain>
                <textDomain>
                  <definition>Nutrient</definition>
                </textDomain>
              </nonNumericDomain>
            </nominal>
          </measurementScale>
        </attribute>
        <attribute>
          <attributeName>ANPP</attributeName>
          <attributeLabel>ANPP</attributeLabel>
          <attributeDefinition>ANPP</attributeDefinition>
          <storageType>string</storageType>
          <measurementScale>
            <nominal>
              <nonNumericDomain>
                <textDomain>
                  <definition>ANPP</definition>
                </textDomain>
              </nonNumericDomain>
            </nominal>
          </measurementScale>
        </attribute>
        <attribute>
          <attributeName>Comments</attributeName>
          <attributeLabel>Comments</attributeLabel>
          <attributeDefinition>Comments</attributeDefinition>
          <storageType>string</storageType>
          <measurementScale>
            <nominal>
              <nonNumericDomain>
                <textDomain>
                  <definition>Comments</definition>
                </textDomain>
              </nonNumericDomain>
            </nominal>
          </measurementScale>
        </attribute>
      </attributeList>
    </dataTable>
  </dataset>
  <additionalMetadata>
    <metadata>
      <stmml:unitList xmlns="http://www.xml-cml.org/schema/stmml"
        xmlns:sch="http://www.ascc.net/xml/schematron"
        xmlns:stmml="http://www.xml-cml.org/schema/stmml-1.1"
        xmlns:xsi="http://www.w3.org/2001/XMLSchema-instance" xsi:schemaLocation="http://www.xml-cml.org/schema/stmml-1.1 http://nis.lternet.edu/schemas/EML/eml-2.1.0/stmml.xsd">
        <stmml:unit id="Year (YYYY)">
          <stmml:description/>
        </stmml:unit>
      </stmml:unitList>
    </metadata>
  </additionalMetadata>
</eml:eml>
