<?xml version="1.0" encoding="UTF-8"?>
<eml:eml packageId="knb-lter-knz.85.3"
  system="https://pasta.edirepository.org"
  xmlns:ds="eml://ecoinformatics.org/dataset-2.1.0"
  xmlns:eml="eml://ecoinformatics.org/eml-2.1.1"
  xmlns:stmml="http://www.xml-cml.org/schema/stmml-1.1"
  xmlns:xs="http://www.w3.org/2001/XMLSchema"
  xmlns:xsi="http://www.w3.org/2001/XMLSchema-instance" xsi:schemaLocation="eml://ecoinformatics.org/eml-2.1.0 http://nis.lternet.edu/schemas/EML/eml-2.1.0/eml.xsd">
  <access authSystem="https://pasta.edirepository.org/authentication"
    order="allowFirst" scope="document" system="https://pasta.edirepository.org">
    <allow>
      <principal>uid=KNZ,o=LTER,dc=ecoinformatics,dc=org</principal>
      <permission>all</permission>
    </allow>
    <allow>
      <principal>public</principal>
      <permission>read</permission>
    </allow>
  </access>
  <dataset>
    <alternateIdentifier system="https://doi.org">doi:10.6073/pasta/11254c1c17a5c49803511928df8c98f8</alternateIdentifier>
    <shortName>CSM03</shortName>
    <title>CSM03 Seasonal summary of numbers of small mammals on the two LTER traplines in planted grassland (Brome fields) habitats at Konza Prairie</title>
    <creator>
      <individualName>
        <givenName>Donald</givenName>
        <surName>Kaufman</surName>
      </individualName>
      <address>
        <deliveryPoint>116 Ackert Hall, Division of Biology, Kansas State University</deliveryPoint>
        <city>Manhattan</city>
        <administrativeArea>KS</administrativeArea>
        <postalCode>66506</postalCode>
        <country>US</country>
      </address>
      <phone phonetype="voice">785-539-6622</phone>
      <phone phonetype="facsimile">785-532-6653</phone>
      <electronicMailAddress>dwkaufma@ksu.edu</electronicMailAddress>
    </creator>
    <metadataProvider>
      <organizationName>Konza LTER</organizationName>
      <onlineUrl>http://www.konza.ksu.edu/</onlineUrl>
    </metadataProvider>
    <pubDate>2014-01-01</pubDate>
    <language>English</language>
    <abstract>
      <section>
        <para>
          <literalLayout>Data set contains seasonal summaries (spring, summer and autumn) of the number of individuals of each species of small mammal captured (relative abundance) on each woodland trapline. Each record contains year, season, trapline and number of individuals captured of each species. These live trap records are based on daily captures during a single 4-day trapping period in spring (early March to early April), summer (early July to late July) and autumn (mid-October to early December) for each of four permanent traplines established in two habitats (two traplines in gallery forest and two on limestone ledges). Bison did not graze any of the treatment units during the period of study.</literalLayout>
        </para>
      </section>
    </abstract>
    <keywordSet>
      <keyword>Disturbance</keyword>
      <keyword>Populations</keyword>
      <keywordThesaurus>Core Areas</keywordThesaurus>
    </keywordSet>
    <keywordSet>
      <keyword>Consumers</keyword>
      <keywordThesaurus>Section</keywordThesaurus>
    </keywordSet>
    <keywordSet>
      <keyword>Brome</keyword>
      <keyword>Consumers</keyword>
      <keyword>Kansas</keyword>
      <keyword>Konza Prairie</keyword>
      <keyword>Konza Prairie Biological Station</keyword>
      <keyword>LTER</keyword>
      <keyword>mammals</keyword>
      <keyword>planted grasslands</keyword>
      <keyword>prairie</keyword>
      <keyword>relative abundance</keyword>
      <keyword>rodents</keyword>
      <keyword>shrews</keyword>
      <keyword>small mammals</keyword>
      <keyword>species composition</keyword>
      <keyword>spring fire</keyword>
      <keywordThesaurus>Station Keywords</keywordThesaurus>
    </keywordSet>
    <intellectualRights>
      <section>
        <title>Data Policies</title>
        <para>
          <literalLayout>Data Use Agreements: The Intellectual Rights within the metadata associated with each KNZ data set determines the exact data and metadata use agreement between the data user and the KNZ LTER site. KNZ LTER data and metadata may be released under the license: CC BY - Attribution (https://creativecommons.org/licenses/by/4.0/). This license lets others distribute, remix, tweak, and build upon KNZ work (even commercially), as long as the KNZ program is credited for the original creation. Alternatively, some KNZ LTER data and metadata may be released into the public domain: CC0 - No Rights Reserved (https://creativecommons.org/share-your-work/public-domain/cc0/). CC0 states that data are placed in the public domain, so that others may freely build upon, enhance and reuse the works for any purposes without restriction under copyright or database law. In either case, users of KNZ data are referred to the following guidelines: "The consumer of these data ("Data User" herein) has an ethical obligation to cite it appropriately in any publication that results from its use. The Data User should realize that these data may be actively used by others for ongoing research and that coordination may be necessary to prevent duplicate publication. The Data User is urged to contact the authors of these data if any questions about methodology or results occur. Where appropriate, the Data User is encouraged to consider collaboration or coauthorship with the authors. The Data User should realize that misinterpretation of data may occur if used out of context of the original study. While substantial efforts are made to ensure the accuracy of data and associated documentation, complete accuracy of data sets cannot be guaranteed. All data are made available "as is." The Data User should be aware, however, that data are updated periodically and it is the responsibility of the Data User to check for new versions of the data. The data authors and the repository where these data were obtained shall not be liable for damages resulting from any use or misinterpretation of the data. Thank you".</literalLayout>
        </para>
      </section>
    </intellectualRights>
    <distribution>
      <online>
        <url function="information">http://lter.konza.ksu.edu/content/csm03-seasonal-summary-numbers-small-mammals-two-lter-traplines-planted-grassland-brome</url>
      </online>
    </distribution>
    <coverage>
      <geographicCoverage>
        <geographicDescription>N1A: Year-long grazing by bison and scheduled prescribed burned annually in the spring.</geographicDescription>
        <boundingCoordinates>
          <westBoundingCoordinate>-96.5834</westBoundingCoordinate>
          <eastBoundingCoordinate>-96.5969</eastBoundingCoordinate>
          <northBoundingCoordinate>39.0993</northBoundingCoordinate>
          <southBoundingCoordinate>39.0879</southBoundingCoordinate>
        </boundingCoordinates>
      </geographicCoverage>
      <geographicCoverage>
        <geographicDescription>K4A: Ungrazed and scheduled prescribed burned every 4 years in the spring</geographicDescription>
        <boundingCoordinates>
          <westBoundingCoordinate>-96.5728</westBoundingCoordinate>
          <eastBoundingCoordinate>-96.588</eastBoundingCoordinate>
          <northBoundingCoordinate>39.1011</northBoundingCoordinate>
          <southBoundingCoordinate>39.0942</southBoundingCoordinate>
        </boundingCoordinates>
      </geographicCoverage>
      <temporalCoverage>
        <rangeOfDates>
          <beginDate>
            <calendarDate>1981-11-06</calendarDate>
          </beginDate>
          <endDate>
            <calendarDate>1986-10-16</calendarDate>
          </endDate>
        </rangeOfDates>
      </temporalCoverage>
    </coverage>
    <contact>
      <individualName>
        <givenName>Konza</givenName>
        <surName>LTER</surName>
      </individualName>
      <address>
        <deliveryPoint>Division of Biology</deliveryPoint>
        <city>Manhattan</city>
        <administrativeArea>KS</administrativeArea>
        <postalCode>66506</postalCode>
        <country>US</country>
      </address>
      <phone phonetype="voice">785-532-6729</phone>
      <electronicMailAddress>knzlter@ksu.edu</electronicMailAddress>
      <onlineUrl>http://lter.konza.ksu.edu</onlineUrl>
    </contact>
    <publisher>
      <organizationName>Konza LTER</organizationName>
      <onlineUrl>http://www.konza.ksu.edu/</onlineUrl>
    </publisher>
    <pubPlace>Konza Prairie LTER</pubPlace>
    <methods>
      <methodStep>
        <description>
          <section>
            <para>
              <literalLayout>Location of Sampling Stations: Ungrazed brome fields â€“ N01A (BrS), K04A (BrN) Frequency of Sampling: Both sites were sampled in autumn (mid-October to mid-November), spring (early March to mid-April) and summer (early July to early August). Variable Measured: Numbers of individuals for each species of small mammal captured were recorded on each trapline. Sex, reproductive condition and capture location of each individual were recorded at each capture. Age, based on pelage characteristics, was recorded for the two species of Peromyscus at each capture. Body mass of an individual was recorded only at the first capture in each trapping period. See sample data sheet in appendix. Methods: Â Â Â Â Â Â  Traplines: Small mammals were trapped on two permanent traplines in planted brome fields near Kings Creek.Â  Each trapline consisted of 20 stations with an inter-station distance of 15 m and terminal stations (1 and 20) at least 50 m from the boundary of the treatment unit. Stations 1, 5, 10, 15 and 20 on each trapline were marked with stakes of galvanized conduit. All stations were marked with fluorescent orange plastic surveyor flags at least once per year. Trapping Procedures: Small mammals were trapped for 4 consecutive nights per trapline during each trapping period.Â  Two large Sherman live traps (7.6 by 8.9 by 22.9 cm) were placed within 1 m of the surveyor flag or conduit at each station. Â Traps were baited with a mixture of high-quality creamy peanut butter (e.g., Jif) and oatmeal (Quaker old-fashioned oatmeal) in spring and autumn. The mixture was rolled into a small ball (1.5-2.0 cm in diameter) and wrapped in a 10-cm square of weighing paper. The bait was suspended in the trap by closing the back door of the trap on the twisted end of the weighing paper. In the summer trapping period, peanut butter was placed on the inside of the back door of the trap. Polyester fiberfill (ï‚» 5 g) was compressed by a #8 rubber band and used as nesting material in each trap in spring and autumn sampling periods. Â This nesting material reduced trap mortality in inclement weather. With the nest material and a large amount of bait in each trap, mammals typically were in good condition at the time that trap were checked in all types of weather. In the event that &amp;gt; 50% of the traps were closed overnight without an individual captured (e.g., due to raccoons running the traplines and setting off traps), traps were set for additional nights until &amp;lt; 50% of traps per night were closed without captures on that trapline. In the event that raccoon disturbances occurred multiple nights within a trapping period, large animal wire-cage traps were set for the raccoons, and when captured, the raccoons were moved out of the area to other wooded habitats on Konza Prairie, so that the trapping period could be completed. All traps were checked early each morning, but after the end of the nocturnal activity period. Both traplines were run simultaneously. Species, sex and reproductive condition of individual small mammals, trap station and any unusual features (e.g., the presence of ticks, fleas or bot fly larvae, variation in color pattern such as stars or blazes) were recorded at first and subsequent captures of an individual in each trapping period. Body mass was recorded during the first capture of an individual on a trapline. Individuals were toe-clipped (&amp;lt; 1 digit removed per foot) at their first capture so that individuals could be uniquely identified within and across trapping periods.Â  Reproductive information recorded for males was the presence or absence of scrotal testes. Pregnancy was determined by palpation of the abdomen of females; no effort was made to assess the number of embryos. Presence or absence of conspicuous mammae also was recorded. Conspicuous mammae indicated that the female had been reproductively active and had nursed offspring. Individuals were weighed to nearest 0.5 g for those weighing &amp;lt; 50 g and nearest 1 g for those weighing &amp;gt; 50 g by using Pesola balances of an appropriate size. Form of Data Output: The total number of mammals captured by species by trapline forms the database CSM03. Summary of All Changes up to 1988: Bison did not graze any of the treatment units during the duration of the study. The south brome trapline was burned in spring 1980, 1984, 1985, 1986 and 1987, whereas the north brome trapline was burned in spring 1980 and 1985. No changes were made to the methods during the study period. For additional metadata information see: http://lter.konza.ksu.edu/sites/default/files/DC.pdf For additional methods information see: http://lter.konza.ksu.edu/sites/default/files/MM.pdf</literalLayout>
            </para>
          </section>
        </description>
      </methodStep>
    </methods>
    <dataTable>
      <entityName>CSM031</entityName>
      <entityDescription>Seasonal summary of numbers of small mammals on the two LTER traplines in planted grassland (Brome fields) habitats</entityDescription>
      <physical>
        <objectName>CSM031.csv</objectName>
        <size>1716</size>
        <dataFormat>
          <textFormat>
            <numHeaderLines>1</numHeaderLines>
            <recordDelimiter>\n</recordDelimiter>
            <attributeOrientation>column</attributeOrientation>
            <simpleDelimited>
              <fieldDelimiter>,</fieldDelimiter>
              <quoteCharacter>"</quoteCharacter>
            </simpleDelimited>
          </textFormat>
        </dataFormat>
        <distribution>
          <online>
            <url>https://pasta.lternet.edu/package/data/eml/knb-lter-knz/85/3/b4aca1aa3d591f164c87dd759432180b</url>
          </online>
        </distribution>
      </physical>
      <attributeList>
        <attribute>
          <attributeName>DataCode</attributeName>
          <attributeLabel>DataCode</attributeLabel>
          <attributeDefinition>Dataset code</attributeDefinition>
          <storageType>string</storageType>
          <measurementScale>
            <nominal>
              <nonNumericDomain>
                <textDomain>
                  <definition>Dataset code</definition>
                </textDomain>
              </nonNumericDomain>
            </nominal>
          </measurementScale>
        </attribute>
        <attribute>
          <attributeName>RecType</attributeName>
          <attributeLabel>RecType</attributeLabel>
          <attributeDefinition>Record type</attributeDefinition>
          <storageType>string</storageType>
          <measurementScale>
            <nominal>
              <nonNumericDomain>
                <textDomain>
                  <definition>Record type</definition>
                </textDomain>
              </nonNumericDomain>
            </nominal>
          </measurementScale>
        </attribute>
        <attribute>
          <attributeName>RecYear</attributeName>
          <attributeLabel>RecYear</attributeLabel>
          <attributeDefinition>Year of sample</attributeDefinition>
          <storageType>date</storageType>
          <measurementScale>
            <dateTime>
              <formatString>YYYY</formatString>
            </dateTime>
          </measurementScale>
        </attribute>
        <attribute>
          <attributeName>Season</attributeName>
          <attributeLabel>Season</attributeLabel>
          <attributeDefinition>Season of capture</attributeDefinition>
          <storageType>string</storageType>
          <measurementScale>
            <nominal>
              <nonNumericDomain>
                <enumeratedDomain>
                  <codeDefinition>
                    <code>AU</code>
                    <definition>Autumn</definition>
                  </codeDefinition>
                  <codeDefinition>
                    <code>SP</code>
                    <definition>Spring</definition>
                  </codeDefinition>
                </enumeratedDomain>
              </nonNumericDomain>
            </nominal>
          </measurementScale>
        </attribute>
        <attribute>
          <attributeName>Trapline</attributeName>
          <attributeLabel>Trapline</attributeLabel>
          <attributeDefinition>Trapline of capture</attributeDefinition>
          <storageType>string</storageType>
          <measurementScale>
            <nominal>
              <nonNumericDomain>
                <enumeratedDomain>
                  <codeDefinition>
                    <code>E</code>
                    <definition>East</definition>
                  </codeDefinition>
                  <codeDefinition>
                    <code>W</code>
                    <definition>West</definition>
                  </codeDefinition>
                  <codeDefinition>
                    <code>N</code>
                    <definition>North</definition>
                  </codeDefinition>
                  <codeDefinition>
                    <code>S</code>
                    <definition>South</definition>
                  </codeDefinition>
                </enumeratedDomain>
              </nonNumericDomain>
            </nominal>
          </measurementScale>
        </attribute>
        <attribute>
          <attributeName>Pm</attributeName>
          <attributeLabel>Pm</attributeLabel>
          <attributeDefinition>Relative abundance of Peromyscus maniculatus</attributeDefinition>
          <measurementScale>
            <ratio>
              <unit>
                <standardUnit>dimensionless</standardUnit>
              </unit>
              <precision>1</precision>
              <numericDomain>
                <numberType>real</numberType>
              </numericDomain>
            </ratio>
          </measurementScale>
        </attribute>
        <attribute>
          <attributeName>Rmeg</attributeName>
          <attributeLabel>Rmeg</attributeLabel>
          <attributeDefinition>Relative abundance of Reithrodontomys megalotis</attributeDefinition>
          <measurementScale>
            <ratio>
              <unit>
                <standardUnit>dimensionless</standardUnit>
              </unit>
              <precision>1</precision>
              <numericDomain>
                <numberType>real</numberType>
              </numericDomain>
            </ratio>
          </measurementScale>
        </attribute>
        <attribute>
          <attributeName>Sh</attributeName>
          <attributeLabel>Sh</attributeLabel>
          <attributeDefinition>Relative abundance of Sigmodon hispidus</attributeDefinition>
          <measurementScale>
            <ratio>
              <unit>
                <standardUnit>dimensionless</standardUnit>
              </unit>
              <precision>1</precision>
              <numericDomain>
                <numberType>real</numberType>
              </numericDomain>
            </ratio>
          </measurementScale>
        </attribute>
        <attribute>
          <attributeName>Bh</attributeName>
          <attributeLabel>Bh</attributeLabel>
          <attributeDefinition>Relative abundance of Blarina hylophaga</attributeDefinition>
          <measurementScale>
            <ratio>
              <unit>
                <standardUnit>dimensionless</standardUnit>
              </unit>
              <precision>1</precision>
              <numericDomain>
                <numberType>real</numberType>
              </numericDomain>
            </ratio>
          </measurementScale>
        </attribute>
        <attribute>
          <attributeName>Rmon</attributeName>
          <attributeLabel>Rmon</attributeLabel>
          <attributeDefinition>Relative abundance of Reithrodontomys montanus</attributeDefinition>
          <measurementScale>
            <ratio>
              <unit>
                <standardUnit>dimensionless</standardUnit>
              </unit>
              <precision>1</precision>
              <numericDomain>
                <numberType>real</numberType>
              </numericDomain>
            </ratio>
          </measurementScale>
        </attribute>
        <attribute>
          <attributeName>St</attributeName>
          <attributeLabel>St</attributeLabel>
          <attributeDefinition>Relative abundance of Spermophilus tridecemlineatus</attributeDefinition>
          <measurementScale>
            <ratio>
              <unit>
                <standardUnit>dimensionless</standardUnit>
              </unit>
              <precision>1</precision>
              <numericDomain>
                <numberType>real</numberType>
              </numericDomain>
            </ratio>
          </measurementScale>
        </attribute>
        <attribute>
          <attributeName>Mo</attributeName>
          <attributeLabel>Mo</attributeLabel>
          <attributeDefinition>Relative abundance of Microtus ochrogaster</attributeDefinition>
          <measurementScale>
            <ratio>
              <unit>
                <standardUnit>dimensionless</standardUnit>
              </unit>
              <precision>1</precision>
              <numericDomain>
                <numberType>real</numberType>
              </numericDomain>
            </ratio>
          </measurementScale>
        </attribute>
        <attribute>
          <attributeName>Pl</attributeName>
          <attributeLabel>Pl</attributeLabel>
          <attributeDefinition>Relative abundance of Peromyscus leucopus</attributeDefinition>
          <measurementScale>
            <ratio>
              <unit>
                <standardUnit>dimensionless</standardUnit>
              </unit>
              <precision>1</precision>
              <numericDomain>
                <numberType>real</numberType>
              </numericDomain>
            </ratio>
          </measurementScale>
        </attribute>
        <attribute>
          <attributeName>Ch</attributeName>
          <attributeLabel>Ch</attributeLabel>
          <attributeDefinition>Relative abundance of Chaetodipus hispidus</attributeDefinition>
          <measurementScale>
            <ratio>
              <unit>
                <standardUnit>dimensionless</standardUnit>
              </unit>
              <precision>1</precision>
              <numericDomain>
                <numberType>real</numberType>
              </numericDomain>
            </ratio>
          </measurementScale>
        </attribute>
        <attribute>
          <attributeName>Mm</attributeName>
          <attributeLabel>Mm</attributeLabel>
          <attributeDefinition>Relative abundance of Mus musculus</attributeDefinition>
          <measurementScale>
            <ratio>
              <unit>
                <standardUnit>dimensionless</standardUnit>
              </unit>
              <precision>1</precision>
              <numericDomain>
                <numberType>real</numberType>
              </numericDomain>
            </ratio>
          </measurementScale>
        </attribute>
        <attribute>
          <attributeName>Nf</attributeName>
          <attributeLabel>Nf</attributeLabel>
          <attributeDefinition>Relative abundance of Neotoma floridana</attributeDefinition>
          <measurementScale>
            <ratio>
              <unit>
                <standardUnit>dimensionless</standardUnit>
              </unit>
              <precision>1</precision>
              <numericDomain>
                <numberType>real</numberType>
              </numericDomain>
            </ratio>
          </measurementScale>
        </attribute>
        <attribute>
          <attributeName>Sc</attributeName>
          <attributeLabel>Sc</attributeLabel>
          <attributeDefinition>Relative abundance of Synaptomys cooperi</attributeDefinition>
          <measurementScale>
            <ratio>
              <unit>
                <standardUnit>dimensionless</standardUnit>
              </unit>
              <precision>1</precision>
              <numericDomain>
                <numberType>real</numberType>
              </numericDomain>
            </ratio>
          </measurementScale>
        </attribute>
        <attribute>
          <attributeName>Zh</attributeName>
          <attributeLabel>Zh</attributeLabel>
          <attributeDefinition>Relative abundance of Zapus hudsonius</attributeDefinition>
          <measurementScale>
            <ratio>
              <unit>
                <standardUnit>dimensionless</standardUnit>
              </unit>
              <precision>1</precision>
              <numericDomain>
                <numberType>real</numberType>
              </numericDomain>
            </ratio>
          </measurementScale>
        </attribute>
        <attribute>
          <attributeName>Cp</attributeName>
          <attributeLabel>Cp</attributeLabel>
          <attributeDefinition>Relative abundance of Cryptotis parva</attributeDefinition>
          <measurementScale>
            <ratio>
              <unit>
                <standardUnit>dimensionless</standardUnit>
              </unit>
              <precision>1</precision>
              <numericDomain>
                <numberType>real</numberType>
              </numericDomain>
            </ratio>
          </measurementScale>
        </attribute>
      </attributeList>
    </dataTable>
  </dataset>
</eml:eml>
