<?xml version="1.0" encoding="UTF-8"?>
<eml:eml packageId="knb-lter-knz.91.1"
  system="https://pasta.edirepository.org"
  xmlns:ds="eml://ecoinformatics.org/dataset-2.1.0"
  xmlns:eml="eml://ecoinformatics.org/eml-2.1.1"
  xmlns:stmml="http://www.xml-cml.org/schema/stmml-1.1"
  xmlns:xs="http://www.w3.org/2001/XMLSchema"
  xmlns:xsi="http://www.w3.org/2001/XMLSchema-instance" xsi:schemaLocation="eml://ecoinformatics.org/eml-2.1.0 http://nis.lternet.edu/schemas/EML/eml-2.1.0/eml.xsd">
  <access authSystem="https://pasta.edirepository.org/authentication"
    order="allowFirst" scope="document" system="https://pasta.edirepository.org">
    <allow>
      <principal>uid=KNZ,o=LTER,dc=ecoinformatics,dc=org</principal>
      <permission>all</permission>
    </allow>
    <allow>
      <principal>public</principal>
      <permission>read</permission>
    </allow>
  </access>
  <dataset>
    <alternateIdentifier system="https://doi.org">doi:10.6073/pasta/ae7d642ec7c216838a1ec994318d1e01</alternateIdentifier>
    <shortName>VIR01</shortName>
    <title>VIR01 Effects of invertebate and vertebrate herbivory on tallgrass prairie plant community composition and biomass, Konza Prairie LTER</title>
    <creator>
      <individualName>
        <givenName>Kimberly</givenName>
        <surName>La Pierre</surName>
      </individualName>
      <address>
        <deliveryPoint>Smithsonian Environmental Research Center (SERC)</deliveryPoint>
        <city>Edgewater</city>
        <administrativeArea>MD</administrativeArea>
        <postalCode>21037</postalCode>
        <country>US</country>
      </address>
      <electronicMailAddress>lapierrek@si.edu</electronicMailAddress>
    </creator>
    <creator>
      <individualName>
        <givenName>Melinda</givenName>
        <surName>Smith</surName>
      </individualName>
      <address>
        <deliveryPoint>College of Natural Sciences Biology, Colorado State University</deliveryPoint>
        <city>Fort Collins</city>
        <administrativeArea>CO</administrativeArea>
        <postalCode>80523</postalCode>
        <country>US</country>
      </address>
      <phone phonetype="voice">203-432-9422</phone>
      <electronicMailAddress>melinda.smith@colostate.edu</electronicMailAddress>
    </creator>
    <creator>
      <individualName>
        <givenName>Anthony</givenName>
        <surName>Joern</surName>
      </individualName>
      <address>
        <deliveryPoint>116 Ackert Hall, Division of Biology, Kansas State University</deliveryPoint>
        <city>Manhattan</city>
        <administrativeArea>KS</administrativeArea>
        <postalCode>66506</postalCode>
        <country>US</country>
      </address>
      <phone phonetype="voice">402-472-2724</phone>
      <phone phonetype="facsimile">402-472-2083</phone>
      <electronicMailAddress>ajoern@ksu.edu</electronicMailAddress>
    </creator>
    <metadataProvider>
      <organizationName>Konza LTER</organizationName>
      <onlineUrl>http://www.konza.ksu.edu/</onlineUrl>
    </metadataProvider>
    <pubDate>2016-12-30</pubDate>
    <language>English</language>
    <abstract>
      <section>
        <para>
          <literalLayout>The effects of herbivores and their interactions with nutrient availability on primary production and plant community composition in grassland systems is expected to vary with herbivore type. Although nutrient additions are known to affect plant species diversity and primary productivity, the role of herbivores in mediating the strength of these effects also remains unclear. Herbivores may alter plant responses to nutrient additions in several ways. First, herbivores can alter the plant community response to nutrient additions by either selectively feeding on particular groups of species (e.g. grasses versus forbs) or by generally opening up space, allowing for species turnover and immigration. Second, feeding by herbivores may reduce the production response to nutrient additions if the plants cannot compensate for tissue lost to herbivory. As the functional effects of vertebrate and invertebrate herbivores on plant community composition and production may vary, the interactive effects of vertebrate versus invertebrate herbivores with nutrient additions may also vary. Here we are experimentally assessing the independent and interactive effects of removing vertebrate and invertebrate herbivores on aboveground biomass and plant community composition in native tallgrass prairie. Further, we are examining whether the removal of vertebrate and invertebrate herbivores interacts with nutrient availability. By doing this, we address three related questions: 1) what is the relative strength of the effects of invertebrate versus vertebrate herbivory in a grassland system; 2) how does herbivory (invertebrate and/or vertebrate) affect the relative abundances of grasses and forbs, the two dominant plant functional types within the ecosystem; and 3) what are the consequences of these changes in composition for aboveground net primary productivity, an important ecosystem function?</literalLayout>
        </para>
      </section>
    </abstract>
    <keywordSet>
      <keyword>Primary Production</keyword>
      <keyword>Disturbance</keyword>
      <keyword>Populations</keyword>
      <keywordThesaurus>Core Areas</keywordThesaurus>
    </keywordSet>
    <keywordSet>
      <keyword>Others</keyword>
      <keywordThesaurus>Section</keywordThesaurus>
    </keywordSet>
    <keywordSet>
      <keyword>aboveground biomass</keyword>
      <keyword>abundance populations</keyword>
      <keyword>ANPP</keyword>
      <keyword>belowground</keyword>
      <keyword>Kansas</keyword>
      <keyword>Konza Prairie</keyword>
      <keyword>Konza Prairie Biological Station</keyword>
      <keyword>plant biomass</keyword>
      <keyword>plant communities</keyword>
      <keyword>plant cover</keyword>
      <keywordThesaurus>Station Keywords</keywordThesaurus>
    </keywordSet>
    <intellectualRights>
      <section>
        <title>Data Policies</title>
        <para>
          <literalLayout>Data Use Agreements: The Intellectual Rights within the metadata associated with each KNZ data set determines the exact data and metadata use agreement between the data user and the KNZ LTER site. KNZ LTER data and metadata may be released under the license: CC BY - Attribution (https://creativecommons.org/licenses/by/4.0/). This license lets others distribute, remix, tweak, and build upon KNZ work (even commercially), as long as the KNZ program is credited for the original creation. Alternatively, some KNZ LTER data and metadata may be released into the public domain: CC0 - No Rights Reserved (https://creativecommons.org/share-your-work/public-domain/cc0/). CC0 states that data are placed in the public domain, so that others may freely build upon, enhance and reuse the works for any purposes without restriction under copyright or database law. In either case, users of KNZ data are referred to the following guidelines: "The consumer of these data ("Data User" herein) has an ethical obligation to cite it appropriately in any publication that results from its use. The Data User should realize that these data may be actively used by others for ongoing research and that coordination may be necessary to prevent duplicate publication. The Data User is urged to contact the authors of these data if any questions about methodology or results occur. Where appropriate, the Data User is encouraged to consider collaboration or coauthorship with the authors. The Data User should realize that misinterpretation of data may occur if used out of context of the original study. While substantial efforts are made to ensure the accuracy of data and associated documentation, complete accuracy of data sets cannot be guaranteed. All data are made available "as is." The Data User should be aware, however, that data are updated periodically and it is the responsibility of the Data User to check for new versions of the data. The data authors and the repository where these data were obtained shall not be liable for damages resulting from any use or misinterpretation of the data. Thank you".</literalLayout>
        </para>
      </section>
    </intellectualRights>
    <distribution>
      <online>
        <url function="information">http://lter.konza.ksu.edu/content/vir01-effects-invertebate-and-vertebrate-herbivory-tallgrass-prairie-plant-community</url>
      </online>
    </distribution>
    <coverage>
      <geographicCoverage>
        <geographicDescription>2C: Ungrazed and scheduled prescribed burned every 2 years in the spring.</geographicDescription>
        <boundingCoordinates>
          <westBoundingCoordinate>-96.5772</westBoundingCoordinate>
          <eastBoundingCoordinate>-96.5846</eastBoundingCoordinate>
          <northBoundingCoordinate>39.0725</northBoundingCoordinate>
          <southBoundingCoordinate>39.0667</southBoundingCoordinate>
        </boundingCoordinates>
      </geographicCoverage>
      <temporalCoverage>
        <rangeOfDates>
          <beginDate>
            <calendarDate>2009-05-11</calendarDate>
          </beginDate>
          <endDate>
            <calendarDate>2016-12-30</calendarDate>
          </endDate>
        </rangeOfDates>
      </temporalCoverage>
    </coverage>
    <purpose>
      <para>
        <literalLayout>To examine the effects of invertebrate and vertebrate herbivores and their interactions with nutrient availability on grassland plant community composition and aboveground biomass.</literalLayout>
      </para>
    </purpose>
    <contact>
      <individualName>
        <givenName>Konza</givenName>
        <surName>LTER</surName>
      </individualName>
      <address>
        <deliveryPoint>Division of Biology</deliveryPoint>
        <city>Manhattan</city>
        <administrativeArea>KS</administrativeArea>
        <postalCode>66506</postalCode>
        <country>US</country>
      </address>
      <phone phonetype="voice">785-532-6729</phone>
      <electronicMailAddress>knzlter@ksu.edu</electronicMailAddress>
      <onlineUrl>http://lter.konza.ksu.edu</onlineUrl>
    </contact>
    <publisher>
      <organizationName>Konza LTER</organizationName>
      <onlineUrl>http://www.konza.ksu.edu/</onlineUrl>
    </publisher>
    <pubPlace>Konza Prairie LTER</pubPlace>
    <methods>
      <methodStep>
        <description>
          <section>
            <para>
              <literalLayout>Location of Sampling Stations: Uplands of watershed 2C (behind the Nutrient Network plots and adjacent to the Phosphorus plots Frequency of Sampling: To determine the effects of nutrient availability and herbivore removal on grassland productivity and diversity, plant species composition and end-of-season above-ground biomass are sampled yearly. Methods: The effects of herbivores and their interactions with nutrient availability on primary production and plant community composition in grassland systems is expected to vary with herbivore type. Although nutrient additions are known to affect plant species diversity and primary productivity, the role of herbivores in mediating the strength of these effects also remains unclear. Herbivores may alter plant responses to nutrient additions in several ways. First, herbivores can alter the plant community response to nutrient additions by either selectively feeding on particular groups of species (e.g. grasses versus forbs) or by generally opening up space, allowing for species turnover and immigration. Second, feeding by herbivores may reduce the production response to nutrient additions if the plants cannot compensate for tissue lost to herbivory. As the functional effects of vertebrate and invertebrate herbivores on plant community composition and production may vary, the interactive effects of vertebrate versus invertebrate herbivores with nutrient additions may also vary. Here we are experimentally assessing the independent and interactive effects of removing vertebrate and invertebrate herbivores on aboveground biomass and plant community composition in native tallgrass prairie. Further, we are examining whether the removal of vertebrate and invertebrate herbivores interacts with nutrient availability. By doing this, we address three related questions: 1) what is the relative strength of the effects of invertebrate versus vertebrate herbivory in a grassland system; 2) how does herbivory (invertebrate and/or vertebrate) affect the relative abundances of grasses and forbs, the two dominant plant functional types within the ecosystem; and 3) what are the consequences of these changes in composition for aboveground net primary productivity, an important ecosystem function? We are examining the effects of invertebrate and vertebrate herbivores and their interactions with nutrient availability on grassland plant community composition and aboveground biomass in the uplands of watershed 2C at Konza Prairie (behind the Nutrient Network plots and adjacent to the Phosphorus plots). To address the relative and interactive effects of bottom-up and top-down control over grassland communities, nutrient additions, vertebrate herbivore removals, and invertebrate herbivore removals were crossed in a fully factorial design. Plots are 2 x 2 m in area and treatment replicates (N=3) are arrayed in three blocks. Plots within each block are separated by 1 m aisles, while blocks are separated by 2 m aisles. The nutrient treatments involve the addition of relatively high levels of nitrogen, phosphorous, and potassium plus other micronutrients, each applied at a rate of 10 g m-2 yr-1. Nitrogen is added in the form of time-release urea; phosphorous is added in the form of calcium phosphate; and potassium is added in the form of potassium sulfate. The micronutrient treatment involved the addition of Scottâ€™s Micromax fertilizer, which contains calcium (6 g m-2), magnesium (3 g m-2), sulfur (12 g m-2), boron (0.1 g m-2), copper (1 g m-2), iron (17 g m-2), manganese (2.5 g m-2), molybdenum (0.05 g m-2), and zinc (1 g m-2). The micronutrient treatment was only applied in 2009 to prevent the build-up of these elements in the soil, some of which are toxic to plants at high levels. These nutrient additions occur once yearly at the start of the growing season. The vertebrate herbivore removal (caged) treatment involves surrounding the entire plot with a fence. This fence consists of a 1 m high fine mesh with a 0.3 m skirt stapled to the ground, to discourage burrowing under fences. The herbivore removal treatment excludes medium- to large- vertebrate herbivores from the plots, but does not prevent access by invertebrate herbivores. Ortho Bug-B-Gone insecticide is applied to the invertebrate herbivore removal (insecticide) plots every two weeks throughout the growing season to ensure complete exclusion of invertebrate herbivores. An equal quantity of water is added to the insect control plots. To determine the effects of nutrient availability and herbivore removal on grassland productivity and diversity, plant species composition and end-of-season above-ground biomass are sampled yearly. Plant species composition is measured in a permanent 1 m2 subunit within each of the experimental plots twice per growing season, once in spring (mid-May to early-June) to determine the abundance of early season forbs and C3 grasses, and once in fall (late-August to early-September) to determine the abundance of late season forbs and C4 grasses. Percent cover is determined for each species to the nearest 1% using a modified Daubenmire method. Two permanent 1 m2 subunits within each experimental plot are dedicated to destructive biomass sampling. The aboveground standing crop is sampled once per growing season, at peak biomass. One 0.1 m2 strip is clipped in each of the two destructive sampling subunit in each plot and the location of strips is moved each year to prevent resampling. Biomass is separated (2009: to the three dominant grasses, one dominant forb, other grasses, other forbs, woody, and previous yearâ€™s dead; 2010-2012: by species; 2013-current: by functional group), dried at 60 Â°C, and weighed. Light attenuation curves were developed for each plot in 2009. Light availability was measured from ground level to above the canopy at 0.1m intervals four times during the growing season (May, June, July, August) using a PAR sensor. Root biomass was measured in 2010 by taking three soil cores spaced evenly around each plot (radius=1.25â€, depth=15 cm), sieving the roots out of the soil, washing the roots, and drying the roots at 60 Â°C.</literalLayout>
            </para>
          </section>
        </description>
      </methodStep>
      <methodStep>
        <description>
          <section>
            <para>
              <literalLayout>For additional metadata information see: http://lter.konza.ksu.edu/sites/default/files/DC.pdf For additional methods information see: http://lter.konza.ksu.edu/sites/default/files/MM.pdf</literalLayout>
            </para>
          </section>
        </description>
      </methodStep>
    </methods>
    <dataTable>
      <entityName>VIR011</entityName>
      <entityDescription>Plant cover data</entityDescription>
      <physical>
        <objectName>vir011.csv</objectName>
        <size>137270</size>
        <dataFormat>
          <textFormat>
            <numHeaderLines>1</numHeaderLines>
            <attributeOrientation>column</attributeOrientation>
            <simpleDelimited>
              <fieldDelimiter>,</fieldDelimiter>
            </simpleDelimited>
          </textFormat>
        </dataFormat>
        <distribution>
          <online>
            <url>https://pasta.lternet.edu/package/data/eml/knb-lter-knz/91/1/4450110185c5aa89f55852ed93de69d9</url>
          </online>
        </distribution>
      </physical>
      <attributeList>
        <attribute>
          <attributeName>DataCode</attributeName>
          <attributeLabel>DataCode</attributeLabel>
          <attributeDefinition>Dataset code</attributeDefinition>
          <storageType>string</storageType>
          <measurementScale>
            <nominal>
              <nonNumericDomain>
                <textDomain>
                  <definition>Dataset code</definition>
                </textDomain>
              </nonNumericDomain>
            </nominal>
          </measurementScale>
        </attribute>
        <attribute>
          <attributeName>RecType</attributeName>
          <attributeLabel>RecType</attributeLabel>
          <attributeDefinition>Record type</attributeDefinition>
          <storageType>string</storageType>
          <measurementScale>
            <nominal>
              <nonNumericDomain>
                <textDomain>
                  <definition>Record type</definition>
                </textDomain>
              </nonNumericDomain>
            </nominal>
          </measurementScale>
        </attribute>
        <attribute>
          <attributeName>RecYear</attributeName>
          <attributeLabel>RecYear</attributeLabel>
          <attributeDefinition>Year of record</attributeDefinition>
          <measurementScale>
            <ratio>
              <unit>
                <customUnit>Year (YYYY)</customUnit>
              </unit>
              <numericDomain>
                <numberType>real</numberType>
              </numericDomain>
            </ratio>
          </measurementScale>
        </attribute>
        <attribute>
          <attributeName>RecSeason</attributeName>
          <attributeLabel>RecSeason</attributeLabel>
          <attributeDefinition>Season of record</attributeDefinition>
          <storageType>string</storageType>
          <measurementScale>
            <nominal>
              <nonNumericDomain>
                <textDomain>
                  <definition>Season of record</definition>
                </textDomain>
              </nonNumericDomain>
            </nominal>
          </measurementScale>
        </attribute>
        <attribute>
          <attributeName>Block</attributeName>
          <attributeLabel>Block</attributeLabel>
          <attributeDefinition>Block number</attributeDefinition>
          <storageType>string</storageType>
          <measurementScale>
            <nominal>
              <nonNumericDomain>
                <textDomain>
                  <definition>Block number</definition>
                </textDomain>
              </nonNumericDomain>
            </nominal>
          </measurementScale>
        </attribute>
        <attribute>
          <attributeName>Plot</attributeName>
          <attributeLabel>Plot</attributeLabel>
          <attributeDefinition>Plot Number</attributeDefinition>
          <storageType>string</storageType>
          <measurementScale>
            <nominal>
              <nonNumericDomain>
                <textDomain>
                  <definition>Plot Number</definition>
                </textDomain>
              </nonNumericDomain>
            </nominal>
          </measurementScale>
        </attribute>
        <attribute>
          <attributeName>Subplot</attributeName>
          <attributeLabel>Subplot</attributeLabel>
          <attributeDefinition>Subplot Number</attributeDefinition>
          <storageType>string</storageType>
          <measurementScale>
            <nominal>
              <nonNumericDomain>
                <textDomain>
                  <definition>Subplot Number</definition>
                </textDomain>
              </nonNumericDomain>
            </nominal>
          </measurementScale>
        </attribute>
        <attribute>
          <attributeName>SpeCode</attributeName>
          <attributeLabel>SppNum</attributeLabel>
          <attributeDefinition>Species number from NUT species list</attributeDefinition>
          <storageType>string</storageType>
          <measurementScale>
            <nominal>
              <nonNumericDomain>
                <textDomain>
                  <definition>Species number from NUT species list</definition>
                </textDomain>
              </nonNumericDomain>
            </nominal>
          </measurementScale>
        </attribute>
        <attribute>
          <attributeName>Ab_genus</attributeName>
          <attributeLabel>Ab_genus</attributeLabel>
          <attributeDefinition>Abbreviation of genus</attributeDefinition>
          <storageType>string</storageType>
          <measurementScale>
            <nominal>
              <nonNumericDomain>
                <textDomain>
                  <definition>Abbreviation of genus</definition>
                </textDomain>
              </nonNumericDomain>
            </nominal>
          </measurementScale>
        </attribute>
        <attribute>
          <attributeName>AB_species</attributeName>
          <attributeLabel>AB_species</attributeLabel>
          <attributeDefinition>Abbreviation of specie</attributeDefinition>
          <storageType>string</storageType>
          <measurementScale>
            <nominal>
              <nonNumericDomain>
                <textDomain>
                  <definition>Abbreviation of specie</definition>
                </textDomain>
              </nonNumericDomain>
            </nominal>
          </measurementScale>
        </attribute>
        <attribute>
          <attributeName>Cover</attributeName>
          <attributeLabel>Cover</attributeLabel>
          <attributeDefinition>Plant Cover</attributeDefinition>
          <measurementScale>
            <ratio>
              <unit>
                <customUnit>percent</customUnit>
              </unit>
              <numericDomain>
                <numberType>real</numberType>
              </numericDomain>
            </ratio>
          </measurementScale>
        </attribute>
        <attribute>
          <attributeName>Comments</attributeName>
          <attributeLabel>Comments</attributeLabel>
          <attributeDefinition>Comments</attributeDefinition>
          <storageType>string</storageType>
          <measurementScale>
            <nominal>
              <nonNumericDomain>
                <textDomain>
                  <definition>Comments</definition>
                </textDomain>
              </nonNumericDomain>
            </nominal>
          </measurementScale>
        </attribute>
      </attributeList>
    </dataTable>
    <dataTable>
      <entityName>VIR012</entityName>
      <entityDescription>Aboveground biomass for each plot at a site.</entityDescription>
      <physical>
        <objectName>VIR012.csv</objectName>
        <size>2368</size>
        <dataFormat>
          <textFormat>
            <numHeaderLines>1</numHeaderLines>
            <recordDelimiter>\n</recordDelimiter>
            <attributeOrientation>column</attributeOrientation>
            <simpleDelimited>
              <fieldDelimiter>,</fieldDelimiter>
              <quoteCharacter>"</quoteCharacter>
            </simpleDelimited>
          </textFormat>
        </dataFormat>
        <distribution>
          <online>
            <url>https://pasta.lternet.edu/package/data/eml/knb-lter-knz/91/1/aa9673b9478b0a2ff143bd45ea092ab9</url>
          </online>
        </distribution>
      </physical>
      <attributeList>
        <attribute>
          <attributeName>DataCode</attributeName>
          <attributeLabel>DataCode</attributeLabel>
          <attributeDefinition>Dataset code</attributeDefinition>
          <storageType>string</storageType>
          <measurementScale>
            <nominal>
              <nonNumericDomain>
                <textDomain>
                  <definition>Dataset code</definition>
                </textDomain>
              </nonNumericDomain>
            </nominal>
          </measurementScale>
        </attribute>
        <attribute>
          <attributeName>RecType</attributeName>
          <attributeLabel>RecType</attributeLabel>
          <attributeDefinition>Record type</attributeDefinition>
          <storageType>string</storageType>
          <measurementScale>
            <nominal>
              <nonNumericDomain>
                <textDomain>
                  <definition>Record type</definition>
                </textDomain>
              </nonNumericDomain>
            </nominal>
          </measurementScale>
        </attribute>
        <attribute>
          <attributeName>RecYear</attributeName>
          <attributeLabel>RecYear</attributeLabel>
          <attributeDefinition>Year of record</attributeDefinition>
          <measurementScale>
            <ratio>
              <unit>
                <customUnit>Year (YYYY)</customUnit>
              </unit>
              <numericDomain>
                <numberType>real</numberType>
              </numericDomain>
            </ratio>
          </measurementScale>
        </attribute>
        <attribute>
          <attributeName>RecSeason</attributeName>
          <attributeLabel>RecSeason</attributeLabel>
          <attributeDefinition>Season of record</attributeDefinition>
          <storageType>string</storageType>
          <measurementScale>
            <nominal>
              <nonNumericDomain>
                <enumeratedDomain>
                  <codeDefinition>
                    <code>F</code>
                    <definition>Fall</definition>
                  </codeDefinition>
                  <codeDefinition>
                    <code>S</code>
                    <definition>Spring</definition>
                  </codeDefinition>
                </enumeratedDomain>
              </nonNumericDomain>
            </nominal>
          </measurementScale>
        </attribute>
        <attribute>
          <attributeName>Plot</attributeName>
          <attributeLabel>Plot</attributeLabel>
          <attributeDefinition>Plot</attributeDefinition>
          <storageType>string</storageType>
          <measurementScale>
            <nominal>
              <nonNumericDomain>
                <textDomain>
                  <definition>Plot</definition>
                </textDomain>
              </nonNumericDomain>
            </nominal>
          </measurementScale>
        </attribute>
        <attribute>
          <attributeName>Subplot</attributeName>
          <attributeLabel>Subplot</attributeLabel>
          <attributeDefinition>Subplot</attributeDefinition>
          <storageType>string</storageType>
          <measurementScale>
            <nominal>
              <nonNumericDomain>
                <textDomain>
                  <definition>Subplot</definition>
                </textDomain>
              </nonNumericDomain>
            </nominal>
          </measurementScale>
        </attribute>
        <attribute>
          <attributeName>Lvgrass</attributeName>
          <attributeLabel>Lvgrass</attributeLabel>
          <attributeDefinition>mass of live grass</attributeDefinition>
          <measurementScale>
            <ratio>
              <unit>
                <standardUnit>dimensionless</standardUnit>
              </unit>
              <numericDomain>
                <numberType>real</numberType>
              </numericDomain>
            </ratio>
          </measurementScale>
        </attribute>
        <attribute>
          <attributeName>Forbs</attributeName>
          <attributeLabel>Forbs</attributeLabel>
          <attributeDefinition>mass of forbs</attributeDefinition>
          <measurementScale>
            <ratio>
              <unit>
                <standardUnit>dimensionless</standardUnit>
              </unit>
              <numericDomain>
                <numberType>real</numberType>
              </numericDomain>
            </ratio>
          </measurementScale>
        </attribute>
        <attribute>
          <attributeName>Pryrdead</attributeName>
          <attributeLabel>Pryrdead</attributeLabel>
          <attributeDefinition>mass of previous years dead</attributeDefinition>
          <measurementScale>
            <ratio>
              <unit>
                <standardUnit>dimensionless</standardUnit>
              </unit>
              <numericDomain>
                <numberType>real</numberType>
              </numericDomain>
            </ratio>
          </measurementScale>
        </attribute>
        <attribute>
          <attributeName>Woody</attributeName>
          <attributeLabel>Woody</attributeLabel>
          <attributeDefinition>mass of woody (as of 24 aug 1992)</attributeDefinition>
          <measurementScale>
            <ratio>
              <unit>
                <standardUnit>dimensionless</standardUnit>
              </unit>
              <precision>0.01</precision>
              <numericDomain>
                <numberType>real</numberType>
              </numericDomain>
            </ratio>
          </measurementScale>
        </attribute>
        <attribute>
          <attributeName>Comments</attributeName>
          <attributeLabel>Comments</attributeLabel>
          <attributeDefinition>Comments on data collection</attributeDefinition>
          <storageType>string</storageType>
          <measurementScale>
            <nominal>
              <nonNumericDomain>
                <textDomain>
                  <definition>Comments on data collection</definition>
                </textDomain>
              </nonNumericDomain>
            </nominal>
          </measurementScale>
        </attribute>
      </attributeList>
    </dataTable>
  </dataset>
  <additionalMetadata>
    <metadata>
      <stmml:unitList xmlns="http://www.xml-cml.org/schema/stmml"
        xmlns:sch="http://www.ascc.net/xml/schematron"
        xmlns:stmml="http://www.xml-cml.org/schema/stmml-1.1"
        xmlns:xsi="http://www.w3.org/2001/XMLSchema-instance" xsi:schemaLocation="http://www.xml-cml.org/schema/stmml-1.1 http://nis.lternet.edu/schemas/EML/eml-2.1.0/stmml.xsd">
        <stmml:unit id="Year (YYYY)">
          <stmml:description/>
        </stmml:unit>
        <stmml:unit abbreviation="%" constantToSI="0" id="percent"
          multiplierToSI="100" name="percent" parentSI="numberPerNumber" unitType="dimensionless">
          <stmml:description>ratio of two quantities as percent composition (1:100)</stmml:description>
        </stmml:unit>
      </stmml:unitList>
    </metadata>
  </additionalMetadata>
</eml:eml>
