<?xml version="1.0" encoding="UTF-8"?>
<eml:eml packageId="knb-lter-gce.442.5" system="knb" xmlns:ds="eml://ecoinformatics.org/dataset-2.1.0" xmlns:eml="eml://ecoinformatics.org/eml-2.1.1" xmlns:stmml="http://www.xml-cml.org/schema/stmml-1.1" xmlns:xsi="http://www.w3.org/2001/XMLSchema-instance" xsi:schemaLocation="eml://ecoinformatics.org/eml-2.1.0 http://gce-lter.marsci.uga.edu/public/files/schemas/eml-210/eml.xsd">
<access authSystem="knb" order="allowFirst" scope="document">
<allow>
<principal>uid=GCE,o=lter,dc=ecoinformatics,dc=org</principal>
<permission>all</permission>
</allow>
<allow>
<principal>public</principal>
<permission>read</permission>
</allow>
</access>
<dataset>
<alternateIdentifier>GIS-GCES-1401a.3.0</alternateIdentifier>
<title>February- March 2010 RTK survey of salt marsh plant ground elevations, plant characteristics and soil properties to support analysis of a LIDAR-derived DEM.</title>
<creator id="GCE-LTER"><organizationName>Georgia Coastal Ecosystems LTER Project</organizationName>
<address>
<deliveryPoint>Dept. of Marine Sciences</deliveryPoint>
<deliveryPoint>University of Georgia</deliveryPoint>
<city>Athens</city>
<administrativeArea>Georgia</administrativeArea>
<postalCode>30602-3636</postalCode>
<country>USA</country>
</address>
<electronicMailAddress>gcelter@uga.edu</electronicMailAddress>
<onlineUrl>http://gce-lter.marsci.uga.edu/</onlineUrl>
</creator>
<creator>
<individualName>
<salutation>Dr.</salutation>
<givenName>Christine</givenName>
<givenName>M.</givenName>
<surName>Hladik</surName>
</individualName>
<organizationName>Georgia Southern University</organizationName>
<address>
<deliveryPoint>Department of Geology and Geography</deliveryPoint>
<deliveryPoint>Georgia Southern University</deliveryPoint>
<city>Statesboro</city>
<administrativeArea>Georgia</administrativeArea>
<postalCode>30460</postalCode>
<country>USA</country>
</address>
<electronicMailAddress>chladik@georgiasouthern.edu</electronicMailAddress>
<onlineUrl>http://cosm.georgiasouthern.edu/geo/faculty/geography-faculty/christine-hladik/</onlineUrl>
</creator>
<metadataProvider><references>GCE-LTER</references></metadataProvider>
<associatedParty>
<individualName>
<salutation>Dr.</salutation>
<givenName>Merryl</givenName>
<surName>Alber</surName>
</individualName>
<organizationName>University of Georgia</organizationName>
<electronicMailAddress>malber@uga.edu</electronicMailAddress>
<role>thesis advisor</role>
</associatedParty>
<associatedParty>
<individualName>
<givenName>Kristen</givenName>
<surName>Anstead</surName>
</individualName>
<organizationName>University of Georgia Marine Institute</organizationName>
<electronicMailAddress>kanstead@uga.edu</electronicMailAddress>
<role>field assistant</role>
</associatedParty>
<associatedParty>
<individualName>
<givenName>Nick</givenName>
<surName>Scoville</surName>
</individualName>
<organizationName>University of Georgia Marine Institute</organizationName>
<electronicMailAddress>scoville@uga.edu</electronicMailAddress>
<role>field assistant</role>
</associatedParty>
<pubDate>2013</pubDate>
<abstract>
<para>Real time kinematic (RTK) GPS survey of ground elevations for six plant species (Spartina alterniflora, Juncus roemerianus, Batis maritima, Distichlis spicata, Salicornia  virginica and Borrichia frutescens) and two non-vegetated cover classes (salt pan and intertidal mud) was carried out from February to March 2010 to assess the accuracy of a LIDAR-derived digital elevation model. In total, 369 ground control points (GCP) were collected for the Duplin River (Sapelo Island) and Blackbeard Creek (Blackbeard Island) salt marshes with associated plant and soil charactistics (soil salinity and water content, soil organic matter, soil redox potential).  Data were collected to examine the relationships between marsh soil elevation, plant habitat distribution and soil properties and to support the analysis of a a LIDAR-derived digital elevation model (DEM) and RTK data collect in 2009.</para>
</abstract>
<keywordSet>
<keyword keywordType="place">Georgia</keyword>
<keyword keywordType="place">Sapelo Island</keyword>
<keyword keywordType="place">USA</keyword>
<keyword keywordType="theme">GCE</keyword>
<keyword keywordType="theme">Georgia Coastal Ecosystems</keyword>
<keyword keywordType="theme">LTER</keyword>
<keyword keywordType="theme">Real Time Kinematic</keyword>
<keyword keywordType="theme">RTK</keyword>
<keywordThesaurus>GCE-LTER Controlled Vocabulary</keywordThesaurus>
</keywordSet>
<keywordSet>
<keyword keywordType="taxonomic">Amaranthaceae</keyword>
<keyword keywordType="taxonomic">Angiospermae</keyword>
<keyword keywordType="taxonomic">Caryophyllales</keyword>
<keyword keywordType="taxonomic">Caryophyllanae</keyword>
<keyword keywordType="taxonomic">Distichlis spicata</keyword>
<keyword keywordType="taxonomic">Juncaceae</keyword>
<keyword keywordType="taxonomic">Juncus roemerianus</keyword>
<keyword keywordType="taxonomic">Lilianae</keyword>
<keyword keywordType="taxonomic">Magnoliopsida</keyword>
<keyword keywordType="taxonomic">Plantae</keyword>
<keyword keywordType="taxonomic">Poaceae</keyword>
<keyword keywordType="taxonomic">Poales</keyword>
<keyword keywordType="taxonomic">Salicornia depressa</keyword>
<keyword keywordType="taxonomic">Spartina alterniflora</keyword>
<keyword keywordType="taxonomic">Spermatophytina</keyword>
<keyword keywordType="taxonomic">Streptophyta</keyword>
<keyword keywordType="taxonomic">Tracheophyta</keyword>
<keyword keywordType="taxonomic">Viridaeplantae</keyword>
<keywordThesaurus>GCE-LTER Species List</keywordThesaurus>
</keywordSet>
<keywordSet>
<keyword keywordType="theme">elevation</keyword>
<keyword keywordType="theme">organic content</keyword>
<keyword keywordType="theme">plant biomass</keyword>
<keyword keywordType="theme">plant communities</keyword>
<keyword keywordType="theme">redox</keyword>
<keyword keywordType="theme">salinity</keyword>
<keyword keywordType="theme">soil carbon</keyword>
<keyword keywordType="theme">soil moisture</keyword>
<keyword keywordType="theme">soil organic matter</keyword>
<keyword keywordType="theme">soil water</keyword>
<keyword keywordType="theme">soils</keyword>
<keywordThesaurus>LTER Controlled Vocabulary</keywordThesaurus>
</keywordSet>
<keywordSet>
<keyword keywordType="theme">Primary Production</keyword>
<keywordThesaurus>LTER Core Research Areas</keywordThesaurus>
</keywordSet>
<intellectualRights>
<para>All publications based on this data set must cite the contributor and Georgia Coastal Ecosystems LTER project, and two copies of the manuscript must be submitted to the GCE-LTER Information Management Office.</para>
</intellectualRights>
<distribution>
<online>
<url function="information">http://gce-lter.marsci.uga.edu/public/app/dataset_details.asp?accession=GIS-GCES-1401a</url>
</online>
</distribution>
<coverage>
<temporalCoverage>
<rangeOfDates>
<beginDate>
<calendarDate>2010-02-16</calendarDate>
</beginDate>
<endDate>
<calendarDate>2010-03-14</calendarDate>
</endDate>
</rangeOfDates>
</temporalCoverage>
<taxonomicCoverage>
<taxonomicClassification>
<taxonRankName>Kingdom</taxonRankName>
<taxonRankValue>Plantae</taxonRankValue>
<taxonomicClassification>
<taxonRankName>Subkingdom</taxonRankName>
<taxonRankValue>Viridaeplantae</taxonRankValue>
<taxonomicClassification>
<taxonRankName>Infrakingdom</taxonRankName>
<taxonRankValue>Streptophyta</taxonRankValue>
<taxonomicClassification>
<taxonRankName>Division</taxonRankName>
<taxonRankValue>Tracheophyta</taxonRankValue>
<taxonomicClassification>
<taxonRankName>Subdivision</taxonRankName>
<taxonRankValue>Spermatophytina</taxonRankValue>
<taxonomicClassification>
<taxonRankName>Infradivision</taxonRankName>
<taxonRankValue>Angiospermae</taxonRankValue>
<taxonomicClassification>
<taxonRankName>Class</taxonRankName>
<taxonRankValue>Magnoliopsida</taxonRankValue>
<taxonomicClassification>
<taxonRankName>Superorder</taxonRankName>
<taxonRankValue>Lilianae</taxonRankValue>
<taxonomicClassification>
<taxonRankName>Order</taxonRankName>
<taxonRankValue>Poales</taxonRankValue>
<taxonomicClassification>
<taxonRankName>Family</taxonRankName>
<taxonRankValue>Poaceae</taxonRankValue>
<taxonomicClassification>
<taxonRankName>Genus</taxonRankName>
<taxonRankValue>Distichlis</taxonRankValue>
<taxonomicClassification>
<taxonRankName>Species</taxonRankName>
<taxonRankValue>Distichlis spicata</taxonRankValue>
<commonName>desert saltgrass, marsh spikegrass, saltgrass, inland saltgrass, seashore saltgrass</commonName>
</taxonomicClassification>
</taxonomicClassification>
</taxonomicClassification>
</taxonomicClassification>
</taxonomicClassification>
</taxonomicClassification>
</taxonomicClassification>
</taxonomicClassification>
</taxonomicClassification>
</taxonomicClassification>
</taxonomicClassification>
</taxonomicClassification>
<taxonomicClassification>
<taxonRankName>Kingdom</taxonRankName>
<taxonRankValue>Plantae</taxonRankValue>
<taxonomicClassification>
<taxonRankName>Subkingdom</taxonRankName>
<taxonRankValue>Viridaeplantae</taxonRankValue>
<taxonomicClassification>
<taxonRankName>Infrakingdom</taxonRankName>
<taxonRankValue>Streptophyta</taxonRankValue>
<taxonomicClassification>
<taxonRankName>Division</taxonRankName>
<taxonRankValue>Tracheophyta</taxonRankValue>
<taxonomicClassification>
<taxonRankName>Subdivision</taxonRankName>
<taxonRankValue>Spermatophytina</taxonRankValue>
<taxonomicClassification>
<taxonRankName>Infradivision</taxonRankName>
<taxonRankValue>Angiospermae</taxonRankValue>
<taxonomicClassification>
<taxonRankName>Class</taxonRankName>
<taxonRankValue>Magnoliopsida</taxonRankValue>
<taxonomicClassification>
<taxonRankName>Superorder</taxonRankName>
<taxonRankValue>Lilianae</taxonRankValue>
<taxonomicClassification>
<taxonRankName>Order</taxonRankName>
<taxonRankValue>Poales</taxonRankValue>
<taxonomicClassification>
<taxonRankName>Family</taxonRankName>
<taxonRankValue>Juncaceae</taxonRankValue>
<taxonomicClassification>
<taxonRankName>Genus</taxonRankName>
<taxonRankValue>Juncus</taxonRankValue>
<taxonomicClassification>
<taxonRankName>Species</taxonRankName>
<taxonRankValue>Juncus roemerianus</taxonRankValue>
<commonName>needlegrass rush</commonName>
</taxonomicClassification>
</taxonomicClassification>
</taxonomicClassification>
</taxonomicClassification>
</taxonomicClassification>
</taxonomicClassification>
</taxonomicClassification>
</taxonomicClassification>
</taxonomicClassification>
</taxonomicClassification>
</taxonomicClassification>
</taxonomicClassification>
<taxonomicClassification>
<taxonRankName>Kingdom</taxonRankName>
<taxonRankValue>Plantae</taxonRankValue>
<taxonomicClassification>
<taxonRankName>Subkingdom</taxonRankName>
<taxonRankValue>Viridaeplantae</taxonRankValue>
<taxonomicClassification>
<taxonRankName>Infrakingdom</taxonRankName>
<taxonRankValue>Streptophyta</taxonRankValue>
<taxonomicClassification>
<taxonRankName>Division</taxonRankName>
<taxonRankValue>Tracheophyta</taxonRankValue>
<taxonomicClassification>
<taxonRankName>Subdivision</taxonRankName>
<taxonRankValue>Spermatophytina</taxonRankValue>
<taxonomicClassification>
<taxonRankName>Infradivision</taxonRankName>
<taxonRankValue>Angiospermae</taxonRankValue>
<taxonomicClassification>
<taxonRankName>Class</taxonRankName>
<taxonRankValue>Magnoliopsida</taxonRankValue>
<taxonomicClassification>
<taxonRankName>Superorder</taxonRankName>
<taxonRankValue>Caryophyllanae</taxonRankValue>
<taxonomicClassification>
<taxonRankName>Order</taxonRankName>
<taxonRankValue>Caryophyllales</taxonRankValue>
<taxonomicClassification>
<taxonRankName>Family</taxonRankName>
<taxonRankValue>Amaranthaceae</taxonRankValue>
<taxonomicClassification>
<taxonRankName>Genus</taxonRankName>
<taxonRankValue>Salicornia</taxonRankValue>
<taxonomicClassification>
<taxonRankName>Species</taxonRankName>
<taxonRankValue>Salicornia depressa</taxonRankValue>
<commonName>Virginia glasswort</commonName>
</taxonomicClassification>
</taxonomicClassification>
</taxonomicClassification>
</taxonomicClassification>
</taxonomicClassification>
</taxonomicClassification>
</taxonomicClassification>
</taxonomicClassification>
</taxonomicClassification>
</taxonomicClassification>
</taxonomicClassification>
</taxonomicClassification>
<taxonomicClassification>
<taxonRankName>Kingdom</taxonRankName>
<taxonRankValue>Plantae</taxonRankValue>
<taxonomicClassification>
<taxonRankName>Subkingdom</taxonRankName>
<taxonRankValue>Viridaeplantae</taxonRankValue>
<taxonomicClassification>
<taxonRankName>Infrakingdom</taxonRankName>
<taxonRankValue>Streptophyta</taxonRankValue>
<taxonomicClassification>
<taxonRankName>Division</taxonRankName>
<taxonRankValue>Tracheophyta</taxonRankValue>
<taxonomicClassification>
<taxonRankName>Subdivision</taxonRankName>
<taxonRankValue>Spermatophytina</taxonRankValue>
<taxonomicClassification>
<taxonRankName>Infradivision</taxonRankName>
<taxonRankValue>Angiospermae</taxonRankValue>
<taxonomicClassification>
<taxonRankName>Class</taxonRankName>
<taxonRankValue>Magnoliopsida</taxonRankValue>
<taxonomicClassification>
<taxonRankName>Superorder</taxonRankName>
<taxonRankValue>Lilianae</taxonRankValue>
<taxonomicClassification>
<taxonRankName>Order</taxonRankName>
<taxonRankValue>Poales</taxonRankValue>
<taxonomicClassification>
<taxonRankName>Family</taxonRankName>
<taxonRankValue>Poaceae</taxonRankValue>
<taxonomicClassification>
<taxonRankName>Genus</taxonRankName>
<taxonRankValue>Spartina</taxonRankValue>
<taxonomicClassification>
<taxonRankName>Species</taxonRankName>
<taxonRankValue>Spartina alterniflora</taxonRankValue>
<commonName>smooth cordgrass, Atlantic cordgrass, saltmarsh cordgrass</commonName>
</taxonomicClassification>
</taxonomicClassification>
</taxonomicClassification>
</taxonomicClassification>
</taxonomicClassification>
</taxonomicClassification>
</taxonomicClassification>
</taxonomicClassification>
</taxonomicClassification>
</taxonomicClassification>
</taxonomicClassification>
</taxonomicClassification>
</taxonomicCoverage>
</coverage>
<contact><positionName>GCE-LTER Information Manager</positionName>
<address>
<deliveryPoint>Dept. of Marine Sciences</deliveryPoint>
<deliveryPoint>University of Georgia</deliveryPoint>
<city>Athens</city>
<administrativeArea>Georgia</administrativeArea>
<postalCode>30602-3636</postalCode>
<country>USA</country>
</address>
<electronicMailAddress>gcelter@uga.edu</electronicMailAddress>
</contact>
<publisher><references>GCE-LTER</references></publisher>
<methods>
<methodStep>
<description>
<section>
<title>RTK elevation</title>
<para>At each sampling location the RTK Rover foot was placed flush with the marsh surface and care was taken to leave the sediment and vegetation undisturbed.  In addition to elevation, the dominant plant at each location was noted. For each sampling location, the RTK was set to record 180 sec readings, with a logging interval of 1 sec. Other RTK settings included: 10 degree elevation mask, PDOP mask of 6, minimum vertical precision of 0.015 m and a minimum horizontal precsion of 0.020 m. All RTK observations were automatically stored in the handheld Trimble Survey Controller and uploaded to the LTER GIS computer using the Trimble Geomatics Office Software and exported as ArcGIS shapefiles. Elevations were all positioned in the NAD 83 reference frame and projected into UTM coordinate zone 17N.  Elevations are NAVD 88 orthometric heights (in meters) computed using the National Geodetic Survey GEOID 03.</para>
</section>
</description>
<instrumentation>RTK GPS; manufacturer: Trimble (model: R6); parameter: Elevation (accuracy: 20mm + 1 ppm RMS, readability: 1mm, )</instrumentation>
<instrumentation>RTK GPS; manufacturer: Trimble (model: R6); parameter: Latitude (accuracy: 10 mm + 1 ppm RMS, readability: 1mm, range: 0-90 degrees)</instrumentation>
<instrumentation>RTK GPS; manufacturer: Trimble (model: R6); parameter: Longitude (accuracy: 10 mm + 1 ppm RMS, readability: 1mm, range: 0-180 degrees)</instrumentation>
<instrumentation>Trimble R6 RTK</instrumentation>
</methodStep>
<methodStep>
<description>
<section>
<title>Plant Species</title>
<para>A quadrat was constructed out of pvc piping and measuring .25 m x .25 m in order to determine plant species presence. Values were multiplied by 4 to represent the number of plants in one square meter.  The dominant plant was the species with the greatest percent cover (generally over 50% of the plot area). The number of stems for each species was also recorded.</para>
</section>
</description>
<instrumentation>pvc quadrat</instrumentation>
</methodStep>
<methodStep>
<description>
<section>
<title>Percent Cover</title>
<para>A quadrat was constructed out of pvc piping and measuring 0.5 m x 0.5 m which was then divided into 0.05 m x 0.05 m squares using fishing line forming a grid with 100 squares of equal size. Percent cover is determined by the presence of a plant species in one square. If the species is present in 10 squares, it has a 10% cover. Each species was counted independently from the other species present.</para>
</section>
</description>
<instrumentation>pvc quadrat</instrumentation>
</methodStep>
<methodStep>
<description>
<section>
<title>Plant Height</title>
<para>The height of the plant species present at each corner of the 0.5 m x 0.5 m quadrat was measured in centimeters using a meter stick.</para>
</section>
</description>
<instrumentation>meter stick</instrumentation>
</methodStep>
<methodStep>
<description>
<section>
<title>Soil Analysis</title>
<para>Oxidation-reduction potential of the soil was measured by inserting a portable redox potential probe (Pt electrode, Ag-AgCl reference solution) into the soil to a depth of ~7 cm. Two 10 cm-deep soil cores were collected from the center of each plot. The soil core used to determine organic content was oven dried at 65°C to a constant mass, homogenized using a mortar and pestle and then approximately 4 g was removed, heated to 450°C for 8 hours and the organic content was estimated as loss of mass on ignition. The percent organic content was determined using the formula [percent organic = mlost/msample x 100]. The soil core used to determine soil salinity and percent water, was first weighed and then oven dried at 65°C to a constant mass. The percent water was determined using the formula [percent water = 100*mwater/ msample], where mwater was the mass of water lost from the soil and msample was the mass of the sample before drying. The soil core then had 50 mL of distilled water added to it, was well mixed and then a salinity reading was taken using a refractometer. The initial salinity of the soil core as determined using the formula Sinitial=SfinalVfinal/Vinitial], where Sfinal was the salinity reading from the re-hydrated soil samples, Vfinal was the known volume of   water added to the dried sample and Vinitial was the initial volume of water measured in the sample. The initial volume of water in the sample was determined using the formula Vwater=mwater/dwater], where mwater was the mass lost from the  sample upon drying and density of water (dwater) was taken to be 0.998 g/mL.</para>
</section>
</description>
<instrumentation>Drying oven, electronic balance, muffle furnace, refractometer, redox probe</instrumentation>
<instrumentation>Drying oven; manufacturer: Fisher Scientific (model: 750G)</instrumentation>
<instrumentation>Refractometer; manufacturer: Milwaukee Instruments (model: MR100ATC); parameter: salinity (accuracy: 1, readability: 1, range: 0-100)</instrumentation>
<instrumentation>Muffle furnace</instrumentation>
</methodStep>
<sampling>
<studyExtent>
<coverage>
<temporalCoverage>
<rangeOfDates>
<beginDate>
<calendarDate>2010-02-16</calendarDate>
</beginDate>
<endDate>
<calendarDate>2010-03-14</calendarDate>
</endDate>
</rangeOfDates>
</temporalCoverage>
</coverage>
<coverage>
<geographicCoverage>
<geographicDescription>GCE Study Site GCE-DP -- Duplin River, Georgia, USA.  Duplin River transect used for GCE quarterly hydrographic monitoring surveys.  Nominal profiling stations are defined at various locations along the Duplin River west of Sapelo Island, Georgia.</geographicDescription>
<boundingCoordinates>
<westBoundingCoordinate>-81.301987</westBoundingCoordinate>
<eastBoundingCoordinate>-81.263124</eastBoundingCoordinate>
<northBoundingCoordinate>31.486493</northBoundingCoordinate>
<southBoundingCoordinate>31.410854</southBoundingCoordinate>
</boundingCoordinates>
</geographicCoverage>
</coverage>
</studyExtent>
<samplingDescription>
<section>
<title>February - March 2010 RTK</title>
<para>RTK survey of the Duplin River and Blackbeard Creek salt marshes to collect elevation, plant and soil data.</para>
<para>369 target RTK sampling locations were randomly selected using the ArcGIS 9.3 software program Sampling locations were uploaded to the RTK GPS and in the field we navigated to each site to within 1 m of the target location insofar as that was possible.</para>
</section>
</samplingDescription>
<spatialSamplingUnits>
<referencedEntityId>GIS-GCES-1401a.kml</referencedEntityId>
</spatialSamplingUnits>
</sampling>
</methods>
<project>
<title>Georgia Coastal Ecosystems LTER Project II</title>
<personnel>
<individualName>
<givenName>Merryl</givenName>
<surName>Alber</surName>
</individualName>
<role>principalInvestigator</role>
</personnel>
<personnel>
<individualName>
<givenName>Steven</givenName>
<givenName>C.</givenName>
<surName>Pennings</surName>
</individualName>
<role>principalInvestigator</role>
</personnel>
<personnel>
<individualName>
<givenName>Wade</givenName>
<givenName>M.</givenName>
<surName>Sheldon</surName>
</individualName>
<role>informationManager</role>
</personnel>
<abstract><para>The Georgia Coastal Ecosystems (GCE) LTER program, located on the central Georgia coast, was established in 2000. The study domain encompasses three adjacent sounds (Altamaha, Doboy, Sapelo) and includes upland (mainland, barrier islands, marsh hammocks), intertidal (fresh, brackish and salt marsh) and submerged (river, estuary, continental shelf) habitats. Patterns and processes in this complex landscape vary spatially within and between sites, and temporally on multiple scales (tidal, diurnal, seasonal, and interannual). Overlain on this spatial and temporal variation are long-term trends caused by climate change, sea level rise, and human alterations of the landscape. These long-term trends are likely to manifest in many ways, including changes in water quality, river discharge, runoff and tidal inundation patterns throughout the estuarine landscape. The overarching goal of the GCE program is to understand the mechanisms by which variation in the quality, source and amount of both fresh and salt water create temporal and spatial variability in estuarine habitats and processes, in order to predict directional changes that will occur in response to long-term shifts in estuarine salinity patterns. The objectives of the current funding cycle are 1) to continue to document long-term patterns of environmental forcing to the coastal zone, 2) to link environmental forcing to observed spatial and temporal patterns of biogeochemical processes, primary production, community dynamics, decomposition and disturbance, 3) to investigate the underlying mechanisms by which environmental gradients along the longitudinal (freshwater-saltwater) and 4) lateral (upland-subtidal) axes of estuaries drive ecosystem change, and 5) to explore the relative importance of larval transport and the conditions of the adult environment in determining community and genetic structure across both the longitudinal and vertical gradients of the estuary. To meet these objectives, we utilize a suite of approaches including long-term monitoring of abiotic drivers and ecosystem responses; manipulative and natural experiments designed to enable us to examine the importance of key ecosystem drivers; and modeling.</para></abstract>
<funding><para>This material is based upon work supported by the National Science Foundation under grant numbers OCE-9982133 and OCE-0620959. Any opinions, findings, conclusions, or recommendations expressed in the material are those of the author(s) and do not necessarily reflect the views of the National Science Foundation.</para></funding>
</project>
<otherEntity>
<entityName>GIS-GCES-1401a_shp</entityName>
<entityDescription>Zip file containing GIS shapefile for 2010 RTK</entityDescription>
<physical>
<objectName>GIS-GCES-1401a_1_0.zip</objectName>
<size unit="KB">25</size>
<dataFormat>
<externallyDefinedFormat>
<formatName>application/zip</formatName>
</externallyDefinedFormat>
</dataFormat>
<distribution>
<online>
<onlineDescription>ESRI ArcGIS vector or rastor data and metadata files in a Zip archive</onlineDescription>
<url function="download">http://gce-lter.marsci.uga.edu/public/app/send_file.asp?name=metacat-user&amp;email=none&amp;affiliation=LNO&amp;notify=0&amp;accession=GIS-GCES-1401a&amp;filename=GIS-GCES-1401a_1_0.zip</url>
</online>
<access authSystem="knb" order="allowFirst" scope="document">
<allow>
<principal>uid=GCE,o=lter,dc=ecoinformatics,dc=org</principal>
<permission>all</permission>
</allow>
<allow>
<principal>public</principal>
<permission>read</permission>
</allow>
</access>
</distribution>
</physical>
<entityType>GIS_Raster</entityType>
</otherEntity>
<dataTable>
<entityName>GIS-GCES-1401a_table</entityName>
<entityDescription>Main data table for data set GIS-GCES-1401a</entityDescription>
<physical>
<objectName>GIS-GCES-1401a_3_0.CSV</objectName>
<size unit="kilobyte">84.23</size>
<characterEncoding>ASCII</characterEncoding>
<dataFormat>
<textFormat>
<numHeaderLines>5</numHeaderLines>
<numFooterLines>0</numFooterLines>
<recordDelimiter>\r\n</recordDelimiter>
<numPhysicalLinesPerRecord>1</numPhysicalLinesPerRecord>
<attributeOrientation>column</attributeOrientation>
<simpleDelimited>
<fieldDelimiter>,</fieldDelimiter>
<quoteCharacter>"</quoteCharacter>
</simpleDelimited>
</textFormat>
</dataFormat>
<distribution>
<online>
<onlineDescription>Spreadsheet comma-separated value (CSV) text file with a five line header containing the data set title, column titles, units and column types</onlineDescription>
<url function="download">http://gce-lter.marsci.uga.edu/public/app/send_file.asp?name=metacat-user&amp;email=none&amp;affiliation=LNO&amp;notify=0&amp;accession=GIS-GCES-1401a&amp;filename=GIS-GCES-1401a_3_0.CSV</url>
</online>
<access authSystem="knb" order="allowFirst" scope="document">
<allow>
<principal>uid=GCE,o=lter,dc=ecoinformatics,dc=org</principal>
<permission>all</permission>
</allow>
<allow>
<principal>public</principal>
<permission>read</permission>
</allow>
</access>
</distribution>
</physical>
<methods>
<methodStep>
<description><para>Data file post-processing in the GCE-LTER Information Management Office</para></description>
<software><title>GCE Data Toolbox for MATLAB(r)</title>
<creator>
<individualName>
<salutation>Mr.</salutation>
<givenName>Wade</givenName>
<givenName>M.</givenName>
<surName>Sheldon</surName>
</individualName>
<address>
<deliveryPoint>Dept. of Marine Sciences</deliveryPoint>
<deliveryPoint>University of Georgia</deliveryPoint>
<city>Athens</city>
<administrativeArea>Georgia</administrativeArea>
<postalCode>30602-3636</postalCode>
<country>USA</country>
</address>
<electronicMailAddress>sheldon@uga.edu</electronicMailAddress>
<onlineUrl>http://gce-lter.marsci.uga.edu/public/app/personnel_bios.asp?id=wsheldon</onlineUrl>
</creator>
<associatedParty>
<organizationName>Georgia Coastal Ecosystems LTER Project</organizationName>
<address>
<deliveryPoint>Dept. of Marine Sciences</deliveryPoint>
<deliveryPoint>University of Georgia</deliveryPoint>
<city>Athens</city>
<administrativeArea>Georgia</administrativeArea>
<postalCode>30602-3636</postalCode>
<country>USA</country>
</address>
<electronicMailAddress>gcelter@uga.edu</electronicMailAddress>
<role>sponsoring research program</role>
</associatedParty>
<abstract>
<para>The GCE Data Toolbox is a comprehensive library of functions for metadata-based analysis
quality control, transformation and management of ecological data sets. The toolbox is based on the GCE Data 
Structure, a MATLAB specification for storing tabular data along with all information required to interpret 
the data and generate formatted metadata (documentation). Metadata fields in the structure are queried 
by toolbox functions for all operations, allowing functions to process and format values appropriately 
based on the type of information they represent. This semantic processing approach supports highly 
automated and intelligent data analysis and ensures data set validity throughout all processing steps.</para>
</abstract>
<implementation>
<distribution>
<online>
<url function="information">http://gce-lter.marsci.uga.edu/public/im/tools/toolbox_download.htm</url>
</online>
</distribution>
<operatingSystem>Linux</operatingSystem>
<operatingSystem>Microsoft Windows</operatingSystem>
<operatingSystem>Sun Solaris</operatingSystem>
<operatingSystem>Apple Macintosh OS/X</operatingSystem>
<programmingLanguage>MATLAB</programmingLanguage>
</implementation>
<version>3.x</version></software>
<subStep>
<description>
<para>02/18/2014: new GCE Data Structure 1.1 created ("newstruct")</para>
</description>
</subStep>
<subStep>
<description>
<para>02/18/2014: 369 rows imported from ASCII data file "GIS-GCES-1401a.txt" ("imp_ascii")</para>
</description>
</subStep>
<subStep>
<description>
<para>02/18/2014: 81 metadata fields in file header parsed ("parse_header")</para>
</description>
</subStep>
<subStep>
<description>
<para>02/18/2014: data structure validated ("gce_valid")</para>
</description>
</subStep>
<subStep>
<description>
<para>02/18/2014: Q/C flagging criteria applied, "flags" field updated ("dataflag")</para>
</description>
</subStep>
<subStep>
<description>
<para>02/18/2014: Units of column Salinity changed from "pratical salinity units (PSU)" to "PSU ("ui_editor")</para>
</description>
</subStep>
<subStep>
<description>
<para>02/18/2014: imported Dataset, Project, Site, Study, Status, Supplement metadata descriptors from the GCE Metabase ("imp_gcemetadata")</para>
</description>
</subStep>
<subStep>
<description>
<para>02/18/2014: updated 48 metadata fields in the Dataset, Project, Site, Status, Study, Supplement sections ("addmeta")</para>
</description>
</subStep>
<subStep>
<description>
<para>02/18/2014: Variable Type of column UTM_Easting changed from "coordinate" to "coord"; Variable Type of column UTM_Northing changed from "coordinate" to "coord ("ui_editor")</para>
</description>
</subStep>
<subStep>
<description>
<para>02/18/2014: imported Dataset, Project, Site, Study, Status, Supplement metadata descriptors from the GCE Metabase ("imp_gcemetadata")</para>
</description>
</subStep>
<subStep>
<description>
<para>02/18/2014: updated 48 metadata fields in the Dataset, Project, Site, Status, Study, Supplement sections ("addmeta")</para>
</description>
</subStep>
<subStep>
<description>
<para>02/18/2014: Units of column UTM_Zone changed from "Number" to "None"; Units of column Count changed from "Number" to "None ("ui_editor")</para>
</description>
</subStep>
<subStep>
<description>
<para>02/18/2014: imported Dataset, Project, Site, Study, Status, Supplement metadata descriptors from the GCE Metabase ("imp_gcemetadata")</para>
</description>
</subStep>
<subStep>
<description>
<para>02/18/2014: updated 48 metadata fields in the Dataset, Project, Site, Status, Study, Supplement sections ("addmeta")</para>
</description>
</subStep>
<subStep>
<description>
<para>02/18/2014: updated 4 metadata fields ("addmeta")</para>
</description>
</subStep>
<subStep>
<description>
<para>02/18/2014: updated 15 metadata fields in the Status, Data sections to reflect attribute metadata ("updatecols")</para>
</description>
</subStep>
<subStep>
<description>
<para>02/18/2014: parsed and formatted metadata ("listmeta")</para>
</description>
</subStep>
<subStep>
<description>
<para>02/18/2014: flags for columns UTM_Zone, RTK_Elevation, Horizontal_Precision, Vertical_Precision, RMS, Max_HDOP, Max_VDOP, Min_Number_Satellites, WaterContent, Salinity, SOM, Redox, Height, Count, ST_Cover, SM_Cover, SS_Cover, BM_Cover, SV_Cover, DIST_Cover, BF_Cover and JR_Cover converted to data columns, flag codes updated in metadata ("flags2cols")</para>
</description>
</subStep>
</methodStep>
<qualityControl>
<description>
<para>Quality control analysis was performed using the GCE Data Toolbox for MATLAB software. Column data types are validated upon importing the table into MATLAB, and qualifier flags are automatically generated for data values based on QA/QC criteria for each data column pre-defined in metadata templates (e.g. value range checks, sanity checks, pattern checks). Qualifier flags are also assigned to values that are imputed or derived, revised, or otherwise differ from values in the original data submission. A column of coded qualifier flags is generated and included in the data table if flags are assigned to any value in a data column.</para>
</description>
</qualityControl>
</methods>
<attributeList>
<attribute id="GIS-GCES-1401a_table.1">
<attributeName>ID</attributeName>
<attributeDefinition>RTK sampling point identification number</attributeDefinition>
<storageType>integer</storageType>
<measurementScale>
<nominal>
<nonNumericDomain>
<textDomain>
<definition>RTK sampling point identification number</definition>
</textDomain>
</nonNumericDomain>
</nominal>
</measurementScale>
<missingValueCode>
<code>NaN</code>
<codeExplanation>value not recorded or censored based on quality control analysis (see methods)</codeExplanation>
</missingValueCode>
</attribute>
<attribute id="GIS-GCES-1401a_table.2">
<attributeName>Date</attributeName>
<attributeDefinition>Calendar month, day, and year</attributeDefinition>
<storageType>dateTime</storageType>
<measurementScale>
<dateTime>
<formatString>DD-WWW-YYYY</formatString>
<dateTimePrecision>1</dateTimePrecision>
<dateTimeDomain/>
</dateTime>
</measurementScale>
</attribute>
<attribute id="GIS-GCES-1401a_table.3">
<attributeName>Time</attributeName>
<attributeDefinition>hour and minutes (24 hour)</attributeDefinition>
<storageType>dateTime</storageType>
<measurementScale>
<dateTime>
<formatString>hh:mm</formatString>
<dateTimePrecision>1</dateTimePrecision>
<dateTimeDomain/>
</dateTime>
</measurementScale>
</attribute>
<attribute id="GIS-GCES-1401a_table.4">
<attributeName>UTM_Zone</attributeName>
<attributeDefinition>UTM Zone</attributeDefinition>
<storageType>string</storageType>
<measurementScale>
<nominal>
<nonNumericDomain>
<textDomain>
<definition>UTM Zone</definition>
</textDomain>
</nonNumericDomain>
</nominal>
</measurementScale>
</attribute>
<attribute id="GIS-GCES-1401a_table.5">
<attributeName>Flag_UTM_Zone</attributeName>
<attributeDefinition>QA/QC flags for UTM Zone (flagging criteria, where "x" is UTM_Zone: )</attributeDefinition>
<storageType>string</storageType>
<measurementScale>
<nominal>
<nonNumericDomain>
<textDomain>
<definition>QA/QC flags for UTM Zone (flagging criteria, where "x" is UTM_Zone: )</definition>
</textDomain>
</nonNumericDomain>
</nominal>
</measurementScale>
</attribute>
<attribute id="GIS-GCES-1401a_table.6">
<attributeName>UTM_Easting</attributeName>
<attributeDefinition>UTM easting coordinates</attributeDefinition>
<storageType>float</storageType>
<measurementScale>
<ratio>
<unit>
<standardUnit>meter</standardUnit>
</unit>
<precision>0.001</precision>
<numericDomain>
<numberType>real</numberType>
</numericDomain>
</ratio>
</measurementScale>
<missingValueCode>
<code>NaN</code>
<codeExplanation>value not recorded or censored based on quality control analysis (see methods)</codeExplanation>
</missingValueCode>
</attribute>
<attribute id="GIS-GCES-1401a_table.7">
<attributeName>UTM_Northing</attributeName>
<attributeDefinition>UTM northing coordinates</attributeDefinition>
<storageType>float</storageType>
<measurementScale>
<ratio>
<unit>
<standardUnit>meter</standardUnit>
</unit>
<precision>0.001</precision>
<numericDomain>
<numberType>real</numberType>
</numericDomain>
</ratio>
</measurementScale>
<missingValueCode>
<code>NaN</code>
<codeExplanation>value not recorded or censored based on quality control analysis (see methods)</codeExplanation>
</missingValueCode>
</attribute>
<attribute id="GIS-GCES-1401a_table.8">
<attributeName>RTK_Elevation</attributeName>
<attributeDefinition>surveyed RTK ground elevation</attributeDefinition>
<storageType>float</storageType>
<measurementScale>
<ratio>
<unit>
<standardUnit>meter</standardUnit>
</unit>
<precision>0.001</precision>
<numericDomain>
<numberType>real</numberType>
</numericDomain>
</ratio>
</measurementScale>
<missingValueCode>
<code>NaN</code>
<codeExplanation>value not recorded or censored based on quality control analysis (see methods)</codeExplanation>
</missingValueCode>
</attribute>
<attribute id="GIS-GCES-1401a_table.9">
<attributeName>Flag_RTK_Elevation</attributeName>
<attributeDefinition>QA/QC flags for surveyed RTK ground elevation (flagging criteria, where "x" is RTK_Elevation: x&lt;-0.763="Q", x&gt;0.597="Q")</attributeDefinition>
<storageType>string</storageType>
<measurementScale>
<nominal>
<nonNumericDomain>
<textDomain>
<definition>QA/QC flags for surveyed RTK ground elevation (flagging criteria, where "x" is RTK_Elevation: x&lt;-0.763="Q", x&gt;0.597="Q")</definition>
</textDomain>
</nonNumericDomain>
</nominal>
</measurementScale>
</attribute>
<attribute id="GIS-GCES-1401a_table.10">
<attributeName>Dominant_Plant</attributeName>
<attributeDefinition>Dominant plant species present at surveyed location</attributeDefinition>
<storageType>string</storageType>
<measurementScale>
<nominal>
<nonNumericDomain>
<enumeratedDomain>
<codeDefinition>
<code>BM</code>
<definition>Batis maritima</definition>
</codeDefinition>
<codeDefinition>
<code>BF</code>
<definition>Borrichia frustescens</definition>
</codeDefinition>
<codeDefinition>
<code>DIST</code>
<definition>Distichlis spicata</definition>
</codeDefinition>
<codeDefinition>
<code>JR</code>
<definition>Juncus roemerianus</definition>
</codeDefinition>
<codeDefinition>
<code>MUD</code>
<definition>intertidal mud</definition>
</codeDefinition>
<codeDefinition>
<code>SALT</code>
<definition>salt pan</definition>
</codeDefinition>
<codeDefinition>
<code>SM</code>
<definition> medium Spartina alterniflora</definition>
</codeDefinition>
<codeDefinition>
<code>SS</code>
<definition>short Spartina alterniflora</definition>
</codeDefinition>
<codeDefinition>
<code>ST</code>
<definition>tall Spartina alterniflora</definition>
</codeDefinition>
<codeDefinition>
<code>SV</code>
<definition>Salicornia virginica</definition>
</codeDefinition>
</enumeratedDomain>
</nonNumericDomain>
</nominal>
</measurementScale>
</attribute>
<attribute id="GIS-GCES-1401a_table.11">
<attributeName>Horizontal_Precision</attributeName>
<attributeDefinition>Horizontal Precision of RTK Northing and Easting </attributeDefinition>
<storageType>float</storageType>
<measurementScale>
<ratio>
<unit>
<standardUnit>meter</standardUnit>
</unit>
<precision>0.001</precision>
<numericDomain>
<numberType>real</numberType>
</numericDomain>
</ratio>
</measurementScale>
<missingValueCode>
<code>NaN</code>
<codeExplanation>value not recorded or censored based on quality control analysis (see methods)</codeExplanation>
</missingValueCode>
</attribute>
<attribute id="GIS-GCES-1401a_table.12">
<attributeName>Flag_Horizontal_Precision</attributeName>
<attributeDefinition>QA/QC flags for Horizontal Precision of RTK Northing and Easting  (flagging criteria, where "x" is Horizontal_Precision: x&lt;0.003="Q", x&gt;0.011="Q")</attributeDefinition>
<storageType>string</storageType>
<measurementScale>
<nominal>
<nonNumericDomain>
<textDomain>
<definition>QA/QC flags for Horizontal Precision of RTK Northing and Easting  (flagging criteria, where "x" is Horizontal_Precision: x&lt;0.003="Q", x&gt;0.011="Q")</definition>
</textDomain>
</nonNumericDomain>
</nominal>
</measurementScale>
</attribute>
<attribute id="GIS-GCES-1401a_table.13">
<attributeName>Vertical_Precision</attributeName>
<attributeDefinition>Vertical precision of RTK elevation </attributeDefinition>
<storageType>float</storageType>
<measurementScale>
<ratio>
<unit>
<standardUnit>meter</standardUnit>
</unit>
<precision>0.001</precision>
<numericDomain>
<numberType>real</numberType>
</numericDomain>
</ratio>
</measurementScale>
<missingValueCode>
<code>NaN</code>
<codeExplanation>value not recorded or censored based on quality control analysis (see methods)</codeExplanation>
</missingValueCode>
</attribute>
<attribute id="GIS-GCES-1401a_table.14">
<attributeName>Flag_Vertical_Precision</attributeName>
<attributeDefinition>QA/QC flags for Vertical precision of RTK elevation  (flagging criteria, where "x" is Vertical_Precision: x&lt;0.004="Q", x&gt;0.022="Q")</attributeDefinition>
<storageType>string</storageType>
<measurementScale>
<nominal>
<nonNumericDomain>
<textDomain>
<definition>QA/QC flags for Vertical precision of RTK elevation  (flagging criteria, where "x" is Vertical_Precision: x&lt;0.004="Q", x&gt;0.022="Q")</definition>
</textDomain>
</nonNumericDomain>
</nominal>
</measurementScale>
</attribute>
<attribute id="GIS-GCES-1401a_table.15">
<attributeName>RMS</attributeName>
<attributeDefinition>Root mean squared error of RTK elevation (1 sigma)</attributeDefinition>
<storageType>float</storageType>
<measurementScale>
<ratio>
<unit>
<standardUnit>meter</standardUnit>
</unit>
<precision>0.001</precision>
<numericDomain>
<numberType>real</numberType>
</numericDomain>
</ratio>
</measurementScale>
<missingValueCode>
<code>NaN</code>
<codeExplanation>value not recorded or censored based on quality control analysis (see methods)</codeExplanation>
</missingValueCode>
</attribute>
<attribute id="GIS-GCES-1401a_table.16">
<attributeName>Flag_RMS</attributeName>
<attributeDefinition>QA/QC flags for Root mean squared error of RTK elevation (1 sigma) (flagging criteria, where "x" is RMS: x&lt;0.001="Q", x&gt;0.008="Q")</attributeDefinition>
<storageType>string</storageType>
<measurementScale>
<nominal>
<nonNumericDomain>
<textDomain>
<definition>QA/QC flags for Root mean squared error of RTK elevation (1 sigma) (flagging criteria, where "x" is RMS: x&lt;0.001="Q", x&gt;0.008="Q")</definition>
</textDomain>
</nonNumericDomain>
</nominal>
</measurementScale>
</attribute>
<attribute id="GIS-GCES-1401a_table.17">
<attributeName>Max_HDOP</attributeName>
<attributeDefinition>Maximum horizontal dilution of precision</attributeDefinition>
<storageType>float</storageType>
<measurementScale>
<ratio>
<unit>
<standardUnit>dimensionless</standardUnit>
</unit>
<precision>0.1</precision>
<numericDomain>
<numberType>real</numberType>
</numericDomain>
</ratio>
</measurementScale>
<missingValueCode>
<code>NaN</code>
<codeExplanation>value not recorded or censored based on quality control analysis (see methods)</codeExplanation>
</missingValueCode>
</attribute>
<attribute id="GIS-GCES-1401a_table.18">
<attributeName>Flag_Max_HDOP</attributeName>
<attributeDefinition>QA/QC flags for Maximum horizontal dilution of precision (flagging criteria, where "x" is Max_HDOP: x&lt;0.7="Q", x&gt;2.1="Q")</attributeDefinition>
<storageType>string</storageType>
<measurementScale>
<nominal>
<nonNumericDomain>
<textDomain>
<definition>QA/QC flags for Maximum horizontal dilution of precision (flagging criteria, where "x" is Max_HDOP: x&lt;0.7="Q", x&gt;2.1="Q")</definition>
</textDomain>
</nonNumericDomain>
</nominal>
</measurementScale>
</attribute>
<attribute id="GIS-GCES-1401a_table.19">
<attributeName>Max_VDOP</attributeName>
<attributeDefinition>Maximum vertical dilution of precision</attributeDefinition>
<storageType>float</storageType>
<measurementScale>
<ratio>
<unit>
<standardUnit>dimensionless</standardUnit>
</unit>
<precision>0.1</precision>
<numericDomain>
<numberType>real</numberType>
</numericDomain>
</ratio>
</measurementScale>
<missingValueCode>
<code>NaN</code>
<codeExplanation>value not recorded or censored based on quality control analysis (see methods)</codeExplanation>
</missingValueCode>
</attribute>
<attribute id="GIS-GCES-1401a_table.20">
<attributeName>Flag_Max_VDOP</attributeName>
<attributeDefinition>QA/QC flags for Maximum vertical dilution of precision (flagging criteria, where "x" is Max_VDOP: x&lt;1="Q", x&gt;3.5="Q")</attributeDefinition>
<storageType>string</storageType>
<measurementScale>
<nominal>
<nonNumericDomain>
<textDomain>
<definition>QA/QC flags for Maximum vertical dilution of precision (flagging criteria, where "x" is Max_VDOP: x&lt;1="Q", x&gt;3.5="Q")</definition>
</textDomain>
</nonNumericDomain>
</nominal>
</measurementScale>
</attribute>
<attribute id="GIS-GCES-1401a_table.21">
<attributeName>Min_Number_Satellites</attributeName>
<attributeDefinition>Minumum number of satellites</attributeDefinition>
<storageType>integer</storageType>
<measurementScale>
<nominal>
<nonNumericDomain>
<textDomain>
<definition>Minumum number of satellites</definition>
</textDomain>
</nonNumericDomain>
</nominal>
</measurementScale>
<missingValueCode>
<code>NaN</code>
<codeExplanation>value not recorded or censored based on quality control analysis (see methods)</codeExplanation>
</missingValueCode>
</attribute>
<attribute id="GIS-GCES-1401a_table.22">
<attributeName>Flag_Min_Number_Satellites</attributeName>
<attributeDefinition>QA/QC flags for Minumum number of satellites (flagging criteria, where "x" is Min_Number_Satellites: x&lt;6="Q", x&gt;11="Q")</attributeDefinition>
<storageType>string</storageType>
<measurementScale>
<nominal>
<nonNumericDomain>
<textDomain>
<definition>QA/QC flags for Minumum number of satellites (flagging criteria, where "x" is Min_Number_Satellites: x&lt;6="Q", x&gt;11="Q")</definition>
</textDomain>
</nonNumericDomain>
</nominal>
</measurementScale>
</attribute>
<attribute id="GIS-GCES-1401a_table.23">
<attributeName>WaterContent</attributeName>
<attributeDefinition>Soil water content</attributeDefinition>
<storageType>float</storageType>
<measurementScale>
<interval>
<unit>
<customUnit>percent</customUnit>
</unit>
<precision>0.01</precision>
<numericDomain>
<numberType>real</numberType>
</numericDomain>
</interval>
</measurementScale>
<missingValueCode>
<code>NaN</code>
<codeExplanation>value not recorded or censored based on quality control analysis (see methods)</codeExplanation>
</missingValueCode>
</attribute>
<attribute id="GIS-GCES-1401a_table.24">
<attributeName>Flag_WaterContent</attributeName>
<attributeDefinition>QA/QC flags for Soil water content (flagging criteria, where "x" is WaterContent: x&lt;0.04="Q", x&gt;0.65="Q")</attributeDefinition>
<storageType>string</storageType>
<measurementScale>
<nominal>
<nonNumericDomain>
<textDomain>
<definition>QA/QC flags for Soil water content (flagging criteria, where "x" is WaterContent: x&lt;0.04="Q", x&gt;0.65="Q")</definition>
</textDomain>
</nonNumericDomain>
</nominal>
</measurementScale>
</attribute>
<attribute id="GIS-GCES-1401a_table.25">
<attributeName>Salinity</attributeName>
<attributeDefinition>Soil salinity</attributeDefinition>
<storageType>float</storageType>
<measurementScale>
<ratio>
<unit>
<standardUnit>dimensionless</standardUnit>
</unit>
<precision>0.01</precision>
<numericDomain>
<numberType>real</numberType>
</numericDomain>
</ratio>
</measurementScale>
<missingValueCode>
<code>NaN</code>
<codeExplanation>value not recorded or censored based on quality control analysis (see methods)</codeExplanation>
</missingValueCode>
</attribute>
<attribute id="GIS-GCES-1401a_table.26">
<attributeName>Flag_Salinity</attributeName>
<attributeDefinition>QA/QC flags for Soil salinity (flagging criteria, where "x" is Salinity: x&lt;16.31="Q", x&gt;129.43="Q")</attributeDefinition>
<storageType>string</storageType>
<measurementScale>
<nominal>
<nonNumericDomain>
<textDomain>
<definition>QA/QC flags for Soil salinity (flagging criteria, where "x" is Salinity: x&lt;16.31="Q", x&gt;129.43="Q")</definition>
</textDomain>
</nonNumericDomain>
</nominal>
</measurementScale>
</attribute>
<attribute id="GIS-GCES-1401a_table.27">
<attributeName>SOM</attributeName>
<attributeDefinition>Soil organic matter</attributeDefinition>
<storageType>float</storageType>
<measurementScale>
<interval>
<unit>
<customUnit>percent</customUnit>
</unit>
<precision>0.01</precision>
<numericDomain>
<numberType>real</numberType>
</numericDomain>
</interval>
</measurementScale>
<missingValueCode>
<code>NaN</code>
<codeExplanation>value not recorded or censored based on quality control analysis (see methods)</codeExplanation>
</missingValueCode>
</attribute>
<attribute id="GIS-GCES-1401a_table.28">
<attributeName>Flag_SOM</attributeName>
<attributeDefinition>QA/QC flags for Soil organic matter (flagging criteria, where "x" is SOM: x&lt;0.01="Q", x&gt;0.32="Q")</attributeDefinition>
<storageType>string</storageType>
<measurementScale>
<nominal>
<nonNumericDomain>
<textDomain>
<definition>QA/QC flags for Soil organic matter (flagging criteria, where "x" is SOM: x&lt;0.01="Q", x&gt;0.32="Q")</definition>
</textDomain>
</nonNumericDomain>
</nominal>
</measurementScale>
</attribute>
<attribute id="GIS-GCES-1401a_table.29">
<attributeName>Redox</attributeName>
<attributeDefinition>Soil redox potential </attributeDefinition>
<storageType>float</storageType>
<measurementScale>
<ratio>
<unit>
<standardUnit>millivolt</standardUnit>
</unit>
<precision>0.01</precision>
<numericDomain>
<numberType>real</numberType>
</numericDomain>
</ratio>
</measurementScale>
<missingValueCode>
<code>NaN</code>
<codeExplanation>value not recorded or censored based on quality control analysis (see methods)</codeExplanation>
</missingValueCode>
</attribute>
<attribute id="GIS-GCES-1401a_table.30">
<attributeName>Flag_Redox</attributeName>
<attributeDefinition>QA/QC flags for Soil redox potential  (flagging criteria, where "x" is Redox: x&lt;-375="Q", x&gt;239="Q")</attributeDefinition>
<storageType>string</storageType>
<measurementScale>
<nominal>
<nonNumericDomain>
<textDomain>
<definition>QA/QC flags for Soil redox potential  (flagging criteria, where "x" is Redox: x&lt;-375="Q", x&gt;239="Q")</definition>
</textDomain>
</nonNumericDomain>
</nominal>
</measurementScale>
</attribute>
<attribute id="GIS-GCES-1401a_table.31">
<attributeName>Height</attributeName>
<attributeDefinition>Average plant stem height (all species)</attributeDefinition>
<storageType>float</storageType>
<measurementScale>
<ratio>
<unit>
<standardUnit>centimeter</standardUnit>
</unit>
<precision>0.01</precision>
<numericDomain>
<numberType>real</numberType>
</numericDomain>
</ratio>
</measurementScale>
<missingValueCode>
<code>NaN</code>
<codeExplanation>value not recorded or censored based on quality control analysis (see methods)</codeExplanation>
</missingValueCode>
</attribute>
<attribute id="GIS-GCES-1401a_table.32">
<attributeName>Flag_Height</attributeName>
<attributeDefinition>QA/QC flags for Average plant stem height (all species) (flagging criteria, where "x" is Height: x&lt;2.35="Q", x&gt;97.64="Q")</attributeDefinition>
<storageType>string</storageType>
<measurementScale>
<nominal>
<nonNumericDomain>
<textDomain>
<definition>QA/QC flags for Average plant stem height (all species) (flagging criteria, where "x" is Height: x&lt;2.35="Q", x&gt;97.64="Q")</definition>
</textDomain>
</nonNumericDomain>
</nominal>
</measurementScale>
</attribute>
<attribute id="GIS-GCES-1401a_table.33">
<attributeName>Count</attributeName>
<attributeDefinition>Number of plant stems in 0.25 m x 0.25 m quadrat (all species)</attributeDefinition>
<storageType>integer</storageType>
<measurementScale>
<nominal>
<nonNumericDomain>
<textDomain>
<definition>Number of plant stems in 0.25 m x 0.25 m quadrat (all species)</definition>
</textDomain>
</nonNumericDomain>
</nominal>
</measurementScale>
<missingValueCode>
<code>NaN</code>
<codeExplanation>value not recorded or censored based on quality control analysis (see methods)</codeExplanation>
</missingValueCode>
</attribute>
<attribute id="GIS-GCES-1401a_table.34">
<attributeName>Flag_Count</attributeName>
<attributeDefinition>QA/QC flags for Number of plant stems in 0.25 m x 0.25 m quadrat (all species) (flagging criteria, where "x" is Count: x&lt;1="Q", x&gt;234="Q")</attributeDefinition>
<storageType>string</storageType>
<measurementScale>
<nominal>
<nonNumericDomain>
<textDomain>
<definition>QA/QC flags for Number of plant stems in 0.25 m x 0.25 m quadrat (all species) (flagging criteria, where "x" is Count: x&lt;1="Q", x&gt;234="Q")</definition>
</textDomain>
</nonNumericDomain>
</nominal>
</measurementScale>
</attribute>
<attribute id="GIS-GCES-1401a_table.35">
<attributeName>ST_Cover</attributeName>
<attributeDefinition>Proportional cover of tall S. alterniflora</attributeDefinition>
<storageType>float</storageType>
<measurementScale>
<interval>
<unit>
<customUnit>percent</customUnit>
</unit>
<precision>0.01</precision>
<numericDomain>
<numberType>real</numberType>
</numericDomain>
</interval>
</measurementScale>
<missingValueCode>
<code>NaN</code>
<codeExplanation>value not recorded or censored based on quality control analysis (see methods)</codeExplanation>
</missingValueCode>
</attribute>
<attribute id="GIS-GCES-1401a_table.36">
<attributeName>Flag_ST_Cover</attributeName>
<attributeDefinition>QA/QC flags for Proportional cover of tall S. alterniflora (flagging criteria, where "x" is ST_Cover: x&lt;0="Q", x&gt;1="Q")</attributeDefinition>
<storageType>string</storageType>
<measurementScale>
<nominal>
<nonNumericDomain>
<textDomain>
<definition>QA/QC flags for Proportional cover of tall S. alterniflora (flagging criteria, where "x" is ST_Cover: x&lt;0="Q", x&gt;1="Q")</definition>
</textDomain>
</nonNumericDomain>
</nominal>
</measurementScale>
</attribute>
<attribute id="GIS-GCES-1401a_table.37">
<attributeName>SM_Cover</attributeName>
<attributeDefinition>Proportional cover of medium S. alterniflora</attributeDefinition>
<storageType>float</storageType>
<measurementScale>
<interval>
<unit>
<customUnit>percent</customUnit>
</unit>
<precision>0.01</precision>
<numericDomain>
<numberType>real</numberType>
</numericDomain>
</interval>
</measurementScale>
<missingValueCode>
<code>NaN</code>
<codeExplanation>value not recorded or censored based on quality control analysis (see methods)</codeExplanation>
</missingValueCode>
</attribute>
<attribute id="GIS-GCES-1401a_table.38">
<attributeName>Flag_SM_Cover</attributeName>
<attributeDefinition>QA/QC flags for Proportional cover of medium S. alterniflora (flagging criteria, where "x" is SM_Cover: x&lt;0="Q", x&gt;1="Q")</attributeDefinition>
<storageType>string</storageType>
<measurementScale>
<nominal>
<nonNumericDomain>
<textDomain>
<definition>QA/QC flags for Proportional cover of medium S. alterniflora (flagging criteria, where "x" is SM_Cover: x&lt;0="Q", x&gt;1="Q")</definition>
</textDomain>
</nonNumericDomain>
</nominal>
</measurementScale>
</attribute>
<attribute id="GIS-GCES-1401a_table.39">
<attributeName>SS_Cover</attributeName>
<attributeDefinition>Proportional cover of short S. alterniflora</attributeDefinition>
<storageType>float</storageType>
<measurementScale>
<interval>
<unit>
<customUnit>percent</customUnit>
</unit>
<precision>0.01</precision>
<numericDomain>
<numberType>real</numberType>
</numericDomain>
</interval>
</measurementScale>
<missingValueCode>
<code>NaN</code>
<codeExplanation>value not recorded or censored based on quality control analysis (see methods)</codeExplanation>
</missingValueCode>
</attribute>
<attribute id="GIS-GCES-1401a_table.40">
<attributeName>Flag_SS_Cover</attributeName>
<attributeDefinition>QA/QC flags for Proportional cover of short S. alterniflora (flagging criteria, where "x" is SS_Cover: x&lt;0="Q", x&gt;1="Q")</attributeDefinition>
<storageType>string</storageType>
<measurementScale>
<nominal>
<nonNumericDomain>
<textDomain>
<definition>QA/QC flags for Proportional cover of short S. alterniflora (flagging criteria, where "x" is SS_Cover: x&lt;0="Q", x&gt;1="Q")</definition>
</textDomain>
</nonNumericDomain>
</nominal>
</measurementScale>
</attribute>
<attribute id="GIS-GCES-1401a_table.41">
<attributeName>BM_Cover</attributeName>
<attributeDefinition>Proportional cover of Batis maritima</attributeDefinition>
<storageType>float</storageType>
<measurementScale>
<interval>
<unit>
<customUnit>percent</customUnit>
</unit>
<precision>0.01</precision>
<numericDomain>
<numberType>real</numberType>
</numericDomain>
</interval>
</measurementScale>
<missingValueCode>
<code>NaN</code>
<codeExplanation>value not recorded or censored based on quality control analysis (see methods)</codeExplanation>
</missingValueCode>
</attribute>
<attribute id="GIS-GCES-1401a_table.42">
<attributeName>Flag_BM_Cover</attributeName>
<attributeDefinition>QA/QC flags for Proportional cover of Batis maritima (flagging criteria, where "x" is BM_Cover: x&lt;0="Q", x&gt;1="Q")</attributeDefinition>
<storageType>string</storageType>
<measurementScale>
<nominal>
<nonNumericDomain>
<textDomain>
<definition>QA/QC flags for Proportional cover of Batis maritima (flagging criteria, where "x" is BM_Cover: x&lt;0="Q", x&gt;1="Q")</definition>
</textDomain>
</nonNumericDomain>
</nominal>
</measurementScale>
</attribute>
<attribute id="GIS-GCES-1401a_table.43">
<attributeName>SV_Cover</attributeName>
<attributeDefinition>Proportional cover of Salicornia virginica</attributeDefinition>
<storageType>float</storageType>
<measurementScale>
<interval>
<unit>
<customUnit>percent</customUnit>
</unit>
<precision>0.01</precision>
<numericDomain>
<numberType>real</numberType>
</numericDomain>
</interval>
</measurementScale>
<missingValueCode>
<code>NaN</code>
<codeExplanation>value not recorded or censored based on quality control analysis (see methods)</codeExplanation>
</missingValueCode>
</attribute>
<attribute id="GIS-GCES-1401a_table.44">
<attributeName>Flag_SV_Cover</attributeName>
<attributeDefinition>QA/QC flags for Proportional cover of Salicornia virginica (flagging criteria, where "x" is SV_Cover: x&lt;0="Q", x&gt;1="Q")</attributeDefinition>
<storageType>string</storageType>
<measurementScale>
<nominal>
<nonNumericDomain>
<textDomain>
<definition>QA/QC flags for Proportional cover of Salicornia virginica (flagging criteria, where "x" is SV_Cover: x&lt;0="Q", x&gt;1="Q")</definition>
</textDomain>
</nonNumericDomain>
</nominal>
</measurementScale>
</attribute>
<attribute id="GIS-GCES-1401a_table.45">
<attributeName>DIST_Cover</attributeName>
<attributeDefinition>Proportional cover of Distichlis spicata</attributeDefinition>
<storageType>float</storageType>
<measurementScale>
<interval>
<unit>
<customUnit>percent</customUnit>
</unit>
<precision>0.01</precision>
<numericDomain>
<numberType>real</numberType>
</numericDomain>
</interval>
</measurementScale>
<missingValueCode>
<code>NaN</code>
<codeExplanation>value not recorded or censored based on quality control analysis (see methods)</codeExplanation>
</missingValueCode>
</attribute>
<attribute id="GIS-GCES-1401a_table.46">
<attributeName>Flag_DIST_Cover</attributeName>
<attributeDefinition>QA/QC flags for Proportional cover of Distichlis spicata (flagging criteria, where "x" is DIST_Cover: x&lt;0="Q", x&gt;1="Q")</attributeDefinition>
<storageType>string</storageType>
<measurementScale>
<nominal>
<nonNumericDomain>
<textDomain>
<definition>QA/QC flags for Proportional cover of Distichlis spicata (flagging criteria, where "x" is DIST_Cover: x&lt;0="Q", x&gt;1="Q")</definition>
</textDomain>
</nonNumericDomain>
</nominal>
</measurementScale>
</attribute>
<attribute id="GIS-GCES-1401a_table.47">
<attributeName>BF_Cover</attributeName>
<attributeDefinition>Proportional cover of Borrichia frutescens</attributeDefinition>
<storageType>float</storageType>
<measurementScale>
<interval>
<unit>
<customUnit>percent</customUnit>
</unit>
<precision>0.01</precision>
<numericDomain>
<numberType>real</numberType>
</numericDomain>
</interval>
</measurementScale>
<missingValueCode>
<code>NaN</code>
<codeExplanation>value not recorded or censored based on quality control analysis (see methods)</codeExplanation>
</missingValueCode>
</attribute>
<attribute id="GIS-GCES-1401a_table.48">
<attributeName>Flag_BF_Cover</attributeName>
<attributeDefinition>QA/QC flags for Proportional cover of Borrichia frutescens (flagging criteria, where "x" is BF_Cover: x&lt;0="Q", x&gt;1="Q")</attributeDefinition>
<storageType>string</storageType>
<measurementScale>
<nominal>
<nonNumericDomain>
<textDomain>
<definition>QA/QC flags for Proportional cover of Borrichia frutescens (flagging criteria, where "x" is BF_Cover: x&lt;0="Q", x&gt;1="Q")</definition>
</textDomain>
</nonNumericDomain>
</nominal>
</measurementScale>
</attribute>
<attribute id="GIS-GCES-1401a_table.49">
<attributeName>JR_Cover</attributeName>
<attributeDefinition>Proportional cover of Juncus roemerianus</attributeDefinition>
<storageType>float</storageType>
<measurementScale>
<interval>
<unit>
<customUnit>percent</customUnit>
</unit>
<precision>0.01</precision>
<numericDomain>
<numberType>real</numberType>
</numericDomain>
</interval>
</measurementScale>
<missingValueCode>
<code>NaN</code>
<codeExplanation>value not recorded or censored based on quality control analysis (see methods)</codeExplanation>
</missingValueCode>
</attribute>
<attribute id="GIS-GCES-1401a_table.50">
<attributeName>Flag_JR_Cover</attributeName>
<attributeDefinition>QA/QC flags for Proportional cover of Juncus roemerianus (flagging criteria, where "x" is JR_Cover: x&lt;0="Q", x&gt;1="Q")</attributeDefinition>
<storageType>string</storageType>
<measurementScale>
<nominal>
<nonNumericDomain>
<textDomain>
<definition>QA/QC flags for Proportional cover of Juncus roemerianus (flagging criteria, where "x" is JR_Cover: x&lt;0="Q", x&gt;1="Q")</definition>
</textDomain>
</nonNumericDomain>
</nominal>
</measurementScale>
</attribute>
</attributeList>
<numberOfRecords>369</numberOfRecords>
</dataTable>
<otherEntity id="GIS-GCES-1401a.kml">
<entityName>GIS-GCES-1401a.kml</entityName>
<entityDescription>Google Earth Keyhole Markup Language file describing the geographic locations sampled in data set knb-lter-gce.442.5</entityDescription>
<physical>
<objectName>GIS-GCES-1401a.kml</objectName>
<dataFormat>
<externallyDefinedFormat>
<formatName>application/vnd.google-earth.kml+xml</formatName>
</externallyDefinedFormat>
</dataFormat>
<distribution>
<online>
<url function="download">http://gce-lter.marsci.uga.edu/public/app/send_kml.asp?filename=GIS-GCES-1401a.kml&amp;uri=http%3A%2F%2Fgce-lter.marsci.uga.edu%2Fgce_metabase%2Fxml%2Fdataset_geography.kml%3FAccession%3DGIS-GCES-1401a</url>
</online>
<access authSystem="knb" order="allowFirst" scope="document">
<allow>
<principal>uid=GCE,o=lter,dc=ecoinformatics,dc=org</principal>
<permission>all</permission>
</allow>
<allow>
<principal>public</principal>
<permission>read</permission>
</allow>
</access>
</distribution>
</physical>
<entityType>KML</entityType>
</otherEntity>
</dataset>
<additionalMetadata>
<metadata>
<stmml:unitList xmlns:stmml="http://www.xml-cml.org/schema/stmml-1.1" xsi:schemaLocation="http://www.xml-cml.org/schema/stmml-1.1 http://gce-lter.marsci.uga.edu/public/files/schemas/eml-210/stmml.xsd">
<!--note that the unitTypes here are taken from the eml-unitDictionary.xml--><stmml:unit id="percent" name="percent" unitType="dimensionless" abbreviation="%" multiplierToSI="1">
<stmml:description>ratio of two quantities as percent composition (1:100)</stmml:description>
</stmml:unit>
</stmml:unitList>
</metadata>
</additionalMetadata>
</eml:eml>
