<?xml version="1.0" encoding="UTF-8"?>
<eml:eml packageId="knb-lter-gce.454.8" system="knb" xmlns:ds="eml://ecoinformatics.org/dataset-2.1.0" xmlns:eml="eml://ecoinformatics.org/eml-2.1.1" xmlns:stmml="http://www.xml-cml.org/schema/stmml-1.1" xmlns:xsi="http://www.w3.org/2001/XMLSchema-instance" xsi:schemaLocation="eml://ecoinformatics.org/eml-2.1.0 http://gce-lter.marsci.uga.edu/public/files/schemas/eml-210/eml.xsd">
<access authSystem="knb" order="allowFirst" scope="document">
<allow>
<principal>uid=GCE,o=lter,dc=ecoinformatics,dc=org</principal>
<permission>all</permission>
</allow>
<allow>
<principal>public</principal>
<permission>read</permission>
</allow>
</access>
<dataset>
<alternateIdentifier>PLT-GCEM-1311a.1.0</alternateIdentifier>
<title>Fall 2012 plant monitoring survey -- shoot height and flowering status of plants in permanent plots at GCE sampling sites 1-10</title>
<creator id="GCE-LTER"><organizationName>Georgia Coastal Ecosystems LTER Project</organizationName>
<address>
<deliveryPoint>Dept. of Marine Sciences</deliveryPoint>
<deliveryPoint>University of Georgia</deliveryPoint>
<city>Athens</city>
<administrativeArea>Georgia</administrativeArea>
<postalCode>30602-3636</postalCode>
<country>USA</country>
</address>
<electronicMailAddress>gcelter@uga.edu</electronicMailAddress>
<onlineUrl>http://gce-lter.marsci.uga.edu/</onlineUrl>
</creator>
<creator>
<individualName>
<salutation>Dr.</salutation>
<givenName>Steven</givenName>
<givenName>C.</givenName>
<surName>Pennings</surName>
</individualName>
<organizationName>University of Houston</organizationName>
<address>
<deliveryPoint>Department of Biology and Biochemistry</deliveryPoint>
<deliveryPoint>University of Houston</deliveryPoint>
<city>Houston</city>
<administrativeArea>Texas</administrativeArea>
<postalCode>77204-5513</postalCode>
<country>USA</country>
</address>
<electronicMailAddress>scpennin@central.uh.edu</electronicMailAddress>
<onlineUrl>http://www.bchs.uh.edu/~steve/</onlineUrl>
</creator>
<metadataProvider><references>GCE-LTER</references></metadataProvider>
<associatedParty>
<individualName>
<givenName>Fan</givenName>
<surName>Li</surName>
</individualName>
<organizationName>University of Houston</organizationName>
<electronicMailAddress>lifan.uh@gmail.com</electronicMailAddress>
<role>graduate student investigator</role>
</associatedParty>
<associatedParty>
<individualName>
<salutation>Dr.</salutation>
<givenName>Kazimierz</givenName>
<surName>Wieski</surName>
</individualName>
<organizationName>University of Houston</organizationName>
<electronicMailAddress>trudnoswietnie@gmail.com</electronicMailAddress>
<role>postdoctoral associate</role>
</associatedParty>
<associatedParty>
<individualName>
<givenName>Jacob</givenName>
<surName>Shalack</surName>
</individualName>
<organizationName>University of Georgia Marine Institute</organizationName>
<electronicMailAddress>shalack@uga.edu</electronicMailAddress>
<role>field technician</role>
</associatedParty>
<associatedParty>
<individualName>
<givenName>Caroline</givenName>
<givenName>M.</givenName>
<surName>Reddy</surName>
</individualName>
<organizationName>University of Georgia</organizationName>
<electronicMailAddress>cmreddy@uga.edu</electronicMailAddress>
<role>field technician</role>
</associatedParty>
<pubDate>2013</pubDate>
<abstract>
<para>A quadrat survey was conducted in October 2012 to measure the species and size distribution of plants at 10 GCE LTER sampling sites. The quadrats were established as permanent plots at GCE sampling sites in October 2000 by placing wooden stakes at random locations across two nominal zones at each site, designated based on marsh structure (creekbank and high marsh). Several new plots were also added in October 2001, 2002, 2003, 2004, 2009, 2010 and 2012 to replace those lost due to catastrophic wrack disturbance or creek bank erosion. The plots were visually surveyed and the species, shoot height, and flowering status was recorded individually for each shoot over 10 cm in height present in each plot. Observations from plots exhibiting signs of disturbance were noted in the data set. This survey will be repeated annually to assess changes in plant distribution and biomass in relation to environmental changes documented by other GCE LTER monitoring efforts.</para>
</abstract>
<keywordSet>
<keyword keywordType="place">Georgia</keyword>
<keyword keywordType="place">Sapelo Island</keyword>
<keyword keywordType="place">USA</keyword>
<keyword keywordType="taxonomic">Panicum</keyword>
<keyword keywordType="taxonomic">plants</keyword>
<keyword keywordType="taxonomic">Scirpus</keyword>
<keyword keywordType="taxonomic">Typha</keyword>
<keyword keywordType="theme">GCE</keyword>
<keyword keywordType="theme">Georgia Coastal Ecosystems</keyword>
<keyword keywordType="theme">LTER</keyword>
<keywordThesaurus>GCE-LTER Controlled Vocabulary</keywordThesaurus>
</keywordSet>
<keywordSet>
<keyword keywordType="taxonomic">Angiospermae</keyword>
<keyword keywordType="taxonomic">Bolboschoenus robustus</keyword>
<keyword keywordType="taxonomic">Cyperaceae</keyword>
<keyword keywordType="taxonomic">Juncaceae</keyword>
<keyword keywordType="taxonomic">Juncus roemerianus</keyword>
<keyword keywordType="taxonomic">Lilianae</keyword>
<keyword keywordType="taxonomic">Magnoliopsida</keyword>
<keyword keywordType="taxonomic">Plantae</keyword>
<keyword keywordType="taxonomic">Poaceae</keyword>
<keyword keywordType="taxonomic">Poales</keyword>
<keyword keywordType="taxonomic">Schoenoplectus americanus</keyword>
<keyword keywordType="taxonomic">Schoenoplectus pungens</keyword>
<keyword keywordType="taxonomic">Schoenoplectus tabernaemontani</keyword>
<keyword keywordType="taxonomic">Spartina alterniflora</keyword>
<keyword keywordType="taxonomic">Spartina cynosuroides</keyword>
<keyword keywordType="taxonomic">Spermatophytina</keyword>
<keyword keywordType="taxonomic">Streptophyta</keyword>
<keyword keywordType="taxonomic">Tracheophyta</keyword>
<keyword keywordType="taxonomic">Typha angustifolia</keyword>
<keyword keywordType="taxonomic">Typhaceae</keyword>
<keyword keywordType="taxonomic">Viridaeplantae</keyword>
<keyword keywordType="taxonomic">Zizaniopsis miliacea</keyword>
<keywordThesaurus>GCE-LTER Species List</keywordThesaurus>
</keywordSet>
<keywordSet>
<keyword keywordType="theme">flowering</keyword>
<keyword keywordType="theme">marshes</keyword>
<keyword keywordType="theme">monitoring</keyword>
<keyword keywordType="theme">permanent plots</keyword>
<keyword keywordType="theme">plant communities</keyword>
<keyword keywordType="theme">plant cover</keyword>
<keyword keywordType="theme">plant ecology</keyword>
<keyword keywordType="theme">plant growth</keyword>
<keyword keywordType="theme">primary productivity</keyword>
<keyword keywordType="theme">shoot height</keyword>
<keywordThesaurus>LTER Controlled Vocabulary</keywordThesaurus>
</keywordSet>
<keywordSet>
<keyword keywordType="theme">Primary Production</keyword>
<keywordThesaurus>LTER Core Research Areas</keywordThesaurus>
</keywordSet>
<intellectualRights>
<para>All publications based on this data set must cite the contributor and Georgia Coastal Ecosystems LTER project, and two copies of the manuscript must be submitted to the GCE-LTER Information Management Office.</para>
</intellectualRights>
<distribution>
<online>
<url function="information">http://gce-lter.marsci.uga.edu/public/app/dataset_details.asp?accession=PLT-GCEM-1311a</url>
</online>
</distribution>
<coverage>
<geographicCoverage>
<geographicDescription>Overall bounding box describing the geographic region within the Georgia Coastal Ecosystems LTER study domain represented in data set PLT-GCEM-1311a, based on geographic coordinates present in the data table</geographicDescription>
<boundingCoordinates>
<westBoundingCoordinate>-81.478722</westBoundingCoordinate>
<eastBoundingCoordinate>-81.228956</eastBoundingCoordinate>
<northBoundingCoordinate>31.539505</northBoundingCoordinate>
<southBoundingCoordinate>31.307529</southBoundingCoordinate>
</boundingCoordinates>
</geographicCoverage>
<temporalCoverage>
<rangeOfDates>
<beginDate>
<calendarDate>2012-10-12</calendarDate>
</beginDate>
<endDate>
<calendarDate>2012-10-15</calendarDate>
</endDate>
</rangeOfDates>
</temporalCoverage>
<taxonomicCoverage>
<taxonomicClassification>
<taxonRankName>Kingdom</taxonRankName>
<taxonRankValue>Plantae</taxonRankValue>
<taxonomicClassification>
<taxonRankName>Subkingdom</taxonRankName>
<taxonRankValue>Viridaeplantae</taxonRankValue>
<taxonomicClassification>
<taxonRankName>Infrakingdom</taxonRankName>
<taxonRankValue>Streptophyta</taxonRankValue>
<taxonomicClassification>
<taxonRankName>Division</taxonRankName>
<taxonRankValue>Tracheophyta</taxonRankValue>
<taxonomicClassification>
<taxonRankName>Subdivision</taxonRankName>
<taxonRankValue>Spermatophytina</taxonRankValue>
<taxonomicClassification>
<taxonRankName>Infradivision</taxonRankName>
<taxonRankValue>Angiospermae</taxonRankValue>
<taxonomicClassification>
<taxonRankName>Class</taxonRankName>
<taxonRankValue>Magnoliopsida</taxonRankValue>
<taxonomicClassification>
<taxonRankName>Superorder</taxonRankName>
<taxonRankValue>Lilianae</taxonRankValue>
<taxonomicClassification>
<taxonRankName>Order</taxonRankName>
<taxonRankValue>Poales</taxonRankValue>
<taxonomicClassification>
<taxonRankName>Family</taxonRankName>
<taxonRankValue>Juncaceae</taxonRankValue>
<taxonomicClassification>
<taxonRankName>Genus</taxonRankName>
<taxonRankValue>Juncus</taxonRankValue>
<taxonomicClassification>
<taxonRankName>Species</taxonRankName>
<taxonRankValue>Juncus roemerianus</taxonRankValue>
<commonName>needlegrass rush</commonName>
</taxonomicClassification>
</taxonomicClassification>
</taxonomicClassification>
</taxonomicClassification>
</taxonomicClassification>
</taxonomicClassification>
</taxonomicClassification>
</taxonomicClassification>
</taxonomicClassification>
</taxonomicClassification>
</taxonomicClassification>
</taxonomicClassification>
<taxonomicClassification>
<taxonRankName>Kingdom</taxonRankName>
<taxonRankValue>Plantae</taxonRankValue>
<taxonomicClassification>
<taxonRankName>Subkingdom</taxonRankName>
<taxonRankValue>Viridaeplantae</taxonRankValue>
<taxonomicClassification>
<taxonRankName>Infrakingdom</taxonRankName>
<taxonRankValue>Streptophyta</taxonRankValue>
<taxonomicClassification>
<taxonRankName>Division</taxonRankName>
<taxonRankValue>Tracheophyta</taxonRankValue>
<taxonomicClassification>
<taxonRankName>Subdivision</taxonRankName>
<taxonRankValue>Spermatophytina</taxonRankValue>
<taxonomicClassification>
<taxonRankName>Infradivision</taxonRankName>
<taxonRankValue>Angiospermae</taxonRankValue>
<taxonomicClassification>
<taxonRankName>Class</taxonRankName>
<taxonRankValue>Magnoliopsida</taxonRankValue>
<taxonomicClassification>
<taxonRankName>Superorder</taxonRankName>
<taxonRankValue>Lilianae</taxonRankValue>
<taxonomicClassification>
<taxonRankName>Order</taxonRankName>
<taxonRankValue>Poales</taxonRankValue>
<taxonomicClassification>
<taxonRankName>Family</taxonRankName>
<taxonRankValue>Poaceae</taxonRankValue>
<taxonomicClassification>
<taxonRankName>Genus</taxonRankName>
<taxonRankValue>Panicum</taxonRankValue>
</taxonomicClassification>
</taxonomicClassification>
</taxonomicClassification>
</taxonomicClassification>
</taxonomicClassification>
</taxonomicClassification>
</taxonomicClassification>
</taxonomicClassification>
</taxonomicClassification>
</taxonomicClassification>
</taxonomicClassification>
<taxonomicClassification>
<taxonRankName>Kingdom</taxonRankName>
<taxonRankValue>Plantae</taxonRankValue>
<taxonomicClassification>
<taxonRankName>Subkingdom</taxonRankName>
<taxonRankValue>Viridaeplantae</taxonRankValue>
<taxonomicClassification>
<taxonRankName>Infrakingdom</taxonRankName>
<taxonRankValue>Streptophyta</taxonRankValue>
<taxonomicClassification>
<taxonRankName>Division</taxonRankName>
<taxonRankValue>Tracheophyta</taxonRankValue>
<taxonomicClassification>
<taxonRankName>Subdivision</taxonRankName>
<taxonRankValue>Spermatophytina</taxonRankValue>
<taxonomicClassification>
<taxonRankName>Infradivision</taxonRankName>
<taxonRankValue>Angiospermae</taxonRankValue>
<taxonomicClassification>
<taxonRankName>Class</taxonRankName>
<taxonRankValue>Magnoliopsida</taxonRankValue>
<taxonomicClassification>
<taxonRankName>Superorder</taxonRankName>
<taxonRankValue>Lilianae</taxonRankValue>
<taxonomicClassification>
<taxonRankName>Order</taxonRankName>
<taxonRankValue>Poales</taxonRankValue>
<taxonomicClassification>
<taxonRankName>Family</taxonRankName>
<taxonRankValue>Cyperaceae</taxonRankValue>
<taxonomicClassification>
<taxonRankName>Genus</taxonRankName>
<taxonRankValue>Schoenoplectus</taxonRankValue>
<taxonomicClassification>
<taxonRankName>Species</taxonRankName>
<taxonRankValue>Schoenoplectus pungens</taxonRankValue>
<commonName>common threesquare, Schoenoplectus</commonName>
</taxonomicClassification>
</taxonomicClassification>
</taxonomicClassification>
</taxonomicClassification>
</taxonomicClassification>
</taxonomicClassification>
</taxonomicClassification>
</taxonomicClassification>
</taxonomicClassification>
</taxonomicClassification>
</taxonomicClassification>
</taxonomicClassification>
<taxonomicClassification>
<taxonRankName>Kingdom</taxonRankName>
<taxonRankValue>Plantae</taxonRankValue>
<taxonomicClassification>
<taxonRankName>Subkingdom</taxonRankName>
<taxonRankValue>Viridaeplantae</taxonRankValue>
<taxonomicClassification>
<taxonRankName>Infrakingdom</taxonRankName>
<taxonRankValue>Streptophyta</taxonRankValue>
<taxonomicClassification>
<taxonRankName>Division</taxonRankName>
<taxonRankValue>Tracheophyta</taxonRankValue>
<taxonomicClassification>
<taxonRankName>Subdivision</taxonRankName>
<taxonRankValue>Spermatophytina</taxonRankValue>
<taxonomicClassification>
<taxonRankName>Infradivision</taxonRankName>
<taxonRankValue>Angiospermae</taxonRankValue>
<taxonomicClassification>
<taxonRankName>Class</taxonRankName>
<taxonRankValue>Magnoliopsida</taxonRankValue>
<taxonomicClassification>
<taxonRankName>Superorder</taxonRankName>
<taxonRankValue>Lilianae</taxonRankValue>
<taxonomicClassification>
<taxonRankName>Order</taxonRankName>
<taxonRankValue>Poales</taxonRankValue>
<taxonomicClassification>
<taxonRankName>Family</taxonRankName>
<taxonRankValue>Cyperaceae</taxonRankValue>
<taxonomicClassification>
<taxonRankName>Genus</taxonRankName>
<taxonRankValue>Schoenoplectus</taxonRankValue>
<taxonomicClassification>
<taxonRankName>Species</taxonRankName>
<taxonRankValue>Schoenoplectus americanus</taxonRankValue>
<commonName>chairmaker's bulrush, American bulrush, Olney bulrush, Schoenoplectus</commonName>
</taxonomicClassification>
</taxonomicClassification>
</taxonomicClassification>
</taxonomicClassification>
</taxonomicClassification>
</taxonomicClassification>
</taxonomicClassification>
</taxonomicClassification>
</taxonomicClassification>
</taxonomicClassification>
</taxonomicClassification>
</taxonomicClassification>
<taxonomicClassification>
<taxonRankName>Kingdom</taxonRankName>
<taxonRankValue>Plantae</taxonRankValue>
<taxonomicClassification>
<taxonRankName>Subkingdom</taxonRankName>
<taxonRankValue>Viridaeplantae</taxonRankValue>
<taxonomicClassification>
<taxonRankName>Infrakingdom</taxonRankName>
<taxonRankValue>Streptophyta</taxonRankValue>
<taxonomicClassification>
<taxonRankName>Division</taxonRankName>
<taxonRankValue>Tracheophyta</taxonRankValue>
<taxonomicClassification>
<taxonRankName>Subdivision</taxonRankName>
<taxonRankValue>Spermatophytina</taxonRankValue>
<taxonomicClassification>
<taxonRankName>Infradivision</taxonRankName>
<taxonRankValue>Angiospermae</taxonRankValue>
<taxonomicClassification>
<taxonRankName>Class</taxonRankName>
<taxonRankValue>Magnoliopsida</taxonRankValue>
<taxonomicClassification>
<taxonRankName>Superorder</taxonRankName>
<taxonRankValue>Lilianae</taxonRankValue>
<taxonomicClassification>
<taxonRankName>Order</taxonRankName>
<taxonRankValue>Poales</taxonRankValue>
<taxonomicClassification>
<taxonRankName>Family</taxonRankName>
<taxonRankValue>Cyperaceae</taxonRankValue>
<taxonomicClassification>
<taxonRankName>Genus</taxonRankName>
<taxonRankValue>Bolboschoenus</taxonRankValue>
<taxonomicClassification>
<taxonRankName>Species</taxonRankName>
<taxonRankValue>Bolboschoenus robustus</taxonRankValue>
<commonName>sturdy bulrush</commonName>
</taxonomicClassification>
</taxonomicClassification>
</taxonomicClassification>
</taxonomicClassification>
</taxonomicClassification>
</taxonomicClassification>
</taxonomicClassification>
</taxonomicClassification>
</taxonomicClassification>
</taxonomicClassification>
</taxonomicClassification>
</taxonomicClassification>
<taxonomicClassification>
<taxonRankName>Kingdom</taxonRankName>
<taxonRankValue>Plantae</taxonRankValue>
<taxonomicClassification>
<taxonRankName>Subkingdom</taxonRankName>
<taxonRankValue>Viridaeplantae</taxonRankValue>
<taxonomicClassification>
<taxonRankName>Infrakingdom</taxonRankName>
<taxonRankValue>Streptophyta</taxonRankValue>
<taxonomicClassification>
<taxonRankName>Division</taxonRankName>
<taxonRankValue>Tracheophyta</taxonRankValue>
<taxonomicClassification>
<taxonRankName>Subdivision</taxonRankName>
<taxonRankValue>Spermatophytina</taxonRankValue>
<taxonomicClassification>
<taxonRankName>Infradivision</taxonRankName>
<taxonRankValue>Angiospermae</taxonRankValue>
<taxonomicClassification>
<taxonRankName>Class</taxonRankName>
<taxonRankValue>Magnoliopsida</taxonRankValue>
<taxonomicClassification>
<taxonRankName>Superorder</taxonRankName>
<taxonRankValue>Lilianae</taxonRankValue>
<taxonomicClassification>
<taxonRankName>Order</taxonRankName>
<taxonRankValue>Poales</taxonRankValue>
<taxonomicClassification>
<taxonRankName>Family</taxonRankName>
<taxonRankValue>Cyperaceae</taxonRankValue>
<taxonomicClassification>
<taxonRankName>Genus</taxonRankName>
<taxonRankValue>Schoenoplectus</taxonRankValue>
<taxonomicClassification>
<taxonRankName>Species</taxonRankName>
<taxonRankValue>Schoenoplectus tabernaemontani</taxonRankValue>
<commonName>softstem bulrush, great bulrush, soft-stem bulrush</commonName>
</taxonomicClassification>
</taxonomicClassification>
</taxonomicClassification>
</taxonomicClassification>
</taxonomicClassification>
</taxonomicClassification>
</taxonomicClassification>
</taxonomicClassification>
</taxonomicClassification>
</taxonomicClassification>
</taxonomicClassification>
</taxonomicClassification>
<taxonomicClassification>
<taxonRankName>Kingdom</taxonRankName>
<taxonRankValue>Plantae</taxonRankValue>
<taxonomicClassification>
<taxonRankName>Subkingdom</taxonRankName>
<taxonRankValue>Viridaeplantae</taxonRankValue>
<taxonomicClassification>
<taxonRankName>Infrakingdom</taxonRankName>
<taxonRankValue>Streptophyta</taxonRankValue>
<taxonomicClassification>
<taxonRankName>Division</taxonRankName>
<taxonRankValue>Tracheophyta</taxonRankValue>
<taxonomicClassification>
<taxonRankName>Subdivision</taxonRankName>
<taxonRankValue>Spermatophytina</taxonRankValue>
<taxonomicClassification>
<taxonRankName>Infradivision</taxonRankName>
<taxonRankValue>Angiospermae</taxonRankValue>
<taxonomicClassification>
<taxonRankName>Class</taxonRankName>
<taxonRankValue>Magnoliopsida</taxonRankValue>
<taxonomicClassification>
<taxonRankName>Superorder</taxonRankName>
<taxonRankValue>Lilianae</taxonRankValue>
<taxonomicClassification>
<taxonRankName>Order</taxonRankName>
<taxonRankValue>Poales</taxonRankValue>
<taxonomicClassification>
<taxonRankName>Family</taxonRankName>
<taxonRankValue>Poaceae</taxonRankValue>
<taxonomicClassification>
<taxonRankName>Genus</taxonRankName>
<taxonRankValue>Spartina</taxonRankValue>
<taxonomicClassification>
<taxonRankName>Species</taxonRankName>
<taxonRankValue>Spartina alterniflora</taxonRankValue>
<commonName>smooth cordgrass, Atlantic cordgrass, saltmarsh cordgrass</commonName>
</taxonomicClassification>
</taxonomicClassification>
</taxonomicClassification>
</taxonomicClassification>
</taxonomicClassification>
</taxonomicClassification>
</taxonomicClassification>
</taxonomicClassification>
</taxonomicClassification>
</taxonomicClassification>
</taxonomicClassification>
</taxonomicClassification>
<taxonomicClassification>
<taxonRankName>Kingdom</taxonRankName>
<taxonRankValue>Plantae</taxonRankValue>
<taxonomicClassification>
<taxonRankName>Subkingdom</taxonRankName>
<taxonRankValue>Viridaeplantae</taxonRankValue>
<taxonomicClassification>
<taxonRankName>Infrakingdom</taxonRankName>
<taxonRankValue>Streptophyta</taxonRankValue>
<taxonomicClassification>
<taxonRankName>Division</taxonRankName>
<taxonRankValue>Tracheophyta</taxonRankValue>
<taxonomicClassification>
<taxonRankName>Subdivision</taxonRankName>
<taxonRankValue>Spermatophytina</taxonRankValue>
<taxonomicClassification>
<taxonRankName>Infradivision</taxonRankName>
<taxonRankValue>Angiospermae</taxonRankValue>
<taxonomicClassification>
<taxonRankName>Class</taxonRankName>
<taxonRankValue>Magnoliopsida</taxonRankValue>
<taxonomicClassification>
<taxonRankName>Superorder</taxonRankName>
<taxonRankValue>Lilianae</taxonRankValue>
<taxonomicClassification>
<taxonRankName>Order</taxonRankName>
<taxonRankValue>Poales</taxonRankValue>
<taxonomicClassification>
<taxonRankName>Family</taxonRankName>
<taxonRankValue>Poaceae</taxonRankValue>
<taxonomicClassification>
<taxonRankName>Genus</taxonRankName>
<taxonRankValue>Spartina</taxonRankValue>
<taxonomicClassification>
<taxonRankName>Species</taxonRankName>
<taxonRankValue>Spartina cynosuroides</taxonRankValue>
<commonName>big cordgrass</commonName>
</taxonomicClassification>
</taxonomicClassification>
</taxonomicClassification>
</taxonomicClassification>
</taxonomicClassification>
</taxonomicClassification>
</taxonomicClassification>
</taxonomicClassification>
</taxonomicClassification>
</taxonomicClassification>
</taxonomicClassification>
</taxonomicClassification>
<taxonomicClassification>
<taxonRankName>Kingdom</taxonRankName>
<taxonRankValue>Plantae</taxonRankValue>
<taxonomicClassification>
<taxonRankName>Subkingdom</taxonRankName>
<taxonRankValue>Viridaeplantae</taxonRankValue>
<taxonomicClassification>
<taxonRankName>Infrakingdom</taxonRankName>
<taxonRankValue>Streptophyta</taxonRankValue>
<taxonomicClassification>
<taxonRankName>Division</taxonRankName>
<taxonRankValue>Tracheophyta</taxonRankValue>
<taxonomicClassification>
<taxonRankName>Subdivision</taxonRankName>
<taxonRankValue>Spermatophytina</taxonRankValue>
<taxonomicClassification>
<taxonRankName>Infradivision</taxonRankName>
<taxonRankValue>Angiospermae</taxonRankValue>
<taxonomicClassification>
<taxonRankName>Class</taxonRankName>
<taxonRankValue>Magnoliopsida</taxonRankValue>
<taxonomicClassification>
<taxonRankName>Superorder</taxonRankName>
<taxonRankValue>Lilianae</taxonRankValue>
<taxonomicClassification>
<taxonRankName>Order</taxonRankName>
<taxonRankValue>Poales</taxonRankValue>
<taxonomicClassification>
<taxonRankName>Family</taxonRankName>
<taxonRankValue>Typhaceae</taxonRankValue>
<taxonomicClassification>
<taxonRankName>Genus</taxonRankName>
<taxonRankValue>Typha</taxonRankValue>
<taxonomicClassification>
<taxonRankName>Species</taxonRankName>
<taxonRankValue>Typha angustifolia</taxonRankValue>
<commonName>narrowleaf cattail, narrow-leaf cat-tail</commonName>
</taxonomicClassification>
</taxonomicClassification>
</taxonomicClassification>
</taxonomicClassification>
</taxonomicClassification>
</taxonomicClassification>
</taxonomicClassification>
</taxonomicClassification>
</taxonomicClassification>
</taxonomicClassification>
</taxonomicClassification>
</taxonomicClassification>
<taxonomicClassification>
<taxonRankName>Kingdom</taxonRankName>
<taxonRankValue>Plantae</taxonRankValue>
<taxonomicClassification>
<taxonRankName>Subkingdom</taxonRankName>
<taxonRankValue>Viridaeplantae</taxonRankValue>
<taxonomicClassification>
<taxonRankName>Infrakingdom</taxonRankName>
<taxonRankValue>Streptophyta</taxonRankValue>
<taxonomicClassification>
<taxonRankName>Division</taxonRankName>
<taxonRankValue>Tracheophyta</taxonRankValue>
<taxonomicClassification>
<taxonRankName>Subdivision</taxonRankName>
<taxonRankValue>Spermatophytina</taxonRankValue>
<taxonomicClassification>
<taxonRankName>Infradivision</taxonRankName>
<taxonRankValue>Angiospermae</taxonRankValue>
<taxonomicClassification>
<taxonRankName>Class</taxonRankName>
<taxonRankValue>Magnoliopsida</taxonRankValue>
<taxonomicClassification>
<taxonRankName>Superorder</taxonRankName>
<taxonRankValue>Lilianae</taxonRankValue>
<taxonomicClassification>
<taxonRankName>Order</taxonRankName>
<taxonRankValue>Poales</taxonRankValue>
<taxonomicClassification>
<taxonRankName>Family</taxonRankName>
<taxonRankValue>Poaceae</taxonRankValue>
<taxonomicClassification>
<taxonRankName>Genus</taxonRankName>
<taxonRankValue>Zizaniopsis</taxonRankValue>
<taxonomicClassification>
<taxonRankName>Species</taxonRankName>
<taxonRankValue>Zizaniopsis miliacea</taxonRankValue>
<commonName>giant cutgrass</commonName>
</taxonomicClassification>
</taxonomicClassification>
</taxonomicClassification>
</taxonomicClassification>
</taxonomicClassification>
</taxonomicClassification>
</taxonomicClassification>
</taxonomicClassification>
</taxonomicClassification>
</taxonomicClassification>
</taxonomicClassification>
</taxonomicClassification>
</taxonomicCoverage>
</coverage>
<contact><positionName>GCE-LTER Information Manager</positionName>
<address>
<deliveryPoint>Dept. of Marine Sciences</deliveryPoint>
<deliveryPoint>University of Georgia</deliveryPoint>
<city>Athens</city>
<administrativeArea>Georgia</administrativeArea>
<postalCode>30602-3636</postalCode>
<country>USA</country>
</address>
<electronicMailAddress>gcelter@uga.edu</electronicMailAddress>
</contact>
<publisher><references>GCE-LTER</references></publisher>
<methods>
<methodStep>
<description>
<section>
<title>Quadrat sampling</title>
<para>Quadrats were randomly placed within two nominal marsh zones at each site (eight plots per zone) to create permanent plots in October 2000.  These plots were used for this study, in addition to 5 new plots added in October 2001, 2 new plots added in October 2002,  5 new plots in October 2003, 8 new plots in October 2010 and 1 new plot in October 2012 to replace original plots lost due to catastrophic disturbance. The quadrats were marked using PVC or wooden stakes and varied in size, measuring 0.5m by 0.5m, 1m by 0.5m, or 0.25m by 0.25m, as indicated in the "Quadrat_Area" data column.</para>
</section>
</description>
</methodStep>
<methodStep>
<description>
<section>
<title>Plant measurement</title>
<para>The taxon, shoot height, and flowering status was recorded for each live shoot &gt; 10cm in height present in each quadrat.</para>
</section>
</description>
<instrumentation>PVC ruler; parameter: length</instrumentation>
</methodStep>
<methodStep>
<description>
<section>
<title>RTK-GPS Survey of Permanent Plot Locations</title>
<para>A survey was performed in April 2010 to measure the precise geographic locations and elevations of long-term plant plots at GCE-LTER marsh study sites 1-10. The survey was performed using a Trimble R6 real-time kinematic GPS sytem with Global Navigation Satellite System (GLONASS) support. The base receiver was placed on a permanent cement base installed near each field site, connected to GLONASS satellite services via mobile 3G Internet connection, and allowed to establish a stable benchmark positional fix prior to the survey. A portable wireless rover unit was then used to collect and log horizontal position and vertical elevation data on the ground at the center of each plot. Data were then corrected and analyzed using Trimble Geomatics Office software to determine latitude, longitude and elevation, and plant plot locations were then registered in the GCE-LTER geographic database. Location, Longitude and Latitude columns were then added to the data table based on matching site, marsh zone and plot number of each record to the corresponding plot identifier in the geographic database. For plots that were lost due to catastrophic disturbance prior to 2010 and replaced, the measured location of the the replacement plots were used to provide estimated positional information for the legacy plots, and the estimated values were flagged and the level of uncertainty was described based on the number of times the plot was replaced prior to RTK-GPS survey.</para>
</section>
</description>
<instrumentation>RTK GPS; manufacturer: Trimble (model: R6); parameter: Elevation (accuracy: 20mm + 1 ppm RMS, readability: 1mm, )</instrumentation>
<instrumentation>RTK GPS; manufacturer: Trimble (model: R6); parameter: Latitude (accuracy: 10 mm + 1 ppm RMS, readability: 1mm, range: 0-90 degrees)</instrumentation>
<instrumentation>RTK GPS; manufacturer: Trimble (model: R6); parameter: Longitude (accuracy: 10 mm + 1 ppm RMS, readability: 1mm, range: 0-180 degrees)</instrumentation>
</methodStep>
<sampling>
<studyExtent>
<coverage>
<temporalCoverage>
<rangeOfDates>
<beginDate>
<calendarDate>2012-10-12</calendarDate>
</beginDate>
<endDate>
<calendarDate>2012-10-15</calendarDate>
</endDate>
</rangeOfDates>
</temporalCoverage>
</coverage>
<coverage>
<geographicCoverage>
<geographicDescription>GCE Study Site GCE1 -- Eulonia, Georgia, USA.  Transitional salt marsh/upland forest site at the upper reach of the Sapelo River near Eulonia, Georgia. The main marsh area is to the north of the channel where the upland is controlled by DNR. Several small creeks lie within the study area.  Residential development is increasing on the upland areas south of the channel. A hydrographic sonde is deployed within this site attached to a private dock to the south of the main channel near the HW-17 bridge.</geographicDescription>
<boundingCoordinates>
<westBoundingCoordinate>-81.428481</westBoundingCoordinate>
<eastBoundingCoordinate>-81.410732</eastBoundingCoordinate>
<northBoundingCoordinate>31.546750</northBoundingCoordinate>
<southBoundingCoordinate>31.533963</southBoundingCoordinate>
</boundingCoordinates>
</geographicCoverage>
<geographicCoverage>
<geographicDescription>GCE Study Site GCE2 -- Four Mile Island, Georgia, USA.  Low salt marsh/estuary site encompassing the southwestern end of Four Mile Island and the Sapelo River near Sapelo Sound. The large island is totally marsh, with no upland, and no development. Nearby areas, like "Sutherland Bluff", are developing with golf courses. A hydrographic sonde is deployed within this site attached to channel marker 4 (under U.S. Coast Guard permit). Salinity regime is similar to seawater.</geographicDescription>
<boundingCoordinates>
<westBoundingCoordinate>-81.318961</westBoundingCoordinate>
<eastBoundingCoordinate>-81.292844</eastBoundingCoordinate>
<northBoundingCoordinate>31.552554</northBoundingCoordinate>
<southBoundingCoordinate>31.533604</southBoundingCoordinate>
</boundingCoordinates>
</geographicCoverage>
<geographicCoverage>
<geographicDescription>GCE Study Site GCE3 -- North Sapelo, Sapelo Island, Georgia, USA.  High salinity marsh/Sapelo Sound site.  Few or no small creeks, but one large creek is easily accessed. Further upstream upland drainage is affected by culvert at Reynolds' duck pond. Upland is heavily forested. Hydrographic sonde is deployed adjacent to this site attached to a channel marker (under U.S. Coast Guard permit). A huge mud flat is present at the northern tip of Sapelo Island.</geographicDescription>
<boundingCoordinates>
<westBoundingCoordinate>-81.233249</westBoundingCoordinate>
<eastBoundingCoordinate>-81.195661</eastBoundingCoordinate>
<northBoundingCoordinate>31.546868</northBoundingCoordinate>
<southBoundingCoordinate>31.515188</southBoundingCoordinate>
</boundingCoordinates>
</geographicCoverage>
<geographicCoverage>
<geographicDescription>GCE Study Site GCE4 -- Meridian, Georgia, USA.  Inland marsh and tidal creek site near Meridian, Georgia. The primary marsh site is to the south of the dock in front of the Sapelo Island Visitor Center. Some small creeks and one large creek (Hudson Creek) are present. Upland is heavily forested. Marsh to the north of the dock can be used for additional studies if larger areas are required. Upland to the North is being developed for residential use, so future access is uncertain. The USGS super station site (weather station plus multiple-sensor sonde) is deployed off the ferry dock. Salinity is similar to seawater because there is little freshwater input from the upland.</geographicDescription>
<boundingCoordinates>
<westBoundingCoordinate>-81.370752</westBoundingCoordinate>
<eastBoundingCoordinate>-81.357256</eastBoundingCoordinate>
<northBoundingCoordinate>31.463533</northBoundingCoordinate>
<southBoundingCoordinate>31.448419</southBoundingCoordinate>
</boundingCoordinates>
</geographicCoverage>
<geographicCoverage>
<geographicDescription>GCE Study Site GCE5 -- Folly River, Georgia, USA.  Salt marsh/tidal creek site at the Folly River near Doboy Sound.  No upland areas present. The north side of Doboy Sound immediately opposite is similar, but creeks are not as nice. No existing markers are close enough for sonde deployment, so we will initially use the existing sonde at Marsh Landing operated by UGAMI for surrogate hydrographic data.</geographicDescription>
<boundingCoordinates>
<westBoundingCoordinate>-81.354413</westBoundingCoordinate>
<eastBoundingCoordinate>-81.327201</eastBoundingCoordinate>
<northBoundingCoordinate>31.442538</northBoundingCoordinate>
<southBoundingCoordinate>31.417640</southBoundingCoordinate>
</boundingCoordinates>
</geographicCoverage>
<geographicCoverage>
<geographicDescription>GCE Study Site GCE6 -- Dean Creek, Sapelo Island, Georgia, USA.  Doboy Sound/salt marsh site at the southern end of Sapelo Island near Dean Creek and the Sapelo lighthouse.  A few small creeks are present, but a large creek (Dean Creek) is easily accessed. Upland is composed of small hammocks and some constructed causeways, with sand dune complexes east of Dean Creek and extending to the beach. Upper end of the watershed is affected by a culvert at Beach Road and heavy student use of marsh immediately adjacent to culvert. A hydrographic sonde is deployed in Doboy Sound near Commodore Island approximately 1.5km from this site. GCE6 is also the focus of Sapelo Island Microbial Observatory research on microbial diversity  and  genomics (http://simo.marsci.uga.edu)</geographicDescription>
<boundingCoordinates>
<westBoundingCoordinate>-81.299522</westBoundingCoordinate>
<eastBoundingCoordinate>-81.264378</eastBoundingCoordinate>
<northBoundingCoordinate>31.394072</northBoundingCoordinate>
<southBoundingCoordinate>31.371003</southBoundingCoordinate>
</boundingCoordinates>
</geographicCoverage>
<geographicCoverage>
<geographicDescription>GCE Study Site GCE7 -- Carrs Island, Georgia, USA.  Freshwater marsh site along the northern bank of Hammersmith Creek at the south end of Carrs Island. Upland area is heavily forested. Northern 3/4 of the island was diked for rice agriculture, but the southern 1/4 is undisturbed. A hydrographic sonde is deployed in the Altamaha River near Hammersmith Creek, adjacent to this site.</geographicDescription>
<boundingCoordinates>
<westBoundingCoordinate>-81.493498</westBoundingCoordinate>
<eastBoundingCoordinate>-81.475900</eastBoundingCoordinate>
<northBoundingCoordinate>31.348774</northBoundingCoordinate>
<southBoundingCoordinate>31.334364</southBoundingCoordinate>
</boundingCoordinates>
</geographicCoverage>
<geographicCoverage>
<geographicDescription>GCE Study Site GCE8 -- Alligator Creek, Georgia, USA.  Mid-estuary/salt marsh site on the west side of Friday Cap Creek along the Altamaha River. This is a brackish marsh with salinities around 14 PSU during drought, less than 5 PSU normally. A hydrographic sonde is deployed adjacent to this site in the Altamaha River near Alligator Creek, attached to the US Coast Guard Daymarker 2 pilings.</geographicDescription>
<boundingCoordinates>
<westBoundingCoordinate>-81.426272</westBoundingCoordinate>
<eastBoundingCoordinate>-81.410634</eastBoundingCoordinate>
<northBoundingCoordinate>31.317808</northBoundingCoordinate>
<southBoundingCoordinate>31.304063</southBoundingCoordinate>
</boundingCoordinates>
</geographicCoverage>
<geographicCoverage>
<geographicDescription>GCE Study Site GCE9 -- Rockdedundy Island, Georgia, USA.  Lower estuary tidal creek and marsh site at Rockdedundy Island west of Wolf Island. A hydrographic sonde is deployed approximately 2km from this site in the Altamaha River near Rockdedundy Island, attached to the US Coast Guard Daymarker 201 pilings.</geographicDescription>
<boundingCoordinates>
<westBoundingCoordinate>-81.346730</westBoundingCoordinate>
<eastBoundingCoordinate>-81.326495</eastBoundingCoordinate>
<northBoundingCoordinate>31.358142</northBoundingCoordinate>
<southBoundingCoordinate>31.339173</southBoundingCoordinate>
</boundingCoordinates>
</geographicCoverage>
<geographicCoverage>
<geographicDescription>GCE Study Site GCE10 -- Hunt Camp, Sapelo Island, Georgia, USA.  Barrier island/marsh site on western Sapelo Island.  This site is located at the upper reaches of the Duplin River, and is within the Sapelo Island National Estuarine Research Reserve. Existing well fields border small marsh area to northwest, some wells have been installed to south end of hammock where marsh is more extensive and permanent plots are located. Two existing hydrographic sondes and weather stations within this site are operated by SINERR (Hunt Camp dock) and UGAMI (flume dock).</geographicDescription>
<boundingCoordinates>
<westBoundingCoordinate>-81.295506</westBoundingCoordinate>
<eastBoundingCoordinate>-81.258908</eastBoundingCoordinate>
<northBoundingCoordinate>31.497026</northBoundingCoordinate>
<southBoundingCoordinate>31.462320</southBoundingCoordinate>
</boundingCoordinates>
</geographicCoverage>
</coverage>
</studyExtent>
<samplingDescription>
<section>
<title>Plant Survey</title>
<para>Permanent plots were established in the marsh areas at each GCE sampling site in October, 2000.  Each site was divided into two nominal zones based on marsh structure -- creek zone and high marsh -- and eight plots were randomly located in each zone and marked with stakes.  Plots are  visually inspected prior to each annual survey for signs of disturbance by wrack inundation, wildlife activity, and creekbank erosion. Plots lost due to catastrophic disturbance are replaced with new plots in different locations within the same marsh zone, which are assigned distinct plot numbers. (See history of plot disturbance in the site description section for details).</para>
<para>A quadrat survey was conducted in October 2012 to measure the species and size distribution of plants in the permanent plots at 10 GCE LTER sampling sites.</para>
<para>A stratified random quadrat sampling design was used to determine the species and size distribution of plants in two nominal marsh zones (creek and high marsh) at each GCE LTER sampling site.</para>
</section>
</samplingDescription>
<spatialSamplingUnits>
<referencedEntityId>PLT-GCEM-1311a.kml</referencedEntityId>
</spatialSamplingUnits>
</sampling>
</methods>
<project>
<title>Georgia Coastal Ecosystems LTER Project II</title>
<personnel>
<individualName>
<givenName>Merryl</givenName>
<surName>Alber</surName>
</individualName>
<role>principalInvestigator</role>
</personnel>
<personnel>
<individualName>
<givenName>Steven</givenName>
<givenName>C.</givenName>
<surName>Pennings</surName>
</individualName>
<role>principalInvestigator</role>
</personnel>
<personnel>
<individualName>
<givenName>Wade</givenName>
<givenName>M.</givenName>
<surName>Sheldon</surName>
</individualName>
<role>informationManager</role>
</personnel>
<abstract><para>The Georgia Coastal Ecosystems (GCE) LTER program, located on the central Georgia coast, was established in 2000. The study domain encompasses three adjacent sounds (Altamaha, Doboy, Sapelo) and includes upland (mainland, barrier islands, marsh hammocks), intertidal (fresh, brackish and salt marsh) and submerged (river, estuary, continental shelf) habitats. Patterns and processes in this complex landscape vary spatially within and between sites, and temporally on multiple scales (tidal, diurnal, seasonal, and interannual). Overlain on this spatial and temporal variation are long-term trends caused by climate change, sea level rise, and human alterations of the landscape. These long-term trends are likely to manifest in many ways, including changes in water quality, river discharge, runoff and tidal inundation patterns throughout the estuarine landscape. The overarching goal of the GCE program is to understand the mechanisms by which variation in the quality, source and amount of both fresh and salt water create temporal and spatial variability in estuarine habitats and processes, in order to predict directional changes that will occur in response to long-term shifts in estuarine salinity patterns. The objectives of the current funding cycle are 1) to continue to document long-term patterns of environmental forcing to the coastal zone, 2) to link environmental forcing to observed spatial and temporal patterns of biogeochemical processes, primary production, community dynamics, decomposition and disturbance, 3) to investigate the underlying mechanisms by which environmental gradients along the longitudinal (freshwater-saltwater) and 4) lateral (upland-subtidal) axes of estuaries drive ecosystem change, and 5) to explore the relative importance of larval transport and the conditions of the adult environment in determining community and genetic structure across both the longitudinal and vertical gradients of the estuary. To meet these objectives, we utilize a suite of approaches including long-term monitoring of abiotic drivers and ecosystem responses; manipulative and natural experiments designed to enable us to examine the importance of key ecosystem drivers; and modeling.</para></abstract>
<funding><para>This material is based upon work supported by the National Science Foundation under grant numbers OCE-9982133 and OCE-0620959. Any opinions, findings, conclusions, or recommendations expressed in the material are those of the author(s) and do not necessarily reflect the views of the National Science Foundation.</para></funding>
</project>
<dataTable>
<entityName>PLT-GCEM-1311a</entityName>
<entityDescription>Main data table for data set PLT-GCEM-1311a</entityDescription>
<physical>
<objectName>PLT-GCEM-1311a_1_0.CSV</objectName>
<size unit="kilobyte">250.04</size>
<characterEncoding>ASCII</characterEncoding>
<dataFormat>
<textFormat>
<numHeaderLines>5</numHeaderLines>
<numFooterLines>0</numFooterLines>
<recordDelimiter>\r\n</recordDelimiter>
<numPhysicalLinesPerRecord>1</numPhysicalLinesPerRecord>
<attributeOrientation>column</attributeOrientation>
<simpleDelimited>
<fieldDelimiter>,</fieldDelimiter>
<quoteCharacter>"</quoteCharacter>
</simpleDelimited>
</textFormat>
</dataFormat>
<distribution>
<online>
<onlineDescription>Spreadsheet comma-separated value (CSV) text file with a five line header containing the data set title, column titles, units and column types</onlineDescription>
<url function="download">http://gce-lter.marsci.uga.edu/public/app/send_file.asp?name=metacat-user&amp;email=none&amp;affiliation=LNO&amp;notify=0&amp;accession=PLT-GCEM-1311a&amp;filename=PLT-GCEM-1311a_1_0.CSV</url>
</online>
<access authSystem="knb" order="allowFirst" scope="document">
<allow>
<principal>uid=GCE,o=lter,dc=ecoinformatics,dc=org</principal>
<permission>all</permission>
</allow>
<allow>
<principal>public</principal>
<permission>read</permission>
</allow>
</access>
</distribution>
</physical>
<methods>
<methodStep>
<description><para>Data file post-processing in the GCE-LTER Information Management Office</para></description>
<software><title>GCE Data Toolbox for MATLAB(r)</title>
<creator>
<individualName>
<salutation>Mr.</salutation>
<givenName>Wade</givenName>
<givenName>M.</givenName>
<surName>Sheldon</surName>
</individualName>
<address>
<deliveryPoint>Dept. of Marine Sciences</deliveryPoint>
<deliveryPoint>University of Georgia</deliveryPoint>
<city>Athens</city>
<administrativeArea>Georgia</administrativeArea>
<postalCode>30602-3636</postalCode>
<country>USA</country>
</address>
<electronicMailAddress>sheldon@uga.edu</electronicMailAddress>
<onlineUrl>http://gce-lter.marsci.uga.edu/public/app/personnel_bios.asp?id=wsheldon</onlineUrl>
</creator>
<associatedParty>
<organizationName>Georgia Coastal Ecosystems LTER Project</organizationName>
<address>
<deliveryPoint>Dept. of Marine Sciences</deliveryPoint>
<deliveryPoint>University of Georgia</deliveryPoint>
<city>Athens</city>
<administrativeArea>Georgia</administrativeArea>
<postalCode>30602-3636</postalCode>
<country>USA</country>
</address>
<electronicMailAddress>gcelter@uga.edu</electronicMailAddress>
<role>sponsoring research program</role>
</associatedParty>
<abstract>
<para>The GCE Data Toolbox is a comprehensive library of functions for metadata-based analysis
quality control, transformation and management of ecological data sets. The toolbox is based on the GCE Data 
Structure, a MATLAB specification for storing tabular data along with all information required to interpret 
the data and generate formatted metadata (documentation). Metadata fields in the structure are queried 
by toolbox functions for all operations, allowing functions to process and format values appropriately 
based on the type of information they represent. This semantic processing approach supports highly 
automated and intelligent data analysis and ensures data set validity throughout all processing steps.</para>
</abstract>
<implementation>
<distribution>
<online>
<url function="information">http://gce-lter.marsci.uga.edu/public/im/tools/toolbox_download.htm</url>
</online>
</distribution>
<operatingSystem>Linux</operatingSystem>
<operatingSystem>Microsoft Windows</operatingSystem>
<operatingSystem>Sun Solaris</operatingSystem>
<operatingSystem>Apple Macintosh OS/X</operatingSystem>
<programmingLanguage>MATLAB</programmingLanguage>
</implementation>
<version>3.x</version></software>
<subStep>
<description>
<para>05/13/2014: new GCE Data Structure 1.1 created ("newstruct")</para>
</description>
</subStep>
<subStep>
<description>
<para>05/13/2014: 2988 rows imported from ASCII data file "PLT-GCEM-1311a.txt" ("imp_ascii")</para>
</description>
</subStep>
<subStep>
<description>
<para>05/13/2014: 12 metadata fields in file header parsed ("parse_header")</para>
</description>
</subStep>
<subStep>
<description>
<para>05/13/2014: data structure validated ("gce_valid")</para>
</description>
</subStep>
<subStep>
<description>
<para>05/13/2014: Q/C flagging criteria applied, "flags" field updated ("dataflag")</para>
</description>
</subStep>
<subStep>
<description>
<para>05/13/2014: automatically assigned study date metadata descriptors based on the range of date values in date/time columns (add_studydates)</para>
</description>
</subStep>
<subStep>
<description>
<para>05/13/2014: imported Dataset, Project, Site, Study, Status, Supplement metadata descriptors from the GCE Metabase ("imp_gcemetadata")</para>
</description>
</subStep>
<subStep>
<description>
<para>05/13/2014: updated 56 metadata fields in the Dataset, Project, Site, Status, Study, Supplement sections ("addmeta")</para>
</description>
</subStep>
<subStep>
<description>
<para>05/13/2014: added column "Location" at position 7 ("addcol")</para>
</description>
</subStep>
<subStep>
<description>
<para>05/13/2014: added Longitude and Latitude columns by matching values in the Location column to entries in the GCE geographic database ("add_stationcoords")</para>
</description>
</subStep>
<subStep>
<description>
<para>05/13/2014: 235 values in "Location" were updated with new values ("update_data")</para>
</description>
</subStep>
<subStep>
<description>
<para>05/13/2014: Q/C flagging criteria applied for column(s) Location, "flags" field updated ("dataflag")</para>
</description>
</subStep>
<subStep>
<description>
<para>05/13/2014: added Longitude and Latitude columns by matching values in the Location column to entries in the GCE geographic database ("add_stationcoords")</para>
</description>
</subStep>
<subStep>
<description>
<para>05/13/2014: 235 values in "Location" were updated with new values ("update_data")</para>
</description>
</subStep>
<subStep>
<description>
<para>05/13/2014: Q/C flagging criteria applied for column(s) Location, "flags" field updated ("dataflag")</para>
</description>
</subStep>
<subStep>
<description>
<para>05/13/2014: added Longitude and Latitude columns by matching values in the Location column to entries in the GCE geographic database ("add_stationcoords")</para>
</description>
</subStep>
<subStep>
<description>
<para>05/13/2014: 235 values in "Location" were updated with new values ("update_data")</para>
</description>
</subStep>
<subStep>
<description>
<para>05/13/2014: Q/C flagging criteria applied for column(s) Location, "flags" field updated ("dataflag")</para>
</description>
</subStep>
<subStep>
<description>
<para>05/13/2014: added Longitude and Latitude columns by matching values in the Location column to entries in the GCE geographic database ("add_stationcoords")</para>
</description>
</subStep>
<subStep>
<description>
<para>05/13/2014: 235 values in "Location" were updated with new values ("update_data")</para>
</description>
</subStep>
<subStep>
<description>
<para>05/13/2014: Q/C flagging criteria applied for column(s) Location, "flags" field updated ("dataflag")</para>
</description>
</subStep>
<subStep>
<description>
<para>05/13/2014: added Longitude and Latitude columns by matching values in the Location column to entries in the GCE geographic database ("add_stationcoords")</para>
</description>
</subStep>
<subStep>
<description>
<para>05/13/2014: 235 values in "Location" were updated with new values ("update_data")</para>
</description>
</subStep>
<subStep>
<description>
<para>05/13/2014: Q/C flagging criteria applied for column(s) Location, "flags" field updated ("dataflag")</para>
</description>
</subStep>
<subStep>
<description>
<para>05/13/2014: added Longitude and Latitude columns by matching values in the Location column to entries in the GCE geographic database ("add_stationcoords")</para>
</description>
</subStep>
<subStep>
<description>
<para>05/13/2014: 235 values in "Location" were updated with new values ("update_data")</para>
</description>
</subStep>
<subStep>
<description>
<para>05/13/2014: Q/C flagging criteria applied for column(s) Location, "flags" field updated ("dataflag")</para>
</description>
</subStep>
<subStep>
<description>
<para>05/13/2014: added Longitude and Latitude columns by matching values in the Location column to entries in the GCE geographic database ("add_stationcoords")</para>
</description>
</subStep>
<subStep>
<description>
<para>05/13/2014: 235 values in "Location" were updated with new values ("update_data")</para>
</description>
</subStep>
<subStep>
<description>
<para>05/13/2014: Q/C flagging criteria applied for column(s) Location, "flags" field updated ("dataflag")</para>
</description>
</subStep>
<subStep>
<description>
<para>05/13/2014: 235 values in "Location" were updated with new values ("update_data")</para>
</description>
</subStep>
<subStep>
<description>
<para>05/13/2014: Q/C flagging criteria applied for column(s) Location, "flags" field updated ("dataflag")</para>
</description>
</subStep>
<subStep>
<description>
<para>05/13/2014: added Longitude and Latitude columns by matching values in the Location column to entries in the GCE geographic database ("add_stationcoords")</para>
</description>
</subStep>
<subStep>
<description>
<para>05/13/2014: 13 values in "Location" were updated with new values ("update_data"): changed record 1609 from "GCE6_CB32" to "GCE6_CB22", changed record 1610 from "GCE6_CB32" to "GCE6_CB22", changed record 1611 from "GCE6_CB32" to "GCE6_CB22", changed record 1612 from "GCE6_CB32" to "GCE6_CB22", changed record 1613 from "GCE6_CB32" to "GCE6_CB22", changed record 1614 from "GCE6_CB32" to "GCE6_CB22", changed record 1615 from "GCE6_CB32" to "GCE6_CB22", changed record 1616 from "GCE6_CB32" to "GCE6_CB22", changed record 1617 from "GCE6_CB32" to "GCE6_CB22", changed record 1618 from "GCE6_CB32" to "GCE6_CB22", changed record 1619 from "GCE6_CB32" to "GCE6_CB22", changed record 1620 from "GCE6_CB32" to "GCE6_CB22", changed record 1621 from "GCE6_CB32" to "GCE6_CB22"</para>
</description>
</subStep>
<subStep>
<description>
<para>05/13/2014: Q/C flagging criteria applied for column(s) Location, "flags" field updated ("dataflag")</para>
</description>
</subStep>
<subStep>
<description>
<para>05/13/2014: added Longitude and Latitude columns by matching values in the Location column to entries in the GCE geographic database ("add_stationcoords")</para>
</description>
</subStep>
<subStep>
<description>
<para>05/13/2014: added column "Location_Notes" at position 8 ("addcol")</para>
</description>
</subStep>
<subStep>
<description>
<para>05/13/2014: updated 1 metadata fields in the Data sections ("addmeta")</para>
</description>
</subStep>
<subStep>
<description>
<para>05/13/2014: manually added "E" flags to 235 records in column(s) Location, Latitude and Longitude ("addflags")</para>
</description>
</subStep>
<subStep>
<description>
<para>05/13/2014: locked Q/C flag criteria for columns Location, Longitude and Latitude to prevent automatic evaluation ("flag_locks")</para>
</description>
</subStep>
<subStep>
<description>
<para>05/13/2014: updated 1 metadata fields in the Data sections ("addmeta")</para>
</description>
</subStep>
<subStep>
<description>
<para>05/13/2014: added geographic metadata based on matching values in columns Site and Location to site and transect names registered in "geo_polygons.mat" and location and station names registered in "geo_locations.mat" ("add_sitemetadata")</para>
</description>
</subStep>
<subStep>
<description>
<para>05/13/2014: updated 8 metadata fields in the Site sections ("addmeta")</para>
</description>
</subStep>
<subStep>
<description>
<para>05/13/2014: added geographic metadata based on matching values in columns Site and Location to site and transect names registered in "geo_polygons.mat" and location and station names registered in "geo_locations.mat" ("add_sitemetadata")</para>
</description>
</subStep>
<subStep>
<description>
<para>05/13/2014: updated 8 metadata fields in the Site sections ("addmeta")</para>
</description>
</subStep>
<subStep>
<description>
<para>05/13/2014: updated 4 metadata fields ("addmeta")</para>
</description>
</subStep>
<subStep>
<description>
<para>05/13/2014: updated 15 metadata fields in the Status, Data sections to reflect attribute metadata ("updatecols")</para>
</description>
</subStep>
<subStep>
<description>
<para>05/13/2014: parsed and formatted metadata ("listmeta")</para>
</description>
</subStep>
<subStep>
<description>
<para>05/13/2014: flags for columns Quadrat_Area and Shoot_Height converted to data columns, flag codes updated in metadata ("flags2cols")</para>
</description>
</subStep>
</methodStep>
<qualityControl>
<description>
<para>Quality control analysis was performed using the GCE Data Toolbox for MATLAB software. Column data types are validated upon importing the table into MATLAB, and qualifier flags are automatically generated for data values based on QA/QC criteria for each data column pre-defined in metadata templates (e.g. value range checks, sanity checks, pattern checks). Automatically-assigned qualifier flags are reviewed graphically and revised or augmented as deemed appropriate by GCE information management staff, based on metadata information from the contributor, values of other measured variables, or statistical tests. Qualifier flags are also assigned to values that are imputed or derived, revised, or otherwise differ from values in the original data submission. A column of coded qualifier flags is generated and included in the data table if flags are assigned to any value in a data column.</para>
</description>
</qualityControl>
</methods>
<attributeList>
<attribute id="PLT-GCEM-1311a.1">
<attributeName>Year</attributeName>
<attributeDefinition>Year of observation</attributeDefinition>
<storageType>integer</storageType>
<measurementScale>
<interval>
<unit>
<standardUnit>nominalYear</standardUnit>
</unit>
<precision>1</precision>
<numericDomain>
<numberType>whole</numberType>
</numericDomain>
</interval>
</measurementScale>
<missingValueCode>
<code>NaN</code>
<codeExplanation>value not recorded or censored based on quality control analysis (see methods)</codeExplanation>
</missingValueCode>
</attribute>
<attribute id="PLT-GCEM-1311a.2">
<attributeName>Month</attributeName>
<attributeDefinition>Month of observation</attributeDefinition>
<storageType>integer</storageType>
<measurementScale>
<interval>
<unit>
<customUnit>nominalMonth</customUnit>
</unit>
<precision>1</precision>
<numericDomain>
<numberType>whole</numberType>
<bounds>
<minimum exclusive="false">1</minimum>
<maximum exclusive="false">12</maximum>
</bounds>
</numericDomain>
</interval>
</measurementScale>
<missingValueCode>
<code>NaN</code>
<codeExplanation>value not recorded or censored based on quality control analysis (see methods)</codeExplanation>
</missingValueCode>
</attribute>
<attribute id="PLT-GCEM-1311a.3">
<attributeName>Day</attributeName>
<attributeDefinition>Day of observation</attributeDefinition>
<storageType>integer</storageType>
<measurementScale>
<interval>
<unit>
<standardUnit>nominalDay</standardUnit>
</unit>
<precision>1</precision>
<numericDomain>
<numberType>whole</numberType>
<bounds>
<minimum exclusive="false">1</minimum>
<maximum exclusive="false">31</maximum>
</bounds>
</numericDomain>
</interval>
</measurementScale>
<missingValueCode>
<code>NaN</code>
<codeExplanation>value not recorded or censored based on quality control analysis (see methods)</codeExplanation>
</missingValueCode>
</attribute>
<attribute id="PLT-GCEM-1311a.4">
<attributeName>Site</attributeName>
<attributeDefinition>GCE LTER sampling site</attributeDefinition>
<storageType>integer</storageType>
<measurementScale>
<nominal>
<nonNumericDomain>
<enumeratedDomain>
<codeDefinition>
<code>1</code>
<definition>GCE1 (Eulonia)</definition>
</codeDefinition>
<codeDefinition>
<code>2</code>
<definition>GCE2 (Four Mile Island)</definition>
</codeDefinition>
<codeDefinition>
<code>3</code>
<definition>GCE3 (North Sapelo)</definition>
</codeDefinition>
<codeDefinition>
<code>4</code>
<definition>GCE4 (Meridian)</definition>
</codeDefinition>
<codeDefinition>
<code>5</code>
<definition>GCE5 (Folly River)</definition>
</codeDefinition>
<codeDefinition>
<code>6</code>
<definition>GCE6 (Dean Creek)</definition>
</codeDefinition>
<codeDefinition>
<code>7</code>
<definition>GCE7 (Carrs Island)</definition>
</codeDefinition>
<codeDefinition>
<code>8</code>
<definition>GCE8 (Alligator Creek)</definition>
</codeDefinition>
<codeDefinition>
<code>9</code>
<definition>GCE9 (Rockdedundy Island)</definition>
</codeDefinition>
<codeDefinition>
<code>10</code>
<definition>GCE10 (Hunt Camp)</definition>
</codeDefinition>
</enumeratedDomain>
</nonNumericDomain>
</nominal>
</measurementScale>
<missingValueCode>
<code>NaN</code>
<codeExplanation>value not recorded or censored based on quality control analysis (see methods)</codeExplanation>
</missingValueCode>
</attribute>
<attribute id="PLT-GCEM-1311a.5">
<attributeName>Zone</attributeName>
<attributeDefinition>Nominal marsh zone</attributeDefinition>
<storageType>integer</storageType>
<measurementScale>
<nominal>
<nonNumericDomain>
<enumeratedDomain>
<codeDefinition>
<code>1</code>
<definition>creek bank zone</definition>
</codeDefinition>
<codeDefinition>
<code>2</code>
<definition>mid-marsh zone</definition>
</codeDefinition>
<codeDefinition>
<code>3</code>
<definition>additional Juncus zone in high marsh</definition>
</codeDefinition>
</enumeratedDomain>
</nonNumericDomain>
</nominal>
</measurementScale>
<missingValueCode>
<code>NaN</code>
<codeExplanation>value not recorded or censored based on quality control analysis (see methods)</codeExplanation>
</missingValueCode>
</attribute>
<attribute id="PLT-GCEM-1311a.6">
<attributeName>Plot</attributeName>
<attributeDefinition>Permanent plot number</attributeDefinition>
<storageType>integer</storageType>
<measurementScale>
<nominal>
<nonNumericDomain>
<textDomain>
<definition>Permanent plot number</definition>
</textDomain>
</nonNumericDomain>
</nominal>
</measurementScale>
<missingValueCode>
<code>NaN</code>
<codeExplanation>value not recorded or censored based on quality control analysis (see methods)</codeExplanation>
</missingValueCode>
</attribute>
<attribute id="PLT-GCEM-1311a.7">
<attributeName>Location</attributeName>
<attributeDefinition>Geographic location code in the GCE Metadata Database for the sampling plot</attributeDefinition>
<storageType>string</storageType>
<measurementScale>
<nominal>
<nonNumericDomain>
<textDomain>
<definition>Geographic location code in the GCE Metadata Database for the sampling plot</definition>
</textDomain>
</nonNumericDomain>
</nominal>
</measurementScale>
</attribute>
<attribute id="PLT-GCEM-1311a.8">
<attributeName>Location_Notes</attributeName>
<attributeDefinition>Notes on location assignments and geographic accuracy</attributeDefinition>
<storageType>string</storageType>
<measurementScale>
<nominal>
<nonNumericDomain>
<textDomain>
<definition>Notes on location assignments and geographic accuracy</definition>
</textDomain>
</nonNumericDomain>
</nominal>
</measurementScale>
</attribute>
<attribute id="PLT-GCEM-1311a.9">
<attributeName>Longitude</attributeName>
<attributeDefinition>Geographic longitude in decimal degrees</attributeDefinition>
<storageType>float</storageType>
<measurementScale>
<interval>
<unit>
<standardUnit>degree</standardUnit>
</unit>
<precision>0.000001</precision>
<numericDomain>
<numberType>real</numberType>
<bounds>
<minimum exclusive="false">-180</minimum>
<maximum exclusive="false">180</maximum>
</bounds>
</numericDomain>
</interval>
</measurementScale>
<missingValueCode>
<code>NaN</code>
<codeExplanation>value not recorded or censored based on quality control analysis (see methods)</codeExplanation>
</missingValueCode>
</attribute>
<attribute id="PLT-GCEM-1311a.10">
<attributeName>Latitude</attributeName>
<attributeDefinition>Geographic latitude in decimal degrees</attributeDefinition>
<storageType>float</storageType>
<measurementScale>
<interval>
<unit>
<standardUnit>degree</standardUnit>
</unit>
<precision>0.000001</precision>
<numericDomain>
<numberType>real</numberType>
<bounds>
<minimum exclusive="false">-90</minimum>
<maximum exclusive="false">90</maximum>
</bounds>
</numericDomain>
</interval>
</measurementScale>
<missingValueCode>
<code>NaN</code>
<codeExplanation>value not recorded or censored based on quality control analysis (see methods)</codeExplanation>
</missingValueCode>
</attribute>
<attribute id="PLT-GCEM-1311a.11">
<attributeName>Quadrat_Area</attributeName>
<attributeDefinition>Areal measurement of the quadrat frame</attributeDefinition>
<storageType>float</storageType>
<measurementScale>
<ratio>
<unit>
<standardUnit>squareMeter</standardUnit>
</unit>
<precision>0.0001</precision>
<numericDomain>
<numberType>real</numberType>
</numericDomain>
</ratio>
</measurementScale>
<missingValueCode>
<code>NaN</code>
<codeExplanation>value not recorded or censored based on quality control analysis (see methods)</codeExplanation>
</missingValueCode>
<methods>
<methodStep>
<description>
<para>Calculations: Quadrat_Area(m^2) = Quadrat_Length(m)  * Quadrat_Width(m)</para>
</description>
</methodStep>
</methods>
</attribute>
<attribute id="PLT-GCEM-1311a.12">
<attributeName>Flag_Quadrat_Area</attributeName>
<attributeDefinition>QA/QC flags for Areal measurement of the quadrat frame (flagging criteria, where "x" is Quadrat_Area: x&lt;.06="Q", x&gt;.5="Q")</attributeDefinition>
<storageType>string</storageType>
<measurementScale>
<nominal>
<nonNumericDomain>
<textDomain>
<definition>QA/QC flags for Areal measurement of the quadrat frame (flagging criteria, where "x" is Quadrat_Area: x&lt;.06="Q", x&gt;.5="Q")</definition>
</textDomain>
</nonNumericDomain>
</nominal>
</measurementScale>
</attribute>
<attribute id="PLT-GCEM-1311a.13">
<attributeName>Species_Code</attributeName>
<attributeDefinition>Plant species code</attributeDefinition>
<storageType>string</storageType>
<measurementScale>
<nominal>
<nonNumericDomain>
<enumeratedDomain>
<codeDefinition>
<code>A1</code>
<definition>Spartina alterniflora</definition>
</codeDefinition>
<codeDefinition>
<code>A2</code>
<definition>Spartina cynosuroides</definition>
</codeDefinition>
<codeDefinition>
<code>A3</code>
<definition>Juncus Roemerianus</definition>
</codeDefinition>
<codeDefinition>
<code>A4</code>
<definition>Zizaniopsis miliacea</definition>
</codeDefinition>
<codeDefinition>
<code>A5</code>
<definition>Scirpus spp.</definition>
</codeDefinition>
<codeDefinition>
<code>A6</code>
<definition>Panicum spp.</definition>
</codeDefinition>
<codeDefinition>
<code>A7</code>
<definition>Typha spp.</definition>
</codeDefinition>
<codeDefinition>
<code>A8</code>
<definition>Unidentified rush</definition>
</codeDefinition>
<codeDefinition>
<code>A9</code>
<definition>Schoenoplectus tabernaemontani</definition>
</codeDefinition>
</enumeratedDomain>
</nonNumericDomain>
</nominal>
</measurementScale>
</attribute>
<attribute id="PLT-GCEM-1311a.14">
<attributeName>Shoot_Height</attributeName>
<attributeDefinition>Height of the plant shoot above the substrate</attributeDefinition>
<storageType>float</storageType>
<measurementScale>
<ratio>
<unit>
<standardUnit>centimeter</standardUnit>
</unit>
<precision>1</precision>
<numericDomain>
<numberType>real</numberType>
<bounds>
<minimum exclusive="false">0</minimum>
</bounds>
</numericDomain>
</ratio>
</measurementScale>
<missingValueCode>
<code>NaN</code>
<codeExplanation>value not recorded or censored based on quality control analysis (see methods)</codeExplanation>
</missingValueCode>
</attribute>
<attribute id="PLT-GCEM-1311a.15">
<attributeName>Flag_Shoot_Height</attributeName>
<attributeDefinition>QA/QC flags for Height of the plant shoot above the substrate (flagging criteria, where "x" is Shoot_Height: x&lt;0="I", x&gt;400="Q")</attributeDefinition>
<storageType>string</storageType>
<measurementScale>
<nominal>
<nonNumericDomain>
<textDomain>
<definition>QA/QC flags for Height of the plant shoot above the substrate (flagging criteria, where "x" is Shoot_Height: x&lt;0="I", x&gt;400="Q")</definition>
</textDomain>
</nonNumericDomain>
</nominal>
</measurementScale>
</attribute>
<attribute id="PLT-GCEM-1311a.16">
<attributeName>Flowering_Status</attributeName>
<attributeDefinition>Presence or absence of inflorescence</attributeDefinition>
<storageType>boolean</storageType>
<measurementScale>
<ordinal>
<nonNumericDomain>
<enumeratedDomain>
<codeDefinition>
<code>1</code>
<definition>flowering</definition>
</codeDefinition>
<codeDefinition>
<code>0</code>
<definition>not flowering</definition>
</codeDefinition>
<codeDefinition>
<code>missing</code>
<definition>not scored</definition>
</codeDefinition>
</enumeratedDomain>
</nonNumericDomain>
</ordinal>
</measurementScale>
<missingValueCode>
<code>NaN</code>
<codeExplanation>value not recorded or censored based on quality control analysis (see methods)</codeExplanation>
</missingValueCode>
</attribute>
<attribute id="PLT-GCEM-1311a.17">
<attributeName>Plot_Disturbance</attributeName>
<attributeDefinition>Presence or absence of visible plot disturbance</attributeDefinition>
<storageType>boolean</storageType>
<measurementScale>
<ordinal>
<nonNumericDomain>
<enumeratedDomain>
<codeDefinition>
<code>1</code>
<definition>disturbed</definition>
</codeDefinition>
<codeDefinition>
<code>0</code>
<definition>not disturbed</definition>
</codeDefinition>
</enumeratedDomain>
</nonNumericDomain>
</ordinal>
</measurementScale>
<missingValueCode>
<code>NaN</code>
<codeExplanation>value not recorded or censored based on quality control analysis (see methods)</codeExplanation>
</missingValueCode>
</attribute>
</attributeList>
<numberOfRecords>2988</numberOfRecords>
</dataTable>
<otherEntity id="PLT-GCEM-1311a.kml">
<entityName>PLT-GCEM-1311a.kml</entityName>
<entityDescription>Google Earth Keyhole Markup Language file describing the geographic locations sampled in data set knb-lter-gce.454.8</entityDescription>
<physical>
<objectName>PLT-GCEM-1311a.kml</objectName>
<dataFormat>
<externallyDefinedFormat>
<formatName>application/vnd.google-earth.kml+xml</formatName>
</externallyDefinedFormat>
</dataFormat>
<distribution>
<online>
<url function="download">http://gce-lter.marsci.uga.edu/public/app/send_kml.asp?filename=PLT-GCEM-1311a.kml&amp;uri=http%3A%2F%2Fgce-lter.marsci.uga.edu%2Fgce_metabase%2Fxml%2Fdataset_geography.kml%3FAccession%3DPLT-GCEM-1311a</url>
</online>
<access authSystem="knb" order="allowFirst" scope="document">
<allow>
<principal>uid=GCE,o=lter,dc=ecoinformatics,dc=org</principal>
<permission>all</permission>
</allow>
<allow>
<principal>public</principal>
<permission>read</permission>
</allow>
</access>
</distribution>
</physical>
<entityType>KML</entityType>
</otherEntity>
</dataset>
<additionalMetadata>
<metadata>
<stmml:unitList xmlns:stmml="http://www.xml-cml.org/schema/stmml-1.1" xsi:schemaLocation="http://www.xml-cml.org/schema/stmml-1.1 http://gce-lter.marsci.uga.edu/public/files/schemas/eml-210/stmml.xsd">
<!--note that the unitTypes here are taken from the eml-unitDictionary.xml--><stmml:unit id="nominalMonth" name="nominalMonth">
<stmml:description>one month including a variable number of seconds</stmml:description>
</stmml:unit>
</stmml:unitList>
</metadata>
</additionalMetadata>
</eml:eml>
