<?xml version="1.0"?><eml:eml xmlns:eml="eml://ecoinformatics.org/eml-2.1.1" xmlns:stmml="http://www.xml-cml.org/schema/stmml" xmlns:ds="eml://ecoinformatics.org/dataset-2.0.0" xmlns:xsi="http://www.w3.org/2001/XMLSchema-instance" packageId="1062" system="cwt-lter" xsi:schemaLocation="eml://ecoinformatics.org/eml-2.0.0 http://gce-lter.marsci.uga.edu/lter/files/schemas/eml-200/eml.xsd" scope="system"><dataset scope="document"><title>Variation in the relative effects of top-down and bottom-up forces on herbivores and herbivory along an elevational gradient in the southern Appalachian Mountains.</title><creator scope="document"><individualName><givenName>Ashok</givenName><surName>Ragavendran</surName></individualName><address scope="document"><deliveryPoint>University of Georgia</deliveryPoint><deliveryPoint>Institute of Ecology</deliveryPoint><city>Athens</city><administrativeArea>Georgia</administrativeArea><postalCode>30602</postalCode><country>USA</country></address><phone phonetype="voice">(706) 542-1803</phone><electronicMailAddress>ashokr@arches.uga.edu</electronicMailAddress><onlineUrl>http://coweeta.ecology.uga.edu</onlineUrl></creator><creator scope="document"><individualName><givenName>Mark D.</givenName><surName>Hunter</surName></individualName><address scope="document"><deliveryPoint>University of Georgia</deliveryPoint><deliveryPoint>Institute of Ecology</deliveryPoint><city>Athens</city><administrativeArea>Georgia</administrativeArea><postalCode>30602</postalCode><country>USA</country></address><phone phonetype="voice">(706) 542-1803</phone><electronicMailAddress>mhunter@sparc.ecology.uga.edu</electronicMailAddress><onlineUrl>http://cwt33.ecology.uga.edu/piprofiles/pro_hunter.html</onlineUrl></creator><abstract><para>It is a well established fact that top-down (predation), bottom-up (resource availability) and lateral (interference) interactions are the dominant biotic forces in terrestrial ecosystems in addition to a host of other interactions like mutualism and symbiosis. The primary emphasis has always been to look for a singular mechanistic explanation in determining community dynamics. The ecological literature is replete with controversy on the subject of whether top-down or bottom -up forces predominate in ecosystems and their role in dynamics of ecological communities. | The emerging consensus is that both top-down and bottom-up forces act in concert and the impetus is shifting towards the elucidation of the context, biotic and abiotic, under which these forces come into play. There are very few studies that have addressed this question and looked at the simultaneous interaction of these forces. | I propose to study the effects of spatial heterogeneity in biotic and abiotic factors along an elevation gradient on the relative impacts of top-down and bottom -up forces and the result of their interactive effects on folivory. Specifically, I shall address the effects of spatial variation in plant quality and predation pressure and their interactive impacts on insect herbivore biomass and consumption. I shall also address the effects of complexity within/among trophic levels on the impact of these forces. The study aims to bring about a greater understanding of the role played by abiotic factors and complexity in community dynamics.</para><para>A) Observational methods | This will involve sampling trees for three years to assess arthropod biomass, density and composition. Samples will be taken at 10 regular intervals along the elevation gradient using a 15-foot pole pruner and plastic bags (Reynolds and Crossley, 1997). At each point along the elevation gradient, 5 mature trees will be chosen at random.5 random samples will be taken from each tree. Sampling will be carried out four times each season in concordance with budbreak and three stages of expansion. Leaf phenology will be measured for each sample tree, every week, by collecting shoot samples and quantified as the ratio of shoot weight to unit length per unit time. The following abiotic variables will also be measured for each sample: temperature, precipitation and soil nutrient availability. | B) Experimental Methods. | This will involve a series of manipulative factorial experiments consisting of two levels of each factor viz., present or absent and the experiments will be carried out on oak saplings. | 1. Predator exclusion | a) Exclusion of Birds: Bird exclusion will be carried out by constructing exclosures consisting of mesh cages as prescribed in Floyd (1996). The Mesh size used will be 1.25cm, which is noted to exclude even the smallest insectivorous birds yet is large enough to permit transits of the largest arthropod predators and ground beetles. | b) Exclusion of arthropods: Arthropod predators will be excluded by weekly hand removal, which has been found to be effective by Floyd (1996). | c) Total exclusion: This would consist of bird exclosures wherein arthropod-predator exclusions will also be carried out. | 2. Nutrient addition treatments will be carried out at each site to look at the effect of increased nutrient availability on plant quality. The primary goal is to explore the influence of changes in plant quality, by nutrient availability, on the interaction between herbivory and predation. The nutrient additions would involve fertilization treatments using fertilization regimes as prescribed in Forkner and Hunter (2000). | C) Experimental design | The study design would consist primarily of four treatments repeated for fertilized and unfertilized regimes, bringing the total number of treatments to eight. The treatments are as follows | 1. Bird exclusion | 2. Arthropod predator exclusion | 3. Total predator exclusion | 4. Control | Each treatment will have 10 replicates and will be conducted under two regimes, fertilized and unfertilized. Each treatment will be conducted at three different sites - low elevation (2350 ft), mid elevation (3458ft) and high elevation (4843ft), totaling 240 replicates.</para></abstract><keywordSet><keyword>Coweeta</keyword><keyword>LTER</keyword><keyword>herbivores</keyword><keyword>top-down bottom-up forces</keyword><keyword>community dynamics</keyword><keyword>quercus rubra</keyword><keyword>defoliation</keyword></keywordSet><intellectualRights><para>Must adhere to the Coweeta LTER Data Policy (See http://coweeta.ecology.uga.edu/webdocs/3/static/datapolicies.html).</para></intellectualRights><distribution scope="document"><online><url function="download">http://cwt33.ecology.uga.edu/summaries/summary1062.html</url></online></distribution><coverage scope="document"><geographicCoverage scope="document"><geographicDescription>elevation(ft) N decimal degrees W decimal degrees | 2350 N 32.06295 deg W 083.43522 deg | 2627 N 35.05983 deg W 083.44931 deg | 2904 N 35.06017 deg W 083.45773 deg | 3181 N 35.05643 deg W 083.46427 deg | 3458 N 35.05583 deg W 083.46622 deg | 3735 N 35.05575 deg W 083.46721 deg | 4012 N 35.05264 deg W 083.47081 deg | 4289 N 35.04794 deg W 083.46976 deg | 4566 N 35.04669 deg W 083.46933 deg | 4843 N 35.04186 deg W 083.47401 deg</geographicDescription><boundingCoordinates><westBoundingCoordinate></westBoundingCoordinate><eastBoundingCoordinate></eastBoundingCoordinate><northBoundingCoordinate></northBoundingCoordinate><southBoundingCoordinate></southBoundingCoordinate></boundingCoordinates></geographicCoverage><temporalCoverage scope="document"><rangeOfDates><beginDate><calendarDate>2001-02-01</calendarDate></beginDate><endDate><calendarDate>2005-01-01</calendarDate></endDate></rangeOfDates></temporalCoverage></coverage><contact scope="document"><positionName>Coweeta LTER Information Manager</positionName><address scope="document"><deliveryPoint>Institute of Ecology</deliveryPoint><deliveryPoint>University of Georgia</deliveryPoint><city>Athens</city><administrativeArea>Georgia</administrativeArea><postalCode>30602</postalCode><country>USA</country></address><phone phonetype="voice">(828) 524-2128</phone></contact><project scope="document"><title>Coweeta Long Term Ecological Research</title><personnel scope="document"><individualName><givenName>Ted</givenName><surName>Gragson</surName></individualName><address scope="document"><deliveryPoint>Institute of Ecology</deliveryPoint><deliveryPoint>University of Georgia</deliveryPoint><city>Athens</city><administrativeArea>Georgia</administrativeArea><postalCode>30602</postalCode><country>USA</country></address><electronicMailAddress>tgragson@earthlink.net</electronicMailAddress><role>principalInvestigator</role></personnel><personnel scope="document"><individualName><givenName>James</givenName><surName>Vose</surName></individualName><address scope="document"><deliveryPoint>Institute of Ecology</deliveryPoint><deliveryPoint>University of Georgia</deliveryPoint><city>Athens</city><administrativeArea>Georgia</administrativeArea><postalCode>30602</postalCode><country>USA</country></address><electronicMailAddress>jvose@fs.fed.us</electronicMailAddress><role>principalInvestigator</role></personnel><personnel scope="document"><individualName><givenName>Brian</givenName><surName>Kloeppel</surName></individualName><address scope="document"><deliveryPoint>Institute of Ecology</deliveryPoint><deliveryPoint>University of Georgia</deliveryPoint><city>Athens</city><administrativeArea>Georgia</administrativeArea><postalCode>30602</postalCode><country>USA</country></address><electronicMailAddress>kloeppel@sparc.ecology.uga.edu</electronicMailAddress><role>principalInvestigator</role></personnel><abstract><para>The Coweeta LTER Research Program has evolved since 1980 from a site-based to a site- and region-based project examining the effects of disturbance
and environmental gradients on biogeochemical cycling, and the underlying
watershed ecosystem processes that regulate and respond to those cycles. 
The objective for the 2002-2008 research is to advance scientific
understanding of the spatial, temporal, and decision-making components of
land use and land-use change in the southern Appalachian Mountains over the
last 200 years, and forecast patterns into the future 30 years.  This will
be accomplished by addressing ecological and socioeconomic aspects of
land-use change while continuing long-term studies of environmental
gradients and natural disturbance regimes.  The result will be a more
complete understanding of ecological dynamics in the southern Appalachian
Mountains that makes possible the development of reasonable forecasts of
its future ecological state. | The guiding hypothesis for the proposed research is that the frequency, intensity, and extent of land use represents human decision-making in
response to socioeconomic and bio-geophysical conditions with consequences
that cascade through ecosystems.  The research activities are organized
into three initiatives: (1) Characterization of the Socio-Natural Template,
(2) Ecosystem Responses to the Socio-Natural Template, and (3) Forecasting
Ecosystem Responses to Changes in the Socio-Natural Template.  The
integrated scientific research will provide both a description as well as
an explanation of the underlying causes of land use and the consequences of
land-use change for southern Appalachian ecosystems and society.  It thus
recognizes the complexity of land use as a process and the research needs
as defined in the LTER Program and the broader scientific community.</para></abstract><funding><para>National Science Foundation. Any opinions, findings, conclusions, or recommendations expressed in the material are those of the author(s) and do not necessarily reflect the views of the National Science Foundation.</para></funding></project><access authSystem="knb" order="allowFirst" scope="document"><allow><principal>uid=cwt,o=lter,dc=ecoinformatics,dc=org</principal><permission>all</permission></allow><allow><principal>public</principal><permission>read</permission></allow></access></dataset></eml:eml>