<?xml version="1.0"?><eml:eml xmlns:eml="eml://ecoinformatics.org/eml-2.1.1" xmlns:stmml="http://www.xml-cml.org/schema/stmml" xmlns:xsi="http://www.w3.org/2001/XMLSchema-instance" xmlns:ds="eml://ecoinformatics.org/dataset-2.0.1" packageId="knb-lter-cwt.4022.4" system="cwt-lter" xsi:schemaLocation="eml://ecoinformatics.org/eml-2.0.1 http://gce-lter.marsci.uga.edu/lter/files/schemas/eml-201/eml.xsd" scope="system"><dataset scope="document"><title>The importance of crayfish in the breakdown of rhododendron leaf litter.</title><creator scope="document"><individualName><givenName>Kate</givenName><surName>Schofield</surName></individualName><address scope="document"><deliveryPoint>University of Georgia</deliveryPoint><deliveryPoint>Institute of Ecology</deliveryPoint><city>Athens</city><administrativeArea>Georgia</administrativeArea><postalCode>30602-2602</postalCode><country>USA</country></address><phone phonetype="voice">(706) 542-1120</phone><electronicMailAddress>kschofld@arches.uga.edu</electronicMailAddress><onlineUrl>http://coweeta.ecology.uga.edu</onlineUrl></creator><creator scope="document"><individualName><givenName>Cathy</givenName><surName>Pringle</surName></individualName><address scope="document"><deliveryPoint>University of Georgia</deliveryPoint><deliveryPoint>Institute of Ecology</deliveryPoint><city>Athens</city><administrativeArea>Georgia</administrativeArea><postalCode>30602-2602</postalCode><country>USA</country></address><phone phonetype="voice">(706) 542-3344</phone><electronicMailAddress>pringle@sparc.ecology.uga.edu</electronicMailAddress><onlineUrl>http://cwt33.ecology.uga.edu/piprofiles/pro_pringle.html</onlineUrl></creator><creator scope="document"><individualName><givenName>Judy L.</givenName><surName>Meyer</surName></individualName><address scope="document"><deliveryPoint>University of Georgia</deliveryPoint><deliveryPoint>Institute of Ecology</deliveryPoint><city>Athens</city><administrativeArea>Georgia</administrativeArea><postalCode>30602-2602</postalCode><country>USA</country></address><phone phonetype="voice">(706) 542-3344</phone><electronicMailAddress>meyer@sparc.ecology.uga.edu</electronicMailAddress><onlineUrl>http://cwt33.ecology.uga.edu/piprofiles/pro_meyer.html</onlineUrl></creator><creator scope="document"><individualName><givenName>Andrew B.</givenName><surName>Sutherland</surName></individualName><address scope="document"><deliveryPoint>University of Georgia</deliveryPoint><deliveryPoint>Institute of Ecology</deliveryPoint><city>Athens</city><administrativeArea>Georgia</administrativeArea><postalCode>30602-2602</postalCode><country>USA</country></address><phone phonetype="voice">None Available</phone><electronicMailAddress>andrew@sparc.ecology.uga.edu</electronicMailAddress><onlineUrl>http://coweeta.ecology.uga.edu</onlineUrl></creator><abstract><para>1. Rhododendron (Rhododendron maximum) is a common evergreen shrub in riparian areas of the southern Appalachians, where its leaves can comprise a large proportion of leaf litter in streams. However, they are relatively refractory and generally considered a low quality food resource for detritivores. | 2. Our objective was to assess whether macroconsumers (primarily crayfish (Cambarus bartonii)) influence rhododendron leaf breakdown in a forested southern Appalachian stream in both summer (when leaves other than rhododendron are relatively scarce) and autumn (when other leaves are relatively abundant). We conducted two leaf decay experiments, one in summer and one in autumn, using pre-conditioned leaves. Macroconsumers were excluded from the benthos of a fourth-order stream using electric fences; we predicted that excluding macroconsumers would reduce the decay rate of rhododendron leaves in both summer and autumn. | 3. In both experiments, breakdown rate was lower in exclusion treatments. Macroconsumers accounted for approximately 33% and 54% of rhododendron decay in summer and autumn, respectively. We attribute this effect to direct shredding of rhododendron by crayfish. Biomass of insect shredders, insect predators and fungi did not differ between control and exclusion treatments, indicating that insectivorous sculpins (Cottus bairdi) had no effect on rhododendron decay and that omnivorous crayfish did not exert an indirect effect via alteration of insect or fungal biomass. | 4. The influence of shredding insects varied between summer and autumn. In summer, when other, more palatable leaf types were not available, rhododendron leaf packs appeared to provide resource islands for insect shredders. There was a significant inverse relationship between insect shredders and leaf pack mass in the summer exclusion treatment: insects were the only organisms eating leaves in this treatment and, as shredder biomass increased, remaining leaf pack mass decreased. In the control treatment, however, we did not see this relationship; here, the effect of insect shredders was presumably swamped by the impact of crayfish. In autumn, when other leaves were abundant, insect shredder biomass in rhododendron leaf packs was less than one-third of summer values. | 5. Even at low density (approximately 2 m-2) crayfish were able to influence an ecosystem process such as leaf decay in both summer and autumn. Given the threatened status of many crayfish species in the United States, this finding is especially relevant. Even small alterations in crayfish assemblages, whether via loss of native species and/or introduction of exotic species, may have significant repercussions for ecosystem function.</para><para>We conducted two electric exclusion experiments, one from 16/7/99 - 29/8/99 (Summer experiment) and the other from 3/10/99 to 28/11/99 (Autumn experiment). Pre-conditioned rhododendron leaf packs (i.e., incubated in stream for ~ 2 mos. prior to experiment) were placed in 0.25 m^2 PVC frames lined with copper wire (total = 10 frames, arranged in 5 pairs, for each experiment). Electric fence chargers were connected to one frame in each pair; this electric current prevented macroconsumers (i.e., fishes and crayfishes) from entering the area. We then examined how macroconsumer access (i.e., control) and exclusion (i.e., electrified) treatments differed in terms of insects colonizing leaf packs, fungal biomass on leaf packs, and leaf breakdown throughout each experiment. At the beginning of each experiment we also collected leaves from 10 1 m wide transects across the stream, to assess availability of rhododendron versus non-rhododendron leaves.</para></abstract><keywordSet><keyword>Coweeta</keyword><keyword>LTER</keyword><keyword>crayfish</keyword><keyword>fungi</keyword><keyword>leaf decay</keyword><keyword>rhododendron</keyword><keyword>stream</keyword></keywordSet><intellectualRights><para>Must adhere to the Coweeta LTER Data Policy (See http://coweeta.uga.edu/policies/data).</para></intellectualRights><distribution scope="document"><online><url function="download">http://coweeta.uga.edu/summaries/Csummary4022_b.html</url></online></distribution><coverage scope="document"><geographicCoverage scope="document"><geographicDescription>Lower Ball Creek, reach below the weir and above the confluence with Shope</geographicDescription><boundingCoordinates><westBoundingCoordinate></westBoundingCoordinate><eastBoundingCoordinate></eastBoundingCoordinate><northBoundingCoordinate></northBoundingCoordinate><southBoundingCoordinate></southBoundingCoordinate></boundingCoordinates></geographicCoverage><temporalCoverage scope="document"><rangeOfDates><beginDate><calendarDate>1999-07-01</calendarDate></beginDate><endDate><calendarDate>1999-11-01</calendarDate></endDate></rangeOfDates></temporalCoverage></coverage><contact scope="document"><positionName>Coweeta LTER Information Manager</positionName><address scope="document"><deliveryPoint>Institute of Ecology</deliveryPoint><deliveryPoint>University of Georgia</deliveryPoint><city>Athens</city><administrativeArea>Georgia</administrativeArea><postalCode>30602</postalCode><country>USA</country></address><phone phonetype="voice">(828) 524-2128</phone></contact><project scope="document"><title>Coweeta Long Term Ecological Research</title><personnel scope="document"><individualName><givenName>Ted</givenName><surName>Gragson</surName></individualName><address scope="document"><deliveryPoint>Institute of Ecology</deliveryPoint><deliveryPoint>University of Georgia</deliveryPoint><city>Athens</city><administrativeArea>Georgia</administrativeArea><postalCode>30602</postalCode><country>USA</country></address><electronicMailAddress>tgragson@earthlink.net</electronicMailAddress><role>principalInvestigator</role></personnel><personnel scope="document"><individualName><givenName>James</givenName><surName>Vose</surName></individualName><address scope="document"><deliveryPoint>Institute of Ecology</deliveryPoint><deliveryPoint>University of Georgia</deliveryPoint><city>Athens</city><administrativeArea>Georgia</administrativeArea><postalCode>30602</postalCode><country>USA</country></address><electronicMailAddress>jvose@fs.fed.us</electronicMailAddress><role>principalInvestigator</role></personnel><personnel scope="document"><individualName><givenName>Brian</givenName><surName>Kloeppel</surName></individualName><address scope="document"><deliveryPoint>Institute of Ecology</deliveryPoint><deliveryPoint>University of Georgia</deliveryPoint><city>Athens</city><administrativeArea>Georgia</administrativeArea><postalCode>30602</postalCode><country>USA</country></address><electronicMailAddress>kloeppel@sparc.ecology.uga.edu</electronicMailAddress><role>principalInvestigator</role></personnel><abstract><para>The Coweeta LTER Research Program has evolved since 1980 from a site-based to a site- and region-based project examining the effects of disturbance

and environmental gradients on biogeochemical cycling, and the underlying

watershed ecosystem processes that regulate and respond to those cycles. 

The objective for the 2002-2008 research is to advance scientific

understanding of the spatial, temporal, and decision-making components of

land use and land-use change in the southern Appalachian Mountains over the

last 200 years, and forecast patterns into the future 30 years.  This will

be accomplished by addressing ecological and socioeconomic aspects of

land-use change while continuing long-term studies of environmental

gradients and natural disturbance regimes.  The result will be a more

complete understanding of ecological dynamics in the southern Appalachian

Mountains that makes possible the development of reasonable forecasts of

its future ecological state. | The guiding hypothesis for the proposed research is that the frequency, intensity, and extent of land use represents human decision-making in

response to socioeconomic and bio-geophysical conditions with consequences

that cascade through ecosystems.  The research activities are organized

into three initiatives: (1) Characterization of the Socio-Natural Template,

(2) Ecosystem Responses to the Socio-Natural Template, and (3) Forecasting

Ecosystem Responses to Changes in the Socio-Natural Template.  The

integrated scientific research will provide both a description as well as

an explanation of the underlying causes of land use and the consequences of

land-use change for southern Appalachian ecosystems and society.  It thus

recognizes the complexity of land use as a process and the research needs

as defined in the LTER Program and the broader scientific community.</para></abstract><funding><para>National Science Foundation. Any opinions, findings, conclusions, or recommendations expressed in the material are those of the author(s) and do not necessarily reflect the views of the National Science Foundation.</para></funding></project><access authSystem="knb" order="allowFirst" scope="document"><allow><principal>uid=cwt,o=lter,dc=ecoinformatics,dc=org</principal><permission>all</permission></allow><allow><principal>public</principal><permission>read</permission></allow></access><dataTable scope="document"><entityName>4022_decay_fungi.csv</entityName><physical scope="document"><objectName>4022_decay_fungi.csv</objectName><dataFormat><textFormat><numHeaderLines>1</numHeaderLines><recordDelimiter>\n</recordDelimiter><physicalLineDelimiter>\n</physicalLineDelimiter><attributeOrientation>column</attributeOrientation><simpleDelimited><fieldDelimiter>,</fieldDelimiter></simpleDelimited></textFormat></dataFormat><distribution scope="document"><online><url function="download">http://cwt33.ecology.uga.edu/data/4022_decay_fungi.csv</url></online></distribution></physical><attributeList><attribute scope="document"><attributeName>Date</attributeName><attributeLabel>date</attributeLabel><attributeDefinition>sampling date</attributeDefinition><measurementScale><nominal><nonNumericDomain><textDomain><definition>date code</definition></textDomain></nonNumericDomain></nominal></measurementScale></attribute><attribute scope="document"><attributeName>day</attributeName><attributeLabel>day</attributeLabel><attributeDefinition>sampling day</attributeDefinition><measurementScale><nominal><nonNumericDomain><textDomain><definition>day code</definition></textDomain></nonNumericDomain></nominal></measurementScale></attribute><attribute scope="document"><attributeName>sample id</attributeName><attributeLabel>sample id</attributeLabel><attributeDefinition>sample numeric id</attributeDefinition><measurementScale><nominal><nonNumericDomain><textDomain><definition>sample numeric id</definition></textDomain></nonNumericDomain></nominal></measurementScale></attribute><attribute scope="document"><attributeName>AFDM remaining</attributeName><attributeLabel>AFDM remaining</attributeLabel><attributeDefinition>ash free dry mass of leaf pack remaining, determined by drying (at 70 C) and ashing (at 500 C) leaf packs</attributeDefinition><measurementScale><ratio><unit><standardUnit>gram</standardUnit></unit><numericDomain><numberType>real</numberType></numericDomain></ratio></measurementScale></attribute><attribute scope="document"><attributeName>fungal biomass</attributeName><attributeLabel>fungal biomass</attributeLabel><attributeDefinition>measured via ergosterol extraction. (mg g^-1 AFDM)</attributeDefinition><measurementScale><ratio><unit><customUnit>milligramPerGram</customUnit></unit><numericDomain><numberType>real</numberType></numericDomain></ratio></measurementScale></attribute></attributeList></dataTable><dataTable scope="document"><entityName>4022_summer_insects.csv</entityName><physical scope="document"><objectName>4022_summer_insects.csv</objectName><dataFormat><textFormat><numHeaderLines>1</numHeaderLines><recordDelimiter>\n</recordDelimiter><physicalLineDelimiter>\n</physicalLineDelimiter><attributeOrientation>column</attributeOrientation><simpleDelimited><fieldDelimiter>,</fieldDelimiter></simpleDelimited></textFormat></dataFormat><distribution scope="document"><online><url function="download">http://cwt33.ecology.uga.edu/data/4022_summer_insects.csv</url></online></distribution></physical><attributeList><attribute scope="document"><attributeName>taxonomic name</attributeName><attributeLabel>taxa</attributeLabel><attributeDefinition>taxonomic name</attributeDefinition><measurementScale><nominal><nonNumericDomain><textDomain><definition>taxonomic name</definition></textDomain></nonNumericDomain></nominal></measurementScale></attribute><attribute scope="document"><attributeName>length</attributeName><attributeLabel>length</attributeLabel><attributeDefinition>lenght of specimen</attributeDefinition><measurementScale><ratio><unit><standardUnit>millimeter</standardUnit></unit><numericDomain><numberType>real</numberType></numericDomain></ratio></measurementScale></attribute><attribute scope="document"><attributeName>summer count control plot 1, day 20</attributeName><attributeLabel>SC1 d20</attributeLabel><attributeDefinition>macroconsumer counts on summer control plot 1, day 20</attributeDefinition><measurementScale><ratio><unit><standardUnit>dimensionless</standardUnit></unit><numericDomain><numberType>integer</numberType></numericDomain></ratio></measurementScale></attribute><attribute scope="document"><attributeName>summer count control plot 1, day 32</attributeName><attributeLabel>SC1 d32</attributeLabel><attributeDefinition>macroconsumer counts on summer control plot 1, day 32</attributeDefinition><measurementScale><ratio><unit><standardUnit>dimensionless</standardUnit></unit><numericDomain><numberType>integer</numberType></numericDomain></ratio></measurementScale></attribute><attribute scope="document"><attributeName>summer count control plot 1, day 44</attributeName><attributeLabel>SC1 d44</attributeLabel><attributeDefinition>macroconsumer counts on summer control plot 1, day 44</attributeDefinition><measurementScale><ratio><unit><standardUnit>dimensionless</standardUnit></unit><numericDomain><numberType>integer</numberType></numericDomain></ratio></measurementScale></attribute><attribute scope="document"><attributeName>summer count control plot 2, day 20</attributeName><attributeLabel>SC2 d20</attributeLabel><attributeDefinition>macroconsumer counts on summer control plot 2, day 20</attributeDefinition><measurementScale><ratio><unit><standardUnit>dimensionless</standardUnit></unit><numericDomain><numberType>integer</numberType></numericDomain></ratio></measurementScale></attribute><attribute scope="document"><attributeName>summer count control plot 2, day 32</attributeName><attributeLabel>SC2 d32</attributeLabel><attributeDefinition>macroconsumer counts on summer control plot 2, day 32</attributeDefinition><measurementScale><ratio><unit><standardUnit>dimensionless</standardUnit></unit><numericDomain><numberType>integer</numberType></numericDomain></ratio></measurementScale></attribute><attribute scope="document"><attributeName>summer count control plot 2, day 44</attributeName><attributeLabel>SC2 d44</attributeLabel><attributeDefinition>macroconsumer counts on summer control plot 2, day 44</attributeDefinition><measurementScale><ratio><unit><standardUnit>dimensionless</standardUnit></unit><numericDomain><numberType>integer</numberType></numericDomain></ratio></measurementScale></attribute><attribute scope="document"><attributeName>summer count control plot 3, day 20</attributeName><attributeLabel>SC3 d20</attributeLabel><attributeDefinition>macroconsumer counts on summer control plot 3, day 20</attributeDefinition><measurementScale><ratio><unit><standardUnit>dimensionless</standardUnit></unit><numericDomain><numberType>integer</numberType></numericDomain></ratio></measurementScale></attribute><attribute scope="document"><attributeName>summer count control plot 3, day 32</attributeName><attributeLabel>SC3 d32</attributeLabel><attributeDefinition>macroconsumer counts on summer control plot 3, day 32</attributeDefinition><measurementScale><ratio><unit><standardUnit>dimensionless</standardUnit></unit><numericDomain><numberType>integer</numberType></numericDomain></ratio></measurementScale></attribute><attribute scope="document"><attributeName>summer count control plot 3, day 44</attributeName><attributeLabel>SC3 d44</attributeLabel><attributeDefinition>macroconsumer counts on summer control plot 3, day 44</attributeDefinition><measurementScale><ratio><unit><standardUnit>dimensionless</standardUnit></unit><numericDomain><numberType>integer</numberType></numericDomain></ratio></measurementScale></attribute><attribute scope="document"><attributeName>summer count control plot 4, day 20</attributeName><attributeLabel>SC4 d20</attributeLabel><attributeDefinition>macroconsumer counts on summer control plot 4, day 20</attributeDefinition><measurementScale><ratio><unit><standardUnit>dimensionless</standardUnit></unit><numericDomain><numberType>integer</numberType></numericDomain></ratio></measurementScale></attribute><attribute scope="document"><attributeName>summer count control plot 4, day 32</attributeName><attributeLabel>SC4 d32</attributeLabel><attributeDefinition>macroconsumer counts on summer control plot 4, day 32</attributeDefinition><measurementScale><ratio><unit><standardUnit>dimensionless</standardUnit></unit><numericDomain><numberType>integer</numberType></numericDomain></ratio></measurementScale></attribute><attribute scope="document"><attributeName>summer count control plot 4, day 44</attributeName><attributeLabel>SC4 d44</attributeLabel><attributeDefinition>macroconsumer counts on summer control plot 4, day 44</attributeDefinition><measurementScale><ratio><unit><standardUnit>dimensionless</standardUnit></unit><numericDomain><numberType>integer</numberType></numericDomain></ratio></measurementScale></attribute><attribute scope="document"><attributeName>summer count control plot 5, day 20</attributeName><attributeLabel>SC5 d20</attributeLabel><attributeDefinition>macroconsumer counts on summer control plot 5, day 20</attributeDefinition><measurementScale><ratio><unit><standardUnit>dimensionless</standardUnit></unit><numericDomain><numberType>integer</numberType></numericDomain></ratio></measurementScale></attribute><attribute scope="document"><attributeName>summer count control plot 5, day 32</attributeName><attributeLabel>SC5 d32</attributeLabel><attributeDefinition>macroconsumer counts on summer control plot 5, day 32</attributeDefinition><measurementScale><ratio><unit><standardUnit>dimensionless</standardUnit></unit><numericDomain><numberType>integer</numberType></numericDomain></ratio></measurementScale></attribute><attribute scope="document"><attributeName>summer count control plot 5, day 44</attributeName><attributeLabel>SC5 d44</attributeLabel><attributeDefinition>macroconsumer counts on summer control plot 5, day 44</attributeDefinition><measurementScale><ratio><unit><standardUnit>dimensionless</standardUnit></unit><numericDomain><numberType>integer</numberType></numericDomain></ratio></measurementScale></attribute><attribute scope="document"><attributeName>summer count exclusion plot 1, day 20</attributeName><attributeLabel>SE1 d20</attributeLabel><attributeDefinition>macroconsumer counts on summer exclusion plot 1, day 20</attributeDefinition><measurementScale><ratio><unit><standardUnit>dimensionless</standardUnit></unit><numericDomain><numberType>integer</numberType></numericDomain></ratio></measurementScale></attribute><attribute scope="document"><attributeName>summer count on exclusion plot 1, day 32</attributeName><attributeLabel>SE1 d32</attributeLabel><attributeDefinition>macroconsumer counts on summer exclusion plot 1, day 32</attributeDefinition><measurementScale><ratio><unit><standardUnit>dimensionless</standardUnit></unit><numericDomain><numberType>integer</numberType></numericDomain></ratio></measurementScale></attribute><attribute scope="document"><attributeName>summer count exclusion plot 1, day 44</attributeName><attributeLabel>SE1 d44</attributeLabel><attributeDefinition>macroconsumer counts on summer exclusion plot 1, day 44</attributeDefinition><measurementScale><ratio><unit><standardUnit>dimensionless</standardUnit></unit><numericDomain><numberType>integer</numberType></numericDomain></ratio></measurementScale></attribute><attribute scope="document"><attributeName>summer count exclusion plot 2, day 20</attributeName><attributeLabel>SE2 d20</attributeLabel><attributeDefinition>macroconsumer counts on summer exclusion plot 2, day 20</attributeDefinition><measurementScale><ratio><unit><standardUnit>dimensionless</standardUnit></unit><numericDomain><numberType>integer</numberType></numericDomain></ratio></measurementScale></attribute><attribute scope="document"><attributeName>summer count on exclusion plot 2, day 32</attributeName><attributeLabel>SE2 d32</attributeLabel><attributeDefinition>macroconsumer counts on summer exclusion plot 2, day 32</attributeDefinition><measurementScale><ratio><unit><standardUnit>dimensionless</standardUnit></unit><numericDomain><numberType>integer</numberType></numericDomain></ratio></measurementScale></attribute><attribute scope="document"><attributeName>summer count exclusion plot 2, day 44</attributeName><attributeLabel>SE2 d44</attributeLabel><attributeDefinition>macroconsumer counts on summer exclusion plot 2, day 44</attributeDefinition><measurementScale><ratio><unit><standardUnit>dimensionless</standardUnit></unit><numericDomain><numberType>integer</numberType></numericDomain></ratio></measurementScale></attribute><attribute scope="document"><attributeName>summer count exclusion plot 3, day 20</attributeName><attributeLabel>SE3 d20</attributeLabel><attributeDefinition>macroconsumer counts on summer exclusion plot 3, day 20</attributeDefinition><measurementScale><ratio><unit><standardUnit>dimensionless</standardUnit></unit><numericDomain><numberType>integer</numberType></numericDomain></ratio></measurementScale></attribute><attribute scope="document"><attributeName>summer count on exclusion plot 3, day 32</attributeName><attributeLabel>SE3 d32</attributeLabel><attributeDefinition>macroconsumer counts on summer exclusion plot 3, day 32</attributeDefinition><measurementScale><ratio><unit><standardUnit>dimensionless</standardUnit></unit><numericDomain><numberType>integer</numberType></numericDomain></ratio></measurementScale></attribute><attribute scope="document"><attributeName>summer count exclusion plot 3, day 44</attributeName><attributeLabel>SE3 d44</attributeLabel><attributeDefinition>macroconsumer counts on summer exclusion plot 3, day 44</attributeDefinition><measurementScale><ratio><unit><standardUnit>dimensionless</standardUnit></unit><numericDomain><numberType>integer</numberType></numericDomain></ratio></measurementScale></attribute><attribute scope="document"><attributeName>summer count exclusion plot 4, day 20</attributeName><attributeLabel>SE4 d20</attributeLabel><attributeDefinition>macroconsumer counts on summer exclusion plot 4, day 20</attributeDefinition><measurementScale><ratio><unit><standardUnit>dimensionless</standardUnit></unit><numericDomain><numberType>integer</numberType></numericDomain></ratio></measurementScale></attribute><attribute scope="document"><attributeName>summer count on exclusion plot 4, day 32</attributeName><attributeLabel>SE4 d32</attributeLabel><attributeDefinition>macroconsumer counts on summer exclusion plot 4, day 32</attributeDefinition><measurementScale><ratio><unit><standardUnit>dimensionless</standardUnit></unit><numericDomain><numberType>integer</numberType></numericDomain></ratio></measurementScale></attribute><attribute scope="document"><attributeName>summer count exclusion plot 4, day 44</attributeName><attributeLabel>SE4 d44</attributeLabel><attributeDefinition>macroconsumer counts on summer exclusion plot 4, day 44</attributeDefinition><measurementScale><ratio><unit><standardUnit>dimensionless</standardUnit></unit><numericDomain><numberType>integer</numberType></numericDomain></ratio></measurementScale></attribute><attribute scope="document"><attributeName>summer count exclusion plot 5, day 20</attributeName><attributeLabel>SE5 d20</attributeLabel><attributeDefinition>macroconsumer counts on summer exclusion plot 5, day 20</attributeDefinition><measurementScale><ratio><unit><standardUnit>dimensionless</standardUnit></unit><numericDomain><numberType>integer</numberType></numericDomain></ratio></measurementScale></attribute><attribute scope="document"><attributeName>summer count on exclusion plot 5, day 32</attributeName><attributeLabel>SE5 d32</attributeLabel><attributeDefinition>macroconsumer counts on summer exclusion plot 5, day 32</attributeDefinition><measurementScale><ratio><unit><standardUnit>dimensionless</standardUnit></unit><numericDomain><numberType>integer</numberType></numericDomain></ratio></measurementScale></attribute><attribute scope="document"><attributeName>summer count exclusion plot 5, day 44</attributeName><attributeLabel>SE5 d44</attributeLabel><attributeDefinition>macroconsumer counts on summer exclusion plot 5, day 44</attributeDefinition><measurementScale><ratio><unit><standardUnit>dimensionless</standardUnit></unit><numericDomain><numberType>integer</numberType></numericDomain></ratio></measurementScale></attribute></attributeList></dataTable><dataTable scope="document"><entityName>4022_fall_insects.csv</entityName><physical scope="document"><objectName>4022_fall_insects.csv</objectName><dataFormat><textFormat><numHeaderLines>1</numHeaderLines><recordDelimiter>\n</recordDelimiter><physicalLineDelimiter>\n</physicalLineDelimiter><attributeOrientation>column</attributeOrientation><simpleDelimited><fieldDelimiter>,</fieldDelimiter></simpleDelimited></textFormat></dataFormat><distribution scope="document"><online><url function="download">http://cwt33.ecology.uga.edu/data/4022_fall_insects.csv</url></online></distribution></physical><attributeList><attribute scope="document"><attributeName>taxonomic name</attributeName><attributeLabel>taxa</attributeLabel><attributeDefinition>taxonomic name</attributeDefinition><measurementScale><nominal><nonNumericDomain><textDomain><definition>taxonomic name</definition></textDomain></nonNumericDomain></nominal></measurementScale></attribute><attribute scope="document"><attributeName>length</attributeName><attributeLabel>length</attributeLabel><attributeDefinition>length of specimen</attributeDefinition><measurementScale><ratio><unit><standardUnit>millimeter</standardUnit></unit><numericDomain><numberType>real</numberType></numericDomain></ratio></measurementScale></attribute><attribute scope="document"><attributeName>fall count control plot 1, day 20</attributeName><attributeLabel>FC1 d20</attributeLabel><attributeDefinition>macroconsumer counts on fall control plot 1, day 20</attributeDefinition><measurementScale><ratio><unit><standardUnit>dimensionless</standardUnit></unit><numericDomain><numberType>integer</numberType></numericDomain></ratio></measurementScale></attribute><attribute scope="document"><attributeName>fall count control plot 1, day 35</attributeName><attributeLabel>FC1 d35</attributeLabel><attributeDefinition>macroconsumer counts on fall control plot 1, day 35</attributeDefinition><measurementScale><ratio><unit><standardUnit>dimensionless</standardUnit></unit><numericDomain><numberType>integer</numberType></numericDomain></ratio></measurementScale></attribute><attribute scope="document"><attributeName>fall count control plot 1, day 56</attributeName><attributeLabel>FC1 d56</attributeLabel><attributeDefinition>macroconsumer counts on fall control plot 1, day 56</attributeDefinition><measurementScale><ratio><unit><standardUnit>dimensionless</standardUnit></unit><numericDomain><numberType>integer</numberType></numericDomain></ratio></measurementScale></attribute><attribute scope="document"><attributeName>fall count control plot 2, day 20</attributeName><attributeLabel>FC2 d20</attributeLabel><attributeDefinition>macroconsumer counts on fall control plot 2, day 20</attributeDefinition><measurementScale><ratio><unit><standardUnit>dimensionless</standardUnit></unit><numericDomain><numberType>integer</numberType></numericDomain></ratio></measurementScale></attribute><attribute scope="document"><attributeName>fall count control plot 2, day 35</attributeName><attributeLabel>FC2 d35</attributeLabel><attributeDefinition>macroconsumer counts on fall control plot 2, day 35</attributeDefinition><measurementScale><ratio><unit><standardUnit>dimensionless</standardUnit></unit><numericDomain><numberType>integer</numberType></numericDomain></ratio></measurementScale></attribute><attribute scope="document"><attributeName>fall count control plot 2, day 56</attributeName><attributeLabel>FC2 d56</attributeLabel><attributeDefinition>macroconsumer counts on fall control plot 2, day 56</attributeDefinition><measurementScale><ratio><unit><standardUnit>dimensionless</standardUnit></unit><numericDomain><numberType>integer</numberType></numericDomain></ratio></measurementScale></attribute><attribute scope="document"><attributeName>fall count control plot 3, day 20</attributeName><attributeLabel>FC3 d20</attributeLabel><attributeDefinition>macroconsumer counts on fall control plot 3, day 20</attributeDefinition><measurementScale><ratio><unit><standardUnit>dimensionless</standardUnit></unit><numericDomain><numberType>integer</numberType></numericDomain></ratio></measurementScale></attribute><attribute scope="document"><attributeName>fall count control plot 3, day 35</attributeName><attributeLabel>FC3 d35</attributeLabel><attributeDefinition>macroconsumer counts on fall control plot 3, day 35</attributeDefinition><measurementScale><ratio><unit><standardUnit>dimensionless</standardUnit></unit><numericDomain><numberType>integer</numberType></numericDomain></ratio></measurementScale></attribute><attribute scope="document"><attributeName>fall count control plot 3, day 56</attributeName><attributeLabel>FC3 d56</attributeLabel><attributeDefinition>macroconsumer counts on fall control plot 3, day 56</attributeDefinition><measurementScale><ratio><unit><standardUnit>dimensionless</standardUnit></unit><numericDomain><numberType>integer</numberType></numericDomain></ratio></measurementScale></attribute><attribute scope="document"><attributeName>fall count control plot 5, day 20</attributeName><attributeLabel>FC5 d20</attributeLabel><attributeDefinition>macroconsumer counts on fall control plot 5, day 20</attributeDefinition><measurementScale><ratio><unit><standardUnit>dimensionless</standardUnit></unit><numericDomain><numberType>integer</numberType></numericDomain></ratio></measurementScale></attribute><attribute scope="document"><attributeName>fall count control plot 5, day 35</attributeName><attributeLabel>FC5 d35</attributeLabel><attributeDefinition>macroconsumer counts on fall control plot 5, day 35</attributeDefinition><measurementScale><ratio><unit><standardUnit>dimensionless</standardUnit></unit><numericDomain><numberType>integer</numberType></numericDomain></ratio></measurementScale></attribute><attribute scope="document"><attributeName>fall count control plot 5, day 56</attributeName><attributeLabel>FC5 d56</attributeLabel><attributeDefinition>macroconsumer counts on fall control plot 5, day 56</attributeDefinition><measurementScale><ratio><unit><standardUnit>dimensionless</standardUnit></unit><numericDomain><numberType>integer</numberType></numericDomain></ratio></measurementScale></attribute><attribute scope="document"><attributeName>fall count exclusion plot 1, day 20</attributeName><attributeLabel>FE1 d20</attributeLabel><attributeDefinition>macroconsumer counts on fall exclusion plot 1, day 20</attributeDefinition><measurementScale><ratio><unit><standardUnit>dimensionless</standardUnit></unit><numericDomain><numberType>integer</numberType></numericDomain></ratio></measurementScale></attribute><attribute scope="document"><attributeName>fall count on exclusion plot 1, day 35</attributeName><attributeLabel>FE1 d35</attributeLabel><attributeDefinition>macroconsumer counts on fall exclusion plot 1, day 35</attributeDefinition><measurementScale><ratio><unit><standardUnit>dimensionless</standardUnit></unit><numericDomain><numberType>integer</numberType></numericDomain></ratio></measurementScale></attribute><attribute scope="document"><attributeName>fall count exclusion plot 1, day 56</attributeName><attributeLabel>FE1 d56</attributeLabel><attributeDefinition>macroconsumer counts on fall exclusion plot 1, day 56</attributeDefinition><measurementScale><ratio><unit><standardUnit>dimensionless</standardUnit></unit><numericDomain><numberType>integer</numberType></numericDomain></ratio></measurementScale></attribute><attribute scope="document"><attributeName>fall count exclusion plot 2, day 20</attributeName><attributeLabel>FE2 d20</attributeLabel><attributeDefinition>macroconsumer counts on fall exclusion plot 2, day 20</attributeDefinition><measurementScale><ratio><unit><standardUnit>dimensionless</standardUnit></unit><numericDomain><numberType>integer</numberType></numericDomain></ratio></measurementScale></attribute><attribute scope="document"><attributeName>fall count on exclusion plot 2, day 35</attributeName><attributeLabel>FE2 d35</attributeLabel><attributeDefinition>macroconsumer counts on fall exclusion plot 2, day 35</attributeDefinition><measurementScale><ratio><unit><standardUnit>dimensionless</standardUnit></unit><numericDomain><numberType>integer</numberType></numericDomain></ratio></measurementScale></attribute><attribute scope="document"><attributeName>fall count exclusion plot 2, day 56</attributeName><attributeLabel>FE2 d56</attributeLabel><attributeDefinition>macroconsumer counts on fall exclusion plot 2, day 56</attributeDefinition><measurementScale><ratio><unit><standardUnit>dimensionless</standardUnit></unit><numericDomain><numberType>integer</numberType></numericDomain></ratio></measurementScale></attribute><attribute scope="document"><attributeName>fall count exclusion plot 3, day 20</attributeName><attributeLabel>FE3 d20</attributeLabel><attributeDefinition>macroconsumer counts on fall exclusion plot 3, day 20</attributeDefinition><measurementScale><ratio><unit><standardUnit>dimensionless</standardUnit></unit><numericDomain><numberType>integer</numberType></numericDomain></ratio></measurementScale></attribute><attribute scope="document"><attributeName>fall count on exclusion plot 3, day 35</attributeName><attributeLabel>FE3 d35</attributeLabel><attributeDefinition>macroconsumer counts on fall exclusion plot 3, day 35</attributeDefinition><measurementScale><ratio><unit><standardUnit>dimensionless</standardUnit></unit><numericDomain><numberType>integer</numberType></numericDomain></ratio></measurementScale></attribute><attribute scope="document"><attributeName>fall count exclusion plot 3, day 56</attributeName><attributeLabel>FE3 d56</attributeLabel><attributeDefinition>macroconsumer counts on fall exclusion plot 3, day 56</attributeDefinition><measurementScale><ratio><unit><standardUnit>dimensionless</standardUnit></unit><numericDomain><numberType>integer</numberType></numericDomain></ratio></measurementScale></attribute><attribute scope="document"><attributeName>fall count exclusion plot 5, day 20</attributeName><attributeLabel>FE5 d20</attributeLabel><attributeDefinition>macroconsumer counts on fall exclusion plot 5, day 20</attributeDefinition><measurementScale><ratio><unit><standardUnit>dimensionless</standardUnit></unit><numericDomain><numberType>integer</numberType></numericDomain></ratio></measurementScale></attribute><attribute scope="document"><attributeName>fall count on exclusion plot 5, day 35</attributeName><attributeLabel>FE5 d35</attributeLabel><attributeDefinition>macroconsumer counts on fall exclusion plot 5, day 35</attributeDefinition><measurementScale><ratio><unit><standardUnit>dimensionless</standardUnit></unit><numericDomain><numberType>integer</numberType></numericDomain></ratio></measurementScale></attribute><attribute scope="document"><attributeName>fall count exclusion plot 5, day 56</attributeName><attributeLabel>FE5 d56</attributeLabel><attributeDefinition>macroconsumer counts on fall exclusion plot 5, day 56</attributeDefinition><measurementScale><ratio><unit><standardUnit>dimensionless</standardUnit></unit><numericDomain><numberType>integer</numberType></numericDomain></ratio></measurementScale></attribute></attributeList></dataTable><dataTable scope="document"><entityName>transects</entityName><entityDescription>transect descriptions</entityDescription><physical scope="document"><objectName>4022_transects.csv</objectName><dataFormat><textFormat><numHeaderLines>1</numHeaderLines><attributeOrientation>column</attributeOrientation><simpleDelimited><fieldDelimiter>,</fieldDelimiter></simpleDelimited></textFormat></dataFormat><distribution scope="document"><online><url function="download">http://cwt33.ecology.uga.edy/data/4022_transects.csv</url></online></distribution></physical><attributeList><attribute scope="document"><attributeName>date</attributeName><attributeLabel>date</attributeLabel><attributeDefinition>sampling date</attributeDefinition><measurementScale><nominal><nonNumericDomain><textDomain><definition>date code</definition></textDomain></nonNumericDomain></nominal></measurementScale></attribute><attribute scope="document"><attributeName>transect id</attributeName><attributeLabel>transect</attributeLabel><attributeDefinition>transect code id</attributeDefinition><measurementScale><nominal><nonNumericDomain><textDomain><definition>transect code id</definition></textDomain></nonNumericDomain></nominal></measurementScale></attribute><attribute scope="document"><attributeName>rhododendron density</attributeName><attributeLabel>rhodo (g/m2)</attributeLabel><attributeDefinition>rhododendron density</attributeDefinition><measurementScale><ratio><unit><standardUnit>gramsPerSquareMeter</standardUnit></unit><numericDomain><numberType>real</numberType></numericDomain></ratio></measurementScale></attribute><attribute scope="document"><attributeName>non-rhododendron density</attributeName><attributeLabel>non-rhodo (g/m2)</attributeLabel><attributeDefinition>non-rhododendron density</attributeDefinition><measurementScale><ratio><unit><standardUnit>gramsPerSquareMeter</standardUnit></unit><numericDomain><numberType>real</numberType></numericDomain></ratio></measurementScale></attribute></attributeList></dataTable></dataset><additionalMetadata><unitList><unit id="milligramPerGram"></unit></unitList></additionalMetadata></eml:eml>