<?xml version="1.0" encoding="UTF-8"?>
<eml:eml packageId="knb-lter-bnz.114.18" scope="system"
  system="https://pasta.lternet.edu"
  xmlns:ds="eml://ecoinformatics.org/dataset-2.1.0"
  xmlns:eml="eml://ecoinformatics.org/eml-2.1.1"
  xmlns:stmml="http://www.xml-cml.org/schema/stmml-1.1"
  xmlns:xsi="http://www.w3.org/2001/XMLSchema-instance" xsi:schemaLocation="eml://ecoinformatics.org/eml-2.1.0&#xa;&#x9;&#x9;&#x9;&#x9;http://nis.lternet.edu/schemas/EML/eml-2.1.0/eml.xsd">
  <access authSystem="https://pasta.lternet.edu/authentication"
    order="allowFirst" scope="document" system="https://pasta.lternet.edu">
    <allow>
      <principal>uid=BNZ,o=lter,dc=ecoinformatics,dc=org</principal>
      <permission>all</permission>
    </allow>
    <allow>
      <principal>public</principal>
      <permission>read</permission>
    </allow>
  </access>
  <dataset>
    <shortName>knb-lter-bnz.114.18</shortName>
    <title>Nel-Rep plots: Spruce and alder heights and diameters 1990-1997</title>
    <creator>
      <individualName>
        <givenName>Tricia</givenName>
        <givenName>L.</givenName>
        <surName>Wurtz</surName>
      </individualName>
      <!--No position recorded in Database ( pers/position when lead_contact=1 )-->
      <address>
        <deliveryPoint>Boreal Ecology Cooperative Research Unit University of Alaska Fairbanks  School of Agriculture and Land Resources Management P.O. Box 756780</deliveryPoint>
        <city>Fairbanks</city>
        <administrativeArea>AK </administrativeArea>
        <postalCode>99775-6780</postalCode>
        <country>United States</country>
      </address>
      <!--No phone info in Database  ( pers/tel1, tel2 or cell when lead_contact=1 )-->
      <!--No fax info present in Database  ( pers/fax when lead_contact=1 )-->
      <electronicMailAddress>twurtz@fs.fed.us</electronicMailAddress>
      <!--No personal web address info on file-->
    </creator>
    <creator>
      <organizationName>Bonanza Creek LTER</organizationName>
      <address>
        <deliveryPoint>Boreal Ecology Cooperative Research Unit </deliveryPoint>
        <deliveryPoint>University of Alaska Fairbanks</deliveryPoint>
        <deliveryPoint>P.O. Box 756780 </deliveryPoint>
        <city>Fairbanks</city>
        <administrativeArea>AK</administrativeArea>
        <postalCode>99775</postalCode>
        <country>USA</country>
      </address>
      <phone phonetype="voice">907-474-6364</phone>
      <phone phonetype="fax">907-474-6251</phone>
      <electronicMailAddress>uaf-bnz-im-team@alaska.edu</electronicMailAddress>
      <onlineUrl>http://www.lter.uaf.edu</onlineUrl>
    </creator>
    <metadataProvider>
      <organizationName>Bonanza Creek LTER</organizationName>
      <positionName>Data Manager</positionName>
      <address>
        <deliveryPoint>Boreal Ecology Cooperative Research Unit </deliveryPoint>
        <deliveryPoint>University of Alaska Fairbanks</deliveryPoint>
        <deliveryPoint>P.O. Box 756780 </deliveryPoint>
        <city>Fairbanks</city>
        <administrativeArea>AK</administrativeArea>
        <postalCode>99775</postalCode>
        <country>USA</country>
      </address>
      <phone phonetype="voice">907-474-6364</phone>
      <phone phonetype="fax">907-474-6251</phone>
      <electronicMailAddress>uaf-bnz-im-team@alaska.edu</electronicMailAddress>
      <onlineUrl>http://www.lter.uaf.edu</onlineUrl>
    </metadataProvider>
    <!--No other people associated with this dataset found on file (pers/lastname/lead_contact=0)-->
    <pubDate>1998-01-13</pubDate>
    <abstract>
      <para>This experiment considers the growth of white spruce and green alder under a variety of densities. The plantation lay-out is a combination of Nelder plots and a classical replacement series. Densities within individual plots range over four orders of magnitude, and the experiment as a whole includes plots with five different species ratios (100:0, 75:25, 50:50, 25:75, 0:100). The spruce were planted in 1990 and the alders planted in 1991. Dead seedlings were replaced during the first five years of the study.

This text file includes height and diameter measurements of spruce and alder from 1990 to 2002 (some years absent), and other measurements such as dead number for each year.
Units of measurement for height and diameter are 'CM' and 'mm', respectively.
'SPMIX' means different percentage of spruce and alder in each block.</para>
    </abstract>
    <keywordSet>
      <keyword>white spruce</keyword>
      <keyword>green alder</keyword>
      <keyword>competition</keyword>
      <keyword>nitrogen fixation</keyword>
      <keywordThesaurus>Stand Structure</keywordThesaurus>
    </keywordSet>
    <intellectualRights>
      <section>
        <title>Access to Data</title>
        <para>While metadata will be freely available to those requesting it, the data manager will assure that any restrictions on access to data sets in the database will be enforced. Data will not be released without proper permission first being obtained from the investigator who generated the data. </para>
      </section>
      <section>
        <title>Use of data</title>
        <para> Researchers should receive adequate acknowledgment for the use of their data by others and should be provided with copies of publications using their data. Users of data from the data base must be aware that data is not to be sold or redistributed.</para>
      </section>
      <section>
        <title>Citing Bonanza Creek LTER Datasets</title>
        <para>It is considered a matter of professional ethics to acknowledge the work of other scientists. Thus, the Data User will properly cite the Data Set in any publications or in the metadata of any derived data products that were produced using the Data Set. </para>
      </section>
    </intellectualRights>
    <distribution id="distributionReference">
      <online>
        <url function="information">http://www.lter.uaf.edu/data_detail.cfm?datafile_pkey=114</url>
      </online>
    </distribution>
    <coverage>
      <!--No geographic reference found (sites/site_description)-->
      <temporalCoverage>
        <rangeOfDates>
          <beginDate>
            <calendarDate>1990-07-01</calendarDate>
          </beginDate>
          <endDate>
            <calendarDate>2002-09-01</calendarDate>
          </endDate>
        </rangeOfDates>
      </temporalCoverage>
    </coverage>
    <maintenance>
      <description>
        <section>
          <title>Status</title>
          <para>Completed</para>
        </section>
      </description>
    </maintenance>
    <contact>
      <positionName>Information Manager</positionName>
      <organizationName>LTER Network Office</organizationName>
      <address>
        <deliveryPoint>UNM Biology Department, MSC03-2020</deliveryPoint>
        <deliveryPoint>1 University of New Mexico</deliveryPoint>
        <city>Albuquerque</city>
        <administrativeArea>NM</administrativeArea>
        <postalCode>87131-0001</postalCode>
        <country>USA</country>
      </address>
      <phone phonetype="voice">505 277-2535</phone>
      <phone phonetype="fax">505 277-2541</phone>
      <electronicMailAddress>tech-support@lternet.edu</electronicMailAddress>
      <onlineUrl>http://www.lternet.edu</onlineUrl>
    </contact>
    <contact>
      <organizationName>Bonanza Creek LTER</organizationName>
      <positionName>Data Manager</positionName>
      <address>
        <deliveryPoint>Boreal Ecology Cooperative Research Unit </deliveryPoint>
        <deliveryPoint>University of Alaska Fairbanks</deliveryPoint>
        <deliveryPoint>P.O. Box 756780 </deliveryPoint>
        <city>Fairbanks</city>
        <administrativeArea>AK</administrativeArea>
        <postalCode>99775</postalCode>
        <country>USA</country>
      </address>
      <phone phonetype="voice">907-474-6364</phone>
      <phone phonetype="fax">907-474-6251</phone>
      <electronicMailAddress>uaf-bnz-im-team@alaska.edu</electronicMailAddress>
      <onlineUrl>http://www.lter.uaf.edu</onlineUrl>
    </contact>
    <publisher>
      <organizationName>Bonanza Creek LTER</organizationName>
      <address>
        <deliveryPoint>Boreal Ecology Cooperative Research Unit </deliveryPoint>
        <deliveryPoint>University of Alaska Fairbanks</deliveryPoint>
        <deliveryPoint>P.O. Box 756780 </deliveryPoint>
        <city>Fairbanks</city>
        <administrativeArea>AK</administrativeArea>
        <postalCode>99775</postalCode>
        <country>USA</country>
      </address>
      <phone phonetype="voice">907-474-6364</phone>
      <phone phonetype="fax">907-474-6251</phone>
    </publisher>
    <pubPlace>Bonanza Creek LTER</pubPlace>
    <methods>
      <methodStep>
        <description>
          <section>
            <title>Methods</title>
            <para> Measurements were made at the end of each growing season.</para>
          </section>
        </description>
      </methodStep>
      <!--sampling info missing (datafile/samp_freq)-->
    </methods>
    <dataTable>
      <entityName>39_1552_Nelder_data_1990-2002.txt</entityName>
      <entityDescription>This text file includes height and diameter measurements of spruce and alder from 1990 to 2002 (some years absent), and other measurements such as dead number for each year.
Units of measurement for height and diameter are 'CM' and 'mm', respectively. 
'SPMIX' means different percentage of spruce and alder in each block.</entityDescription>
      <physical>
        <objectName>39_1552_Nelder_data_1990-2002.txt</objectName>
        <dataFormat>
          <textFormat>
            <numHeaderLines>1</numHeaderLines>
            <recordDelimiter>\n</recordDelimiter>
            <physicalLineDelimiter>\n</physicalLineDelimiter>
            <attributeOrientation>column</attributeOrientation>
            <simpleDelimited>
              <fieldDelimiter>\t</fieldDelimiter>
            </simpleDelimited>
          </textFormat>
        </dataFormat>
        <distribution>
          <online>
            <url function="download">https://pasta.lternet.edu/package/data/eml/knb-lter-bnz/114/18/3b9422c309bcd57ba827e98a6fde7632</url>
          </online>
        </distribution>
      </physical>
      <attributeList>
        <attribute>
          <attributeName>BLOCK</attributeName>
          <attributeLabel>BLOCK</attributeLabel>
          <attributeDefinition>Block identification (X,Y,Z)</attributeDefinition>
          <storageType>string</storageType>
          <measurementScale>
            <nominal>
              <nonNumericDomain>
                <textDomain>
                  <definition>Block identification (X,Y,Z)</definition>
                </textDomain>
              </nonNumericDomain>
            </nominal>
          </measurementScale>
          <!--No missing value/character in database (datafilevarible/errorcode)-->
        </attribute>
        <attribute>
          <attributeName>SPMIX</attributeName>
          <attributeLabel>SPMIX</attributeLabel>
          <attributeDefinition>Different percentage of spruce and alder in each block</attributeDefinition>
          <storageType>integer</storageType>
          <measurementScale>
            <nominal>
              <nonNumericDomain>
                <textDomain>
                  <definition>Different percentage of spruce and alder in each block</definition>
                </textDomain>
              </nonNumericDomain>
            </nominal>
          </measurementScale>
          <!--No missing value/character in database (datafilevarible/errorcode)-->
        </attribute>
        <attribute>
          <attributeName>ARC</attributeName>
          <attributeLabel>ARC</attributeLabel>
          <attributeDefinition>Replicate identification </attributeDefinition>
          <storageType>integer</storageType>
          <measurementScale>
            <nominal>
              <nonNumericDomain>
                <textDomain>
                  <definition>Replicate identification </definition>
                </textDomain>
              </nonNumericDomain>
            </nominal>
          </measurementScale>
          <!--No missing value/character in database (datafilevarible/errorcode)-->
        </attribute>
        <attribute>
          <attributeName>SPOKE</attributeName>
          <attributeLabel>SPOKE</attributeLabel>
          <attributeDefinition>Spoke identification</attributeDefinition>
          <storageType>integer</storageType>
          <measurementScale>
            <nominal>
              <nonNumericDomain>
                <textDomain>
                  <definition>Spoke identification</definition>
                </textDomain>
              </nonNumericDomain>
            </nominal>
          </measurementScale>
          <!--No missing value/character in database (datafilevarible/errorcode)-->
        </attribute>
        <attribute>
          <attributeName>SPEC</attributeName>
          <attributeLabel>SPEC</attributeLabel>
          <attributeDefinition>Species Identification</attributeDefinition>
          <storageType>string</storageType>
          <measurementScale>
            <nominal>
              <nonNumericDomain>
                <enumeratedDomain>
                  <codeDefinition>
                    <code>PIGL</code>
                    <definition>White Spruce</definition>
                  </codeDefinition>
                  <codeDefinition>
                    <code> ALCR</code>
                    <definition>Alder</definition>
                  </codeDefinition>
                </enumeratedDomain>
              </nonNumericDomain>
            </nominal>
          </measurementScale>
          <!--No missing value/character in database (datafilevarible/errorcode)-->
        </attribute>
        <attribute>
          <attributeName>HT90</attributeName>
          <attributeLabel>HT90</attributeLabel>
          <attributeDefinition>Tree height in 1990</attributeDefinition>
          <storageType>string</storageType>
          <measurementScale>
            <nominal>
              <nonNumericDomain>
                <textDomain>
                  <definition>Tree height in 1990</definition>
                </textDomain>
              </nonNumericDomain>
            </nominal>
          </measurementScale>
          <missingValueCode>
            <code>.</code>
            <codeExplanation>Missing Value</codeExplanation>
          </missingValueCode>
        </attribute>
        <attribute>
          <attributeName>DI90</attributeName>
          <attributeLabel>DI90</attributeLabel>
          <attributeDefinition>Tree diameter in 1990</attributeDefinition>
          <storageType>string</storageType>
          <measurementScale>
            <nominal>
              <nonNumericDomain>
                <textDomain>
                  <definition>Tree diameter in 1990</definition>
                </textDomain>
              </nonNumericDomain>
            </nominal>
          </measurementScale>
          <missingValueCode>
            <code>.</code>
            <codeExplanation>Missing Value</codeExplanation>
          </missingValueCode>
        </attribute>
        <attribute>
          <attributeName>HT91</attributeName>
          <attributeLabel>HT91</attributeLabel>
          <attributeDefinition>Tree height in 1991</attributeDefinition>
          <storageType>string</storageType>
          <measurementScale>
            <nominal>
              <nonNumericDomain>
                <textDomain>
                  <definition>Tree height in 1991</definition>
                </textDomain>
              </nonNumericDomain>
            </nominal>
          </measurementScale>
          <missingValueCode>
            <code>.</code>
            <codeExplanation>Missing Value</codeExplanation>
          </missingValueCode>
        </attribute>
        <attribute>
          <attributeName>DI91</attributeName>
          <attributeLabel>DI91</attributeLabel>
          <attributeDefinition>Tree diameter in 1991</attributeDefinition>
          <storageType>string</storageType>
          <measurementScale>
            <nominal>
              <nonNumericDomain>
                <textDomain>
                  <definition>Tree diameter in 1991</definition>
                </textDomain>
              </nonNumericDomain>
            </nominal>
          </measurementScale>
          <missingValueCode>
            <code>.</code>
            <codeExplanation>Missing Value</codeExplanation>
          </missingValueCode>
        </attribute>
        <attribute>
          <attributeName>HT92</attributeName>
          <attributeLabel>HT92</attributeLabel>
          <attributeDefinition>Tree height in 1992</attributeDefinition>
          <storageType>string</storageType>
          <measurementScale>
            <nominal>
              <nonNumericDomain>
                <textDomain>
                  <definition>Tree height in 1992</definition>
                </textDomain>
              </nonNumericDomain>
            </nominal>
          </measurementScale>
          <missingValueCode>
            <code>.</code>
            <codeExplanation>Missing Value</codeExplanation>
          </missingValueCode>
        </attribute>
        <attribute>
          <attributeName>DI92</attributeName>
          <attributeLabel>DI92</attributeLabel>
          <attributeDefinition>Tree diameter in 1992</attributeDefinition>
          <storageType>string</storageType>
          <measurementScale>
            <nominal>
              <nonNumericDomain>
                <textDomain>
                  <definition>Tree diameter in 1992</definition>
                </textDomain>
              </nonNumericDomain>
            </nominal>
          </measurementScale>
          <missingValueCode>
            <code>.</code>
            <codeExplanation>Missing Value</codeExplanation>
          </missingValueCode>
        </attribute>
        <attribute>
          <attributeName>SF92</attributeName>
          <attributeLabel>SF92</attributeLabel>
          <attributeDefinition>SF92</attributeDefinition>
          <storageType>string</storageType>
          <measurementScale>
            <nominal>
              <nonNumericDomain>
                <enumeratedDomain>
                  <codeDefinition>
                    <code>Y</code>
                    <definition>Yes</definition>
                  </codeDefinition>
                  <codeDefinition>
                    <code> N</code>
                    <definition>No</definition>
                  </codeDefinition>
                </enumeratedDomain>
              </nonNumericDomain>
            </nominal>
          </measurementScale>
          <!--No missing value/character in database (datafilevarible/errorcode)-->
        </attribute>
        <attribute>
          <attributeName>ML92</attributeName>
          <attributeLabel>ML92</attributeLabel>
          <attributeDefinition>ML92</attributeDefinition>
          <storageType>string</storageType>
          <measurementScale>
            <nominal>
              <nonNumericDomain>
                <enumeratedDomain>
                  <codeDefinition>
                    <code>Y</code>
                    <definition>Yes</definition>
                  </codeDefinition>
                  <codeDefinition>
                    <code> N</code>
                    <definition>No</definition>
                  </codeDefinition>
                </enumeratedDomain>
              </nonNumericDomain>
            </nominal>
          </measurementScale>
          <!--No missing value/character in database (datafilevarible/errorcode)-->
        </attribute>
        <attribute>
          <attributeName>HT93</attributeName>
          <attributeLabel>HT93</attributeLabel>
          <attributeDefinition>Tree height in 1993</attributeDefinition>
          <storageType>string</storageType>
          <measurementScale>
            <nominal>
              <nonNumericDomain>
                <textDomain>
                  <definition>Tree height in 1993</definition>
                </textDomain>
              </nonNumericDomain>
            </nominal>
          </measurementScale>
          <missingValueCode>
            <code>.</code>
            <codeExplanation>Missing Value</codeExplanation>
          </missingValueCode>
        </attribute>
        <attribute>
          <attributeName>DI93</attributeName>
          <attributeLabel>DI93</attributeLabel>
          <attributeDefinition>Tree diameter in 1993</attributeDefinition>
          <storageType>string</storageType>
          <measurementScale>
            <nominal>
              <nonNumericDomain>
                <textDomain>
                  <definition>Tree diameter in 1993</definition>
                </textDomain>
              </nonNumericDomain>
            </nominal>
          </measurementScale>
          <missingValueCode>
            <code>.</code>
            <codeExplanation>Missing Value</codeExplanation>
          </missingValueCode>
        </attribute>
        <attribute>
          <attributeName>DEAD93</attributeName>
          <attributeLabel>DEAD93</attributeLabel>
          <attributeDefinition>Live or Dead tree in 1993</attributeDefinition>
          <storageType>string</storageType>
          <measurementScale>
            <nominal>
              <nonNumericDomain>
                <enumeratedDomain>
                  <codeDefinition>
                    <code>L</code>
                    <definition>Live</definition>
                  </codeDefinition>
                  <codeDefinition>
                    <code> D</code>
                    <definition>Dead</definition>
                  </codeDefinition>
                </enumeratedDomain>
              </nonNumericDomain>
            </nominal>
          </measurementScale>
          <!--No missing value/character in database (datafilevarible/errorcode)-->
        </attribute>
        <attribute>
          <attributeName>FRUIT93</attributeName>
          <attributeLabel>FRUIT93</attributeLabel>
          <attributeDefinition>Fruit on tree in 1993</attributeDefinition>
          <storageType>string</storageType>
          <measurementScale>
            <nominal>
              <nonNumericDomain>
                <enumeratedDomain>
                  <codeDefinition>
                    <code>Y</code>
                    <definition>Yes</definition>
                  </codeDefinition>
                  <codeDefinition>
                    <code> N</code>
                    <definition>No</definition>
                  </codeDefinition>
                </enumeratedDomain>
              </nonNumericDomain>
            </nominal>
          </measurementScale>
          <!--No missing value/character in database (datafilevarible/errorcode)-->
        </attribute>
        <attribute>
          <attributeName>HT94</attributeName>
          <attributeLabel>HT94</attributeLabel>
          <attributeDefinition>Tree height in 1994</attributeDefinition>
          <storageType>string</storageType>
          <measurementScale>
            <nominal>
              <nonNumericDomain>
                <textDomain>
                  <definition>Tree height in 1994</definition>
                </textDomain>
              </nonNumericDomain>
            </nominal>
          </measurementScale>
          <missingValueCode>
            <code>.</code>
            <codeExplanation>Missing Value</codeExplanation>
          </missingValueCode>
        </attribute>
        <attribute>
          <attributeName>DI94</attributeName>
          <attributeLabel>DI94</attributeLabel>
          <attributeDefinition>Tree diameter in 1994</attributeDefinition>
          <storageType>string</storageType>
          <measurementScale>
            <nominal>
              <nonNumericDomain>
                <textDomain>
                  <definition>Tree diameter in 1994</definition>
                </textDomain>
              </nonNumericDomain>
            </nominal>
          </measurementScale>
          <missingValueCode>
            <code>.</code>
            <codeExplanation>Missing Value</codeExplanation>
          </missingValueCode>
        </attribute>
        <attribute>
          <attributeName>DEAD94</attributeName>
          <attributeLabel>DEAD94</attributeLabel>
          <attributeDefinition>Live or Dead tree in 1994</attributeDefinition>
          <storageType>string</storageType>
          <measurementScale>
            <nominal>
              <nonNumericDomain>
                <enumeratedDomain>
                  <codeDefinition>
                    <code>L</code>
                    <definition>Live</definition>
                  </codeDefinition>
                  <codeDefinition>
                    <code> D</code>
                    <definition>Dead</definition>
                  </codeDefinition>
                </enumeratedDomain>
              </nonNumericDomain>
            </nominal>
          </measurementScale>
          <!--No missing value/character in database (datafilevarible/errorcode)-->
        </attribute>
        <attribute>
          <attributeName>FRUIT94</attributeName>
          <attributeLabel>FRUIT94</attributeLabel>
          <attributeDefinition>Fruit on Tree in 1994</attributeDefinition>
          <storageType>string</storageType>
          <measurementScale>
            <nominal>
              <nonNumericDomain>
                <enumeratedDomain>
                  <codeDefinition>
                    <code>Y</code>
                    <definition>Yes</definition>
                  </codeDefinition>
                  <codeDefinition>
                    <code> N</code>
                    <definition>No</definition>
                  </codeDefinition>
                </enumeratedDomain>
              </nonNumericDomain>
            </nominal>
          </measurementScale>
          <!--No missing value/character in database (datafilevarible/errorcode)-->
        </attribute>
        <attribute>
          <attributeName>HT95</attributeName>
          <attributeLabel>HT95</attributeLabel>
          <attributeDefinition>Tree height in 1995</attributeDefinition>
          <storageType>string</storageType>
          <measurementScale>
            <nominal>
              <nonNumericDomain>
                <textDomain>
                  <definition>Tree height in 1995</definition>
                </textDomain>
              </nonNumericDomain>
            </nominal>
          </measurementScale>
          <missingValueCode>
            <code>.</code>
            <codeExplanation>Missing Value</codeExplanation>
          </missingValueCode>
        </attribute>
        <attribute>
          <attributeName>DI95</attributeName>
          <attributeLabel>DI95</attributeLabel>
          <attributeDefinition>Tree diameter in 1995</attributeDefinition>
          <storageType>string</storageType>
          <measurementScale>
            <nominal>
              <nonNumericDomain>
                <textDomain>
                  <definition>Tree diameter in 1995</definition>
                </textDomain>
              </nonNumericDomain>
            </nominal>
          </measurementScale>
          <missingValueCode>
            <code>.</code>
            <codeExplanation>Missing Value</codeExplanation>
          </missingValueCode>
        </attribute>
        <attribute>
          <attributeName>DEAD95</attributeName>
          <attributeLabel>DEAD95</attributeLabel>
          <attributeDefinition>Live or Dead tree in 1995</attributeDefinition>
          <storageType>string</storageType>
          <measurementScale>
            <nominal>
              <nonNumericDomain>
                <enumeratedDomain>
                  <codeDefinition>
                    <code>L</code>
                    <definition>Live</definition>
                  </codeDefinition>
                  <codeDefinition>
                    <code> D</code>
                    <definition>Dead</definition>
                  </codeDefinition>
                </enumeratedDomain>
              </nonNumericDomain>
            </nominal>
          </measurementScale>
          <!--No missing value/character in database (datafilevarible/errorcode)-->
        </attribute>
        <attribute>
          <attributeName>FRUIT95</attributeName>
          <attributeLabel>FRUIT95</attributeLabel>
          <attributeDefinition>Fruit on Tree in 1995</attributeDefinition>
          <storageType>string</storageType>
          <measurementScale>
            <nominal>
              <nonNumericDomain>
                <enumeratedDomain>
                  <codeDefinition>
                    <code>Y</code>
                    <definition>Yes</definition>
                  </codeDefinition>
                  <codeDefinition>
                    <code> N</code>
                    <definition>No</definition>
                  </codeDefinition>
                </enumeratedDomain>
              </nonNumericDomain>
            </nominal>
          </measurementScale>
          <!--No missing value/character in database (datafilevarible/errorcode)-->
        </attribute>
        <attribute>
          <attributeName>ML95</attributeName>
          <attributeLabel>ML95</attributeLabel>
          <attributeDefinition>ML95</attributeDefinition>
          <storageType>string</storageType>
          <measurementScale>
            <nominal>
              <nonNumericDomain>
                <enumeratedDomain>
                  <codeDefinition>
                    <code>Y</code>
                    <definition>Yes</definition>
                  </codeDefinition>
                  <codeDefinition>
                    <code> N</code>
                    <definition>No</definition>
                  </codeDefinition>
                </enumeratedDomain>
              </nonNumericDomain>
            </nominal>
          </measurementScale>
          <!--No missing value/character in database (datafilevarible/errorcode)-->
        </attribute>
        <attribute>
          <attributeName>TFLUSH95</attributeName>
          <attributeLabel>TFLUSH95</attributeLabel>
          <attributeDefinition>TFLUSH95</attributeDefinition>
          <storageType>string</storageType>
          <measurementScale>
            <nominal>
              <nonNumericDomain>
                <enumeratedDomain>
                  <codeDefinition>
                    <code>Y</code>
                    <definition>Yes</definition>
                  </codeDefinition>
                  <codeDefinition>
                    <code> N</code>
                    <definition>No</definition>
                  </codeDefinition>
                </enumeratedDomain>
              </nonNumericDomain>
            </nominal>
          </measurementScale>
          <!--No missing value/character in database (datafilevarible/errorcode)-->
        </attribute>
        <attribute>
          <attributeName>SFLUSH95</attributeName>
          <attributeLabel>SFLUSH95</attributeLabel>
          <attributeDefinition>SFLUSH95</attributeDefinition>
          <storageType>string</storageType>
          <measurementScale>
            <nominal>
              <nonNumericDomain>
                <enumeratedDomain>
                  <codeDefinition>
                    <code>Y</code>
                    <definition>Yes</definition>
                  </codeDefinition>
                  <codeDefinition>
                    <code> N</code>
                    <definition>No</definition>
                  </codeDefinition>
                </enumeratedDomain>
              </nonNumericDomain>
            </nominal>
          </measurementScale>
          <!--No missing value/character in database (datafilevarible/errorcode)-->
        </attribute>
        <attribute>
          <attributeName>HT97</attributeName>
          <attributeLabel>HT97</attributeLabel>
          <attributeDefinition>Tree height in 1997</attributeDefinition>
          <storageType>string</storageType>
          <measurementScale>
            <nominal>
              <nonNumericDomain>
                <textDomain>
                  <definition>Tree height in 1997</definition>
                </textDomain>
              </nonNumericDomain>
            </nominal>
          </measurementScale>
          <missingValueCode>
            <code>.</code>
            <codeExplanation>Missing Value</codeExplanation>
          </missingValueCode>
        </attribute>
        <attribute>
          <attributeName>DI97</attributeName>
          <attributeLabel>DI97</attributeLabel>
          <attributeDefinition>Tree diameter in 1997</attributeDefinition>
          <storageType>string</storageType>
          <measurementScale>
            <nominal>
              <nonNumericDomain>
                <textDomain>
                  <definition>Tree diameter in 1997</definition>
                </textDomain>
              </nonNumericDomain>
            </nominal>
          </measurementScale>
          <missingValueCode>
            <code>.</code>
            <codeExplanation>Missing Value</codeExplanation>
          </missingValueCode>
        </attribute>
        <attribute>
          <attributeName>DEAD97</attributeName>
          <attributeLabel>DEAD97</attributeLabel>
          <attributeDefinition>Live or Dead tree in 1997</attributeDefinition>
          <storageType>string</storageType>
          <measurementScale>
            <nominal>
              <nonNumericDomain>
                <enumeratedDomain>
                  <codeDefinition>
                    <code>L</code>
                    <definition>Live</definition>
                  </codeDefinition>
                  <codeDefinition>
                    <code> D</code>
                    <definition>Dead</definition>
                  </codeDefinition>
                </enumeratedDomain>
              </nonNumericDomain>
            </nominal>
          </measurementScale>
          <!--No missing value/character in database (datafilevarible/errorcode)-->
        </attribute>
        <attribute>
          <attributeName>FRUIT97</attributeName>
          <attributeLabel>FRUIT97</attributeLabel>
          <attributeDefinition>Fruit on Tree in 1997</attributeDefinition>
          <storageType>string</storageType>
          <measurementScale>
            <nominal>
              <nonNumericDomain>
                <enumeratedDomain>
                  <codeDefinition>
                    <code>Y</code>
                    <definition>Yes</definition>
                  </codeDefinition>
                  <codeDefinition>
                    <code> N</code>
                    <definition>No</definition>
                  </codeDefinition>
                </enumeratedDomain>
              </nonNumericDomain>
            </nominal>
          </measurementScale>
          <!--No missing value/character in database (datafilevarible/errorcode)-->
        </attribute>
        <attribute>
          <attributeName>DEAD99</attributeName>
          <attributeLabel>DEAD99</attributeLabel>
          <attributeDefinition>Live or Dead tree in 1999</attributeDefinition>
          <storageType>string</storageType>
          <measurementScale>
            <nominal>
              <nonNumericDomain>
                <enumeratedDomain>
                  <codeDefinition>
                    <code>L</code>
                    <definition>Live</definition>
                  </codeDefinition>
                  <codeDefinition>
                    <code> D</code>
                    <definition>Dead</definition>
                  </codeDefinition>
                </enumeratedDomain>
              </nonNumericDomain>
            </nominal>
          </measurementScale>
          <!--No missing value/character in database (datafilevarible/errorcode)-->
        </attribute>
        <attribute>
          <attributeName>HT99</attributeName>
          <attributeLabel>HT99</attributeLabel>
          <attributeDefinition>Tree height in 1999</attributeDefinition>
          <storageType>string</storageType>
          <measurementScale>
            <nominal>
              <nonNumericDomain>
                <enumeratedDomain>
                  <codeDefinition>
                    <code>ND</code>
                    <definition>no data</definition>
                  </codeDefinition>
                  <codeDefinition>
                    <code> D</code>
                    <definition>dead</definition>
                  </codeDefinition>
                  <codeDefinition>
                    <code> . </code>
                    <definition> missing data</definition>
                  </codeDefinition>
                </enumeratedDomain>
              </nonNumericDomain>
            </nominal>
          </measurementScale>
          <missingValueCode>
            <code>.</code>
            <codeExplanation>Missing Value</codeExplanation>
          </missingValueCode>
        </attribute>
        <attribute>
          <attributeName>DI99</attributeName>
          <attributeLabel>DI99</attributeLabel>
          <attributeDefinition>Tree diameter in 1999</attributeDefinition>
          <storageType>string</storageType>
          <measurementScale>
            <nominal>
              <nonNumericDomain>
                <enumeratedDomain>
                  <codeDefinition>
                    <code>ND</code>
                    <definition>no data</definition>
                  </codeDefinition>
                  <codeDefinition>
                    <code> D</code>
                    <definition>dead</definition>
                  </codeDefinition>
                  <codeDefinition>
                    <code> . </code>
                    <definition> missing data</definition>
                  </codeDefinition>
                </enumeratedDomain>
              </nonNumericDomain>
            </nominal>
          </measurementScale>
          <missingValueCode>
            <code>.</code>
            <codeExplanation>Missing Value</codeExplanation>
          </missingValueCode>
        </attribute>
        <attribute>
          <attributeName>DBH99</attributeName>
          <attributeLabel>DBH99</attributeLabel>
          <attributeDefinition>Tree diameter at breast height in 1999</attributeDefinition>
          <storageType>string</storageType>
          <measurementScale>
            <nominal>
              <nonNumericDomain>
                <enumeratedDomain>
                  <codeDefinition>
                    <code>ND</code>
                    <definition>no data</definition>
                  </codeDefinition>
                  <codeDefinition>
                    <code> D</code>
                    <definition>dead</definition>
                  </codeDefinition>
                  <codeDefinition>
                    <code> NA</code>
                    <definition> Not applicable</definition>
                  </codeDefinition>
                  <codeDefinition>
                    <code> . </code>
                    <definition> missing data</definition>
                  </codeDefinition>
                </enumeratedDomain>
              </nonNumericDomain>
            </nominal>
          </measurementScale>
          <!--No missing value/character in database (datafilevarible/errorcode)-->
        </attribute>
        <attribute>
          <attributeName>FORK99</attributeName>
          <attributeLabel>FORK99</attributeLabel>
          <attributeDefinition>FORK99</attributeDefinition>
          <storageType>string</storageType>
          <measurementScale>
            <nominal>
              <nonNumericDomain>
                <enumeratedDomain>
                  <codeDefinition>
                    <code>Y</code>
                    <definition>Yes</definition>
                  </codeDefinition>
                  <codeDefinition>
                    <code> N</code>
                    <definition>No</definition>
                  </codeDefinition>
                  <codeDefinition>
                    <code> NA</code>
                    <definition>Not Applicable</definition>
                  </codeDefinition>
                  <codeDefinition>
                    <code> . </code>
                    <definition> missing data</definition>
                  </codeDefinition>
                </enumeratedDomain>
              </nonNumericDomain>
            </nominal>
          </measurementScale>
          <!--No missing value/character in database (datafilevarible/errorcode)-->
        </attribute>
        <attribute>
          <attributeName>BOLES99</attributeName>
          <attributeLabel>BOLES99</attributeLabel>
          <attributeDefinition>Number of Tree Boles in 1999</attributeDefinition>
          <storageType>string</storageType>
          <measurementScale>
            <nominal>
              <nonNumericDomain>
                <textDomain>
                  <definition>Number of Tree Boles in 1999</definition>
                </textDomain>
              </nonNumericDomain>
            </nominal>
          </measurementScale>
          <missingValueCode>
            <code>.</code>
            <codeExplanation>Missing Value</codeExplanation>
          </missingValueCode>
        </attribute>
        <attribute>
          <attributeName>STEM99</attributeName>
          <attributeLabel>STEM99</attributeLabel>
          <attributeDefinition>Number of Stems in 1999</attributeDefinition>
          <storageType>string</storageType>
          <measurementScale>
            <nominal>
              <nonNumericDomain>
                <enumeratedDomain>
                  <codeDefinition>
                    <code>NA</code>
                    <definition>Not Applicable</definition>
                  </codeDefinition>
                </enumeratedDomain>
              </nonNumericDomain>
            </nominal>
          </measurementScale>
          <!--No missing value/character in database (datafilevarible/errorcode)-->
        </attribute>
        <attribute>
          <attributeName>SEED99</attributeName>
          <attributeLabel>SEED99</attributeLabel>
          <attributeDefinition>Seed in 1999</attributeDefinition>
          <storageType>string</storageType>
          <measurementScale>
            <nominal>
              <nonNumericDomain>
                <enumeratedDomain>
                  <codeDefinition>
                    <code>Y</code>
                    <definition>Yes</definition>
                  </codeDefinition>
                  <codeDefinition>
                    <code> N</code>
                    <definition>No</definition>
                  </codeDefinition>
                  <codeDefinition>
                    <code> . </code>
                    <definition> missing data</definition>
                  </codeDefinition>
                </enumeratedDomain>
              </nonNumericDomain>
            </nominal>
          </measurementScale>
          <missingValueCode>
            <code>.</code>
            <codeExplanation>Missing Value</codeExplanation>
          </missingValueCode>
        </attribute>
        <attribute>
          <attributeName>VIGOR99</attributeName>
          <attributeLabel>VIGOR99</attributeLabel>
          <attributeDefinition>Tree Vigor in 1999</attributeDefinition>
          <storageType>string</storageType>
          <measurementScale>
            <nominal>
              <nonNumericDomain>
                <enumeratedDomain>
                  <codeDefinition>
                    <code>H</code>
                    <definition> healthy</definition>
                  </codeDefinition>
                  <codeDefinition>
                    <code> . </code>
                    <definition> missing data</definition>
                  </codeDefinition>
                </enumeratedDomain>
              </nonNumericDomain>
            </nominal>
          </measurementScale>
          <missingValueCode>
            <code>.</code>
            <codeExplanation>Missing Value</codeExplanation>
          </missingValueCode>
        </attribute>
        <attribute>
          <attributeName>DEAD02</attributeName>
          <attributeLabel>DEAD02</attributeLabel>
          <attributeDefinition>Live or Dead tree in 2002</attributeDefinition>
          <storageType>string</storageType>
          <measurementScale>
            <nominal>
              <nonNumericDomain>
                <enumeratedDomain>
                  <codeDefinition>
                    <code>L</code>
                    <definition>Live</definition>
                  </codeDefinition>
                  <codeDefinition>
                    <code> D</code>
                    <definition>Dead</definition>
                  </codeDefinition>
                </enumeratedDomain>
              </nonNumericDomain>
            </nominal>
          </measurementScale>
          <!--No missing value/character in database (datafilevarible/errorcode)-->
        </attribute>
        <attribute>
          <attributeName>HT02</attributeName>
          <attributeLabel>HT02</attributeLabel>
          <attributeDefinition>Tree height in 2002</attributeDefinition>
          <storageType>string</storageType>
          <measurementScale>
            <nominal>
              <nonNumericDomain>
                <enumeratedDomain>
                  <codeDefinition>
                    <code>. </code>
                    <definition> missing data</definition>
                  </codeDefinition>
                </enumeratedDomain>
              </nonNumericDomain>
            </nominal>
          </measurementScale>
          <missingValueCode>
            <code>.</code>
            <codeExplanation>Missing Value</codeExplanation>
          </missingValueCode>
        </attribute>
        <attribute>
          <attributeName>DI02</attributeName>
          <attributeLabel>DI02</attributeLabel>
          <attributeDefinition>Tree diameter in 2002</attributeDefinition>
          <storageType>string</storageType>
          <measurementScale>
            <nominal>
              <nonNumericDomain>
                <enumeratedDomain>
                  <codeDefinition>
                    <code>. </code>
                    <definition> missing data</definition>
                  </codeDefinition>
                </enumeratedDomain>
              </nonNumericDomain>
            </nominal>
          </measurementScale>
          <missingValueCode>
            <code>.</code>
            <codeExplanation>Missing Value</codeExplanation>
          </missingValueCode>
        </attribute>
        <attribute>
          <attributeName>DBH02</attributeName>
          <attributeLabel>DBH02</attributeLabel>
          <attributeDefinition>Tree diameter at breast height in 2002</attributeDefinition>
          <storageType>string</storageType>
          <measurementScale>
            <nominal>
              <nonNumericDomain>
                <enumeratedDomain>
                  <codeDefinition>
                    <code>NA</code>
                    <definition> Not Applicable</definition>
                  </codeDefinition>
                  <codeDefinition>
                    <code> . </code>
                    <definition> missing data</definition>
                  </codeDefinition>
                </enumeratedDomain>
              </nonNumericDomain>
            </nominal>
          </measurementScale>
          <missingValueCode>
            <code>.</code>
            <codeExplanation>Missing Value</codeExplanation>
          </missingValueCode>
        </attribute>
        <attribute>
          <attributeName>FORK02</attributeName>
          <attributeLabel>FORK02</attributeLabel>
          <attributeDefinition>FORK02</attributeDefinition>
          <storageType>string</storageType>
          <measurementScale>
            <nominal>
              <nonNumericDomain>
                <enumeratedDomain>
                  <codeDefinition>
                    <code>Y</code>
                    <definition>Yes</definition>
                  </codeDefinition>
                  <codeDefinition>
                    <code> N</code>
                    <definition>No</definition>
                  </codeDefinition>
                  <codeDefinition>
                    <code> NA</code>
                    <definition> Not Applicable</definition>
                  </codeDefinition>
                  <codeDefinition>
                    <code> . </code>
                    <definition> missing data</definition>
                  </codeDefinition>
                </enumeratedDomain>
              </nonNumericDomain>
            </nominal>
          </measurementScale>
          <missingValueCode>
            <code>.</code>
            <codeExplanation>Missing Value</codeExplanation>
          </missingValueCode>
        </attribute>
        <attribute>
          <attributeName>BOLES02</attributeName>
          <attributeLabel>BOLES02</attributeLabel>
          <attributeDefinition>Tree boles in 2002</attributeDefinition>
          <storageType>string</storageType>
          <measurementScale>
            <nominal>
              <nonNumericDomain>
                <enumeratedDomain>
                  <codeDefinition>
                    <code>NA</code>
                    <definition>Not applicable</definition>
                  </codeDefinition>
                  <codeDefinition>
                    <code> . </code>
                    <definition> missing data</definition>
                  </codeDefinition>
                </enumeratedDomain>
              </nonNumericDomain>
            </nominal>
          </measurementScale>
          <missingValueCode>
            <code>.</code>
            <codeExplanation>Missing Value</codeExplanation>
          </missingValueCode>
        </attribute>
        <attribute>
          <attributeName>STEM02</attributeName>
          <attributeLabel>STEM02</attributeLabel>
          <attributeDefinition>Number of stems in 2002</attributeDefinition>
          <storageType>string</storageType>
          <measurementScale>
            <nominal>
              <nonNumericDomain>
                <enumeratedDomain>
                  <codeDefinition>
                    <code>NA</code>
                    <definition> Not Applicable</definition>
                  </codeDefinition>
                  <codeDefinition>
                    <code> . </code>
                    <definition> missing data</definition>
                  </codeDefinition>
                </enumeratedDomain>
              </nonNumericDomain>
            </nominal>
          </measurementScale>
          <missingValueCode>
            <code>.</code>
            <codeExplanation>Missing Value</codeExplanation>
          </missingValueCode>
        </attribute>
        <attribute>
          <attributeName>SEED02</attributeName>
          <attributeLabel>SEED02</attributeLabel>
          <attributeDefinition>Seed in 2002</attributeDefinition>
          <storageType>string</storageType>
          <measurementScale>
            <nominal>
              <nonNumericDomain>
                <enumeratedDomain>
                  <codeDefinition>
                    <code>Y</code>
                    <definition>Yes</definition>
                  </codeDefinition>
                  <codeDefinition>
                    <code> N</code>
                    <definition>No</definition>
                  </codeDefinition>
                  <codeDefinition>
                    <code> . </code>
                    <definition> missing data</definition>
                  </codeDefinition>
                </enumeratedDomain>
              </nonNumericDomain>
            </nominal>
          </measurementScale>
          <missingValueCode>
            <code>.</code>
            <codeExplanation>Missing Value</codeExplanation>
          </missingValueCode>
        </attribute>
        <attribute>
          <attributeName>VIGOR02</attributeName>
          <attributeLabel>VIGOR02</attributeLabel>
          <attributeDefinition>Tree Vigor in 2002</attributeDefinition>
          <storageType>string</storageType>
          <measurementScale>
            <nominal>
              <nonNumericDomain>
                <enumeratedDomain>
                  <codeDefinition>
                    <code>H</code>
                    <definition> healthy</definition>
                  </codeDefinition>
                  <codeDefinition>
                    <code> . </code>
                    <definition> missing data</definition>
                  </codeDefinition>
                </enumeratedDomain>
              </nonNumericDomain>
            </nominal>
          </measurementScale>
          <missingValueCode>
            <code>.</code>
            <codeExplanation>Missing Value</codeExplanation>
          </missingValueCode>
        </attribute>
      </attributeList>
    </dataTable>
    <otherEntity id="114_nr_html.zip">
      <entityName>114_nr_html.zip</entityName>
      <entityDescription>Zip file containg HTML files showing images of the plot design.</entityDescription>
      <physical>
        <objectName>114_nr_html.zip</objectName>
        <dataFormat>
          <externallyDefinedFormat>
            <formatName>zip file</formatName>
          </externallyDefinedFormat>
        </dataFormat>
        <distribution>
          <online>
            <url function="download">https://pasta.lternet.edu/package/data/eml/knb-lter-bnz/114/18/034cea58d0fb8da3d37e07195c221141</url>
          </online>
        </distribution>
      </physical>
      <entityType>zip file</entityType>
    </otherEntity>
  </dataset>
</eml:eml>
