<?xml version="1.0" encoding="UTF-8"?>
<eml:eml packageId="knb-lter-bnz.12.18" scope="system"
  system="https://pasta.lternet.edu"
  xmlns:ds="eml://ecoinformatics.org/dataset-2.1.0"
  xmlns:eml="eml://ecoinformatics.org/eml-2.1.1"
  xmlns:stmml="http://www.xml-cml.org/schema/stmml-1.1"
  xmlns:xsi="http://www.w3.org/2001/XMLSchema-instance" xsi:schemaLocation="eml://ecoinformatics.org/eml-2.1.0&#xa;&#x9;&#x9;&#x9;&#x9;http://nis.lternet.edu/schemas/EML/eml-2.1.0/eml.xsd">
  <access authSystem="https://pasta.lternet.edu/authentication"
    order="allowFirst" scope="document" system="https://pasta.lternet.edu">
    <allow>
      <principal>uid=BNZ,o=lter,dc=ecoinformatics,dc=org</principal>
      <permission>all</permission>
    </allow>
    <allow>
      <principal>public</principal>
      <permission>read</permission>
    </allow>
  </access>
  <dataset>
    <shortName>knb-lter-bnz.12.18</shortName>
    <title>Artificial Communities Experiment:  Seedling growth</title>
    <creator>
      <individualName>
        <givenName>F.S.</givenName>
        <givenName>Stuart</givenName>
        <surName>Chapin</surName>
      </individualName>
      <positionName>Primary Investigator</positionName>
      <address>
        <deliveryPoint>Department of Biology and Wildlife;  Institute of Arctic Biology:  University of Alaska Fairbanks 193 Arctic Health P.O. Box 757000</deliveryPoint>
        <city>Fairbanks</city>
        <administrativeArea>AK </administrativeArea>
        <postalCode>99775</postalCode>
        <country>United States</country>
      </address>
      <phone phonetype="voice">(907) 474-7922</phone>
      <phone phonetype="fax">(907) 474-6967</phone>
      <electronicMailAddress>terry.chapin@alaska.edu</electronicMailAddress>
      <onlineUrl>http://terrychapin.org/</onlineUrl>
    </creator>
    <creator>
      <individualName>
        <givenName>Leslie</givenName>
        <givenName>A.</givenName>
        <surName>Viereck</surName>
      </individualName>
      <!--No position recorded in Database ( pers/position when lead_contact=1 )-->
      <!--No address recorded in database ( pers/address when lead_contact=1 )-->
      <!--No phone info in Database  ( pers/tel1, tel2 or cell when lead_contact=1 )-->
      <!--No fax info present in Database  ( pers/fax when lead_contact=1 )-->
      <!--No email present on file  ( pers/email1 or email2 when lead_contact=1 )-->
      <!--No personal web address info on file-->
    </creator>
    <creator>
      <organizationName>Bonanza Creek LTER</organizationName>
      <address>
        <deliveryPoint>Boreal Ecology Cooperative Research Unit </deliveryPoint>
        <deliveryPoint>University of Alaska Fairbanks</deliveryPoint>
        <deliveryPoint>P.O. Box 756780 </deliveryPoint>
        <city>Fairbanks</city>
        <administrativeArea>AK</administrativeArea>
        <postalCode>99775</postalCode>
        <country>USA</country>
      </address>
      <phone phonetype="voice">907-474-6364</phone>
      <phone phonetype="fax">907-474-6251</phone>
      <electronicMailAddress>uaf-bnz-im-team@alaska.edu</electronicMailAddress>
      <onlineUrl>http://www.lter.uaf.edu</onlineUrl>
    </creator>
    <metadataProvider>
      <organizationName>Bonanza Creek LTER</organizationName>
      <positionName>Data Manager</positionName>
      <address>
        <deliveryPoint>Boreal Ecology Cooperative Research Unit </deliveryPoint>
        <deliveryPoint>University of Alaska Fairbanks</deliveryPoint>
        <deliveryPoint>P.O. Box 756780 </deliveryPoint>
        <city>Fairbanks</city>
        <administrativeArea>AK</administrativeArea>
        <postalCode>99775</postalCode>
        <country>USA</country>
      </address>
      <phone phonetype="voice">907-474-6364</phone>
      <phone phonetype="fax">907-474-6251</phone>
      <electronicMailAddress>uaf-bnz-im-team@alaska.edu</electronicMailAddress>
      <onlineUrl>http://www.lter.uaf.edu</onlineUrl>
    </metadataProvider>
    <!--No other people associated with this dataset found on file (pers/lastname/lead_contact=0)-->
    <pubDate>1998-01-15</pubDate>
    <abstract>
      <para>This study considers the relative role of competition and facilitation in primary succession of the boreal forest floodplain of Bonanza Creek Experimental Forest. Alder (Alnus tenuifolia Nutt.) is an early colonist of young floodplain sites, where it contributes greatly to soil development through the addition of nitrogen to the soil. White spruce (Picea glauca (Moench.) Voss) typically colonizes such sites later; it becomes established beneath a canopy of alder and willow (Salix spp.) which is sometimes overtopped by young balsam poplar (Populus balsamifera L.). The alder may potentially influence white spruce both positively and negatively. Possible facilitative effects include protection of small seedlings from excess heat or heavy siltation accompanying flooding and addition of soil nitrogen, an effect that may extend for many years. Competition for light (and other resources) before the white spruce has overtopped the alder canopy may prove to be a major negative effects. This study seeks to determine the net balance of these effects on the floodplain successional sequence.</para>
    </abstract>
    <keywordSet>
      <keyword>artificial communities</keyword>
      <keyword>seedlings</keyword>
      <keyword>height</keyword>
      <keyword>survival</keyword>
      <keyword>alder</keyword>
      <keyword>spruce</keyword>
      <keywordThesaurus>Succession</keywordThesaurus>
    </keywordSet>
    <intellectualRights>
      <section>
        <title>Access to Data</title>
        <para>While metadata will be freely available to those requesting it, the data manager will assure that any restrictions on access to data sets in the database will be enforced. Data will not be released without proper permission first being obtained from the investigator who generated the data. </para>
      </section>
      <section>
        <title>Use of data</title>
        <para> Researchers should receive adequate acknowledgment for the use of their data by others and should be provided with copies of publications using their data. Users of data from the data base must be aware that data is not to be sold or redistributed.</para>
      </section>
      <section>
        <title>Citing Bonanza Creek LTER Datasets</title>
        <para>It is considered a matter of professional ethics to acknowledge the work of other scientists. Thus, the Data User will properly cite the Data Set in any publications or in the metadata of any derived data products that were produced using the Data Set. </para>
      </section>
    </intellectualRights>
    <distribution id="distributionReference">
      <online>
        <url function="information">http://www.lter.uaf.edu/data_detail.cfm?datafile_pkey=12</url>
      </online>
    </distribution>
    <coverage>
      <geographicCoverage id="geoReference">
        <geographicDescription>Site information unavailable</geographicDescription>
        <boundingCoordinates>
          <westBoundingCoordinate>-148.2701852</westBoundingCoordinate>
          <eastBoundingCoordinate>-148.1435205</eastBoundingCoordinate>
          <northBoundingCoordinate>64.73028888</northBoundingCoordinate>
          <southBoundingCoordinate>64.68584608</southBoundingCoordinate>
        </boundingCoordinates>
      </geographicCoverage>
      <temporalCoverage>
        <rangeOfDates>
          <beginDate>
            <calendarDate>1992-01-01</calendarDate>
          </beginDate>
          <endDate>
            <calendarDate>2002-12-31</calendarDate>
          </endDate>
        </rangeOfDates>
      </temporalCoverage>
    </coverage>
    <maintenance>
      <description>
        <section>
          <title>Status</title>
          <para>Completed</para>
        </section>
      </description>
    </maintenance>
    <contact>
      <positionName>Information Manager</positionName>
      <organizationName>LTER Network Office</organizationName>
      <address>
        <deliveryPoint>UNM Biology Department, MSC03-2020</deliveryPoint>
        <deliveryPoint>1 University of New Mexico</deliveryPoint>
        <city>Albuquerque</city>
        <administrativeArea>NM</administrativeArea>
        <postalCode>87131-0001</postalCode>
        <country>USA</country>
      </address>
      <phone phonetype="voice">505 277-2535</phone>
      <phone phonetype="fax">505 277-2541</phone>
      <electronicMailAddress>tech-support@lternet.edu</electronicMailAddress>
      <onlineUrl>http://www.lternet.edu</onlineUrl>
    </contact>
    <contact>
      <organizationName>Bonanza Creek LTER</organizationName>
      <positionName>Data Manager</positionName>
      <address>
        <deliveryPoint>Boreal Ecology Cooperative Research Unit </deliveryPoint>
        <deliveryPoint>University of Alaska Fairbanks</deliveryPoint>
        <deliveryPoint>P.O. Box 756780 </deliveryPoint>
        <city>Fairbanks</city>
        <administrativeArea>AK</administrativeArea>
        <postalCode>99775</postalCode>
        <country>USA</country>
      </address>
      <phone phonetype="voice">907-474-6364</phone>
      <phone phonetype="fax">907-474-6251</phone>
      <electronicMailAddress>uaf-bnz-im-team@alaska.edu</electronicMailAddress>
      <onlineUrl>http://www.lter.uaf.edu</onlineUrl>
    </contact>
    <publisher>
      <organizationName>Bonanza Creek LTER</organizationName>
      <address>
        <deliveryPoint>Boreal Ecology Cooperative Research Unit </deliveryPoint>
        <deliveryPoint>University of Alaska Fairbanks</deliveryPoint>
        <deliveryPoint>P.O. Box 756780 </deliveryPoint>
        <city>Fairbanks</city>
        <administrativeArea>AK</administrativeArea>
        <postalCode>99775</postalCode>
        <country>USA</country>
      </address>
      <phone phonetype="voice">907-474-6364</phone>
      <phone phonetype="fax">907-474-6251</phone>
    </publisher>
    <pubPlace>Bonanza Creek LTER</pubPlace>
    <methods>
      <methodStep>
        <description>
          <section>
            <title>Experimental Design</title>
            <para>Three types of 20 m x 20 m artificial communities were established on each of six replicate early successional sites (two replicates at each of three LTER sites): pure spruce plots planted at 1 m spacing, plots with spruce mixed with alder (spruce planted at 1 m spacing, alder planted between spruce seedlings), and pure spruce in which N fertilizer will be added (N was never added). As a result of bank erosion, several of the plots at FP1A were destroyed, and that site was eliminated.

Pure spuirce plots (also referred to as communities) were assigned the designator "PS" (PS1, PS2, PS3, and PS4). Mixed alder and spruce plots (also referred to as communities) were assigned the designator "AS" (AS2 and AS2).</para>
          </section>
          <section>
            <title>Methods</title>
            <para>White spruce seedlings were planted at 1 m spacing in the summer of 1989. During the first 2 years of the study dead seedlings were replaced. After 3 years each individual white spruce seedling was located and tagged, and its condition noted. Height measurements were made of all seedlings (both white spruce and alder) in 1992 and repeated in 1995. Alder heights were determined in 1995 by standing on a ladder at the end of each row and using binoculars to read the heights on a surveying Philadelphia Rod.

In 2002 we remeasured spruce heights and condition and harvested quadrates in each plot to estimate above ground biomass and total soil and plant N and C accumulation. In 2003 we generated allometric equations relating alder DBH to alder biomass. We estimated total alder biomass in each by using these equations with our estimates of alder stem densities and DBH.</para>
          </section>
        </description>
      </methodStep>
      <!--sampling info missing (datafile/samp_freq)-->
    </methods>
    <dataTable>
      <entityName>72_1738_seedling_growth.txt</entityName>
      <entityDescription>This file contains data about alder and spruce seedling growth from the artificial communities experiment over a 10 year peiod. Measurements were made in 1992, 1995 and 2002.  Alder and spruce were sampled in 1992 and 1995, but only spruce were measured in 2002. The foloowing measurements were made:

Spruce measurements in 1992: height (cm), survival (dead=0, alive=1)

Alder measurements in 1992: height (cm), survival (dead=0, alive=1)

Spruce measurements in 1995: height (cm), survival (dead=0, alive=1)

Alder measurements in 1995: height (cm), survival (dead=0, alive=1)

Spruce measurements in 2002: height (cm), survival (dead=0, alive=1), missing/found (missing=0, found=1), not browsed/browsed (not browsed=0, browsed=1), health (appears healthy=0, appears unhealthy=1), physical disturbance (no obvious disturbance=0, flattened and/or partially buried in silt=1), spruce growing near a naturally occurring alder in pure spruce plots (not near alder=0, near alder=1) 

Each row of data contains the following: 
 
Year of measurement, Site (FP1B or FP1C), Plot (pure spruce = PS1-PS4, spruce/alder mix = SA1-SA2), Seedling number (white spruce seedling number indicates the planted row and distance from beginning of row: for example 101 means row 1 and a distance of 1 meter; 1021 means row 10 and a distance of 21 meters)
</entityDescription>
      <physical>
        <objectName>72_1738_seedling_growth.txt</objectName>
        <dataFormat>
          <textFormat>
            <numHeaderLines>1</numHeaderLines>
            <recordDelimiter>\n</recordDelimiter>
            <physicalLineDelimiter>\n</physicalLineDelimiter>
            <attributeOrientation>column</attributeOrientation>
            <simpleDelimited>
              <fieldDelimiter>,</fieldDelimiter>
              <quoteCharacter>"</quoteCharacter>
            </simpleDelimited>
          </textFormat>
        </dataFormat>
        <distribution>
          <online>
            <url function="download">https://pasta.lternet.edu/package/data/eml/knb-lter-bnz/12/18/d0917090935e7977c7f8821e8910dd04</url>
          </online>
        </distribution>
      </physical>
      <attributeList>
        <attribute>
          <attributeName>Year</attributeName>
          <attributeLabel>Year</attributeLabel>
          <attributeDefinition>This is the sample year</attributeDefinition>
          <storageType>integer</storageType>
          <measurementScale>
            <ratio>
              <unit>
                <customUnit>yyyy</customUnit>
              </unit>
              <numericDomain>
                <numberType>real</numberType>
                <!--No minimum value recorded in database (datafilevaribles/minvalid)-->
              </numericDomain>
            </ratio>
          </measurementScale>
          <!--No missing value/character in database (datafilevarible/errorcode)-->
        </attribute>
        <attribute>
          <attributeName>Site</attributeName>
          <attributeLabel>Site</attributeLabel>
          <attributeDefinition>An alphanumberic code for each data study point.</attributeDefinition>
          <storageType>string</storageType>
          <measurementScale>
            <nominal>
              <nonNumericDomain>
                <textDomain>
                  <definition>An alphanumberic code for each data study point.</definition>
                </textDomain>
              </nonNumericDomain>
            </nominal>
          </measurementScale>
          <!--No missing value/character in database (datafilevarible/errorcode)-->
        </attribute>
        <attribute>
          <attributeName>Plot</attributeName>
          <attributeLabel>Plot</attributeLabel>
          <attributeDefinition>A plot name within each study site.</attributeDefinition>
          <storageType>string</storageType>
          <measurementScale>
            <nominal>
              <nonNumericDomain>
                <enumeratedDomain>
                  <codeDefinition>
                    <code>Pure Spruce </code>
                    <definition> PS1-PS4</definition>
                  </codeDefinition>
                  <codeDefinition>
                    <code> Spruce/Alder mix </code>
                    <definition> SA1-SA2</definition>
                  </codeDefinition>
                </enumeratedDomain>
              </nonNumericDomain>
            </nominal>
          </measurementScale>
          <!--No missing value/character in database (datafilevarible/errorcode)-->
        </attribute>
        <attribute>
          <attributeName>Species</attributeName>
          <attributeLabel>Species</attributeLabel>
          <attributeDefinition>A species code that seperates spruce from alder</attributeDefinition>
          <storageType>string</storageType>
          <measurementScale>
            <nominal>
              <nonNumericDomain>
                <textDomain>
                  <definition>A species code that seperates spruce from alder</definition>
                </textDomain>
              </nonNumericDomain>
            </nominal>
          </measurementScale>
          <!--No missing value/character in database (datafilevarible/errorcode)-->
        </attribute>
        <attribute>
          <attributeName>Seedling#</attributeName>
          <attributeLabel>Seedling#</attributeLabel>
          <attributeDefinition>Seedling number (white spruce seedling number indicates the planted row and distance from beginning of row: for example 101 means row 1 and a distance of 1 meter; 1021 means row 10 and a distance of 21 meters)</attributeDefinition>
          <storageType>integer</storageType>
          <measurementScale>
            <nominal>
              <nonNumericDomain>
                <textDomain>
                  <definition>Seedling number (white spruce seedling number indicates the planted row and distance from beginning of row: for example 101 means row 1 and a distance of 1 meter; 1021 means row 10 and a distance of 21 meters)</definition>
                </textDomain>
              </nonNumericDomain>
            </nominal>
          </measurementScale>
          <!--No missing value/character in database (datafilevarible/errorcode)-->
        </attribute>
        <attribute>
          <attributeName>Height (cm)</attributeName>
          <attributeLabel>Height (cm)</attributeLabel>
          <attributeDefinition>The height of a seedling at a given year</attributeDefinition>
          <storageType>integer</storageType>
          <measurementScale>
            <ratio>
              <unit>
                <standardUnit>centimeter</standardUnit>
              </unit>
              <numericDomain>
                <numberType>real</numberType>
                <bounds>
                  <minimum exclusive="false">0.000</minimum>
                  <maximum exclusive="false">1000.000</maximum>
                </bounds>
              </numericDomain>
            </ratio>
          </measurementScale>
          <!--No missing value/character in database (datafilevarible/errorcode)-->
        </attribute>
        <attribute>
          <attributeName>Survival (dead=0, alive=1)</attributeName>
          <attributeLabel>Survival (dead=0, alive=1)</attributeLabel>
          <attributeDefinition>A code to help keep track of seedling mortality </attributeDefinition>
          <storageType>integer</storageType>
          <measurementScale>
            <nominal>
              <nonNumericDomain>
                <enumeratedDomain>
                  <codeDefinition>
                    <code>dead</code>
                    <definition>0</definition>
                  </codeDefinition>
                  <codeDefinition>
                    <code> alive</code>
                    <definition>1</definition>
                  </codeDefinition>
                </enumeratedDomain>
              </nonNumericDomain>
            </nominal>
          </measurementScale>
          <!--No missing value/character in database (datafilevarible/errorcode)-->
        </attribute>
        <attribute>
          <attributeName>Missing/found </attributeName>
          <attributeLabel>Missing/found </attributeLabel>
          <attributeDefinition>In 2002 a more detailed inventory was conducted this is one of the newly collected data fields.  </attributeDefinition>
          <storageType>integer</storageType>
          <measurementScale>
            <nominal>
              <nonNumericDomain>
                <enumeratedDomain>
                  <codeDefinition>
                    <code>0</code>
                    <definition>missing</definition>
                  </codeDefinition>
                  <codeDefinition>
                    <code> 1</code>
                    <definition>found</definition>
                  </codeDefinition>
                </enumeratedDomain>
              </nonNumericDomain>
            </nominal>
          </measurementScale>
          <!--No missing value/character in database (datafilevarible/errorcode)-->
        </attribute>
        <attribute>
          <attributeName>Not browsed/browsed</attributeName>
          <attributeLabel>Not browsed/browsed</attributeLabel>
          <attributeDefinition>Shows moose actitiy for a given sample.  Data was only collected for the 2002 sample year. </attributeDefinition>
          <storageType>integer</storageType>
          <measurementScale>
            <nominal>
              <nonNumericDomain>
                <enumeratedDomain>
                  <codeDefinition>
                    <code>not browsed</code>
                    <definition>0</definition>
                  </codeDefinition>
                  <codeDefinition>
                    <code> browsed</code>
                    <definition>1</definition>
                  </codeDefinition>
                </enumeratedDomain>
              </nonNumericDomain>
            </nominal>
          </measurementScale>
          <!--No missing value/character in database (datafilevarible/errorcode)-->
        </attribute>
        <attribute>
          <attributeName>Health</attributeName>
          <attributeLabel>Health</attributeLabel>
          <attributeDefinition>A value for the general health a a seedling collected for the 2002 sample year.</attributeDefinition>
          <storageType>integer</storageType>
          <measurementScale>
            <nominal>
              <nonNumericDomain>
                <enumeratedDomain>
                  <codeDefinition>
                    <code>appears healthy</code>
                    <definition>0</definition>
                  </codeDefinition>
                  <codeDefinition>
                    <code> appears unhealthy</code>
                    <definition>1</definition>
                  </codeDefinition>
                </enumeratedDomain>
              </nonNumericDomain>
            </nominal>
          </measurementScale>
          <!--No missing value/character in database (datafilevarible/errorcode)-->
        </attribute>
        <attribute>
          <attributeName>Physical disturbance</attributeName>
          <attributeLabel>Physical disturbance</attributeLabel>
          <attributeDefinition>A value for the physical appearance of a seedling collected for the 2002 sample year.</attributeDefinition>
          <storageType>integer</storageType>
          <measurementScale>
            <nominal>
              <nonNumericDomain>
                <enumeratedDomain>
                  <codeDefinition>
                    <code>no obvious disturbance</code>
                    <definition>0</definition>
                  </codeDefinition>
                  <codeDefinition>
                    <code> Flattened and/or partially buried in silt</code>
                    <definition>1</definition>
                  </codeDefinition>
                </enumeratedDomain>
              </nonNumericDomain>
            </nominal>
          </measurementScale>
          <!--No missing value/character in database (datafilevarible/errorcode)-->
        </attribute>
        <attribute>
          <attributeName>Spruce growing near a naturally occuring alder in pure spruce plots</attributeName>
          <attributeLabel>Spruce growing near a naturally occuring alder in pure spruce plots</attributeLabel>
          <attributeDefinition>A value for locations of Alder in relationship to spruce seedlings collected for the 2002 sample year.</attributeDefinition>
          <storageType>integer</storageType>
          <measurementScale>
            <nominal>
              <nonNumericDomain>
                <enumeratedDomain>
                  <codeDefinition>
                    <code>not near alder</code>
                    <definition>0</definition>
                  </codeDefinition>
                  <codeDefinition>
                    <code> near alder</code>
                    <definition>1</definition>
                  </codeDefinition>
                </enumeratedDomain>
              </nonNumericDomain>
            </nominal>
          </measurementScale>
          <!--No missing value/character in database (datafilevarible/errorcode)-->
        </attribute>
      </attributeList>
    </dataTable>
  </dataset>
  <additionalMetadata>
    <metadata>
      <unitList>
        <unit id="yyyy"/>
      </unitList>
    </metadata>
  </additionalMetadata>
</eml:eml>
