<?xml version="1.0" encoding="UTF-8"?>
<eml:eml packageId="knb-lter-bnz.132.18" scope="system"
  system="https://pasta.lternet.edu"
  xmlns:ds="eml://ecoinformatics.org/dataset-2.1.0"
  xmlns:eml="eml://ecoinformatics.org/eml-2.1.1"
  xmlns:stmml="http://www.xml-cml.org/schema/stmml-1.1"
  xmlns:xsi="http://www.w3.org/2001/XMLSchema-instance" xsi:schemaLocation="eml://ecoinformatics.org/eml-2.1.0&#xa;&#x9;&#x9;&#x9;&#x9;http://nis.lternet.edu/schemas/EML/eml-2.1.0/eml.xsd">
  <access authSystem="https://pasta.lternet.edu/authentication"
    order="allowFirst" scope="document" system="https://pasta.lternet.edu">
    <allow>
      <principal>uid=BNZ,o=lter,dc=ecoinformatics,dc=org</principal>
      <permission>all</permission>
    </allow>
    <allow>
      <principal>public</principal>
      <permission>read</permission>
    </allow>
  </access>
  <dataset>
    <shortName>knb-lter-bnz.132.18</shortName>
    <title>Soil carbon stabilization along productivity gradients in interior Alaska: Summer 2003</title>
    <creator>
      <individualName>
        <givenName>Evan</givenName>
        <givenName>S.</givenName>
        <surName>Kane</surName>
      </individualName>
      <positionName>Affiliate Scientist</positionName>
      <address>
        <deliveryPoint>Michigan State University
Dept. of Plant Biology</deliveryPoint>
        <city>East Lansing</city>
        <administrativeArea>MI</administrativeArea>
        <postalCode>48824</postalCode>
        <country>United States</country>
      </address>
      <phone phonetype="voice">(907) 474-7471</phone>
      <!--No fax info present in Database  ( pers/fax when lead_contact=1 )-->
      <electronicMailAddress>citezenkane@gmail.com</electronicMailAddress>
      <!--No personal web address info on file-->
    </creator>
    <creator>
      <individualName>
        <givenName>Chien-Lu</givenName>
        <givenName>L.</givenName>
        <surName>Ping</surName>
      </individualName>
      <positionName>Affiliate Scientist</positionName>
      <address>
        <deliveryPoint>Palmer Research Center - University of Alaska Fairbanks Agricultural and Forestry Experiment Station</deliveryPoint>
        <city>Palmer</city>
        <administrativeArea>AK </administrativeArea>
        <postalCode>99645</postalCode>
        <country>United States</country>
      </address>
      <phone phonetype="voice">(907) 746-9462</phone>
      <phone phonetype="fax">(907) 746-2677</phone>
      <electronicMailAddress>cping@alaska.edu</electronicMailAddress>
      <onlineUrl>http://www.uaf.edu/snras/about/departments/high-latitude-agriculture/faculty/ping/</onlineUrl>
    </creator>
    <creator>
      <organizationName>Bonanza Creek LTER</organizationName>
      <address>
        <deliveryPoint>Boreal Ecology Cooperative Research Unit </deliveryPoint>
        <deliveryPoint>University of Alaska Fairbanks</deliveryPoint>
        <deliveryPoint>P.O. Box 756780 </deliveryPoint>
        <city>Fairbanks</city>
        <administrativeArea>AK</administrativeArea>
        <postalCode>99775</postalCode>
        <country>USA</country>
      </address>
      <phone phonetype="voice">907-474-6364</phone>
      <phone phonetype="fax">907-474-6251</phone>
      <electronicMailAddress>uaf-bnz-im-team@alaska.edu</electronicMailAddress>
      <onlineUrl>http://www.lter.uaf.edu</onlineUrl>
    </creator>
    <metadataProvider>
      <organizationName>Bonanza Creek LTER</organizationName>
      <positionName>Data Manager</positionName>
      <address>
        <deliveryPoint>Boreal Ecology Cooperative Research Unit </deliveryPoint>
        <deliveryPoint>University of Alaska Fairbanks</deliveryPoint>
        <deliveryPoint>P.O. Box 756780 </deliveryPoint>
        <city>Fairbanks</city>
        <administrativeArea>AK</administrativeArea>
        <postalCode>99775</postalCode>
        <country>USA</country>
      </address>
      <phone phonetype="voice">907-474-6364</phone>
      <phone phonetype="fax">907-474-6251</phone>
      <electronicMailAddress>uaf-bnz-im-team@alaska.edu</electronicMailAddress>
      <onlineUrl>http://www.lter.uaf.edu</onlineUrl>
    </metadataProvider>
    <associatedParty>
      <individualName>
        <givenName>David</givenName>
        <givenName>W.</givenName>
        <surName>Valentine</surName>
      </individualName>
      <positionName>Professor of Forest Soils</positionName>
      <address>
        <deliveryPoint>Department of Forest Sciences University of Alaska Fairbanks O'Neill Bldg</deliveryPoint>
        <city>Fairbanks</city>
        <administrativeArea>AK </administrativeArea>
        <postalCode>99775-7200</postalCode>
        <country>United States</country>
      </address>
      <phone phonetype="voice">(907) 474-7614</phone>
      <phone phonetype="fax">(907) 474-6184</phone>
      <role>Associated investigator</role>
    </associatedParty>
    <associatedParty>
      <individualName>
        <givenName>F.S.</givenName>
        <givenName>Stuart</givenName>
        <surName>Chapin</surName>
      </individualName>
      <positionName>Professor of Ecology</positionName>
      <address>
        <deliveryPoint>Department of Biology and Wildlife;  Institute of Arctic Biology:  University of Alaska Fairbanks 193 Arctic Health P.O. Box 757000</deliveryPoint>
        <city>Fairbanks</city>
        <administrativeArea>AK </administrativeArea>
        <postalCode>99775</postalCode>
        <country>United States</country>
      </address>
      <phone phonetype="voice">(907) 474-7922</phone>
      <phone phonetype="fax">(907) 474-6967</phone>
      <role>Associated investigator</role>
    </associatedParty>
    <pubDate>2004-10-16</pubDate>
    <abstract>
      <para>Boreal forests in a warmer future climate are likely to exhibit altered productivity levels, tightened fire return intervals, and increased decomposition rates to varying degrees across the landscape. This research focuses on mechanisms of soil C stabilization in P. mariana systems along gradients in stand productivity. Charred material in the soil will be quantified to understand the lasting effect of fire on the stabilization of soil C. The interaction between temperature and productivity in relation to the stabilization of soil C will be investigated by monitoring climate and soil temperatures along the productivity gradients and through laboratory incubations of soil. Research questions are addressed in three main areas of inquiry: 1) how the interaction between stand production and landscape position effect the stabilization of C throughout the soil profile, 2) how the contribution of burn residues to total C accumulation varies across the landscape, and 3) the relationship between aboveground productivity and burn residues across the landscape. The overall goal is to apply an understanding of the biophysical controls on C storage in the boreal forest to the landscape level.</para>
    </abstract>
    <keywordSet>
      <keyword>productivity gradients</keyword>
      <keyword>black spruce</keyword>
      <keyword>Picea mariana</keyword>
      <keyword>climate change</keyword>
      <keyword>thermoclimate</keyword>
      <keyword>soil carbon</keyword>
      <keyword>stabilization</keyword>
      <keyword>decomposition</keyword>
      <keywordThesaurus>Biogeochemistry</keywordThesaurus>
    </keywordSet>
    <intellectualRights>
      <section>
        <title>Access to Data</title>
        <para>While metadata will be freely available to those requesting it, the data manager will assure that any restrictions on access to data sets in the database will be enforced. Data will not be released without proper permission first being obtained from the investigator who generated the data. </para>
      </section>
      <section>
        <title>Use of data</title>
        <para> Researchers should receive adequate acknowledgment for the use of their data by others and should be provided with copies of publications using their data. Users of data from the data base must be aware that data is not to be sold or redistributed.</para>
      </section>
      <section>
        <title>Citing Bonanza Creek LTER Datasets</title>
        <para>It is considered a matter of professional ethics to acknowledge the work of other scientists. Thus, the Data User will properly cite the Data Set in any publications or in the metadata of any derived data products that were produced using the Data Set. </para>
      </section>
    </intellectualRights>
    <distribution id="distributionReference">
      <online>
        <url function="information">http://www.lter.uaf.edu/data_detail.cfm?datafile_pkey=132</url>
      </online>
    </distribution>
    <coverage>
      <geographicCoverage id="geoReference">
        <geographicDescription>Site information unavailable</geographicDescription>
        <boundingCoordinates>
          <westBoundingCoordinate>-148.2742199</westBoundingCoordinate>
          <eastBoundingCoordinate>-142.2897558</eastBoundingCoordinate>
          <northBoundingCoordinate>65.10813965</northBoundingCoordinate>
          <southBoundingCoordinate>63.39671501</southBoundingCoordinate>
        </boundingCoordinates>
      </geographicCoverage>
      <temporalCoverage>
        <rangeOfDates>
          <beginDate>
            <calendarDate>2003-06-01</calendarDate>
          </beginDate>
          <endDate>
            <calendarDate>2003-09-01</calendarDate>
          </endDate>
        </rangeOfDates>
      </temporalCoverage>
    </coverage>
    <maintenance>
      <description>
        <section>
          <title>Status</title>
          <para>Completed</para>
        </section>
      </description>
    </maintenance>
    <contact>
      <positionName>Information Manager</positionName>
      <organizationName>LTER Network Office</organizationName>
      <address>
        <deliveryPoint>UNM Biology Department, MSC03-2020</deliveryPoint>
        <deliveryPoint>1 University of New Mexico</deliveryPoint>
        <city>Albuquerque</city>
        <administrativeArea>NM</administrativeArea>
        <postalCode>87131-0001</postalCode>
        <country>USA</country>
      </address>
      <phone phonetype="voice">505 277-2535</phone>
      <phone phonetype="fax">505 277-2541</phone>
      <electronicMailAddress>tech-support@lternet.edu</electronicMailAddress>
      <onlineUrl>http://www.lternet.edu</onlineUrl>
    </contact>
    <contact>
      <organizationName>Bonanza Creek LTER</organizationName>
      <positionName>Data Manager</positionName>
      <address>
        <deliveryPoint>Boreal Ecology Cooperative Research Unit </deliveryPoint>
        <deliveryPoint>University of Alaska Fairbanks</deliveryPoint>
        <deliveryPoint>P.O. Box 756780 </deliveryPoint>
        <city>Fairbanks</city>
        <administrativeArea>AK</administrativeArea>
        <postalCode>99775</postalCode>
        <country>USA</country>
      </address>
      <phone phonetype="voice">907-474-6364</phone>
      <phone phonetype="fax">907-474-6251</phone>
      <electronicMailAddress>uaf-bnz-im-team@alaska.edu</electronicMailAddress>
      <onlineUrl>http://www.lter.uaf.edu</onlineUrl>
    </contact>
    <publisher>
      <organizationName>Bonanza Creek LTER</organizationName>
      <address>
        <deliveryPoint>Boreal Ecology Cooperative Research Unit </deliveryPoint>
        <deliveryPoint>University of Alaska Fairbanks</deliveryPoint>
        <deliveryPoint>P.O. Box 756780 </deliveryPoint>
        <city>Fairbanks</city>
        <administrativeArea>AK</administrativeArea>
        <postalCode>99775</postalCode>
        <country>USA</country>
      </address>
      <phone phonetype="voice">907-474-6364</phone>
      <phone phonetype="fax">907-474-6251</phone>
    </publisher>
    <pubPlace>Bonanza Creek LTER</pubPlace>
    <methods>
      <methodStep>
        <description>
          <section>
            <title>Experimental Design</title>
            <para>4 productivity gradients. Each gradient is composed of 3 sites (high, medium, and low aboveground production). Each site is composed of 3 plots. Each plot is 20m x 20m.

4 sites were selected from the Growth and Yield program (E.C.Packee).</para>
          </section>
          <section>
            <title>Methods</title>
            <para>Soil description and sampling:
Twelve soil pits (approximately 0.25 m2, to a depth of 5 cm mineral soil) were dug at each site to accurately describe horizon and char-layer depths, and to collect soil charcoal samples (for 14C dating). Three soil cores (5.08 cm diameter) were obtained near the best face at each soil pit. Genetic horizons were separated in the field and bulked at each pit. Mineral soils have been dried, sieved, and analyzed for bulk density and C and N content. Subsamples have been taken for incubation experiments this winter. Organic horizon samples will similarly be analyzed this winter.
Data collection and preparation:
Stand level information (tree diameters, stand density, and tree heights) has been collected at each site. Six litter traps (0.25 m2) were randomly distributed at every site except those in the Kenai peninsula by mid July. Litter was collected in Oct. for d13C quantification this winter. Litter inputs to the soil will be measured for the next two years. Root-exclusion (mini-trench) ollars were inserted 30 cm into the soil at 10 random points within each high- and low-productivity site. These will be harvested in two years to assess the net effect of root inputs to soil carbon stocks. Soil and air temperatures (by genetic horizon and at 1 m above the soil surface, respectively) are being continuously monitored with portable data loggers (HOBO H8) installed at each site. Twelve cellulose decomposition assays (filter paper) have been installed in organic (6) and mineral (6) soils at each site. Harvests of Organic and mineral soil assays will occur in one and two years, respectively.</para>
          </section>
        </description>
      </methodStep>
      <sampling>
        <studyExtent>
          <coverage>
            <geographicCoverage>
              <references>geoReference</references>
            </geographicCoverage>
            <temporalCoverage>
              <rangeOfDates>
                <beginDate>
                  <calendarDate>2003-06-01</calendarDate>
                </beginDate>
                <endDate>
                  <calendarDate>2003-09-01</calendarDate>
                </endDate>
              </rangeOfDates>
            </temporalCoverage>
          </coverage>
        </studyExtent>
        <samplingDescription>
          <section>
            <title>Sampling Frequency</title>
            <para>Once</para>
          </section>
        </samplingDescription>
      </sampling>
    </methods>
    <dataTable>
      <entityName>190_2031_all_soil_profile_depths+carbon+BD.txt</entityName>
      <entityDescription>Twelve soil pits (approximately 0.6 m2, to a depth of 5 cm into the B horizon) were dug at each site. Genetic horizons were delineated in the field into the Oi, Oe+Oa, A and B horizons (following Schoenberger et al. 2002). Three soil cores (5.08 cm diameter) were obtained from the best face of each descriptive pit and were parsed and bulked by horizon in the field. Roots (&gt; 2 mm diameter) were removed from organic soils by hand, and mineral soils were passed through a 2 mm sieve. Soils were dried, ground in a ball mill, and analyzed for SOC content on a LECO 2000 CNS analyzer (LECO Co., St. Joseph, Michigan) (n = 12).</entityDescription>
      <physical>
        <objectName>190_2031_all_soil_profile_depths+carbon+BD.txt</objectName>
        <dataFormat>
          <textFormat>
            <numHeaderLines>1</numHeaderLines>
            <recordDelimiter>\n</recordDelimiter>
            <physicalLineDelimiter>\n</physicalLineDelimiter>
            <attributeOrientation>column</attributeOrientation>
            <simpleDelimited>
              <fieldDelimiter>,</fieldDelimiter>
            </simpleDelimited>
          </textFormat>
        </dataFormat>
        <distribution>
          <online>
            <url function="download">https://pasta.lternet.edu/package/data/eml/knb-lter-bnz/132/18/e9bb75742dedc686e224c41ea6e33ad8</url>
          </online>
        </distribution>
      </physical>
      <attributeList>
        <attribute>
          <attributeName>site</attributeName>
          <attributeLabel>site</attributeLabel>
          <attributeDefinition>Site identification</attributeDefinition>
          <storageType>string</storageType>
          <measurementScale>
            <nominal>
              <nonNumericDomain>
                <textDomain>
                  <definition>Site identification</definition>
                </textDomain>
              </nonNumericDomain>
            </nominal>
          </measurementScale>
          <!--No missing value/character in database (datafilevarible/errorcode)-->
        </attribute>
        <attribute>
          <attributeName>productivity_level</attributeName>
          <attributeLabel>productivity_level</attributeLabel>
          <attributeDefinition>productivity level</attributeDefinition>
          <storageType>string</storageType>
          <measurementScale>
            <nominal>
              <nonNumericDomain>
                <enumeratedDomain>
                  <codeDefinition>
                    <code>H</code>
                    <definition>high</definition>
                  </codeDefinition>
                  <codeDefinition>
                    <code> M</code>
                    <definition>medium</definition>
                  </codeDefinition>
                  <codeDefinition>
                    <code> L</code>
                    <definition>low aboveground production</definition>
                  </codeDefinition>
                </enumeratedDomain>
              </nonNumericDomain>
            </nominal>
          </measurementScale>
          <!--No missing value/character in database (datafilevarible/errorcode)-->
        </attribute>
        <attribute>
          <attributeName>replicate</attributeName>
          <attributeLabel>replicate</attributeLabel>
          <attributeDefinition>sample replication </attributeDefinition>
          <storageType>integer</storageType>
          <measurementScale>
            <nominal>
              <nonNumericDomain>
                <textDomain>
                  <definition>sample replication </definition>
                </textDomain>
              </nonNumericDomain>
            </nominal>
          </measurementScale>
          <!--No missing value/character in database (datafilevarible/errorcode)-->
        </attribute>
        <attribute>
          <attributeName>pit</attributeName>
          <attributeLabel>pit</attributeLabel>
          <attributeDefinition>pit identification number</attributeDefinition>
          <storageType>integer</storageType>
          <measurementScale>
            <nominal>
              <nonNumericDomain>
                <textDomain>
                  <definition>pit identification number</definition>
                </textDomain>
              </nonNumericDomain>
            </nominal>
          </measurementScale>
          <!--No missing value/character in database (datafilevarible/errorcode)-->
        </attribute>
        <attribute>
          <attributeName>Oi_depth</attributeName>
          <attributeLabel>Oi_depth</attributeLabel>
          <attributeDefinition>Depth of organic fibric horizon</attributeDefinition>
          <storageType>integer</storageType>
          <measurementScale>
            <ratio>
              <unit>
                <standardUnit>centimeter</standardUnit>
              </unit>
              <numericDomain>
                <numberType>real</numberType>
                <!--No minimum value recorded in database (datafilevaribles/minvalid)-->
              </numericDomain>
            </ratio>
          </measurementScale>
          <!--No missing value/character in database (datafilevarible/errorcode)-->
        </attribute>
        <attribute>
          <attributeName>Oe+Oa_depth</attributeName>
          <attributeLabel>Oe+Oa_depth</attributeLabel>
          <attributeDefinition>Depth of organic humic and organic sapric horizon</attributeDefinition>
          <storageType>integer</storageType>
          <measurementScale>
            <ratio>
              <unit>
                <standardUnit>centimeter</standardUnit>
              </unit>
              <numericDomain>
                <numberType>real</numberType>
                <!--No minimum value recorded in database (datafilevaribles/minvalid)-->
              </numericDomain>
            </ratio>
          </measurementScale>
          <!--No missing value/character in database (datafilevarible/errorcode)-->
        </attribute>
        <attribute>
          <attributeName>A_depth</attributeName>
          <attributeLabel>A_depth</attributeLabel>
          <attributeDefinition>Depth of mineral soil horizon</attributeDefinition>
          <storageType>integer</storageType>
          <measurementScale>
            <ratio>
              <unit>
                <standardUnit>centimeter</standardUnit>
              </unit>
              <numericDomain>
                <numberType>real</numberType>
                <!--No minimum value recorded in database (datafilevaribles/minvalid)-->
              </numericDomain>
            </ratio>
          </measurementScale>
          <!--No missing value/character in database (datafilevarible/errorcode)-->
        </attribute>
        <attribute>
          <attributeName>B1_depth</attributeName>
          <attributeLabel>B1_depth</attributeLabel>
          <attributeDefinition>Depth of subsoil horizon</attributeDefinition>
          <storageType>integer</storageType>
          <measurementScale>
            <ratio>
              <unit>
                <standardUnit>centimeter</standardUnit>
              </unit>
              <numericDomain>
                <numberType>real</numberType>
                <!--No minimum value recorded in database (datafilevaribles/minvalid)-->
              </numericDomain>
            </ratio>
          </measurementScale>
          <!--No missing value/character in database (datafilevarible/errorcode)-->
        </attribute>
        <attribute>
          <attributeName>Oi_%C</attributeName>
          <attributeLabel>Oi_%C</attributeLabel>
          <attributeDefinition>Percent carbon in organic fibric soil</attributeDefinition>
          <storageType>float</storageType>
          <measurementScale>
            <ratio>
              <unit>
                <customUnit>percent</customUnit>
              </unit>
              <numericDomain>
                <numberType>real</numberType>
                <bounds>
                  <minimum exclusive="false">1.000</minimum>
                  <maximum exclusive="false">100.000</maximum>
                </bounds>
              </numericDomain>
            </ratio>
          </measurementScale>
          <missingValueCode>
            <code>nd</code>
            <codeExplanation>Missing Value</codeExplanation>
          </missingValueCode>
        </attribute>
        <attribute>
          <attributeName>Oe+Oa_%C</attributeName>
          <attributeLabel>Oe+Oa_%C</attributeLabel>
          <attributeDefinition>Percent carbon in organic humic and organic sapric soil</attributeDefinition>
          <storageType>float</storageType>
          <measurementScale>
            <ratio>
              <unit>
                <customUnit>percent</customUnit>
              </unit>
              <numericDomain>
                <numberType>real</numberType>
                <bounds>
                  <minimum exclusive="false">1.000</minimum>
                  <maximum exclusive="false">100.000</maximum>
                </bounds>
              </numericDomain>
            </ratio>
          </measurementScale>
          <missingValueCode>
            <code>nd</code>
            <codeExplanation>Missing Value</codeExplanation>
          </missingValueCode>
        </attribute>
        <attribute>
          <attributeName>A_%C</attributeName>
          <attributeLabel>A_%C</attributeLabel>
          <attributeDefinition>Percent carbon in mineral soil</attributeDefinition>
          <storageType>float</storageType>
          <measurementScale>
            <ratio>
              <unit>
                <customUnit>percent</customUnit>
              </unit>
              <numericDomain>
                <numberType>real</numberType>
                <bounds>
                  <minimum exclusive="false">1.000</minimum>
                  <maximum exclusive="false">100.000</maximum>
                </bounds>
              </numericDomain>
            </ratio>
          </measurementScale>
          <missingValueCode>
            <code>nd</code>
            <codeExplanation>Missing Value</codeExplanation>
          </missingValueCode>
        </attribute>
        <attribute>
          <attributeName>B1_%C</attributeName>
          <attributeLabel>B1_%C</attributeLabel>
          <attributeDefinition>Percent carbon in subsoil</attributeDefinition>
          <storageType>float</storageType>
          <measurementScale>
            <ratio>
              <unit>
                <customUnit>percent</customUnit>
              </unit>
              <numericDomain>
                <numberType>real</numberType>
                <bounds>
                  <minimum exclusive="false">1.000</minimum>
                  <maximum exclusive="false">100.000</maximum>
                </bounds>
              </numericDomain>
            </ratio>
          </measurementScale>
          <missingValueCode>
            <code>nd</code>
            <codeExplanation>Missing Value</codeExplanation>
          </missingValueCode>
        </attribute>
        <attribute>
          <attributeName>Oi_BD</attributeName>
          <attributeLabel>Oi_BD</attributeLabel>
          <attributeDefinition>Bulk Density of organic fibric soil</attributeDefinition>
          <storageType>float</storageType>
          <measurementScale>
            <ratio>
              <unit>
                <customUnit>m/V</customUnit>
              </unit>
              <numericDomain>
                <numberType>real</numberType>
                <!--No minimum value recorded in database (datafilevaribles/minvalid)-->
              </numericDomain>
            </ratio>
          </measurementScale>
          <missingValueCode>
            <code>nd</code>
            <codeExplanation>Missing Value</codeExplanation>
          </missingValueCode>
        </attribute>
        <attribute>
          <attributeName>Oe+Oa_BD</attributeName>
          <attributeLabel>Oe+Oa_BD</attributeLabel>
          <attributeDefinition>Bulk Density of organic humic and organic sapric soil</attributeDefinition>
          <storageType>float</storageType>
          <measurementScale>
            <ratio>
              <unit>
                <customUnit>m/V</customUnit>
              </unit>
              <numericDomain>
                <numberType>real</numberType>
                <!--No minimum value recorded in database (datafilevaribles/minvalid)-->
              </numericDomain>
            </ratio>
          </measurementScale>
          <missingValueCode>
            <code>nd</code>
            <codeExplanation>Missing Value</codeExplanation>
          </missingValueCode>
        </attribute>
        <attribute>
          <attributeName>A_BD</attributeName>
          <attributeLabel>A_BD</attributeLabel>
          <attributeDefinition>Bulk Denisty of mineral soil</attributeDefinition>
          <storageType>float</storageType>
          <measurementScale>
            <ratio>
              <unit>
                <customUnit>m/V</customUnit>
              </unit>
              <numericDomain>
                <numberType>real</numberType>
                <!--No minimum value recorded in database (datafilevaribles/minvalid)-->
              </numericDomain>
            </ratio>
          </measurementScale>
          <missingValueCode>
            <code>nd</code>
            <codeExplanation>Missing Value</codeExplanation>
          </missingValueCode>
        </attribute>
        <attribute>
          <attributeName>B1_BD</attributeName>
          <attributeLabel>B1_BD</attributeLabel>
          <attributeDefinition>Bulk density of subsoil</attributeDefinition>
          <storageType>float</storageType>
          <measurementScale>
            <ratio>
              <unit>
                <customUnit>m/V</customUnit>
              </unit>
              <numericDomain>
                <numberType>real</numberType>
                <!--No minimum value recorded in database (datafilevaribles/minvalid)-->
              </numericDomain>
            </ratio>
          </measurementScale>
          <missingValueCode>
            <code>nd</code>
            <codeExplanation>Missing Value</codeExplanation>
          </missingValueCode>
        </attribute>
      </attributeList>
    </dataTable>
    <otherEntity id="190_1608_sitesummarydata.txt">
      <entityName>190_1608_sitesummarydata.txt</entityName>
      <entityDescription>File contains site mean biophysical data (stand and landscape positional data). GPS coordinates (Nad 27, UTM zone 6) are also given.</entityDescription>
      <physical>
        <objectName>190_1608_sitesummarydata.txt</objectName>
        <dataFormat>
          <externallyDefinedFormat>
            <formatName>txt file</formatName>
          </externallyDefinedFormat>
        </dataFormat>
        <distribution>
          <online>
            <url function="download">https://pasta.lternet.edu/package/data/eml/knb-lter-bnz/132/18/fc7153b558a9fa8d1f02ff61f8231fde</url>
          </online>
        </distribution>
      </physical>
      <entityType>txt file</entityType>
    </otherEntity>
  </dataset>
  <additionalMetadata>
    <metadata>
      <unitList>
        <unit id="m/V"/>
        <unit id="percent"/>
      </unitList>
    </metadata>
  </additionalMetadata>
</eml:eml>
