<?xml version="1.0" encoding="UTF-8"?>
<eml:eml packageId="knb-lter-bnz.144.17" scope="system"
  system="https://pasta.lternet.edu"
  xmlns:ds="eml://ecoinformatics.org/dataset-2.1.0"
  xmlns:eml="eml://ecoinformatics.org/eml-2.1.1"
  xmlns:stmml="http://www.xml-cml.org/schema/stmml-1.1"
  xmlns:xsi="http://www.w3.org/2001/XMLSchema-instance" xsi:schemaLocation="eml://ecoinformatics.org/eml-2.1.0&#xa;&#x9;&#x9;&#x9;&#x9;http://nis.lternet.edu/schemas/EML/eml-2.1.0/eml.xsd">
  <access authSystem="https://pasta.lternet.edu/authentication"
    order="allowFirst" scope="document" system="https://pasta.lternet.edu">
    <allow>
      <principal>uid=BNZ,o=lter,dc=ecoinformatics,dc=org</principal>
      <permission>all</permission>
    </allow>
    <allow>
      <principal>public</principal>
      <permission>read</permission>
    </allow>
  </access>
  <dataset>
    <shortName>knb-lter-bnz.144.17</shortName>
    <title>Effects of mammalian browsing on fine root processes and production in the floodplains of BCEF </title>
    <creator>
      <individualName>
        <givenName>Roger</givenName>
        <givenName>W.</givenName>
        <surName>Ruess</surName>
      </individualName>
      <positionName>Senior Investigator</positionName>
      <address>
        <deliveryPoint>Institute of Arctic Biology  University of Alaska Fairbanks P.O. Box 757000</deliveryPoint>
        <city>Fairbanks</city>
        <administrativeArea>AK </administrativeArea>
        <postalCode>99775-0180</postalCode>
        <country>United States</country>
      </address>
      <phone phonetype="voice">(907) 474-7153</phone>
      <phone phonetype="fax">(907) 474-6967</phone>
      <electronicMailAddress>rwruess@alaska.edu</electronicMailAddress>
      <onlineUrl>http://www.iab.uaf.edu/~roger_ruess/</onlineUrl>
    </creator>
    <metadataProvider>
      <organizationName>Bonanza Creek LTER</organizationName>
      <positionName>Data Manager</positionName>
      <address>
        <deliveryPoint>Boreal Ecology Cooperative Research Unit </deliveryPoint>
        <deliveryPoint>University of Alaska Fairbanks</deliveryPoint>
        <deliveryPoint>P.O. Box 756780 </deliveryPoint>
        <city>Fairbanks</city>
        <administrativeArea>AK</administrativeArea>
        <postalCode>99775</postalCode>
        <country>USA</country>
      </address>
      <phone phonetype="voice">907-474-6364</phone>
      <phone phonetype="fax">907-474-6251</phone>
      <electronicMailAddress>uaf-bnz-im-team@alaska.edu</electronicMailAddress>
      <onlineUrl>http://www.lter.uaf.edu</onlineUrl>
    </metadataProvider>
    <associatedParty>
      <individualName>
        <givenName>Knut</givenName>
        <surName>Kielland</surName>
      </individualName>
      <positionName>Associate Professor of Ecology</positionName>
      <address>
        <deliveryPoint>Institute of Arctic Biology  University of Alaska Fairbanks P.O. Box 757000</deliveryPoint>
        <city>Fairbanks</city>
        <administrativeArea>AK </administrativeArea>
        <postalCode>99775</postalCode>
        <country>United States</country>
      </address>
      <phone phonetype="voice">(907) 474-7164</phone>
      <phone phonetype="fax">(907) 474-6967</phone>
      <role>Associated investigator</role>
    </associatedParty>
    <pubDate>1994-09-10</pubDate>
    <abstract>
      <para>The effects of browsing by moose and snowshoe hares on fine root production, mortality and decomposition in early successional forest ecosystems along the Tanana River floodplain in interior Alaska were studied over a 3 year period using minirhizotrons placed inside and outside large permanent exclosures. Fine root production and mortality varied seasonally, with greatest rates of production occurring during June each year, and greatest rates of mortality occurring in fall and over winter. Annual production and mortality during 1993, a year of unusually low precipitation, were significantly higher than during either 1992 or 1994. Aboveground herbivory significantly reduced monthly rates of fine root production, and on an annual basis, fine root production of browsed plots (311.4 ¦ 31.7 mm tube-1 yr-1) was significantly less than that of unbrowsed plots (453.8 ¦ 49.8 mm tube-1 yr-1) when averaged over 3 years. Because herbivory had less of an effect on monthly or annual rates of fine root mortality, fine root turnover was higher for browsed stands. Browsed plants had a higher percentage of annual production in surface soil layers. Production on all plots shifted to deeper soil layers as the growing season progressed; this shift occurred deeper in the profile for unbrowsed plants than for browsed plants. We used a parameter estimation program (Program MARK) to generate fine root survival and decomposition estimates from models testing the direct and interactive effects of time period, cohort, i.e., when the root first appeared, age of the root, browsing, and site on fine root longevity and decomposability. Cohort effects showed that survival of fine roots was greatest for roots that first appeared in May, and progressively declined for roots first appearing during subsequent time periods, while aged-based estimates showed a rapid decline in survival over the interval following first appearance. Survival and decomposition estimates were inversely correlated within a growing season, with the lowest survival but highest decomposition occurring over winter. Two-factor models indicated that time-dependent survival and decomposition rates of fine roots differed significantly between browsed and unbrowsed stands, among the 10 fine-root age-groups, and the 3 study sites. Browsing significantly reduced fine root survival, but this effect varied among sites. Contrary to our predictions, fine root decomposition rates were consistently lower (-21%) in browsed stands. Two important features distinguish fine root dynamics in our stands from temperate and more southerly boreal ecosystems: (1) low over-winter survival of fine roots, and (2) a substantial time lag between leaf out and maximum fine root growth, suggesting greater reliance on aboveground stores for spring regrowth. Herbivores appear to play an important role in linking these two events, first by exacerbating over-winter mortality and secondly by consuming a substantial amount of aboveground stores. Thus, not only do herbivores have pronounced direct effects on carbon and nutrient cycling processes, but climatically driven effects on fine root processes may be linked with herbivory in complex ways that define fundamental latitudinal patterns in plant growth and allocation to defense against herbivory.</para>
    </abstract>
    <keywordSet>
      <keyword>fine roots</keyword>
      <keyword>production</keyword>
      <keyword>longevity</keyword>
      <keyword>turnover</keyword>
      <keyword>nitrogen cycling</keyword>
      <keyword>herbivory</keyword>
      <keyword>browsing</keyword>
      <keyword>Alaska</keyword>
      <keywordThesaurus>Disturbance</keywordThesaurus>
    </keywordSet>
    <intellectualRights>
      <section>
        <title>Access to Data</title>
        <para>While metadata will be freely available to those requesting it, the data manager will assure that any restrictions on access to data sets in the database will be enforced. Data will not be released without proper permission first being obtained from the investigator who generated the data. </para>
      </section>
      <section>
        <title>Use of data</title>
        <para> Researchers should receive adequate acknowledgment for the use of their data by others and should be provided with copies of publications using their data. Users of data from the data base must be aware that data is not to be sold or redistributed.</para>
      </section>
      <section>
        <title>Citing Bonanza Creek LTER Datasets</title>
        <para>It is considered a matter of professional ethics to acknowledge the work of other scientists. Thus, the Data User will properly cite the Data Set in any publications or in the metadata of any derived data products that were produced using the Data Set. </para>
      </section>
    </intellectualRights>
    <distribution id="distributionReference">
      <online>
        <url function="information">http://www.lter.uaf.edu/data_detail.cfm?datafile_pkey=144</url>
      </online>
    </distribution>
    <coverage>
      <geographicCoverage id="geoReference">
        <geographicDescription>Site information unavailable</geographicDescription>
        <boundingCoordinates>
          <westBoundingCoordinate>-148.2701852</westBoundingCoordinate>
          <eastBoundingCoordinate>-148.1435205</eastBoundingCoordinate>
          <northBoundingCoordinate>64.73028888</northBoundingCoordinate>
          <southBoundingCoordinate>64.68584608</southBoundingCoordinate>
        </boundingCoordinates>
      </geographicCoverage>
      <temporalCoverage>
        <rangeOfDates>
          <beginDate>
            <calendarDate>1992-06-01</calendarDate>
          </beginDate>
          <endDate>
            <calendarDate>1994-09-10</calendarDate>
          </endDate>
        </rangeOfDates>
      </temporalCoverage>
    </coverage>
    <maintenance>
      <description>
        <section>
          <title>Status</title>
          <para>Completed</para>
        </section>
      </description>
    </maintenance>
    <contact>
      <positionName>Information Manager</positionName>
      <organizationName>LTER Network Office</organizationName>
      <address>
        <deliveryPoint>UNM Biology Department, MSC03-2020</deliveryPoint>
        <deliveryPoint>1 University of New Mexico</deliveryPoint>
        <city>Albuquerque</city>
        <administrativeArea>NM</administrativeArea>
        <postalCode>87131-0001</postalCode>
        <country>USA</country>
      </address>
      <phone phonetype="voice">505 277-2535</phone>
      <phone phonetype="fax">505 277-2541</phone>
      <electronicMailAddress>tech-support@lternet.edu</electronicMailAddress>
      <onlineUrl>http://www.lternet.edu</onlineUrl>
    </contact>
    <contact>
      <organizationName>Bonanza Creek LTER</organizationName>
      <positionName>Data Manager</positionName>
      <address>
        <deliveryPoint>Boreal Ecology Cooperative Research Unit </deliveryPoint>
        <deliveryPoint>University of Alaska Fairbanks</deliveryPoint>
        <deliveryPoint>P.O. Box 756780 </deliveryPoint>
        <city>Fairbanks</city>
        <administrativeArea>AK</administrativeArea>
        <postalCode>99775</postalCode>
        <country>USA</country>
      </address>
      <phone phonetype="voice">907-474-6364</phone>
      <phone phonetype="fax">907-474-6251</phone>
      <electronicMailAddress>uaf-bnz-im-team@alaska.edu</electronicMailAddress>
      <onlineUrl>http://www.lter.uaf.edu</onlineUrl>
    </contact>
    <publisher>
      <organizationName>Bonanza Creek LTER</organizationName>
      <address>
        <deliveryPoint>Boreal Ecology Cooperative Research Unit </deliveryPoint>
        <deliveryPoint>University of Alaska Fairbanks</deliveryPoint>
        <deliveryPoint>P.O. Box 756780 </deliveryPoint>
        <city>Fairbanks</city>
        <administrativeArea>AK</administrativeArea>
        <postalCode>99775</postalCode>
        <country>USA</country>
      </address>
      <phone phonetype="voice">907-474-6364</phone>
      <phone phonetype="fax">907-474-6251</phone>
    </publisher>
    <pubPlace>Bonanza Creek LTER</pubPlace>
    <methods>
      <methodStep>
        <description>
          <section>
            <title>Experimental Design</title>
            <para>One large exclosure (30 m X 50 m), paired with an unexclosed plot of the same size, was established at each site in 1987, at which time the vegetation was approximately 10 years old. Each exclosure consists of high tensil strength wire secured to wooden posts extending 5 m above the ground surface and covered with 5 cm mesh chicken wire. While the 3 sites represent replicates within the context of BNZ LTER experimental design (see the BNZ LTER website), there are differences among stands in soil water availability and the intensity of browsing. Five clear butyrate plastic minirhizotron tubes (2 m in length, 5 cm ID), each etched with 120, 1.4 X 1.4 cm frames along the length of the tube, were installed at a 40º angle to the soil surface, inside and outside the exclosure at each site at the end of August 1991.</para>
          </section>
          <section>
            <title>Methods</title>
            <para>We studied the effects of mammalian browsing on fine root processes at 5 sites situated along a 10 km stretch of the Tanana River, approximately 30 km south of Fairbanks. Floodplain forest succession develops rapidly following alluvial bar formation (Van Cleve et al. 1991; Viereck et al. 1993a), and browsing is concentrated within young (10-20 yr), open willow stands where up to 100% of the current annual shoots can be browsed during the subsequent winter by moose and snowshoe hares (McAvinchey 1991; Kielland et al. 1997). Our study sites constituted a subset of a larger network of replicated sites established by the Bonanza Creek Long-Term Ecological Research Program (BNZ LTER) to study the effects of browsing by moose and snowshoe hares on community and ecosystem processes. Vegetation at the 5 sites is dominated by four willow species (Salix alaxensis, S. interior, S. novae-angliae, and S. brachicharpa), which contribute &gt; 80% of the stem density at the sites (Table 1). Subdominant woody species include Alnus tenuifolia, Populus balsamifera, and Picea glauca. Soils are in the Goldstream series and are classified as Histic Pergelic Cryaquepts (Van Cleve et al. 1993). Designations used here for our 3 study sites (A1,A2, A3, B, and C) are abbreviations of official BNZ LTER site locations. More detailed characterizations of soil processes, vegetation, and climate in these early successional forests have been described elsewhere and are available on the BNZ LTER website (Van Cleve et al. 1993; Viereck et al. 1993a,b; http://www.lter.alaska.edu). Fine root production and mortality were measured using a minirhizotron system (Hendrick and Pregitzer 1992). Five clear butyrate plastic minirhizotron tubes (2 m in length, 5 cm ID), each etched with 120, 1.4 X 1.4 cm frames along the length of the tube, were installed at a 40º angle to the soil surface, inside and outside the exclosure at each site at the end of August 1991. To drill a smooth hole for the minirhizotron tube without compacting the soil, we used a gasoline powered auger that spun within a drilling tube equipped with a reverse tapered cutting bit the same diameter as the minirhizotron tube. The drilling unit slid within a stationary frame at a preset angle to the soil surface. Approximately 15 cm of tube extended above the soil surface, which was painted black, then white to prevent light penetration and heat build up inside the tubes. Tubes were capped except during measurement periods. The pattern of tube installation, an array positioned perpendicular to the Tanana River, was identical for all plots. Beginning the following summer (June 1992), monthly images of roots were taken throughout the growing season using a color microvideo camera (Bartz Technology, Santa Barbara, CA) and stored on SVHS video tape. Because study sites were accessed by boat, we began imaging tubes only after river break-up in late May, approximately 2 to 3 weeks following leaf-out. Images were digitized using the ROOTS program (Michigan State University) as described by Hendrick and Pregitzer (1992). The program allows for the identification and tracking of individual roots over time by storing the length and diameter tracings of each root from each time period to a data-base file. The raw data files outputted from the ROOTS are found here. We then used a dBASE program that we wrote (ROOTSPROD) to independently calculate production and mortality based on the extension growth and/or death of new and preexisting roots for each minirhizotron tube for each of 5 depths (0-20 cm, 20-40 cm, 40-60 cm, 60-80 cm, and 80-100 cm). This program is described in more detail, and can be downloaded from the BNZ LTER website.</para>
          </section>
        </description>
      </methodStep>
      <sampling>
        <studyExtent>
          <coverage>
            <geographicCoverage>
              <references>geoReference</references>
            </geographicCoverage>
            <temporalCoverage>
              <rangeOfDates>
                <beginDate>
                  <calendarDate>1992-06-01</calendarDate>
                </beginDate>
                <endDate>
                  <calendarDate>1994-09-10</calendarDate>
                </endDate>
              </rangeOfDates>
            </temporalCoverage>
          </coverage>
        </studyExtent>
        <samplingDescription>
          <section>
            <title>Sampling Frequency</title>
            <para>Monthly during growing season</para>
          </section>
        </samplingDescription>
      </sampling>
    </methods>
    <dataTable>
      <entityName>prod_allsites_inout.txt</entityName>
      <entityDescription>Data for fine root measurements in response to browsing.</entityDescription>
      <physical>
        <objectName>prod_allsites_inout.txt</objectName>
        <dataFormat>
          <textFormat>
            <numHeaderLines>1</numHeaderLines>
            <recordDelimiter>\n</recordDelimiter>
            <physicalLineDelimiter>\n</physicalLineDelimiter>
            <attributeOrientation>column</attributeOrientation>
            <simpleDelimited>
              <fieldDelimiter>\t</fieldDelimiter>
            </simpleDelimited>
          </textFormat>
        </dataFormat>
        <distribution>
          <online>
            <url function="download">https://pasta.lternet.edu/package/data/eml/knb-lter-bnz/144/17/dc4f9c89ebb64ce60466ce730919f245</url>
          </online>
        </distribution>
      </physical>
      <attributeList>
        <attribute>
          <attributeName>Site</attributeName>
          <attributeLabel>Site</attributeLabel>
          <attributeDefinition>Site ID</attributeDefinition>
          <storageType>string</storageType>
          <measurementScale>
            <nominal>
              <nonNumericDomain>
                <textDomain>
                  <definition>Site ID</definition>
                </textDomain>
              </nonNumericDomain>
            </nominal>
          </measurementScale>
          <!--No missing value/character in database (datafilevarible/errorcode)-->
        </attribute>
        <attribute>
          <attributeName>Treatment</attributeName>
          <attributeLabel>Treatment</attributeLabel>
          <attributeDefinition>Treatment type</attributeDefinition>
          <storageType>string</storageType>
          <measurementScale>
            <nominal>
              <nonNumericDomain>
                <enumeratedDomain>
                  <codeDefinition>
                    <code>I</code>
                    <definition>inside exclosure</definition>
                  </codeDefinition>
                  <codeDefinition>
                    <code> O</code>
                    <definition>outside exclosure</definition>
                  </codeDefinition>
                </enumeratedDomain>
              </nonNumericDomain>
            </nominal>
          </measurementScale>
          <!--No missing value/character in database (datafilevarible/errorcode)-->
        </attribute>
        <attribute>
          <attributeName>Tube number</attributeName>
          <attributeLabel>Tube number</attributeLabel>
          <attributeDefinition>Tube Number</attributeDefinition>
          <storageType>integer</storageType>
          <measurementScale>
            <nominal>
              <nonNumericDomain>
                <textDomain>
                  <definition>Tube Number</definition>
                </textDomain>
              </nonNumericDomain>
            </nominal>
          </measurementScale>
          <!--No missing value/character in database (datafilevarible/errorcode)-->
        </attribute>
        <attribute>
          <attributeName>Time Interval
Time Interval</attributeName>
          <attributeLabel>Time Interval
Time Interval</attributeLabel>
          <attributeDefinition>Time Interval
Time Interval</attributeDefinition>
          <storageType>integer</storageType>
          <measurementScale>
            <nominal>
              <nonNumericDomain>
                <textDomain>
                  <definition>Time Interval
Time Interval</definition>
                </textDomain>
              </nonNumericDomain>
            </nominal>
          </measurementScale>
          <!--No missing value/character in database (datafilevarible/errorcode)-->
        </attribute>
        <attribute>
          <attributeName>Depth</attributeName>
          <attributeLabel>Depth</attributeLabel>
          <attributeDefinition>Depth</attributeDefinition>
          <storageType>integer</storageType>
          <measurementScale>
            <ratio>
              <unit>
                <standardUnit>centimeter</standardUnit>
              </unit>
              <numericDomain>
                <numberType>real</numberType>
                <!--No minimum value recorded in database (datafilevaribles/minvalid)-->
              </numericDomain>
            </ratio>
          </measurementScale>
          <!--No missing value/character in database (datafilevarible/errorcode)-->
        </attribute>
        <attribute>
          <attributeName>Live extension growth</attributeName>
          <attributeLabel>Live extension growth</attributeLabel>
          <attributeDefinition>Live extension growth</attributeDefinition>
          <storageType>float</storageType>
          <measurementScale>
            <ratio>
              <unit>
                <standardUnit>millimeter</standardUnit>
              </unit>
              <numericDomain>
                <numberType>real</numberType>
                <!--No minimum value recorded in database (datafilevaribles/minvalid)-->
              </numericDomain>
            </ratio>
          </measurementScale>
          <missingValueCode>
            <code>.</code>
            <codeExplanation>Missing Value</codeExplanation>
          </missingValueCode>
        </attribute>
        <attribute>
          <attributeName>Dead extension growth</attributeName>
          <attributeLabel>Dead extension growth</attributeLabel>
          <attributeDefinition>Dead extension growth</attributeDefinition>
          <storageType>float</storageType>
          <measurementScale>
            <ratio>
              <unit>
                <standardUnit>millimeter</standardUnit>
              </unit>
              <numericDomain>
                <numberType>real</numberType>
                <!--No minimum value recorded in database (datafilevaribles/minvalid)-->
              </numericDomain>
            </ratio>
          </measurementScale>
          <missingValueCode>
            <code>.</code>
            <codeExplanation>Missing Value</codeExplanation>
          </missingValueCode>
        </attribute>
        <attribute>
          <attributeName>Total extension growth</attributeName>
          <attributeLabel>Total extension growth</attributeLabel>
          <attributeDefinition>Total extension growth</attributeDefinition>
          <storageType>float</storageType>
          <measurementScale>
            <ratio>
              <unit>
                <standardUnit>millimeter</standardUnit>
              </unit>
              <numericDomain>
                <numberType>real</numberType>
                <!--No minimum value recorded in database (datafilevaribles/minvalid)-->
              </numericDomain>
            </ratio>
          </measurementScale>
          <missingValueCode>
            <code>.</code>
            <codeExplanation>Missing Value</codeExplanation>
          </missingValueCode>
        </attribute>
        <attribute>
          <attributeName>New Production</attributeName>
          <attributeLabel>New Production</attributeLabel>
          <attributeDefinition>New Production</attributeDefinition>
          <storageType>float</storageType>
          <measurementScale>
            <ratio>
              <unit>
                <standardUnit>millimeter</standardUnit>
              </unit>
              <numericDomain>
                <numberType>real</numberType>
                <!--No minimum value recorded in database (datafilevaribles/minvalid)-->
              </numericDomain>
            </ratio>
          </measurementScale>
          <missingValueCode>
            <code>.</code>
            <codeExplanation>Missing Value</codeExplanation>
          </missingValueCode>
        </attribute>
        <attribute>
          <attributeName>Total Production</attributeName>
          <attributeLabel>Total Production</attributeLabel>
          <attributeDefinition>Total Production</attributeDefinition>
          <storageType>float</storageType>
          <measurementScale>
            <ratio>
              <unit>
                <standardUnit>millimeter</standardUnit>
              </unit>
              <numericDomain>
                <numberType>real</numberType>
                <!--No minimum value recorded in database (datafilevaribles/minvalid)-->
              </numericDomain>
            </ratio>
          </measurementScale>
          <missingValueCode>
            <code>.</code>
            <codeExplanation>Missing Value</codeExplanation>
          </missingValueCode>
        </attribute>
        <attribute>
          <attributeName>New Mortality</attributeName>
          <attributeLabel>New Mortality</attributeLabel>
          <attributeDefinition>New Mortality</attributeDefinition>
          <storageType>float</storageType>
          <measurementScale>
            <ratio>
              <unit>
                <standardUnit>millimeter</standardUnit>
              </unit>
              <numericDomain>
                <numberType>real</numberType>
                <!--No minimum value recorded in database (datafilevaribles/minvalid)-->
              </numericDomain>
            </ratio>
          </measurementScale>
          <missingValueCode>
            <code>.</code>
            <codeExplanation>Missing Value</codeExplanation>
          </missingValueCode>
        </attribute>
        <attribute>
          <attributeName>Previous Mortality</attributeName>
          <attributeLabel>Previous Mortality</attributeLabel>
          <attributeDefinition>Previous Mortality</attributeDefinition>
          <storageType>float</storageType>
          <measurementScale>
            <ratio>
              <unit>
                <standardUnit>millimeter</standardUnit>
              </unit>
              <numericDomain>
                <numberType>real</numberType>
                <!--No minimum value recorded in database (datafilevaribles/minvalid)-->
              </numericDomain>
            </ratio>
          </measurementScale>
          <missingValueCode>
            <code>.</code>
            <codeExplanation>Missing Value</codeExplanation>
          </missingValueCode>
        </attribute>
        <attribute>
          <attributeName>Shrinkage</attributeName>
          <attributeLabel>Shrinkage</attributeLabel>
          <attributeDefinition>Shrinkage</attributeDefinition>
          <storageType>float</storageType>
          <measurementScale>
            <ratio>
              <unit>
                <standardUnit>millimeter</standardUnit>
              </unit>
              <numericDomain>
                <numberType>real</numberType>
                <!--No minimum value recorded in database (datafilevaribles/minvalid)-->
              </numericDomain>
            </ratio>
          </measurementScale>
          <missingValueCode>
            <code>.</code>
            <codeExplanation>Missing Value</codeExplanation>
          </missingValueCode>
        </attribute>
        <attribute>
          <attributeName>Total Mortality</attributeName>
          <attributeLabel>Total Mortality</attributeLabel>
          <attributeDefinition>Total Mortality</attributeDefinition>
          <storageType>float</storageType>
          <measurementScale>
            <ratio>
              <unit>
                <standardUnit>millimeter</standardUnit>
              </unit>
              <numericDomain>
                <numberType>real</numberType>
                <!--No minimum value recorded in database (datafilevaribles/minvalid)-->
              </numericDomain>
            </ratio>
          </measurementScale>
          <missingValueCode>
            <code>.</code>
            <codeExplanation>Missing Value</codeExplanation>
          </missingValueCode>
        </attribute>
      </attributeList>
    </dataTable>
  </dataset>
</eml:eml>
