<?xml version="1.0" encoding="UTF-8"?>
<eml:eml packageId="knb-lter-bnz.157.18" scope="system"
  system="https://pasta.lternet.edu"
  xmlns:ds="eml://ecoinformatics.org/dataset-2.1.0"
  xmlns:eml="eml://ecoinformatics.org/eml-2.1.1"
  xmlns:stmml="http://www.xml-cml.org/schema/stmml-1.1"
  xmlns:xsi="http://www.w3.org/2001/XMLSchema-instance" xsi:schemaLocation="eml://ecoinformatics.org/eml-2.1.0&#xa;&#x9;&#x9;&#x9;&#x9;http://nis.lternet.edu/schemas/EML/eml-2.1.0/eml.xsd">
  <access authSystem="https://pasta.lternet.edu/authentication"
    order="allowFirst" scope="document" system="https://pasta.lternet.edu">
    <allow>
      <principal>uid=BNZ,o=lter,dc=ecoinformatics,dc=org</principal>
      <permission>all</permission>
    </allow>
    <allow>
      <principal>public</principal>
      <permission>read</permission>
    </allow>
  </access>
  <dataset>
    <shortName>knb-lter-bnz.157.18</shortName>
    <title>National Atmospheric Deposition Program (NADP): Concentration Data, 1992 - Present</title>
    <creator>
      <individualName>
        <givenName>F.S.</givenName>
        <givenName>Stuart</givenName>
        <surName>Chapin</surName>
      </individualName>
      <positionName>Primary Investigator</positionName>
      <address>
        <deliveryPoint>Department of Biology and Wildlife;  Institute of Arctic Biology:  University of Alaska Fairbanks 193 Arctic Health P.O. Box 757000</deliveryPoint>
        <city>Fairbanks</city>
        <administrativeArea>AK </administrativeArea>
        <postalCode>99775</postalCode>
        <country>United States</country>
      </address>
      <phone phonetype="voice">(907) 474-7922</phone>
      <phone phonetype="fax">(907) 474-6967</phone>
      <electronicMailAddress>terry.chapin@alaska.edu</electronicMailAddress>
      <onlineUrl>http://terrychapin.org/</onlineUrl>
    </creator>
    <creator>
      <individualName>
        <givenName>Roger</givenName>
        <givenName>W.</givenName>
        <surName>Ruess</surName>
      </individualName>
      <positionName>Primary Investigator</positionName>
      <address>
        <deliveryPoint>Institute of Arctic Biology  University of Alaska Fairbanks P.O. Box 757000</deliveryPoint>
        <city>Fairbanks</city>
        <administrativeArea>AK </administrativeArea>
        <postalCode>99775-0180</postalCode>
        <country>United States</country>
      </address>
      <phone phonetype="voice">(907) 474-7153</phone>
      <phone phonetype="fax">(907) 474-6967</phone>
      <electronicMailAddress>rwruess@alaska.edu</electronicMailAddress>
      <onlineUrl>http://www.iab.uaf.edu/~roger_ruess/</onlineUrl>
    </creator>
    <creator>
      <organizationName>Bonanza Creek LTER</organizationName>
      <address>
        <deliveryPoint>Boreal Ecology Cooperative Research Unit </deliveryPoint>
        <deliveryPoint>University of Alaska Fairbanks</deliveryPoint>
        <deliveryPoint>P.O. Box 756780 </deliveryPoint>
        <city>Fairbanks</city>
        <administrativeArea>AK</administrativeArea>
        <postalCode>99775</postalCode>
        <country>USA</country>
      </address>
      <phone phonetype="voice">907-474-6364</phone>
      <phone phonetype="fax">907-474-6251</phone>
      <electronicMailAddress>uaf-bnz-im-team@alaska.edu</electronicMailAddress>
      <onlineUrl>http://www.lter.uaf.edu</onlineUrl>
    </creator>
    <metadataProvider>
      <organizationName>Bonanza Creek LTER</organizationName>
      <positionName>Data Manager</positionName>
      <address>
        <deliveryPoint>Boreal Ecology Cooperative Research Unit </deliveryPoint>
        <deliveryPoint>University of Alaska Fairbanks</deliveryPoint>
        <deliveryPoint>P.O. Box 756780 </deliveryPoint>
        <city>Fairbanks</city>
        <administrativeArea>AK</administrativeArea>
        <postalCode>99775</postalCode>
        <country>USA</country>
      </address>
      <phone phonetype="voice">907-474-6364</phone>
      <phone phonetype="fax">907-474-6251</phone>
      <electronicMailAddress>uaf-bnz-im-team@alaska.edu</electronicMailAddress>
      <onlineUrl>http://www.lter.uaf.edu</onlineUrl>
    </metadataProvider>
    <associatedParty>
      <individualName>
        <givenName>Jamie</givenName>
        <surName>Hollingsworth</surName>
      </individualName>
      <positionName>Bonanza Creek LTER Site Manager</positionName>
      <address>
        <deliveryPoint>Boreal Ecology Cooperative Research Unit University of Alaska Fairbanks  School of Agriculture and Land Resources Management P.O. Box 756780</deliveryPoint>
        <city>Fairbanks</city>
        <administrativeArea>AK </administrativeArea>
        <postalCode>99775</postalCode>
        <country>United States</country>
      </address>
      <phone phonetype="voice">(907) 474-7470</phone>
      <phone phonetype="fax">(907) 474-6251</phone>
      <role>Associated investigator</role>
    </associatedParty>
    <associatedParty>
      <individualName>
        <givenName>Jeremy</givenName>
        <surName>Jones</surName>
      </individualName>
      <positionName>Assistant Professor of Biology</positionName>
      <address>
        <deliveryPoint> Institute of Arctic Biology; Department of Biology and Wildlife; University of Alaska Fairbanks</deliveryPoint>
        <city>Fairbanks</city>
        <administrativeArea>AK</administrativeArea>
        <postalCode>99775</postalCode>
        <country>Unites States</country>
      </address>
      <phone phonetype="voice">(907) 474-7972</phone>
      <phone phonetype="fax">(907) 474-6967</phone>
      <role>Associated investigator</role>
    </associatedParty>
    <pubDate>2009-04-01</pubDate>
    <abstract>
      <para>The National Atmospheric Deposition Program/National Trends Network (NADP/NTN) is a nationwide network of precipitation monitoring sites. The network is a cooperative effort between many different groups, including the State Agricultural Experiment Stations, U.S. Geological Survey, U.S. Department of Agriculture, and numerous other governmental and private entities. For a full list of contributors, see the collaborating agencies page. The NADP/NTN has grown from 22 stations at the end of 1978, our first year, to over 250 sites spanning the continental United States, Alaska, and Puerto Rico, and the Virgin Islands. </para>
    </abstract>
    <keywordSet>
      <keyword>calcium</keyword>
      <keyword>caribou poker creeks research watershed (CPCRW)</keyword>
      <keyword>nitrate</keyword>
      <keyword>ammonium</keyword>
      <keyword>chloride</keyword>
      <keyword>sulfate</keyword>
      <keyword>concentration</keyword>
      <keyword>magnesium</keyword>
      <keyword>potassium</keyword>
      <keyword>sodium</keyword>
      <keyword>ph</keyword>
      <keywordThesaurus>Climate</keywordThesaurus>
    </keywordSet>
    <intellectualRights>
      <section>
        <title>Access to Data</title>
        <para>While metadata will be freely available to those requesting it, the data manager will assure that any restrictions on access to data sets in the database will be enforced. Data will not be released without proper permission first being obtained from the investigator who generated the data. </para>
      </section>
      <section>
        <title>Use of data</title>
        <para> Researchers should receive adequate acknowledgment for the use of their data by others and should be provided with copies of publications using their data. Users of data from the data base must be aware that data is not to be sold or redistributed.</para>
      </section>
      <section>
        <title>Citing Bonanza Creek LTER Datasets</title>
        <para>It is considered a matter of professional ethics to acknowledge the work of other scientists. Thus, the Data User will properly cite the Data Set in any publications or in the metadata of any derived data products that were produced using the Data Set. </para>
      </section>
    </intellectualRights>
    <distribution id="distributionReference">
      <online>
        <url function="information">http://www.lter.uaf.edu/data_detail.cfm?datafile_pkey=157</url>
      </online>
    </distribution>
    <coverage>
      <geographicCoverage id="geoReference">
        <geographicDescription>Site information unavailable</geographicDescription>
        <boundingCoordinates>
          <westBoundingCoordinate>-147.4861</westBoundingCoordinate>
          <eastBoundingCoordinate>-147.4861</eastBoundingCoordinate>
          <northBoundingCoordinate>65.1547</northBoundingCoordinate>
          <southBoundingCoordinate>65.1547</southBoundingCoordinate>
        </boundingCoordinates>
      </geographicCoverage>
      <temporalCoverage>
        <rangeOfDates>
          <beginDate>
            <calendarDate>1992-12-29</calendarDate>
          </beginDate>
          <endDate>
            <calendarDate>2009-03-24</calendarDate>
          </endDate>
        </rangeOfDates>
      </temporalCoverage>
    </coverage>
    <maintenance>
      <description>
        <section>
          <title>Status</title>
          <para>Ongoing</para>
        </section>
      </description>
    </maintenance>
    <contact>
      <positionName>Information Manager</positionName>
      <organizationName>LTER Network Office</organizationName>
      <address>
        <deliveryPoint>UNM Biology Department, MSC03-2020</deliveryPoint>
        <deliveryPoint>1 University of New Mexico</deliveryPoint>
        <city>Albuquerque</city>
        <administrativeArea>NM</administrativeArea>
        <postalCode>87131-0001</postalCode>
        <country>USA</country>
      </address>
      <phone phonetype="voice">505 277-2535</phone>
      <phone phonetype="fax">505 277-2541</phone>
      <electronicMailAddress>tech-support@lternet.edu</electronicMailAddress>
      <onlineUrl>http://www.lternet.edu</onlineUrl>
    </contact>
    <contact>
      <organizationName>Bonanza Creek LTER</organizationName>
      <positionName>Data Manager</positionName>
      <address>
        <deliveryPoint>Boreal Ecology Cooperative Research Unit </deliveryPoint>
        <deliveryPoint>University of Alaska Fairbanks</deliveryPoint>
        <deliveryPoint>P.O. Box 756780 </deliveryPoint>
        <city>Fairbanks</city>
        <administrativeArea>AK</administrativeArea>
        <postalCode>99775</postalCode>
        <country>USA</country>
      </address>
      <phone phonetype="voice">907-474-6364</phone>
      <phone phonetype="fax">907-474-6251</phone>
      <electronicMailAddress>uaf-bnz-im-team@alaska.edu</electronicMailAddress>
      <onlineUrl>http://www.lter.uaf.edu</onlineUrl>
    </contact>
    <publisher>
      <organizationName>Bonanza Creek LTER</organizationName>
      <address>
        <deliveryPoint>Boreal Ecology Cooperative Research Unit </deliveryPoint>
        <deliveryPoint>University of Alaska Fairbanks</deliveryPoint>
        <deliveryPoint>P.O. Box 756780 </deliveryPoint>
        <city>Fairbanks</city>
        <administrativeArea>AK</administrativeArea>
        <postalCode>99775</postalCode>
        <country>USA</country>
      </address>
      <phone phonetype="voice">907-474-6364</phone>
      <phone phonetype="fax">907-474-6251</phone>
    </publisher>
    <pubPlace>Bonanza Creek LTER</pubPlace>
    <methods>
      <methodStep>
        <description>
          <section>
            <title>Experimental Design</title>
            <para>http://nadp.sws.uiuc.edu/documentation/notes-wk.html</para>
          </section>
          <section>
            <title>Methods</title>
            <para>http://nadp.sws.uiuc.edu/documentation/notes-wk.html</para>
          </section>
        </description>
      </methodStep>
      <sampling>
        <studyExtent>
          <coverage>
            <geographicCoverage>
              <references>geoReference</references>
            </geographicCoverage>
            <temporalCoverage>
              <rangeOfDates>
                <beginDate>
                  <calendarDate>1992-12-29</calendarDate>
                </beginDate>
                <endDate>
                  <calendarDate>2009-03-24</calendarDate>
                </endDate>
              </rangeOfDates>
            </temporalCoverage>
          </coverage>
        </studyExtent>
        <samplingDescription>
          <section>
            <title>Sampling Frequency</title>
            <para>weekly</para>
          </section>
        </samplingDescription>
      </sampling>
    </methods>
    <dataTable>
      <entityName>NADP_week_conc.txt</entityName>
      <entityDescription>NADP data collected for weekly concentrations.</entityDescription>
      <physical>
        <objectName>NADP_week_conc.txt</objectName>
        <dataFormat>
          <textFormat>
            <numHeaderLines>5</numHeaderLines>
            <recordDelimiter>\n</recordDelimiter>
            <physicalLineDelimiter>\n</physicalLineDelimiter>
            <attributeOrientation>column</attributeOrientation>
            <simpleDelimited>
              <fieldDelimiter>,</fieldDelimiter>
            </simpleDelimited>
          </textFormat>
        </dataFormat>
        <distribution>
          <online>
            <url function="download">https://pasta.lternet.edu/package/data/eml/knb-lter-bnz/157/18/927d6e1b69607bd32ae7d5c15dc5b10c</url>
          </online>
        </distribution>
      </physical>
      <attributeList>
        <attribute>
          <attributeName>SiteID</attributeName>
          <attributeLabel>SiteID</attributeLabel>
          <attributeDefinition>Site ID - Alpha-numeric site identification code, first two characters of which are the abbreviation of the state in which the site is located.  (For intercomparison sites this order is reversed.)</attributeDefinition>
          <storageType>string</storageType>
          <measurementScale>
            <nominal>
              <nonNumericDomain>
                <textDomain>
                  <definition>Site ID - Alpha-numeric site identification code, first two characters of which are the abbreviation of the state in which the site is located.  (For intercomparison sites this order is reversed.)</definition>
                </textDomain>
              </nonNumericDomain>
            </nominal>
          </measurementScale>
          <missingValueCode>
            <code>-9</code>
            <codeExplanation>Missing Value</codeExplanation>
          </missingValueCode>
        </attribute>
        <attribute>
          <attributeName>Date On</attributeName>
          <attributeLabel>Date On</attributeLabel>
          <attributeDefinition>Date/Time On  - Date on which the sample bucket was installed on the collector, reported in Greenwich Mean Time (GMT), mm/dd/yyyy hh:mm:ss.  </attributeDefinition>
          <storageType>string</storageType>
          <measurementScale>
            <nominal>
              <nonNumericDomain>
                <textDomain>
                  <definition>Date/Time On  - Date on which the sample bucket was installed on the collector, reported in Greenwich Mean Time (GMT), mm/dd/yyyy hh:mm:ss.  </definition>
                </textDomain>
              </nonNumericDomain>
            </nominal>
          </measurementScale>
          <missingValueCode>
            <code>-9</code>
            <codeExplanation>Missing Value</codeExplanation>
          </missingValueCode>
        </attribute>
        <attribute>
          <attributeName>Date Off</attributeName>
          <attributeLabel>Date Off</attributeLabel>
          <attributeDefinition>Date/Time Off - Date on which the sample bucket was removed from the collector, reported in Greenwich Mean Time (GMT), mm/dd/yyyy hh:mm:ss.</attributeDefinition>
          <storageType>string</storageType>
          <measurementScale>
            <nominal>
              <nonNumericDomain>
                <textDomain>
                  <definition>Date/Time Off - Date on which the sample bucket was removed from the collector, reported in Greenwich Mean Time (GMT), mm/dd/yyyy hh:mm:ss.</definition>
                </textDomain>
              </nonNumericDomain>
            </nominal>
          </measurementScale>
          <missingValueCode>
            <code>-9</code>
            <codeExplanation>Missing Value</codeExplanation>
          </missingValueCode>
        </attribute>
        <attribute>
          <attributeName>ldCa</attributeName>
          <attributeLabel>ldCa</attributeLabel>
          <attributeDefinition>Ion concentrations - Concentrations of Ca, Mg, K, Na, NH4, NO3, Cl and SO4 reported in mg/L.  Concentrations which are below the detection limit of the analysis are indicated with a "&lt;" preceding the value.  The value reported is the actual limit of detection or, in the case of a diluted sample, the product of the detection limit value and the dilution factor.  (In calculating weighted-mean concentrations and depositions NADP/NTN substitutes one-half the reported detection limit for concentrations below the limit of detection.)</attributeDefinition>
          <storageType>string</storageType>
          <measurementScale>
            <nominal>
              <nonNumericDomain>
                <textDomain>
                  <definition>Ion concentrations - Concentrations of Ca, Mg, K, Na, NH4, NO3, Cl and SO4 reported in mg/L.  Concentrations which are below the detection limit of the analysis are indicated with a "&lt;" preceding the value.  The value reported is the actual limit of detection or, in the case of a diluted sample, the product of the detection limit value and the dilution factor.  (In calculating weighted-mean concentrations and depositions NADP/NTN substitutes one-half the reported detection limit for concentrations below the limit of detection.)</definition>
                </textDomain>
              </nonNumericDomain>
            </nominal>
          </measurementScale>
          <missingValueCode>
            <code>-9</code>
            <codeExplanation>Missing Value</codeExplanation>
          </missingValueCode>
        </attribute>
        <attribute>
          <attributeName>Ca</attributeName>
          <attributeLabel>Ca</attributeLabel>
          <attributeDefinition>Ion concentrations - Concentrations of Ca, Mg, K, Na, NH4, NO3, Cl and SO4 reported in mg/L.  Concentrations which are below the detection limit of the analysis are indicated with a "&lt;" preceding the value.  The value reported is the actual limit of detection or, in the case of a diluted sample, the product of the detection limit value and the dilution factor.  (In calculating weighted-mean concentrations and depositions NADP/NTN substitutes one-half the reported detection limit for concentrations below the limit of detection.)</attributeDefinition>
          <storageType>float</storageType>
          <measurementScale>
            <nominal>
              <nonNumericDomain>
                <textDomain>
                  <definition>Ion concentrations - Concentrations of Ca, Mg, K, Na, NH4, NO3, Cl and SO4 reported in mg/L.  Concentrations which are below the detection limit of the analysis are indicated with a "&lt;" preceding the value.  The value reported is the actual limit of detection or, in the case of a diluted sample, the product of the detection limit value and the dilution factor.  (In calculating weighted-mean concentrations and depositions NADP/NTN substitutes one-half the reported detection limit for concentrations below the limit of detection.)</definition>
                </textDomain>
              </nonNumericDomain>
            </nominal>
          </measurementScale>
          <missingValueCode>
            <code>-9</code>
            <codeExplanation>Missing Value</codeExplanation>
          </missingValueCode>
        </attribute>
        <attribute>
          <attributeName>ldMg</attributeName>
          <attributeLabel>ldMg</attributeLabel>
          <attributeDefinition>Ion concentrations - Concentrations of Ca, Mg, K, Na, NH4, NO3, Cl and SO4 reported in mg/L.  Concentrations which are below the detection limit of the analysis are indicated with a "&lt;" preceding the value.  The value reported is the actual limit of detection or, in the case of a diluted sample, the product of the detection limit value and the dilution factor.  (In calculating weighted-mean concentrations and depositions NADP/NTN substitutes one-half the reported detection limit for concentrations below the limit of detection.)</attributeDefinition>
          <storageType>string</storageType>
          <measurementScale>
            <nominal>
              <nonNumericDomain>
                <textDomain>
                  <definition>Ion concentrations - Concentrations of Ca, Mg, K, Na, NH4, NO3, Cl and SO4 reported in mg/L.  Concentrations which are below the detection limit of the analysis are indicated with a "&lt;" preceding the value.  The value reported is the actual limit of detection or, in the case of a diluted sample, the product of the detection limit value and the dilution factor.  (In calculating weighted-mean concentrations and depositions NADP/NTN substitutes one-half the reported detection limit for concentrations below the limit of detection.)</definition>
                </textDomain>
              </nonNumericDomain>
            </nominal>
          </measurementScale>
          <missingValueCode>
            <code>&lt;</code>
            <codeExplanation>Missing Value</codeExplanation>
          </missingValueCode>
        </attribute>
        <attribute>
          <attributeName>Mg</attributeName>
          <attributeLabel>Mg</attributeLabel>
          <attributeDefinition>Ion concentrations - Concentrations of Ca, Mg, K, Na, NH4, NO3, Cl and SO4 reported in mg/L.  Concentrations which are below the detection limit of the analysis are indicated with a "&lt;" preceding the value.  The value reported is the actual limit of detection or, in the case of a diluted sample, the product of the detection limit value and the dilution factor.  (In calculating weighted-mean concentrations and depositions NADP/NTN substitutes one-half the reported detection limit for concentrations below the limit of detection.)</attributeDefinition>
          <storageType>float</storageType>
          <measurementScale>
            <nominal>
              <nonNumericDomain>
                <textDomain>
                  <definition>Ion concentrations - Concentrations of Ca, Mg, K, Na, NH4, NO3, Cl and SO4 reported in mg/L.  Concentrations which are below the detection limit of the analysis are indicated with a "&lt;" preceding the value.  The value reported is the actual limit of detection or, in the case of a diluted sample, the product of the detection limit value and the dilution factor.  (In calculating weighted-mean concentrations and depositions NADP/NTN substitutes one-half the reported detection limit for concentrations below the limit of detection.)</definition>
                </textDomain>
              </nonNumericDomain>
            </nominal>
          </measurementScale>
          <missingValueCode>
            <code>-9</code>
            <codeExplanation>Missing Value</codeExplanation>
          </missingValueCode>
        </attribute>
        <attribute>
          <attributeName>ldK</attributeName>
          <attributeLabel>ldK</attributeLabel>
          <attributeDefinition>Ion concentrations - Concentrations of Ca, Mg, K, Na, NH4, NO3, Cl and SO4 reported in mg/L.  Concentrations which are below the detection limit of the analysis are indicated with a "&lt;" preceding the value.  The value reported is the actual limit of detection or, in the case of a diluted sample, the product of the detection limit value and the dilution factor.  (In calculating weighted-mean concentrations and depositions NADP/NTN substitutes one-half the reported detection limit for concentrations below the limit of detection.)</attributeDefinition>
          <storageType>string</storageType>
          <measurementScale>
            <nominal>
              <nonNumericDomain>
                <textDomain>
                  <definition>Ion concentrations - Concentrations of Ca, Mg, K, Na, NH4, NO3, Cl and SO4 reported in mg/L.  Concentrations which are below the detection limit of the analysis are indicated with a "&lt;" preceding the value.  The value reported is the actual limit of detection or, in the case of a diluted sample, the product of the detection limit value and the dilution factor.  (In calculating weighted-mean concentrations and depositions NADP/NTN substitutes one-half the reported detection limit for concentrations below the limit of detection.)</definition>
                </textDomain>
              </nonNumericDomain>
            </nominal>
          </measurementScale>
          <missingValueCode>
            <code>&lt;</code>
            <codeExplanation>Missing Value</codeExplanation>
          </missingValueCode>
        </attribute>
        <attribute>
          <attributeName>K</attributeName>
          <attributeLabel>K</attributeLabel>
          <attributeDefinition>Ion concentrations - Concentrations of Ca, Mg, K, Na, NH4, NO3, Cl and SO4 reported in mg/L.  Concentrations which are below the detection limit of the analysis are indicated with a "&lt;" preceding the value.  The value reported is the actual limit of detection or, in the case of a diluted sample, the product of the detection limit value and the dilution factor.  (In calculating weighted-mean concentrations and depositions NADP/NTN substitutes one-half the reported detection limit for concentrations below the limit of detection.)</attributeDefinition>
          <storageType>float</storageType>
          <measurementScale>
            <nominal>
              <nonNumericDomain>
                <textDomain>
                  <definition>Ion concentrations - Concentrations of Ca, Mg, K, Na, NH4, NO3, Cl and SO4 reported in mg/L.  Concentrations which are below the detection limit of the analysis are indicated with a "&lt;" preceding the value.  The value reported is the actual limit of detection or, in the case of a diluted sample, the product of the detection limit value and the dilution factor.  (In calculating weighted-mean concentrations and depositions NADP/NTN substitutes one-half the reported detection limit for concentrations below the limit of detection.)</definition>
                </textDomain>
              </nonNumericDomain>
            </nominal>
          </measurementScale>
          <missingValueCode>
            <code>-9</code>
            <codeExplanation>Missing Value</codeExplanation>
          </missingValueCode>
        </attribute>
        <attribute>
          <attributeName>ldNa</attributeName>
          <attributeLabel>ldNa</attributeLabel>
          <attributeDefinition>Ion concentrations - Concentrations of Ca, Mg, K, Na, NH4, NO3, Cl and SO4 reported in mg/L.  Concentrations which are below the detection limit of the analysis are indicated with a "&lt;" preceding the value.  The value reported is the actual limit of detection or, in the case of a diluted sample, the product of the detection limit value and the dilution factor.  (In calculating weighted-mean concentrations and depositions NADP/NTN substitutes one-half the reported detection limit for concentrations below the limit of detection.)</attributeDefinition>
          <storageType>string</storageType>
          <measurementScale>
            <nominal>
              <nonNumericDomain>
                <textDomain>
                  <definition>Ion concentrations - Concentrations of Ca, Mg, K, Na, NH4, NO3, Cl and SO4 reported in mg/L.  Concentrations which are below the detection limit of the analysis are indicated with a "&lt;" preceding the value.  The value reported is the actual limit of detection or, in the case of a diluted sample, the product of the detection limit value and the dilution factor.  (In calculating weighted-mean concentrations and depositions NADP/NTN substitutes one-half the reported detection limit for concentrations below the limit of detection.)</definition>
                </textDomain>
              </nonNumericDomain>
            </nominal>
          </measurementScale>
          <missingValueCode>
            <code>&lt;</code>
            <codeExplanation>Missing Value</codeExplanation>
          </missingValueCode>
        </attribute>
        <attribute>
          <attributeName>Na</attributeName>
          <attributeLabel>Na</attributeLabel>
          <attributeDefinition>Ion concentrations - Concentrations of Ca, Mg, K, Na, NH4, NO3, Cl and SO4 reported in mg/L.  Concentrations which are below the detection limit of the analysis are indicated with a "&lt;" preceding the value.  The value reported is the actual limit of detection or, in the case of a diluted sample, the product of the detection limit value and the dilution factor.  (In calculating weighted-mean concentrations and depositions NADP/NTN substitutes one-half the reported detection limit for concentrations below the limit of detection.)</attributeDefinition>
          <storageType>float</storageType>
          <measurementScale>
            <nominal>
              <nonNumericDomain>
                <textDomain>
                  <definition>Ion concentrations - Concentrations of Ca, Mg, K, Na, NH4, NO3, Cl and SO4 reported in mg/L.  Concentrations which are below the detection limit of the analysis are indicated with a "&lt;" preceding the value.  The value reported is the actual limit of detection or, in the case of a diluted sample, the product of the detection limit value and the dilution factor.  (In calculating weighted-mean concentrations and depositions NADP/NTN substitutes one-half the reported detection limit for concentrations below the limit of detection.)</definition>
                </textDomain>
              </nonNumericDomain>
            </nominal>
          </measurementScale>
          <missingValueCode>
            <code>-9</code>
            <codeExplanation>Missing Value</codeExplanation>
          </missingValueCode>
        </attribute>
        <attribute>
          <attributeName>ldNH4</attributeName>
          <attributeLabel>ldNH4</attributeLabel>
          <attributeDefinition>Ion concentrations - Concentrations of Ca, Mg, K, Na, NH4, NO3, Cl and SO4 reported in mg/L.  Concentrations which are below the detection limit of the analysis are indicated with a "&lt;" preceding the value.  The value reported is the actual limit of detection or, in the case of a diluted sample, the product of the detection limit value and the dilution factor.  (In calculating weighted-mean concentrations and depositions NADP/NTN substitutes one-half the reported detection limit for concentrations below the limit of detection.)</attributeDefinition>
          <storageType>string</storageType>
          <measurementScale>
            <nominal>
              <nonNumericDomain>
                <textDomain>
                  <definition>Ion concentrations - Concentrations of Ca, Mg, K, Na, NH4, NO3, Cl and SO4 reported in mg/L.  Concentrations which are below the detection limit of the analysis are indicated with a "&lt;" preceding the value.  The value reported is the actual limit of detection or, in the case of a diluted sample, the product of the detection limit value and the dilution factor.  (In calculating weighted-mean concentrations and depositions NADP/NTN substitutes one-half the reported detection limit for concentrations below the limit of detection.)</definition>
                </textDomain>
              </nonNumericDomain>
            </nominal>
          </measurementScale>
          <missingValueCode>
            <code>&lt;</code>
            <codeExplanation>Missing Value</codeExplanation>
          </missingValueCode>
        </attribute>
        <attribute>
          <attributeName>NH4</attributeName>
          <attributeLabel>NH4</attributeLabel>
          <attributeDefinition>Ion concentrations - Concentrations of Ca, Mg, K, Na, NH4, NO3, Cl and SO4 reported in mg/L.  Concentrations which are below the detection limit of the analysis are indicated with a "&lt;" preceding the value.  The value reported is the actual limit of detection or, in the case of a diluted sample, the product of the detection limit value and the dilution factor.  (In calculating weighted-mean concentrations and depositions NADP/NTN substitutes one-half the reported detection limit for concentrations below the limit of detection.)</attributeDefinition>
          <storageType>float</storageType>
          <measurementScale>
            <nominal>
              <nonNumericDomain>
                <textDomain>
                  <definition>Ion concentrations - Concentrations of Ca, Mg, K, Na, NH4, NO3, Cl and SO4 reported in mg/L.  Concentrations which are below the detection limit of the analysis are indicated with a "&lt;" preceding the value.  The value reported is the actual limit of detection or, in the case of a diluted sample, the product of the detection limit value and the dilution factor.  (In calculating weighted-mean concentrations and depositions NADP/NTN substitutes one-half the reported detection limit for concentrations below the limit of detection.)</definition>
                </textDomain>
              </nonNumericDomain>
            </nominal>
          </measurementScale>
          <missingValueCode>
            <code>-9</code>
            <codeExplanation>Missing Value</codeExplanation>
          </missingValueCode>
        </attribute>
        <attribute>
          <attributeName>ldNO3</attributeName>
          <attributeLabel>ldNO3</attributeLabel>
          <attributeDefinition>Ion concentrations - Concentrations of Ca, Mg, K, Na, NH4, NO3, Cl and SO4 reported in mg/L.  Concentrations which are below the detection limit of the analysis are indicated with a "&lt;" preceding the value.  The value reported is the actual limit of detection or, in the case of a diluted sample, the product of the detection limit value and the dilution factor.  (In calculating weighted-mean concentrations and depositions NADP/NTN substitutes one-half the reported detection limit for concentrations below the limit of detection.)</attributeDefinition>
          <storageType>string</storageType>
          <measurementScale>
            <nominal>
              <nonNumericDomain>
                <textDomain>
                  <definition>Ion concentrations - Concentrations of Ca, Mg, K, Na, NH4, NO3, Cl and SO4 reported in mg/L.  Concentrations which are below the detection limit of the analysis are indicated with a "&lt;" preceding the value.  The value reported is the actual limit of detection or, in the case of a diluted sample, the product of the detection limit value and the dilution factor.  (In calculating weighted-mean concentrations and depositions NADP/NTN substitutes one-half the reported detection limit for concentrations below the limit of detection.)</definition>
                </textDomain>
              </nonNumericDomain>
            </nominal>
          </measurementScale>
          <missingValueCode>
            <code>&lt;</code>
            <codeExplanation>Missing Value</codeExplanation>
          </missingValueCode>
        </attribute>
        <attribute>
          <attributeName>NO3</attributeName>
          <attributeLabel>NO3</attributeLabel>
          <attributeDefinition>Ion concentrations - Concentrations of Ca, Mg, K, Na, NH4, NO3, Cl and SO4 reported in mg/L.  Concentrations which are below the detection limit of the analysis are indicated with a "&lt;" preceding the value.  The value reported is the actual limit of detection or, in the case of a diluted sample, the product of the detection limit value and the dilution factor.  (In calculating weighted-mean concentrations and depositions NADP/NTN substitutes one-half the reported detection limit for concentrations below the limit of detection.)</attributeDefinition>
          <storageType>float</storageType>
          <measurementScale>
            <nominal>
              <nonNumericDomain>
                <textDomain>
                  <definition>Ion concentrations - Concentrations of Ca, Mg, K, Na, NH4, NO3, Cl and SO4 reported in mg/L.  Concentrations which are below the detection limit of the analysis are indicated with a "&lt;" preceding the value.  The value reported is the actual limit of detection or, in the case of a diluted sample, the product of the detection limit value and the dilution factor.  (In calculating weighted-mean concentrations and depositions NADP/NTN substitutes one-half the reported detection limit for concentrations below the limit of detection.)</definition>
                </textDomain>
              </nonNumericDomain>
            </nominal>
          </measurementScale>
          <missingValueCode>
            <code>-9</code>
            <codeExplanation>Missing Value</codeExplanation>
          </missingValueCode>
        </attribute>
        <attribute>
          <attributeName>ldCl</attributeName>
          <attributeLabel>ldCl</attributeLabel>
          <attributeDefinition>Ion concentrations - Concentrations of Ca, Mg, K, Na, NH4, NO3, Cl and SO4 reported in mg/L.  Concentrations which are below the detection limit of the analysis are indicated with a "&lt;" preceding the value.  The value reported is the actual limit of detection or, in the case of a diluted sample, the product of the detection limit value and the dilution factor.  (In calculating weighted-mean concentrations and depositions NADP/NTN substitutes one-half the reported detection limit for concentrations below the limit of detection.)</attributeDefinition>
          <storageType>string</storageType>
          <measurementScale>
            <nominal>
              <nonNumericDomain>
                <textDomain>
                  <definition>Ion concentrations - Concentrations of Ca, Mg, K, Na, NH4, NO3, Cl and SO4 reported in mg/L.  Concentrations which are below the detection limit of the analysis are indicated with a "&lt;" preceding the value.  The value reported is the actual limit of detection or, in the case of a diluted sample, the product of the detection limit value and the dilution factor.  (In calculating weighted-mean concentrations and depositions NADP/NTN substitutes one-half the reported detection limit for concentrations below the limit of detection.)</definition>
                </textDomain>
              </nonNumericDomain>
            </nominal>
          </measurementScale>
          <missingValueCode>
            <code>&lt;</code>
            <codeExplanation>Missing Value</codeExplanation>
          </missingValueCode>
        </attribute>
        <attribute>
          <attributeName>Cl</attributeName>
          <attributeLabel>Cl</attributeLabel>
          <attributeDefinition>Ion concentrations - Concentrations of Ca, Mg, K, Na, NH4, NO3, Cl and SO4 reported in mg/L.  Concentrations which are below the detection limit of the analysis are indicated with a "&lt;" preceding the value.  The value reported is the actual limit of detection or, in the case of a diluted sample, the product of the detection limit value and the dilution factor.  (In calculating weighted-mean concentrations and depositions NADP/NTN substitutes one-half the reported detection limit for concentrations below the limit of detection.)</attributeDefinition>
          <storageType>float</storageType>
          <measurementScale>
            <nominal>
              <nonNumericDomain>
                <textDomain>
                  <definition>Ion concentrations - Concentrations of Ca, Mg, K, Na, NH4, NO3, Cl and SO4 reported in mg/L.  Concentrations which are below the detection limit of the analysis are indicated with a "&lt;" preceding the value.  The value reported is the actual limit of detection or, in the case of a diluted sample, the product of the detection limit value and the dilution factor.  (In calculating weighted-mean concentrations and depositions NADP/NTN substitutes one-half the reported detection limit for concentrations below the limit of detection.)</definition>
                </textDomain>
              </nonNumericDomain>
            </nominal>
          </measurementScale>
          <missingValueCode>
            <code>-9</code>
            <codeExplanation>Missing Value</codeExplanation>
          </missingValueCode>
        </attribute>
        <attribute>
          <attributeName>ldSO4</attributeName>
          <attributeLabel>ldSO4</attributeLabel>
          <attributeDefinition>Ion concentrations - Concentrations of Ca, Mg, K, Na, NH4, NO3, Cl and SO4 reported in mg/L.  Concentrations which are below the detection limit of the analysis are indicated with a "&lt;" preceding the value.  The value reported is the actual limit of detection or, in the case of a diluted sample, the product of the detection limit value and the dilution factor.  (In calculating weighted-mean concentrations and depositions NADP/NTN substitutes one-half the reported detection limit for concentrations below the limit of detection.)</attributeDefinition>
          <storageType>string</storageType>
          <measurementScale>
            <nominal>
              <nonNumericDomain>
                <textDomain>
                  <definition>Ion concentrations - Concentrations of Ca, Mg, K, Na, NH4, NO3, Cl and SO4 reported in mg/L.  Concentrations which are below the detection limit of the analysis are indicated with a "&lt;" preceding the value.  The value reported is the actual limit of detection or, in the case of a diluted sample, the product of the detection limit value and the dilution factor.  (In calculating weighted-mean concentrations and depositions NADP/NTN substitutes one-half the reported detection limit for concentrations below the limit of detection.)</definition>
                </textDomain>
              </nonNumericDomain>
            </nominal>
          </measurementScale>
          <missingValueCode>
            <code>-9</code>
            <codeExplanation>Missing Value</codeExplanation>
          </missingValueCode>
        </attribute>
        <attribute>
          <attributeName>SO4</attributeName>
          <attributeLabel>SO4</attributeLabel>
          <attributeDefinition>Ion concentrations - Concentrations of Ca, Mg, K, Na, NH4, NO3, Cl and SO4 reported in mg/L.  Concentrations which are below the detection limit of the analysis are indicated with a "&lt;" preceding the value.  The value reported is the actual limit of detection or, in the case of a diluted sample, the product of the detection limit value and the dilution factor.  (In calculating weighted-mean concentrations and depositions NADP/NTN substitutes one-half the reported detection limit for concentrations below the limit of detection.)</attributeDefinition>
          <storageType>float</storageType>
          <measurementScale>
            <nominal>
              <nonNumericDomain>
                <textDomain>
                  <definition>Ion concentrations - Concentrations of Ca, Mg, K, Na, NH4, NO3, Cl and SO4 reported in mg/L.  Concentrations which are below the detection limit of the analysis are indicated with a "&lt;" preceding the value.  The value reported is the actual limit of detection or, in the case of a diluted sample, the product of the detection limit value and the dilution factor.  (In calculating weighted-mean concentrations and depositions NADP/NTN substitutes one-half the reported detection limit for concentrations below the limit of detection.)</definition>
                </textDomain>
              </nonNumericDomain>
            </nominal>
          </measurementScale>
          <missingValueCode>
            <code>-9</code>
            <codeExplanation>Missing Value</codeExplanation>
          </missingValueCode>
        </attribute>
        <attribute>
          <attributeName>pH Lab</attributeName>
          <attributeLabel>pH Lab</attributeLabel>
          <attributeDefinition>pH and Cond. lab -  pH reported as the negative log of hydrogen ion concentration and conductance reported in microsiemens per centimeter. pH or conductance of the precipitation sample as measured in the laboratory at the CAL.  </attributeDefinition>
          <storageType>float</storageType>
          <measurementScale>
            <ratio>
              <unit>
                <standardUnit>dimensionless</standardUnit>
              </unit>
              <numericDomain>
                <numberType>real</numberType>
                <!--No minimum value recorded in database (datafilevaribles/minvalid)-->
              </numericDomain>
            </ratio>
          </measurementScale>
          <missingValueCode>
            <code>-9</code>
            <codeExplanation>Missing Value</codeExplanation>
          </missingValueCode>
        </attribute>
        <attribute>
          <attributeName>pH Field</attributeName>
          <attributeLabel>pH Field</attributeLabel>
          <attributeDefinition>pH and Cond. field -  pH reported as the negative log of hydrogen ion concentration and conductance reported in microsiemens per centimeter. pH or conductance of the precipitation sample as  measured by the site operator in the field laboratory.  </attributeDefinition>
          <storageType>float</storageType>
          <measurementScale>
            <ratio>
              <unit>
                <standardUnit>dimensionless</standardUnit>
              </unit>
              <numericDomain>
                <numberType>real</numberType>
                <!--No minimum value recorded in database (datafilevaribles/minvalid)-->
              </numericDomain>
            </ratio>
          </measurementScale>
          <missingValueCode>
            <code>-9</code>
            <codeExplanation>Missing Value</codeExplanation>
          </missingValueCode>
        </attribute>
        <attribute>
          <attributeName>pH FV</attributeName>
          <attributeLabel>pH FV</attributeLabel>
          <attributeDefinition>pH FV</attributeDefinition>
          <storageType>string</storageType>
          <measurementScale>
            <nominal>
              <nonNumericDomain>
                <textDomain>
                  <definition>pH FV
                    <!--warning: used the attribute (variable) name as definition and description. it would be better to provide a better description in the DB (datafilevariables/description) or code and code defintion DB  (datafilevaribles/valucodes) with structured code and code-definition pairs (i.e; code=definition-of-code, code2=definition-of-code2) the pairs must be comma separated-->
                  </definition>
                </textDomain>
              </nonNumericDomain>
            </nominal>
          </measurementScale>
          <missingValueCode>
            <code>-9</code>
            <codeExplanation>Missing Value</codeExplanation>
          </missingValueCode>
        </attribute>
        <attribute>
          <attributeName>Lab Cond</attributeName>
          <attributeLabel>Lab Cond</attributeLabel>
          <attributeDefinition>pH and Cond. lab -  pH reported as the negative log of hydrogen ion concentration and conductance reported in microsiemens per centimeter. pH or conductance of the precipitation sample as measured in the laboratory at the CAL.  </attributeDefinition>
          <storageType>float</storageType>
          <measurementScale>
            <nominal>
              <nonNumericDomain>
                <textDomain>
                  <definition>pH and Cond. lab -  pH reported as the negative log of hydrogen ion concentration and conductance reported in microsiemens per centimeter. pH or conductance of the precipitation sample as measured in the laboratory at the CAL.  </definition>
                </textDomain>
              </nonNumericDomain>
            </nominal>
          </measurementScale>
          <missingValueCode>
            <code>-9</code>
            <codeExplanation>Missing Value</codeExplanation>
          </missingValueCode>
        </attribute>
        <attribute>
          <attributeName>Field Cond</attributeName>
          <attributeLabel>Field Cond</attributeLabel>
          <attributeDefinition>pH and Cond. field -  pH reported as the negative log of hydrogen ion concentration and conductance reported in microsiemens per centimeter. pH or conductance of the precipitation sample as  measured by the site operator in the field laboratory.  </attributeDefinition>
          <storageType>float</storageType>
          <measurementScale>
            <nominal>
              <nonNumericDomain>
                <textDomain>
                  <definition>pH and Cond. field -  pH reported as the negative log of hydrogen ion concentration and conductance reported in microsiemens per centimeter. pH or conductance of the precipitation sample as  measured by the site operator in the field laboratory.  </definition>
                </textDomain>
              </nonNumericDomain>
            </nominal>
          </measurementScale>
          <missingValueCode>
            <code>-9</code>
            <codeExplanation>Missing Value</codeExplanation>
          </missingValueCode>
        </attribute>
        <attribute>
          <attributeName>FV Cond</attributeName>
          <attributeLabel>FV Cond</attributeLabel>
          <attributeDefinition>FV - field validity code.  The NADP Technical Committee has approved a set of screening criteria to be used in  assessing the validity of field chemistry measurements.</attributeDefinition>
          <storageType>string</storageType>
          <measurementScale>
            <nominal>
              <nonNumericDomain>
                <textDomain>
                  <definition>FV - field validity code.  The NADP Technical Committee has approved a set of screening criteria to be used in  assessing the validity of field chemistry measurements.</definition>
                </textDomain>
              </nonNumericDomain>
            </nominal>
          </measurementScale>
          <missingValueCode>
            <code>-9</code>
            <codeExplanation>Missing Value</codeExplanation>
          </missingValueCode>
        </attribute>
        <attribute>
          <attributeName>Svol</attributeName>
          <attributeLabel>Svol</attributeLabel>
          <attributeDefinition> DATA USERS ARE URGED TO USE THE CODES IN THE COLUMNS WITH THE HEADING "FV" TO DETERMINE WHETHER THE FIELD MEASUREMENTS TO THE LEFT OF THE CODES ARE ADEQUATE FOR AN INTENDED APPLICATION.  Note that pH and conductance  measurements are screened independently; the code assigned to the pH measurement for a particular sample  may not match the code assigned to the conductance measurement.  Field validity codes currently in use are:</attributeDefinition>
          <storageType>string</storageType>
          <measurementScale>
            <nominal>
              <nonNumericDomain>
                <textDomain>
                  <definition> DATA USERS ARE URGED TO USE THE CODES IN THE COLUMNS WITH THE HEADING "FV" TO DETERMINE WHETHER THE FIELD MEASUREMENTS TO THE LEFT OF THE CODES ARE ADEQUATE FOR AN INTENDED APPLICATION.  Note that pH and conductance  measurements are screened independently; the code assigned to the pH measurement for a particular sample  may not match the code assigned to the conductance measurement.  Field validity codes currently in use are:</definition>
                </textDomain>
              </nonNumericDomain>
            </nominal>
          </measurementScale>
          <missingValueCode>
            <code>-9</code>
            <codeExplanation>Missing Value</codeExplanation>
          </missingValueCode>
        </attribute>
        <attribute>
          <attributeName>RG Ppt</attributeName>
          <attributeLabel>RG Ppt</attributeLabel>
          <attributeDefinition>RG ppt - Precipitation amount as measured by the rain gage in millimeters. Trace amounts are indicated by -7.00.</attributeDefinition>
          <storageType>string</storageType>
          <measurementScale>
            <nominal>
              <nonNumericDomain>
                <textDomain>
                  <definition>RG ppt - Precipitation amount as measured by the rain gage in millimeters. Trace amounts are indicated by -7.00.</definition>
                </textDomain>
              </nonNumericDomain>
            </nominal>
          </measurementScale>
          <missingValueCode>
            <code>-9</code>
            <codeExplanation>Missing Value</codeExplanation>
          </missingValueCode>
        </attribute>
        <attribute>
          <attributeName>Sub Ppt</attributeName>
          <attributeLabel>Sub Ppt</attributeLabel>
          <attributeDefinition>Sub ppt - Precipitation amount used by NADP/NTN in calculating weighted-mean concentrations, depositions and precipitation totals.  In most cases sub ppt equals the rain gage reading.  Where the rain gage reading is a trace amount, sub ppt is assigned a value of 0.127mm; in cases where the rain gage reading is missing or invalid, sub ppt is calculated by converting the sample volume to its equivalent depth. (The area of the sampler bucket used for this conversion is 678.9 square centimeters.)</attributeDefinition>
          <storageType>string</storageType>
          <measurementScale>
            <nominal>
              <nonNumericDomain>
                <textDomain>
                  <definition>Sub ppt - Precipitation amount used by NADP/NTN in calculating weighted-mean concentrations, depositions and precipitation totals.  In most cases sub ppt equals the rain gage reading.  Where the rain gage reading is a trace amount, sub ppt is assigned a value of 0.127mm; in cases where the rain gage reading is missing or invalid, sub ppt is calculated by converting the sample volume to its equivalent depth. (The area of the sampler bucket used for this conversion is 678.9 square centimeters.)</definition>
                </textDomain>
              </nonNumericDomain>
            </nominal>
          </measurementScale>
          <missingValueCode>
            <code>-9</code>
            <codeExplanation>Missing Value</codeExplanation>
          </missingValueCode>
        </attribute>
        <attribute>
          <attributeName>Lab Type</attributeName>
          <attributeLabel>Lab Type</attributeLabel>
          <attributeDefinition>Lab type - A code indicating the condition of the sample upon arrival at the CAL</attributeDefinition>
          <storageType>string</storageType>
          <measurementScale>
            <nominal>
              <nonNumericDomain>
                <textDomain>
                  <definition>Lab type - A code indicating the condition of the sample upon arrival at the CAL</definition>
                </textDomain>
              </nonNumericDomain>
            </nominal>
          </measurementScale>
          <missingValueCode>
            <code>-9</code>
            <codeExplanation>Missing Value</codeExplanation>
          </missingValueCode>
        </attribute>
        <attribute>
          <attributeName>Valcode</attributeName>
          <attributeLabel>Valcode</attributeLabel>
          <attributeDefinition>Valcode -  A code which indicates whether a sample is considered valid according to NADP/NTN data validation rules.  In the case of a valid sample, the code indicates how the sample is used in calculations of weighted-mean concentrations, depositions and data completeness estimates.</attributeDefinition>
          <storageType>string</storageType>
          <measurementScale>
            <nominal>
              <nonNumericDomain>
                <textDomain>
                  <definition>Valcode -  A code which indicates whether a sample is considered valid according to NADP/NTN data validation rules.  In the case of a valid sample, the code indicates how the sample is used in calculations of weighted-mean concentrations, depositions and data completeness estimates.</definition>
                </textDomain>
              </nonNumericDomain>
            </nominal>
          </measurementScale>
          <!--No missing value/character in database (datafilevarible/errorcode)-->
        </attribute>
        <attribute>
          <attributeName>Invalcode</attributeName>
          <attributeLabel>Invalcode</attributeLabel>
          <attributeDefinition>Invalcode - A series of codes assigned to samples which are considered invalid by NADP/NTN for the purposes of computing weighted-mean concentrations, depositions and data completeness estimates.  The codes indicate the reasons for invalidation.</attributeDefinition>
          <storageType>string</storageType>
          <measurementScale>
            <nominal>
              <nonNumericDomain>
                <textDomain>
                  <definition>Invalcode - A series of codes assigned to samples which are considered invalid by NADP/NTN for the purposes of computing weighted-mean concentrations, depositions and data completeness estimates.  The codes indicate the reasons for invalidation.</definition>
                </textDomain>
              </nonNumericDomain>
            </nominal>
          </measurementScale>
          <!--No missing value/character in database (datafilevarible/errorcode)-->
        </attribute>
        <attribute>
          <attributeName>Notes</attributeName>
          <attributeLabel>Notes</attributeLabel>
          <attributeDefinition>Notes - Coded summary of the CAL screening codes and remarks written on the Field Observer Report form by field personnel, CAL staff and Coordination Office staffnone  string nominal</attributeDefinition>
          <storageType>string</storageType>
          <measurementScale>
            <nominal>
              <nonNumericDomain>
                <textDomain>
                  <definition>Notes - Coded summary of the CAL screening codes and remarks written on the Field Observer Report form by field personnel, CAL staff and Coordination Office staffnone  string nominal</definition>
                </textDomain>
              </nonNumericDomain>
            </nominal>
          </measurementScale>
          <!--No missing value/character in database (datafilevarible/errorcode)-->
        </attribute>
      </attributeList>
    </dataTable>
  </dataset>
  <additionalMetadata>
    <metadata>
      <unitList>
        <unit id="mm-dd-yyyy"/>
      </unitList>
    </metadata>
  </additionalMetadata>
</eml:eml>
