<?xml version="1.0" encoding="UTF-8"?>
<eml:eml packageId="knb-lter-bnz.16.18" scope="system"
  system="https://pasta.lternet.edu"
  xmlns:ds="eml://ecoinformatics.org/dataset-2.1.0"
  xmlns:eml="eml://ecoinformatics.org/eml-2.1.1"
  xmlns:stmml="http://www.xml-cml.org/schema/stmml-1.1"
  xmlns:xsi="http://www.w3.org/2001/XMLSchema-instance" xsi:schemaLocation="eml://ecoinformatics.org/eml-2.1.0&#xa;&#x9;&#x9;&#x9;&#x9;http://nis.lternet.edu/schemas/EML/eml-2.1.0/eml.xsd">
  <access authSystem="https://pasta.lternet.edu/authentication"
    order="allowFirst" scope="document" system="https://pasta.lternet.edu">
    <allow>
      <principal>uid=BNZ,o=lter,dc=ecoinformatics,dc=org</principal>
      <permission>all</permission>
    </allow>
    <allow>
      <principal>public</principal>
      <permission>read</permission>
    </allow>
  </access>
  <dataset>
    <shortName>knb-lter-bnz.16.18</shortName>
    <title>Tree regeneration after fire: Yukon Lodgepole Pine Surveys, mineral soil analysis</title>
    <creator>
      <individualName>
        <givenName>Jill</givenName>
        <surName>Johnstone</surName>
      </individualName>
      <positionName>Senior Investigator</positionName>
      <address>
        <deliveryPoint>Department of Biology;  University of Saskatchewan;  112 Science Place</deliveryPoint>
        <city>Saskatoon</city>
        <administrativeArea>Saskatchewan</administrativeArea>
        <postalCode>S7N 5E2</postalCode>
        <country>Canada</country>
      </address>
      <phone phonetype="voice">(306) 966-4421</phone>
      <phone phonetype="fax">(306) 966-4461</phone>
      <electronicMailAddress>jill.johnstone@usask.ca</electronicMailAddress>
      <onlineUrl>http://homepage.usask.ca/~jfj445/</onlineUrl>
    </creator>
    <creator>
      <organizationName>Bonanza Creek LTER</organizationName>
      <address>
        <deliveryPoint>Boreal Ecology Cooperative Research Unit </deliveryPoint>
        <deliveryPoint>University of Alaska Fairbanks</deliveryPoint>
        <deliveryPoint>P.O. Box 756780 </deliveryPoint>
        <city>Fairbanks</city>
        <administrativeArea>AK</administrativeArea>
        <postalCode>99775</postalCode>
        <country>USA</country>
      </address>
      <phone phonetype="voice">907-474-6364</phone>
      <phone phonetype="fax">907-474-6251</phone>
      <electronicMailAddress>uaf-bnz-im-team@alaska.edu</electronicMailAddress>
      <onlineUrl>http://www.lter.uaf.edu</onlineUrl>
    </creator>
    <metadataProvider>
      <organizationName>Bonanza Creek LTER</organizationName>
      <positionName>Data Manager</positionName>
      <address>
        <deliveryPoint>Boreal Ecology Cooperative Research Unit </deliveryPoint>
        <deliveryPoint>University of Alaska Fairbanks</deliveryPoint>
        <deliveryPoint>P.O. Box 756780 </deliveryPoint>
        <city>Fairbanks</city>
        <administrativeArea>AK</administrativeArea>
        <postalCode>99775</postalCode>
        <country>USA</country>
      </address>
      <phone phonetype="voice">907-474-6364</phone>
      <phone phonetype="fax">907-474-6251</phone>
      <electronicMailAddress>uaf-bnz-im-team@alaska.edu</electronicMailAddress>
      <onlineUrl>http://www.lter.uaf.edu</onlineUrl>
    </metadataProvider>
    <associatedParty>
      <individualName>
        <givenName>F.S.</givenName>
        <givenName>Stuart</givenName>
        <surName>Chapin</surName>
      </individualName>
      <positionName>Professor of Ecology</positionName>
      <address>
        <deliveryPoint>Department of Biology and Wildlife;  Institute of Arctic Biology:  University of Alaska Fairbanks 193 Arctic Health P.O. Box 757000</deliveryPoint>
        <city>Fairbanks</city>
        <administrativeArea>AK </administrativeArea>
        <postalCode>99775</postalCode>
        <country>United States</country>
      </address>
      <phone phonetype="voice">(907) 474-7922</phone>
      <phone phonetype="fax">(907) 474-6967</phone>
      <role>Associated investigator</role>
    </associatedParty>
    <pubDate>2003-10-14</pubDate>
    <abstract>
      <para>This dataset documents pre- and post-fire tree composition of stands along the current range edge of lodgepole pine (Pinus contorta ssp. latifolia) in the Yukon Territory. The objective of the study was to evaluate whether pine populations at the range edge appear to be expanding in association with fire disturbance. 

This dataset has been published as: Jill F. Johnstone and F. Stuart Chapin, 2003. Non-equilibrium succession dynamics indicate continued northern migration of lodgepole pine. Global Change Biology, 9(10): 1401-1409. </para>
    </abstract>
    <keywordSet>
      <keyword>fires</keyword>
      <keyword>Pinus contorta</keyword>
      <keyword>Yukon Territory</keyword>
      <keyword>post-fire regeneration</keyword>
      <keyword>tree seedlings</keyword>
      <keyword>burn severity</keyword>
      <keyword>organic layer</keyword>
      <keyword>soil pH</keyword>
      <keyword>soil moisture</keyword>
      <keywordThesaurus>Disturbance</keywordThesaurus>
    </keywordSet>
    <intellectualRights>
      <section>
        <title>Access to Data</title>
        <para>While metadata will be freely available to those requesting it, the data manager will assure that any restrictions on access to data sets in the database will be enforced. Data will not be released without proper permission first being obtained from the investigator who generated the data. </para>
      </section>
      <section>
        <title>Use of data</title>
        <para> Researchers should receive adequate acknowledgment for the use of their data by others and should be provided with copies of publications using their data. Users of data from the data base must be aware that data is not to be sold or redistributed.</para>
      </section>
      <section>
        <title>Citing Bonanza Creek LTER Datasets</title>
        <para>It is considered a matter of professional ethics to acknowledge the work of other scientists. Thus, the Data User will properly cite the Data Set in any publications or in the metadata of any derived data products that were produced using the Data Set. </para>
      </section>
    </intellectualRights>
    <distribution id="distributionReference">
      <online>
        <url function="information">http://www.lter.uaf.edu/data_detail.cfm?datafile_pkey=16</url>
      </online>
    </distribution>
    <coverage>
      <geographicCoverage id="geoReference">
        <geographicDescription>Site information unavailable</geographicDescription>
        <boundingCoordinates>
          <westBoundingCoordinate>-136.7703</westBoundingCoordinate>
          <eastBoundingCoordinate>-134.01145</eastBoundingCoordinate>
          <northBoundingCoordinate>63.84116667</northBoundingCoordinate>
          <southBoundingCoordinate>60.81201667</southBoundingCoordinate>
        </boundingCoordinates>
      </geographicCoverage>
      <temporalCoverage>
        <rangeOfDates>
          <beginDate>
            <calendarDate>2003-05-01</calendarDate>
          </beginDate>
          <endDate>
            <calendarDate>2003-10-01</calendarDate>
          </endDate>
        </rangeOfDates>
      </temporalCoverage>
    </coverage>
    <maintenance>
      <description>
        <section>
          <title>Status</title>
          <para>Completed</para>
        </section>
      </description>
    </maintenance>
    <contact>
      <positionName>Information Manager</positionName>
      <organizationName>LTER Network Office</organizationName>
      <address>
        <deliveryPoint>UNM Biology Department, MSC03-2020</deliveryPoint>
        <deliveryPoint>1 University of New Mexico</deliveryPoint>
        <city>Albuquerque</city>
        <administrativeArea>NM</administrativeArea>
        <postalCode>87131-0001</postalCode>
        <country>USA</country>
      </address>
      <phone phonetype="voice">505 277-2535</phone>
      <phone phonetype="fax">505 277-2541</phone>
      <electronicMailAddress>tech-support@lternet.edu</electronicMailAddress>
      <onlineUrl>http://www.lternet.edu</onlineUrl>
    </contact>
    <contact>
      <organizationName>Bonanza Creek LTER</organizationName>
      <positionName>Data Manager</positionName>
      <address>
        <deliveryPoint>Boreal Ecology Cooperative Research Unit </deliveryPoint>
        <deliveryPoint>University of Alaska Fairbanks</deliveryPoint>
        <deliveryPoint>P.O. Box 756780 </deliveryPoint>
        <city>Fairbanks</city>
        <administrativeArea>AK</administrativeArea>
        <postalCode>99775</postalCode>
        <country>USA</country>
      </address>
      <phone phonetype="voice">907-474-6364</phone>
      <phone phonetype="fax">907-474-6251</phone>
      <electronicMailAddress>uaf-bnz-im-team@alaska.edu</electronicMailAddress>
      <onlineUrl>http://www.lter.uaf.edu</onlineUrl>
    </contact>
    <publisher>
      <organizationName>Bonanza Creek LTER</organizationName>
      <address>
        <deliveryPoint>Boreal Ecology Cooperative Research Unit </deliveryPoint>
        <deliveryPoint>University of Alaska Fairbanks</deliveryPoint>
        <deliveryPoint>P.O. Box 756780 </deliveryPoint>
        <city>Fairbanks</city>
        <administrativeArea>AK</administrativeArea>
        <postalCode>99775</postalCode>
        <country>USA</country>
      </address>
      <phone phonetype="voice">907-474-6364</phone>
      <phone phonetype="fax">907-474-6251</phone>
    </publisher>
    <pubPlace>Bonanza Creek LTER</pubPlace>
    <methods>
      <methodStep>
        <description>
          <section>
            <title>Experimental Design</title>
            <para>We used a multi-step procedure to select sample sites along the edge of the northern lodgepole pine range. We first identified all road-accessible burns between 5 and 50 years of age in southern and central Yukon Territory using federal fire inventory maps (Indian and Northern Affairs Canada, Whitehorse, Yukon). We visually inspected burns to determine whether deadwood from the recent fire was sufficiently well-preserved to identify the genus of pre-fire individuals. 

We classed the resultant set of burns into one of three categories describing their position relative to the current pine distribution, as follows: 
1) outside range: no evidence of pine being present, 
2) range interior: burns occurred in or adjacent to stands dominated (&gt;50% cover) by mature lodgepole pine, and 
3) range edge: sites with trace amounts of mature pine but with no dominant pine stands &gt;0.5 ha. 

We sampled all road-accessible burns along the range edge that met our sample criteria, plus two additional, isolated burns that were accessed by boat along the Pelly River. The resultant sample included 6 burns, ranging in age from 6 to 48 years. Within each burn, we sampled stands where pine was present in the pre-fire community, as evidenced by standing dead pine trees. In three of the burns, we sampled all accessible pine stands; in burns where pine was more widespread, we selected stands to represent the range of observed pine regeneration densities. We measured a total of 17 stands, with 1 to 5 stands per burn. All of the selected stands experienced 100% mortality of standing trees as a result of the most recent fire. Ages of the pre-fire stands ranged from 60-130 years. All sampling was done in 2001. </para>
          </section>
          <section>
            <title>Methods</title>
            <para>We sampled five randomly-positioned 2x50 m transects (0.05 ha) within a 0.25 ha area in each stand and counted the total number of seedlings or saplings of each tree species. We pooled seedlings of black and white spruce (Picea mariana and P. glauca) because small seedlings of these two species could not be differentiated. We measured the basal diameters of all trees in the pre-fire community from standing or fallen deadwood that had been rooted within a sampling transect prior to the fire. Genus determinations of dead trees were based on cone, bark and branching morphology. We did not count trees that were dead at the time of the fire, judging from deep charring patterns on the bole. 

We measured organic-layer depths at 55 points at 5 m intervals along the center line of each transect. The upper 15cm of mineral soil was sampled using a 2.5 cm corer at five random points for laboratory analysis of soil pH and gravimetric moisture content at field capacity. The age of the pre-fire stand was determined from annual ring counts of 5-10 basal disks or tree cores (30 cm above the uppermost roots) obtained from a mixture of dead pine and spruce trees systematically sampled to represent the largest, and hence oldest, trees in the stand. 

Species codes: 

LP = lodgepole pine (Pinus contorta) 
WS = white spruce (Picea glauca) 
BS = black spruce (Picea mariana) 
S = unknown spruce, black or white 
PB = paper birch (Betula papyrifera) 
BP = balsam poplar (Populus balsamifera) 
TA = trembling aspen (Populus tremuloides) 
UNK = unknown tree species</para>
          </section>
        </description>
      </methodStep>
      <!--sampling info missing (datafile/samp_freq)-->
    </methods>
    <dataTable>
      <entityName>187_1594_min_soil.txt</entityName>
      <entityDescription>Min_soil.txt
	
Contains data on 5 mineral soil samples collected per site and analyzed in the lab for moisture content at field capacity and pH (using an electronic pH meter).

Data in columns.
</entityDescription>
      <physical>
        <objectName>187_1594_min_soil.txt</objectName>
        <dataFormat>
          <textFormat>
            <numHeaderLines>1</numHeaderLines>
            <recordDelimiter>\n</recordDelimiter>
            <physicalLineDelimiter>\n</physicalLineDelimiter>
            <attributeOrientation>column</attributeOrientation>
            <simpleDelimited>
              <fieldDelimiter>\t</fieldDelimiter>
            </simpleDelimited>
          </textFormat>
        </dataFormat>
        <distribution>
          <online>
            <url function="download">https://pasta.lternet.edu/package/data/eml/knb-lter-bnz/16/18/d3b5de31fb5503c4ea7e27206a90c8a1</url>
          </online>
        </distribution>
      </physical>
      <attributeList>
        <attribute>
          <attributeName>Site</attributeName>
          <attributeLabel>Site</attributeLabel>
          <attributeDefinition>A list of sites for this dataset.</attributeDefinition>
          <storageType>string</storageType>
          <measurementScale>
            <nominal>
              <nonNumericDomain>
                <textDomain>
                  <definition>A list of sites for this dataset.</definition>
                </textDomain>
              </nonNumericDomain>
            </nominal>
          </measurementScale>
          <!--No missing value/character in database (datafilevarible/errorcode)-->
        </attribute>
        <attribute>
          <attributeName>Transect</attributeName>
          <attributeLabel>Transect</attributeLabel>
          <attributeDefinition>Transect id</attributeDefinition>
          <storageType>string</storageType>
          <measurementScale>
            <nominal>
              <nonNumericDomain>
                <textDomain>
                  <definition>Transect id</definition>
                </textDomain>
              </nonNumericDomain>
            </nominal>
          </measurementScale>
          <!--No missing value/character in database (datafilevarible/errorcode)-->
        </attribute>
        <attribute>
          <attributeName>Depth</attributeName>
          <attributeLabel>Depth</attributeLabel>
          <attributeDefinition>The depth range of sample  from surface</attributeDefinition>
          <storageType>string</storageType>
          <measurementScale>
            <nominal>
              <nonNumericDomain>
                <textDomain>
                  <definition>The depth range of sample  from surface</definition>
                </textDomain>
              </nonNumericDomain>
            </nominal>
          </measurementScale>
          <!--No missing value/character in database (datafilevarible/errorcode)-->
        </attribute>
        <attribute>
          <attributeName>Wet wt.</attributeName>
          <attributeLabel>Wet wt.</attributeLabel>
          <attributeDefinition>The wet weight of the soil sample at field capacity</attributeDefinition>
          <storageType>float</storageType>
          <measurementScale>
            <ratio>
              <unit>
                <standardUnit>gram</standardUnit>
              </unit>
              <numericDomain>
                <numberType>real</numberType>
                <bounds>
                  <minimum exclusive="false">0.000</minimum>
                  <maximum exclusive="false">1000.001</maximum>
                </bounds>
              </numericDomain>
            </ratio>
          </measurementScale>
          <!--No missing value/character in database (datafilevarible/errorcode)-->
        </attribute>
        <attribute>
          <attributeName>Dry wt.</attributeName>
          <attributeLabel>Dry wt.</attributeLabel>
          <attributeDefinition>The dry weight of the soil sample</attributeDefinition>
          <storageType>float</storageType>
          <measurementScale>
            <ratio>
              <unit>
                <standardUnit>gram</standardUnit>
              </unit>
              <numericDomain>
                <numberType>real</numberType>
                <bounds>
                  <minimum exclusive="false">0.000</minimum>
                  <maximum exclusive="false">1000.001</maximum>
                </bounds>
              </numericDomain>
            </ratio>
          </measurementScale>
          <!--No missing value/character in database (datafilevarible/errorcode)-->
        </attribute>
        <attribute>
          <attributeName>% Moisture</attributeName>
          <attributeLabel>% Moisture</attributeLabel>
          <attributeDefinition>Percent moisture </attributeDefinition>
          <storageType>float</storageType>
          <measurementScale>
            <ratio>
              <unit>
                <customUnit>gH2O/gdrysoil</customUnit>
              </unit>
              <numericDomain>
                <numberType>real</numberType>
                <bounds>
                  <minimum exclusive="false">0.000</minimum>
                  <maximum exclusive="false">1.000</maximum>
                </bounds>
              </numericDomain>
            </ratio>
          </measurementScale>
          <!--No missing value/character in database (datafilevarible/errorcode)-->
        </attribute>
        <attribute>
          <attributeName>pH</attributeName>
          <attributeLabel>pH</attributeLabel>
          <attributeDefinition>PH measurment</attributeDefinition>
          <storageType>float</storageType>
          <measurementScale>
            <ratio>
              <unit>
                <standardUnit>dimensionless</standardUnit>
              </unit>
              <numericDomain>
                <numberType>real</numberType>
                <bounds>
                  <minimum exclusive="false">0.000</minimum>
                  <maximum exclusive="false">10.010</maximum>
                </bounds>
              </numericDomain>
            </ratio>
          </measurementScale>
          <!--No missing value/character in database (datafilevarible/errorcode)-->
        </attribute>
        <attribute>
          <attributeName>Org. Depth</attributeName>
          <attributeLabel>Org. Depth</attributeLabel>
          <attributeDefinition>Organic depth</attributeDefinition>
          <storageType>integer</storageType>
          <measurementScale>
            <ratio>
              <unit>
                <standardUnit>centimeter</standardUnit>
              </unit>
              <numericDomain>
                <numberType>real</numberType>
                <!--No minimum value recorded in database (datafilevaribles/minvalid)-->
              </numericDomain>
            </ratio>
          </measurementScale>
          <!--No missing value/character in database (datafilevarible/errorcode)-->
        </attribute>
        <attribute>
          <attributeName>Rock Depth</attributeName>
          <attributeLabel>Rock Depth</attributeLabel>
          <attributeDefinition>Rock depth</attributeDefinition>
          <storageType>integer</storageType>
          <measurementScale>
            <ratio>
              <unit>
                <standardUnit>centimeter</standardUnit>
              </unit>
              <numericDomain>
                <numberType>real</numberType>
                <!--No minimum value recorded in database (datafilevaribles/minvalid)-->
              </numericDomain>
            </ratio>
          </measurementScale>
          <missingValueCode>
            <code>&gt;45</code>
            <codeExplanation>Missing Value</codeExplanation>
          </missingValueCode>
        </attribute>
        <attribute>
          <attributeName>Notes</attributeName>
          <attributeLabel>Notes</attributeLabel>
          <attributeDefinition>Extra comments go here.</attributeDefinition>
          <storageType>string</storageType>
          <measurementScale>
            <nominal>
              <nonNumericDomain>
                <textDomain>
                  <definition>Extra comments go here.</definition>
                </textDomain>
              </nonNumericDomain>
            </nominal>
          </measurementScale>
          <!--No missing value/character in database (datafilevarible/errorcode)-->
        </attribute>
      </attributeList>
    </dataTable>
    <otherEntity id="187_1598_sites.txt">
      <entityName>187_1598_sites.txt</entityName>
      <entityDescription>Contains summary information for each sample site, including GPS locations and averages/sums of various parameters.</entityDescription>
      <physical>
        <objectName>187_1598_sites.txt</objectName>
        <dataFormat>
          <externallyDefinedFormat>
            <formatName>txt file</formatName>
          </externallyDefinedFormat>
        </dataFormat>
        <distribution>
          <online>
            <url function="download">https://pasta.lternet.edu/package/data/eml/knb-lter-bnz/16/18/797054f4601466fd08d4da3c9cf0643e</url>
          </online>
        </distribution>
      </physical>
      <entityType>txt file</entityType>
    </otherEntity>
  </dataset>
  <additionalMetadata>
    <metadata>
      <unitList>
        <unit id="gH2O/gdrysoil"/>
      </unitList>
    </metadata>
  </additionalMetadata>
</eml:eml>
