<?xml version="1.0" encoding="UTF-8"?>
<eml:eml packageId="knb-lter-bnz.193.15" scope="system"
  system="https://pasta.lternet.edu"
  xmlns:ds="eml://ecoinformatics.org/dataset-2.1.0"
  xmlns:eml="eml://ecoinformatics.org/eml-2.1.1"
  xmlns:stmml="http://www.xml-cml.org/schema/stmml-1.1"
  xmlns:xsi="http://www.w3.org/2001/XMLSchema-instance" xsi:schemaLocation="eml://ecoinformatics.org/eml-2.1.0&#xa;&#x9;&#x9;&#x9;&#x9;http://nis.lternet.edu/schemas/EML/eml-2.1.0/eml.xsd">
  <access authSystem="https://pasta.lternet.edu/authentication"
    order="allowFirst" scope="document" system="https://pasta.lternet.edu">
    <allow>
      <principal>uid=BNZ,o=lter,dc=ecoinformatics,dc=org</principal>
      <permission>all</permission>
    </allow>
    <allow>
      <principal>public</principal>
      <permission>read</permission>
    </allow>
  </access>
  <dataset>
    <shortName>knb-lter-bnz.193.15</shortName>
    <title>Tree ring width data for trees adjacent to the BBC collapse scar</title>
    <creator>
      <individualName>
        <givenName>Isla</givenName>
        <surName>Myers-Smith</surName>
      </individualName>
      <!--No position recorded in Database ( pers/position when lead_contact=1 )-->
      <address>
        <deliveryPoint>405 CW Biological Sciences Building, Dept. Biological Sciences University of Alberta, , AB, T6G 2E9</deliveryPoint>
        <city>Edmonton</city>
        <administrativeArea>Aberta</administrativeArea>
        <postalCode>T6G 2E9</postalCode>
        <country>Canada</country>
      </address>
      <phone phonetype="voice">(780) 492-1295</phone>
      <!--No fax info present in Database  ( pers/fax when lead_contact=1 )-->
      <electronicMailAddress>myerssmi@ualberta.ca</electronicMailAddress>
      <onlineUrl>http://www.ualberta.ca/~myerssmi/home.html</onlineUrl>
    </creator>
    <metadataProvider>
      <organizationName>Bonanza Creek LTER</organizationName>
      <positionName>Data Manager</positionName>
      <address>
        <deliveryPoint>Boreal Ecology Cooperative Research Unit </deliveryPoint>
        <deliveryPoint>University of Alaska Fairbanks</deliveryPoint>
        <deliveryPoint>P.O. Box 756780 </deliveryPoint>
        <city>Fairbanks</city>
        <administrativeArea>AK</administrativeArea>
        <postalCode>99775</postalCode>
        <country>USA</country>
      </address>
      <phone phonetype="voice">907-474-6364</phone>
      <phone phonetype="fax">907-474-6251</phone>
      <electronicMailAddress>uaf-bnz-im-team@alaska.edu</electronicMailAddress>
      <onlineUrl>http://www.lter.uaf.edu</onlineUrl>
    </metadataProvider>
    <associatedParty>
      <individualName>
        <givenName>F.S.</givenName>
        <givenName>Stuart</givenName>
        <surName>Chapin</surName>
      </individualName>
      <positionName>Professor of Ecology</positionName>
      <address>
        <deliveryPoint>Department of Biology and Wildlife;  Institute of Arctic Biology:  University of Alaska Fairbanks 193 Arctic Health P.O. Box 757000</deliveryPoint>
        <city>Fairbanks</city>
        <administrativeArea>AK </administrativeArea>
        <postalCode>99775</postalCode>
        <country>United States</country>
      </address>
      <phone phonetype="voice">(907) 474-7922</phone>
      <phone phonetype="fax">(907) 474-6967</phone>
      <role>Associated investigator</role>
    </associatedParty>
    <associatedParty>
      <individualName>
        <givenName>Jennifer</givenName>
        <givenName>W.</givenName>
        <surName>Harden</surName>
      </individualName>
      <positionName>USGS, Adjunct Professor of Soil Science, University of Alaska Fairbanks</positionName>
      <address>
        <deliveryPoint>U.S. Geological Survey 345 Middlefield Road, MS 962</deliveryPoint>
        <city>Menlo Park</city>
        <administrativeArea>CA</administrativeArea>
        <postalCode>94025</postalCode>
        <country>United States</country>
      </address>
      <phone phonetype="voice">(650) 329-4949</phone>
      <phone phonetype="fax">(650) 329-4920</phone>
      <role>Associated investigator</role>
    </associatedParty>
    <associatedParty>
      <individualName>
        <givenName>A.</givenName>
        <givenName>David</givenName>
        <surName>McGuire</surName>
      </individualName>
      <positionName>Assistant Professor of Landscape Ecology</positionName>
      <address>
        <deliveryPoint>Alaska Cooperative Fish and Wildlife Research Unit University of Alaska  Fairbanks  Irving I Building</deliveryPoint>
        <city>Fairbanks</city>
        <administrativeArea>AK </administrativeArea>
        <postalCode>99775</postalCode>
        <country>United States</country>
      </address>
      <phone phonetype="voice">(907) 474-6242</phone>
      <phone phonetype="fax">(907) 474-7872</phone>
      <role>Associated investigator</role>
    </associatedParty>
    <pubDate>2005-11-12</pubDate>
    <abstract>
      <para>This data set contains ring width data for trees adjacent to the BBC collapse scar. We used dendrochronology to link paleoecological data with modern observations of the response of this system to fire.  Tree ring analysis provides a record of the response of the black spruce trees to changing climate and ongoing thermokarst, allowing for speculation about the response of this landscape to future climate change.  We harvested twenty-one fire-killed tree cross-sections from the margin of the collapse and in the surrounding burn in the growing season of 2004.  We measured ring width (sliding stage, Velmex Inc., Bloomfield, NY, USA, resolution: 0.001mm) for two radial transects of the tree cross-sections.  To remove the age-related variation in growth rate, we crossdated trees with Cofecha and standardized ring-widths with the program ARSTAN (Richard Holmes, Laboratory of Tree Ring Research, University of Arizona).  We recorded the presence of compression-wood for each tree ring, an indicator of leaning which is interpreted to be related to frost-heaving and permafrost collapse (Camill and Clark, 1998).  This data set includes temperature and precipitation data from a composite of climate data from the University Experiment Station (1906-1947) and Fairbanks International Airport (1948-2000) (Wilmking et al., 2004). </para>
    </abstract>
    <keywordSet>
      <keyword>dendrochronology</keyword>
      <keyword>tree rings</keyword>
      <keyword>paleoecological</keyword>
      <keyword>black spruce</keyword>
      <keyword>thermokarst</keyword>
      <keyword>precipitation</keyword>
      <keyword>temperature</keyword>
      <keywordThesaurus>Succession</keywordThesaurus>
    </keywordSet>
    <intellectualRights>
      <section>
        <title>Access to Data</title>
        <para>While metadata will be freely available to those requesting it, the data manager will assure that any restrictions on access to data sets in the database will be enforced. Data will not be released without proper permission first being obtained from the investigator who generated the data. </para>
      </section>
      <section>
        <title>Use of data</title>
        <para> Researchers should receive adequate acknowledgment for the use of their data by others and should be provided with copies of publications using their data. Users of data from the data base must be aware that data is not to be sold or redistributed.</para>
      </section>
      <section>
        <title>Citing Bonanza Creek LTER Datasets</title>
        <para>It is considered a matter of professional ethics to acknowledge the work of other scientists. Thus, the Data User will properly cite the Data Set in any publications or in the metadata of any derived data products that were produced using the Data Set. </para>
      </section>
    </intellectualRights>
    <distribution id="distributionReference">
      <online>
        <url function="information">http://www.lter.uaf.edu/data_detail.cfm?datafile_pkey=193</url>
      </online>
    </distribution>
    <coverage>
      <geographicCoverage id="geoReference">
        <geographicDescription>Site information unavailable</geographicDescription>
        <boundingCoordinates>
          <westBoundingCoordinate>-148.3334833</westBoundingCoordinate>
          <eastBoundingCoordinate>-148.3334833</eastBoundingCoordinate>
          <northBoundingCoordinate>64.6408</northBoundingCoordinate>
          <southBoundingCoordinate>64.6408</southBoundingCoordinate>
        </boundingCoordinates>
      </geographicCoverage>
      <temporalCoverage>
        <rangeOfDates>
          <beginDate>
            <calendarDate>2003-03-06</calendarDate>
          </beginDate>
          <endDate>
            <calendarDate>2004-09-18</calendarDate>
          </endDate>
        </rangeOfDates>
      </temporalCoverage>
    </coverage>
    <maintenance>
      <description>
        <section>
          <title>Status</title>
          <para>Completed</para>
        </section>
      </description>
    </maintenance>
    <contact>
      <organizationName>LTER Network Office</organizationName>
      <positionName>LNO Information Manager</positionName>
    </contact>
    <contact>
      <organizationName>Bonanza Creek LTER</organizationName>
      <positionName>Data Manager</positionName>
      <address>
        <deliveryPoint>Boreal Ecology Cooperative Research Unit </deliveryPoint>
        <deliveryPoint>University of Alaska Fairbanks</deliveryPoint>
        <deliveryPoint>P.O. Box 756780 </deliveryPoint>
        <city>Fairbanks</city>
        <administrativeArea>AK</administrativeArea>
        <postalCode>99775</postalCode>
        <country>USA</country>
      </address>
      <phone phonetype="voice">907-474-6364</phone>
      <phone phonetype="fax">907-474-6251</phone>
      <electronicMailAddress>uaf-bnz-im-team@alaska.edu</electronicMailAddress>
      <onlineUrl>http://www.lter.uaf.edu</onlineUrl>
    </contact>
    <publisher>
      <organizationName>Bonanza Creek LTER</organizationName>
      <address>
        <deliveryPoint>Boreal Ecology Cooperative Research Unit </deliveryPoint>
        <deliveryPoint>University of Alaska Fairbanks</deliveryPoint>
        <deliveryPoint>P.O. Box 756780 </deliveryPoint>
        <city>Fairbanks</city>
        <administrativeArea>AK</administrativeArea>
        <postalCode>99775</postalCode>
        <country>USA</country>
      </address>
      <phone phonetype="voice">907-474-6364</phone>
      <phone phonetype="fax">907-474-6251</phone>
    </publisher>
    <pubPlace>Bonanza Creek LTER</pubPlace>
    <methods>
      <methodStep>
        <description>
          <section>
            <title>Experimental Design</title>
            <para>This data set contains ring width data for trees adjacent to the BBC collapse scar. </para>
          </section>
          <section>
            <title>Methods</title>
            <para>Field methods:	We harvested twenty-one fire-killed tree cross-sections from the margin of the collapse and in the surrounding burn in the growing season of 2004.  
Lab methods:	 We measured ring width (sliding stage, Velmex Inc., Bloomfield, NY, USA, resolution: 0.001mm) for two radial transects of the tree cross-sections.  To remove the age-related variation in growth rate, we crossdated trees with Cofecha and standardized ring-widths with the program ARSTAN (Richard Holmes, Laboratory of Tree Ring Research, University of Arizona).  We recorded the presence of compression-wood for each tree ring, an indicator of leaning which is interpreted to be related to frost-heaving and permafrost collapse (Camill and Clark, 1998).  
</para>
          </section>
        </description>
      </methodStep>
      <sampling>
        <studyExtent>
          <coverage>
            <geographicCoverage>
              <references>geoReference</references>
            </geographicCoverage>
            <temporalCoverage>
              <rangeOfDates>
                <beginDate>
                  <calendarDate>2003-03-06</calendarDate>
                </beginDate>
                <endDate>
                  <calendarDate>2004-09-18</calendarDate>
                </endDate>
              </rangeOfDates>
            </temporalCoverage>
          </coverage>
        </studyExtent>
        <samplingDescription>
          <section>
            <title>Sampling Frequency</title>
            <para>once</para>
          </section>
        </samplingDescription>
      </sampling>
    </methods>
    <dataTable>
      <entityName>bog_tree_ring_data.txt</entityName>
      <!--No data table description found (df_loc/df_desc)-->
      <physical>
        <objectName>bog_tree_ring_data.txt</objectName>
        <dataFormat>
          <textFormat>
            <numHeaderLines>1</numHeaderLines>
            <recordDelimiter>\n</recordDelimiter>
            <physicalLineDelimiter>\n</physicalLineDelimiter>
            <attributeOrientation>column</attributeOrientation>
            <simpleDelimited>
              <fieldDelimiter>\t</fieldDelimiter>
            </simpleDelimited>
          </textFormat>
        </dataFormat>
        <distribution>
          <online>
            <url function="download">https://pasta.lternet.edu/package/data/eml/knb-lter-bnz/193/15/35412b29c377fb2cce3d5ad90cb3be36</url>
          </online>
        </distribution>
      </physical>
      <attributeList>
        <attribute>
          <attributeName>Year</attributeName>
          <attributeLabel>Year</attributeLabel>
          <attributeDefinition>Year of measurement</attributeDefinition>
          <storageType>integer</storageType>
          <measurementScale>
            <ratio>
              <unit>
                <customUnit>yyyy</customUnit>
              </unit>
              <numericDomain>
                <numberType>real</numberType>
                <!--No minimum value recorded in database (datafilevaribles/minvalid)-->
              </numericDomain>
            </ratio>
          </measurementScale>
          <!--No missing value/character in database (datafilevarible/errorcode)-->
        </attribute>
        <attribute>
          <attributeName>Tree Name</attributeName>
          <attributeLabel>Tree Name</attributeLabel>
          <attributeDefinition>tree identification name</attributeDefinition>
          <storageType>string</storageType>
          <measurementScale>
            <nominal>
              <nonNumericDomain>
                <textDomain>
                  <definition>tree identification name</definition>
                </textDomain>
              </nonNumericDomain>
            </nominal>
          </measurementScale>
          <!--No missing value/character in database (datafilevarible/errorcode)-->
        </attribute>
        <attribute>
          <attributeName>Tree location</attributeName>
          <attributeLabel>Tree location</attributeLabel>
          <attributeDefinition>description of tree location</attributeDefinition>
          <storageType>string</storageType>
          <measurementScale>
            <nominal>
              <nonNumericDomain>
                <textDomain>
                  <definition>description of tree location</definition>
                </textDomain>
              </nonNumericDomain>
            </nominal>
          </measurementScale>
          <!--No missing value/character in database (datafilevarible/errorcode)-->
        </attribute>
        <attribute>
          <attributeName>Tree Ring Widths (mm)</attributeName>
          <attributeLabel>Tree Ring Widths (mm)</attributeLabel>
          <attributeDefinition>Tree Ring Width</attributeDefinition>
          <storageType>float</storageType>
          <measurementScale>
            <ratio>
              <unit>
                <standardUnit>millimeter</standardUnit>
              </unit>
              <numericDomain>
                <numberType>real</numberType>
                <!--No minimum value recorded in database (datafilevaribles/minvalid)-->
              </numericDomain>
            </ratio>
          </measurementScale>
          <!--No missing value/character in database (datafilevarible/errorcode)-->
        </attribute>
        <attribute>
          <attributeName>Temperature (C, Growing Season: May, June, July, Aug)</attributeName>
          <attributeLabel>Temperature (C, Growing Season: May, June, July, Aug)</attributeLabel>
          <attributeDefinition>Temperature in Celsius during growing season (May, June, July, August)</attributeDefinition>
          <storageType>float</storageType>
          <measurementScale>
            <ratio>
              <unit>
                <standardUnit>celsius</standardUnit>
              </unit>
              <numericDomain>
                <numberType>real</numberType>
                <bounds>
                  <minimum exclusive="false">-50.000</minimum>
                  <maximum exclusive="false">50.000</maximum>
                </bounds>
              </numericDomain>
            </ratio>
          </measurementScale>
          <missingValueCode>
            <code>-9999</code>
            <codeExplanation>Missing Value</codeExplanation>
          </missingValueCode>
        </attribute>
        <attribute>
          <attributeName>Precipitation (mm, Growing Season: May, June, July, Aug)</attributeName>
          <attributeLabel>Precipitation (mm, Growing Season: May, June, July, Aug)</attributeLabel>
          <attributeDefinition>Precipitation in millimeters during growing season (May, June, July, August)</attributeDefinition>
          <storageType>float</storageType>
          <measurementScale>
            <ratio>
              <unit>
                <standardUnit>millimeter</standardUnit>
              </unit>
              <numericDomain>
                <numberType>real</numberType>
                <!--No minimum value recorded in database (datafilevaribles/minvalid)-->
              </numericDomain>
            </ratio>
          </measurementScale>
          <missingValueCode>
            <code>-9999</code>
            <codeExplanation>Missing Value</codeExplanation>
          </missingValueCode>
        </attribute>
      </attributeList>
    </dataTable>
  </dataset>
  <additionalMetadata>
    <metadata>
      <unitList>
        <unit id="yyyy"/>
      </unitList>
    </metadata>
  </additionalMetadata>
</eml:eml>
