<?xml version="1.0" encoding="UTF-8"?>
<eml:eml packageId="knb-lter-bnz.234.16" scope="system"
  system="https://pasta.lternet.edu"
  xmlns:ds="eml://ecoinformatics.org/dataset-2.1.0"
  xmlns:eml="eml://ecoinformatics.org/eml-2.1.1"
  xmlns:stmml="http://www.xml-cml.org/schema/stmml-1.1"
  xmlns:xsi="http://www.w3.org/2001/XMLSchema-instance" xsi:schemaLocation="eml://ecoinformatics.org/eml-2.1.0&#xa;&#x9;&#x9;&#x9;&#x9;http://nis.lternet.edu/schemas/EML/eml-2.1.0/eml.xsd">
  <access authSystem="https://pasta.lternet.edu/authentication"
    order="allowFirst" scope="document" system="https://pasta.lternet.edu">
    <allow>
      <principal>uid=BNZ,o=lter,dc=ecoinformatics,dc=org</principal>
      <permission>all</permission>
    </allow>
    <allow>
      <principal>public</principal>
      <permission>read</permission>
    </allow>
  </access>
  <dataset>
    <shortName>knb-lter-bnz.234.16</shortName>
    <title>Organic layer data from unburned black spruce stands used in the effects of variations in post-fire organic layer thickness studies in the Delta Junction region, 1995-2003</title>
    <creator>
      <individualName>
        <givenName>Eric</givenName>
        <givenName>S.</givenName>
        <surName>Kasischke</surName>
      </individualName>
      <positionName>Senior Investigator</positionName>
      <address>
        <deliveryPoint>P.O. Box 134001</deliveryPoint>
        <city>Ann Arbor</city>
        <administrativeArea>MI</administrativeArea>
        <postalCode>48105</postalCode>
        <country>United States</country>
      </address>
      <phone phonetype="voice">(301) 405-2179</phone>
      <phone phonetype="fax">(301) 314-9299</phone>
      <electronicMailAddress>ekasisch@geog.umd.edu</electronicMailAddress>
      <onlineUrl>http://www.geog.umd.edu/people/Kasischke.html</onlineUrl>
    </creator>
    <metadataProvider>
      <organizationName>Bonanza Creek LTER</organizationName>
      <positionName>Data Manager</positionName>
      <address>
        <deliveryPoint>Boreal Ecology Cooperative Research Unit </deliveryPoint>
        <deliveryPoint>University of Alaska Fairbanks</deliveryPoint>
        <deliveryPoint>P.O. Box 756780 </deliveryPoint>
        <city>Fairbanks</city>
        <administrativeArea>AK</administrativeArea>
        <postalCode>99775</postalCode>
        <country>USA</country>
      </address>
      <phone phonetype="voice">907-474-6364</phone>
      <phone phonetype="fax">907-474-6251</phone>
      <electronicMailAddress>uaf-bnz-im-team@alaska.edu</electronicMailAddress>
      <onlineUrl>http://www.lter.uaf.edu</onlineUrl>
    </metadataProvider>
    <associatedParty>
      <individualName>
        <givenName>Katherine</givenName>
        <givenName>P</givenName>
        <surName>O'Neill</surName>
      </individualName>
      <!--No position or title info on file for this person (pers/title when lead_contact=0)-->
      <address>
        <deliveryPoint>1224 Airport Road</deliveryPoint>
        <city>Beaver</city>
        <administrativeArea>WV</administrativeArea>
        <postalCode>25813</postalCode>
        <country>United States</country>
      </address>
      <phone phonetype="voice">(304) 256-2808</phone>
      <!--No fax info on file for this person-->
      <role>Associated investigator</role>
    </associatedParty>
    <pubDate>2007-02-01</pubDate>
    <abstract>
      <para>This database contains data on the total depth of the surface organic layer for the unburned black spruce plots used in an analysis of variations in the depths of surface organic layers found in burned and unburned black spruce stands, and the effects of variations in depth of burning on soil temperature and moisture, and organic layer carbon stocks.  Data for the overall study were collected between 1995 and 2003 by Eric Kasischke (University of Maryland), Kathy O?Neill (Duke University), and Jill Johnstone  (University of Alaska Fairbanks). Sites were located in burned black spruce stands within the perimeters of three recent fires (1987, 1994, and 1999), unburned black spruce stands adjacent to the burned stands, and within one black spruce stand that burned in 1956. The three fires were: (a) the 1987 Granite Creek fire located 15 km to the east of Delta Junction, Alaska USA, bordering the Alaska Highway on the North and Jarvis Creek on the south; the 1994 Hajdukovich  Creek fire located 45 km southeast of Delta Junction Alaska, USA, bordering the Alaska Highway to the North and the Gerstle River to the West, and the 1999 Donnelly Flats fire, located 8 km south of Delta Junction, bordering Jarvis Creek to the east and the Richardson Highway on the west. Data that were collected and are in databases associated with this project include: (1) latitude and longitude of all study sites; (2) organic layer depths in burned stands; (3) organic layer depths in unburned stands; (4) basal diameters of overstory trees in unburned stands and distance measures that can be used to estimate stand density; (5) mineral soil temperature and moisture data in burned stands; (6) mineral soil temperature and moisture data in unburned stands; and (7) bulk density and percent carbon data from different organic layers in unburned stands.</para>
    </abstract>
    <keywordSet>
      <keyword>black spruce</keyword>
      <keyword>fires</keyword>
      <keyword>mosses</keyword>
      <keyword>soil moisture</keyword>
      <keyword>soil temperature</keyword>
      <keyword>trees</keyword>
      <keyword>fibric soil</keyword>
      <keyword>mesic soils</keyword>
      <keyword>humic soils</keyword>
      <keyword>surface organic layers</keyword>
      <keyword>fuel consumption</keyword>
      <keyword>soil moisture</keyword>
      <keywordThesaurus>Disturbance</keywordThesaurus>
    </keywordSet>
    <intellectualRights>
      <section>
        <title>Access to Data</title>
        <para>While metadata will be freely available to those requesting it, the data manager will assure that any restrictions on access to data sets in the database will be enforced. Data will not be released without proper permission first being obtained from the investigator who generated the data. </para>
      </section>
      <section>
        <title>Use of data</title>
        <para> Researchers should receive adequate acknowledgment for the use of their data by others and should be provided with copies of publications using their data. Users of data from the data base must be aware that data is not to be sold or redistributed.</para>
      </section>
      <section>
        <title>Citing Bonanza Creek LTER Datasets</title>
        <para>It is considered a matter of professional ethics to acknowledge the work of other scientists. Thus, the Data User will properly cite the Data Set in any publications or in the metadata of any derived data products that were produced using the Data Set. </para>
      </section>
    </intellectualRights>
    <distribution id="distributionReference">
      <online>
        <url function="information">http://www.lter.uaf.edu/data_detail.cfm?datafile_pkey=234</url>
      </online>
    </distribution>
    <coverage>
      <geographicCoverage id="geoReference">
        <geographicDescription>Site information unavailable</geographicDescription>
        <boundingCoordinates>
          <westBoundingCoordinate>-145.7652778</westBoundingCoordinate>
          <eastBoundingCoordinate>-144.951</eastBoundingCoordinate>
          <northBoundingCoordinate>63.92483333</northBoundingCoordinate>
          <southBoundingCoordinate>63.794222</southBoundingCoordinate>
        </boundingCoordinates>
      </geographicCoverage>
      <temporalCoverage>
        <rangeOfDates>
          <beginDate>
            <calendarDate>1995-06-01</calendarDate>
          </beginDate>
          <endDate>
            <calendarDate>2003-09-01</calendarDate>
          </endDate>
        </rangeOfDates>
      </temporalCoverage>
    </coverage>
    <maintenance>
      <description>
        <section>
          <title>Status</title>
          <para>Completed</para>
        </section>
      </description>
    </maintenance>
    <contact>
      <organizationName>LTER Network Office</organizationName>
      <positionName>LNO Information Manager</positionName>
    </contact>
    <contact>
      <organizationName>Bonanza Creek LTER</organizationName>
      <positionName>Data Manager</positionName>
      <address>
        <deliveryPoint>Boreal Ecology Cooperative Research Unit </deliveryPoint>
        <deliveryPoint>University of Alaska Fairbanks</deliveryPoint>
        <deliveryPoint>P.O. Box 756780 </deliveryPoint>
        <city>Fairbanks</city>
        <administrativeArea>AK</administrativeArea>
        <postalCode>99775</postalCode>
        <country>USA</country>
      </address>
      <phone phonetype="voice">907-474-6364</phone>
      <phone phonetype="fax">907-474-6251</phone>
      <electronicMailAddress>uaf-bnz-im-team@alaska.edu</electronicMailAddress>
      <onlineUrl>http://www.lter.uaf.edu</onlineUrl>
    </contact>
    <publisher>
      <organizationName>Bonanza Creek LTER</organizationName>
      <address>
        <deliveryPoint>Boreal Ecology Cooperative Research Unit </deliveryPoint>
        <deliveryPoint>University of Alaska Fairbanks</deliveryPoint>
        <deliveryPoint>P.O. Box 756780 </deliveryPoint>
        <city>Fairbanks</city>
        <administrativeArea>AK</administrativeArea>
        <postalCode>99775</postalCode>
        <country>USA</country>
      </address>
      <phone phonetype="voice">907-474-6364</phone>
      <phone phonetype="fax">907-474-6251</phone>
    </publisher>
    <pubPlace>Bonanza Creek LTER</pubPlace>
    <methods>
      <methodStep>
        <description>
          <section>
            <title>Experimental Design</title>
            <para>Samples were collected along sample transects at a 5 meter spacing. Two parallel 100 m transects were separated by 50 m. </para>
          </section>
          <section>
            <title>Methods</title>
            <para>Every 5 m along the transects, a 20 by 20 m core of the surface organic layer was extracted. The total depth of this core was measured, along with the depth of the upper duff layer (moss, lichen, litter, and fibric soil), and the depth of the deep duff layer (mesic soil and humic soil).</para>
          </section>
        </description>
      </methodStep>
      <sampling>
        <studyExtent>
          <coverage>
            <geographicCoverage>
              <references>geoReference</references>
            </geographicCoverage>
            <temporalCoverage>
              <rangeOfDates>
                <beginDate>
                  <calendarDate>1995-06-01</calendarDate>
                </beginDate>
                <endDate>
                  <calendarDate>2003-09-01</calendarDate>
                </endDate>
              </rangeOfDates>
            </temporalCoverage>
          </coverage>
        </studyExtent>
        <samplingDescription>
          <section>
            <title>Sampling Frequency</title>
            <para>Once per Plot</para>
          </section>
        </samplingDescription>
      </sampling>
    </methods>
    <dataTable>
      <entityName>234_organic_layer_unburned.csv</entityName>
      <!--No data table description found (df_loc/df_desc)-->
      <physical>
        <objectName>234_organic_layer_unburned.csv</objectName>
        <dataFormat>
          <textFormat>
            <numHeaderLines>1</numHeaderLines>
            <recordDelimiter>\n</recordDelimiter>
            <physicalLineDelimiter>\n</physicalLineDelimiter>
            <attributeOrientation>column</attributeOrientation>
            <simpleDelimited>
              <fieldDelimiter>,</fieldDelimiter>
            </simpleDelimited>
          </textFormat>
        </dataFormat>
        <distribution>
          <online>
            <url function="download">https://pasta.lternet.edu/package/data/eml/knb-lter-bnz/234/16/0225edd2d9e1708a65aaea77984f3863</url>
          </online>
        </distribution>
      </physical>
      <attributeList>
        <attribute>
          <attributeName>Site</attributeName>
          <attributeLabel>Site</attributeLabel>
          <attributeDefinition>Name for the study site</attributeDefinition>
          <storageType>string</storageType>
          <measurementScale>
            <nominal>
              <nonNumericDomain>
                <textDomain>
                  <definition>Name for the study site</definition>
                </textDomain>
              </nonNumericDomain>
            </nominal>
          </measurementScale>
          <!--No missing value/character in database (datafilevarible/errorcode)-->
        </attribute>
        <attribute>
          <attributeName>Transect</attributeName>
          <attributeLabel>Transect</attributeLabel>
          <attributeDefinition>Transect number</attributeDefinition>
          <storageType>Integer</storageType>
          <measurementScale>
            <nominal>
              <nonNumericDomain>
                <textDomain>
                  <definition>Transect number</definition>
                </textDomain>
              </nonNumericDomain>
            </nominal>
          </measurementScale>
          <missingValueCode>
            <code>-9999</code>
            <codeExplanation>Missing Value</codeExplanation>
          </missingValueCode>
        </attribute>
        <attribute>
          <attributeName>Location</attributeName>
          <attributeLabel>Location</attributeLabel>
          <attributeDefinition>Distance along transect</attributeDefinition>
          <storageType>Integer</storageType>
          <measurementScale>
            <nominal>
              <nonNumericDomain>
                <textDomain>
                  <definition>Distance along transect</definition>
                </textDomain>
              </nonNumericDomain>
            </nominal>
          </measurementScale>
          <missingValueCode>
            <code>-9999</code>
            <codeExplanation>Missing Value</codeExplanation>
          </missingValueCode>
        </attribute>
        <attribute>
          <attributeName>Upper Duff</attributeName>
          <attributeLabel>Upper Duff</attributeLabel>
          <attributeDefinition>depth of upper duff layer</attributeDefinition>
          <storageType>double</storageType>
          <measurementScale>
            <ratio>
              <unit>
                <standardUnit>centimeter</standardUnit>
              </unit>
              <numericDomain>
                <numberType>real</numberType>
                <!--No minimum value recorded in database (datafilevaribles/minvalid)-->
              </numericDomain>
            </ratio>
          </measurementScale>
          <missingValueCode>
            <code>-9999</code>
            <codeExplanation>Missing Value</codeExplanation>
          </missingValueCode>
        </attribute>
        <attribute>
          <attributeName>Lower Duff</attributeName>
          <attributeLabel>Lower Duff</attributeLabel>
          <attributeDefinition>depth of lower duff layer</attributeDefinition>
          <storageType>double</storageType>
          <measurementScale>
            <ratio>
              <unit>
                <standardUnit>centimeter</standardUnit>
              </unit>
              <numericDomain>
                <numberType>real</numberType>
                <!--No minimum value recorded in database (datafilevaribles/minvalid)-->
              </numericDomain>
            </ratio>
          </measurementScale>
          <missingValueCode>
            <code>-9999</code>
            <codeExplanation>Missing Value</codeExplanation>
          </missingValueCode>
        </attribute>
        <attribute>
          <attributeName>Total</attributeName>
          <attributeLabel>Total</attributeLabel>
          <attributeDefinition>total organic layer depth</attributeDefinition>
          <storageType>double</storageType>
          <measurementScale>
            <ratio>
              <unit>
                <standardUnit>centimeter</standardUnit>
              </unit>
              <numericDomain>
                <numberType>real</numberType>
                <!--No minimum value recorded in database (datafilevaribles/minvalid)-->
              </numericDomain>
            </ratio>
          </measurementScale>
          <missingValueCode>
            <code>-9999</code>
            <codeExplanation>Missing Value</codeExplanation>
          </missingValueCode>
        </attribute>
      </attributeList>
    </dataTable>
  </dataset>
</eml:eml>
