<?xml version="1.0" encoding="UTF-8"?>
<eml:eml packageId="knb-lter-bnz.28.20" scope="system"
  system="https://pasta.lternet.edu"
  xmlns:ds="eml://ecoinformatics.org/dataset-2.1.0"
  xmlns:eml="eml://ecoinformatics.org/eml-2.1.1"
  xmlns:stmml="http://www.xml-cml.org/schema/stmml-1.1"
  xmlns:xsi="http://www.w3.org/2001/XMLSchema-instance" xsi:schemaLocation="eml://ecoinformatics.org/eml-2.1.0&#xa;&#x9;&#x9;&#x9;&#x9;http://nis.lternet.edu/schemas/EML/eml-2.1.0/eml.xsd">
  <access authSystem="https://pasta.lternet.edu/authentication"
    order="allowFirst" scope="document" system="https://pasta.lternet.edu">
    <allow>
      <principal>uid=BNZ,o=lter,dc=ecoinformatics,dc=org</principal>
      <permission>all</permission>
    </allow>
    <allow>
      <principal>public</principal>
      <permission>read</permission>
    </allow>
  </access>
  <dataset>
    <shortName>knb-lter-bnz.28.20</shortName>
    <title>Spruce Seedling Data Bonanza Creek Experimental Forest Floodplain Inside and Outside of the Moose Exclosures</title>
    <creator>
      <individualName>
        <givenName>Knut</givenName>
        <surName>Kielland</surName>
      </individualName>
      <positionName>Senior Investigator</positionName>
      <address>
        <deliveryPoint>Institute of Arctic Biology  University of Alaska Fairbanks P.O. Box 757000</deliveryPoint>
        <city>Fairbanks</city>
        <administrativeArea>AK </administrativeArea>
        <postalCode>99775</postalCode>
        <country>United States</country>
      </address>
      <phone phonetype="voice">(907) 474-7164</phone>
      <phone phonetype="fax">(907) 474-6967</phone>
      <electronicMailAddress>kkielland@alaska.edu</electronicMailAddress>
      <onlineUrl>http://www.iab.uaf.edu/~knut_kielland/</onlineUrl>
    </creator>
    <creator>
      <organizationName>Bonanza Creek LTER</organizationName>
      <address>
        <deliveryPoint>Boreal Ecology Cooperative Research Unit </deliveryPoint>
        <deliveryPoint>University of Alaska Fairbanks</deliveryPoint>
        <deliveryPoint>P.O. Box 756780 </deliveryPoint>
        <city>Fairbanks</city>
        <administrativeArea>AK</administrativeArea>
        <postalCode>99775</postalCode>
        <country>USA</country>
      </address>
      <phone phonetype="voice">907-474-6364</phone>
      <phone phonetype="fax">907-474-6251</phone>
      <electronicMailAddress>uaf-bnz-im-team@alaska.edu</electronicMailAddress>
      <onlineUrl>http://www.lter.uaf.edu</onlineUrl>
    </creator>
    <metadataProvider>
      <organizationName>Bonanza Creek LTER</organizationName>
      <positionName>Data Manager</positionName>
      <address>
        <deliveryPoint>Boreal Ecology Cooperative Research Unit </deliveryPoint>
        <deliveryPoint>University of Alaska Fairbanks</deliveryPoint>
        <deliveryPoint>P.O. Box 756780 </deliveryPoint>
        <city>Fairbanks</city>
        <administrativeArea>AK</administrativeArea>
        <postalCode>99775</postalCode>
        <country>USA</country>
      </address>
      <phone phonetype="voice">907-474-6364</phone>
      <phone phonetype="fax">907-474-6251</phone>
      <electronicMailAddress>uaf-bnz-im-team@alaska.edu</electronicMailAddress>
      <onlineUrl>http://www.lter.uaf.edu</onlineUrl>
    </metadataProvider>
    <associatedParty>
      <individualName>
        <givenName>Karl</givenName>
        <surName>Olson</surName>
      </individualName>
      <positionName>Technician</positionName>
      <address>
        <deliveryPoint>Institute of Arctic Biology  University of Alaska Fairbanks P.O. Box 757000</deliveryPoint>
        <city>Fairbanks</city>
        <administrativeArea>AK </administrativeArea>
        <postalCode>99775</postalCode>
        <country>United States</country>
      </address>
      <phone phonetype="voice">(907) 474-5540</phone>
      <!--No fax info on file for this person-->
      <role>Associated investigator</role>
    </associatedParty>
    <pubDate>2005-12-31</pubDate>
    <abstract>
      <para>This study started in September 2002 focused on the indirect effect of moose browsing on white spruce regeneration on the Tanana River floodplain. Twelve exclosures (7m X 10m, 2m high), with adjacent control plots of the same size, were constructed using chain-link fence panels. Exclosures were located  along the Tanana River between FP 1A and FP 1C and instrumented with Hobo Microstations for monitoring of soil and air temperature, relative humidity,  and PAR. Browsing effects on deciduous vegetation (biomass removal and canopy height) and soil properties were analyzed in relation to the performance (germination, growth and biochemistry) of planted white spruce seeds and seedlings (n=98/exclosure). Additionally, direct browsing by snowshoe hares on spruce seedlings (growth and survival) was evaluated in relation to canopy cover and terrace age. The study is ongoing.</para>
    </abstract>
    <keywordSet>
      <keyword>seedlings</keyword>
      <keyword>black spruce</keyword>
      <keywordThesaurus>Decomposition</keywordThesaurus>
    </keywordSet>
    <intellectualRights>
      <section>
        <title>Access to Data</title>
        <para>While metadata will be freely available to those requesting it, the data manager will assure that any restrictions on access to data sets in the database will be enforced. Data will not be released without proper permission first being obtained from the investigator who generated the data. </para>
      </section>
      <section>
        <title>Use of data</title>
        <para> Researchers should receive adequate acknowledgment for the use of their data by others and should be provided with copies of publications using their data. Users of data from the data base must be aware that data is not to be sold or redistributed.</para>
      </section>
      <section>
        <title>Citing Bonanza Creek LTER Datasets</title>
        <para>It is considered a matter of professional ethics to acknowledge the work of other scientists. Thus, the Data User will properly cite the Data Set in any publications or in the metadata of any derived data products that were produced using the Data Set. </para>
      </section>
    </intellectualRights>
    <distribution id="distributionReference">
      <online>
        <url function="information">http://www.lter.uaf.edu/data_detail.cfm?datafile_pkey=28</url>
      </online>
    </distribution>
    <coverage>
      <geographicCoverage id="geoReference">
        <geographicDescription>Site information unavailable</geographicDescription>
        <boundingCoordinates>
          <westBoundingCoordinate>-148.29207666667</westBoundingCoordinate>
          <eastBoundingCoordinate>-148.16160166667</eastBoundingCoordinate>
          <northBoundingCoordinate>64.729221666667</northBoundingCoordinate>
          <southBoundingCoordinate>64.676203333333</southBoundingCoordinate>
        </boundingCoordinates>
      </geographicCoverage>
      <temporalCoverage>
        <rangeOfDates>
          <beginDate>
            <calendarDate>2003-01-01</calendarDate>
          </beginDate>
          <endDate>
            <calendarDate>2010-12-31</calendarDate>
          </endDate>
        </rangeOfDates>
      </temporalCoverage>
    </coverage>
    <maintenance>
      <description>
        <section>
          <title>Status</title>
          <para>Ongoing</para>
        </section>
      </description>
    </maintenance>
    <contact>
      <positionName>Information Manager</positionName>
      <organizationName>LTER Network Office</organizationName>
      <address>
        <deliveryPoint>UNM Biology Department, MSC03-2020</deliveryPoint>
        <deliveryPoint>1 University of New Mexico</deliveryPoint>
        <city>Albuquerque</city>
        <administrativeArea>NM</administrativeArea>
        <postalCode>87131-0001</postalCode>
        <country>USA</country>
      </address>
      <phone phonetype="voice">505 277-2535</phone>
      <phone phonetype="fax">505 277-2541</phone>
      <electronicMailAddress>tech-support@lternet.edu</electronicMailAddress>
      <onlineUrl>http://www.lternet.edu</onlineUrl>
    </contact>
    <contact>
      <organizationName>Bonanza Creek LTER</organizationName>
      <positionName>Data Manager</positionName>
      <address>
        <deliveryPoint>Boreal Ecology Cooperative Research Unit </deliveryPoint>
        <deliveryPoint>University of Alaska Fairbanks</deliveryPoint>
        <deliveryPoint>P.O. Box 756780 </deliveryPoint>
        <city>Fairbanks</city>
        <administrativeArea>AK</administrativeArea>
        <postalCode>99775</postalCode>
        <country>USA</country>
      </address>
      <phone phonetype="voice">907-474-6364</phone>
      <phone phonetype="fax">907-474-6251</phone>
      <electronicMailAddress>uaf-bnz-im-team@alaska.edu</electronicMailAddress>
      <onlineUrl>http://www.lter.uaf.edu</onlineUrl>
    </contact>
    <publisher>
      <organizationName>Bonanza Creek LTER</organizationName>
      <address>
        <deliveryPoint>Boreal Ecology Cooperative Research Unit </deliveryPoint>
        <deliveryPoint>University of Alaska Fairbanks</deliveryPoint>
        <deliveryPoint>P.O. Box 756780 </deliveryPoint>
        <city>Fairbanks</city>
        <administrativeArea>AK</administrativeArea>
        <postalCode>99775</postalCode>
        <country>USA</country>
      </address>
      <phone phonetype="voice">907-474-6364</phone>
      <phone phonetype="fax">907-474-6251</phone>
    </publisher>
    <pubPlace>Bonanza Creek LTER</pubPlace>
    <methods>
      <methodStep>
        <description>
          <section>
            <title>Methods</title>
            <para>Twelve exclosures (7m X 10m, 2m high), with adjacent control plots of the same size, were constructed using chain-link fence panels. Exclosures were located  along the Tanana River between FP 1A and FP 1C and instrumented with Hobo Microstations for monitoring of soil and air temperature, relative humidity,  and PAR.</para>
          </section>
        </description>
      </methodStep>
      <sampling>
        <studyExtent>
          <coverage>
            <geographicCoverage>
              <references>geoReference</references>
            </geographicCoverage>
            <temporalCoverage>
              <rangeOfDates>
                <beginDate>
                  <calendarDate>2003-01-01</calendarDate>
                </beginDate>
                <endDate>
                  <calendarDate>2010-12-31</calendarDate>
                </endDate>
              </rangeOfDates>
            </temporalCoverage>
          </coverage>
        </studyExtent>
        <samplingDescription>
          <section>
            <title>Sampling Frequency</title>
            <para>yearly</para>
          </section>
        </samplingDescription>
      </sampling>
    </methods>
    <dataTable>
      <entityName>28_LTER_Spruce_Seedling_Data_2010.txt</entityName>
      <entityDescription>Data monitoring the indirect effect of moose browsing on white spruce regeneration.</entityDescription>
      <physical>
        <objectName>28_LTER_Spruce_Seedling_Data_2010.txt</objectName>
        <dataFormat>
          <textFormat>
            <numHeaderLines>1</numHeaderLines>
            <recordDelimiter>\n</recordDelimiter>
            <physicalLineDelimiter>\n</physicalLineDelimiter>
            <attributeOrientation>column</attributeOrientation>
            <simpleDelimited>
              <fieldDelimiter>,</fieldDelimiter>
            </simpleDelimited>
          </textFormat>
        </dataFormat>
        <distribution>
          <online>
            <url function="download">https://pasta.lternet.edu/package/data/eml/knb-lter-bnz/28/20/99d58ee08fc475c607c4fd16c3e7953f</url>
          </online>
        </distribution>
      </physical>
      <attributeList>
        <attribute>
          <attributeName>Year</attributeName>
          <attributeLabel>Year</attributeLabel>
          <attributeDefinition>Year of seed count</attributeDefinition>
          <storageType>integer</storageType>
          <measurementScale>
            <ratio>
              <unit>
                <customUnit>yyyy</customUnit>
              </unit>
              <numericDomain>
                <numberType>real</numberType>
                <!--No minimum value recorded in database (datafilevaribles/minvalid)-->
              </numericDomain>
            </ratio>
          </measurementScale>
          <!--No missing value/character in database (datafilevarible/errorcode)-->
        </attribute>
        <attribute>
          <attributeName>Ex #</attributeName>
          <attributeLabel>Ex #</attributeLabel>
          <attributeDefinition>Exclosure Number</attributeDefinition>
          <storageType>integer</storageType>
          <measurementScale>
            <nominal>
              <nonNumericDomain>
                <textDomain>
                  <definition>Exclosure Number</definition>
                </textDomain>
              </nonNumericDomain>
            </nominal>
          </measurementScale>
          <!--No missing value/character in database (datafilevarible/errorcode)-->
        </attribute>
        <attribute>
          <attributeName>IN/OUT</attributeName>
          <attributeLabel>IN/OUT</attributeLabel>
          <attributeDefinition>In or outside fo the exclosure</attributeDefinition>
          <storageType>string</storageType>
          <measurementScale>
            <nominal>
              <nonNumericDomain>
                <enumeratedDomain>
                  <codeDefinition>
                    <code>IN </code>
                    <definition> Inside the exclosure</definition>
                  </codeDefinition>
                  <codeDefinition>
                    <code> OUT </code>
                    <definition> Outside of the exclosure</definition>
                  </codeDefinition>
                </enumeratedDomain>
              </nonNumericDomain>
            </nominal>
          </measurementScale>
          <!--No missing value/character in database (datafilevarible/errorcode)-->
        </attribute>
        <attribute>
          <attributeName>Seedling #</attributeName>
          <attributeLabel>Seedling #</attributeLabel>
          <attributeDefinition>Seedling number</attributeDefinition>
          <storageType>integer</storageType>
          <measurementScale>
            <nominal>
              <nonNumericDomain>
                <textDomain>
                  <definition>Seedling number</definition>
                </textDomain>
              </nonNumericDomain>
            </nominal>
          </measurementScale>
          <!--No missing value/character in database (datafilevarible/errorcode)-->
        </attribute>
        <attribute>
          <attributeName>Height, cm</attributeName>
          <attributeLabel>Height, cm</attributeLabel>
          <attributeDefinition>The height of the seedling</attributeDefinition>
          <storageType>float</storageType>
          <measurementScale>
            <ratio>
              <unit>
                <standardUnit>centimeter</standardUnit>
              </unit>
              <numericDomain>
                <numberType>real</numberType>
                <!--No minimum value recorded in database (datafilevaribles/minvalid)-->
              </numericDomain>
            </ratio>
          </measurementScale>
          <missingValueCode>
            <code>MISSING</code>
            <codeExplanation>Missing Value</codeExplanation>
          </missingValueCode>
        </attribute>
        <attribute>
          <attributeName>Diam., mm</attributeName>
          <attributeLabel>Diam., mm</attributeLabel>
          <attributeDefinition>The Diameter of the seedling</attributeDefinition>
          <storageType>float</storageType>
          <measurementScale>
            <ratio>
              <unit>
                <standardUnit>millimeter</standardUnit>
              </unit>
              <numericDomain>
                <numberType>real</numberType>
                <!--No minimum value recorded in database (datafilevaribles/minvalid)-->
              </numericDomain>
            </ratio>
          </measurementScale>
          <missingValueCode>
            <code>MISSING</code>
            <codeExplanation>Missing Value</codeExplanation>
          </missingValueCode>
        </attribute>
      </attributeList>
    </dataTable>
  </dataset>
  <additionalMetadata>
    <metadata>
      <unitList>
        <unit id="yyyy"/>
      </unitList>
    </metadata>
  </additionalMetadata>
</eml:eml>
