<?xml version="1.0" encoding="UTF-8"?>
<eml:eml packageId="knb-lter-bnz.3.18" scope="system"
  system="https://pasta.lternet.edu"
  xmlns:ds="eml://ecoinformatics.org/dataset-2.1.0"
  xmlns:eml="eml://ecoinformatics.org/eml-2.1.1"
  xmlns:stmml="http://www.xml-cml.org/schema/stmml-1.1"
  xmlns:xsi="http://www.w3.org/2001/XMLSchema-instance" xsi:schemaLocation="eml://ecoinformatics.org/eml-2.1.0&#xa;&#x9;&#x9;&#x9;&#x9;http://nis.lternet.edu/schemas/EML/eml-2.1.0/eml.xsd">
  <access authSystem="https://pasta.lternet.edu/authentication"
    order="allowFirst" scope="document" system="https://pasta.lternet.edu">
    <allow>
      <principal>uid=BNZ,o=lter,dc=ecoinformatics,dc=org</principal>
      <permission>all</permission>
    </allow>
    <allow>
      <principal>public</principal>
      <permission>read</permission>
    </allow>
  </access>
  <dataset>
    <shortName>knb-lter-bnz.3.18</shortName>
    <title>Bonanza Creek Experimental Forest: Hourly Soil Temperature at varying depths from 1988 to Present</title>
    <creator>
      <individualName>
        <givenName>Keith</givenName>
        <surName>Van Cleve</surName>
      </individualName>
      <positionName>Primary Investigator</positionName>
      <address>
        <deliveryPoint>Forest Soils Laboratory University of Alaska Fairbanks O'Neill Bldg</deliveryPoint>
        <city>Fairbanks</city>
        <administrativeArea>AK </administrativeArea>
        <postalCode>99775-7200</postalCode>
        <country>United States</country>
      </address>
      <!--No phone info in Database  ( pers/tel1, tel2 or cell when lead_contact=1 )-->
      <!--No fax info present in Database  ( pers/fax when lead_contact=1 )-->
      <electronicMailAddress>kvancl@rockisland.com</electronicMailAddress>
      <!--No personal web address info on file-->
    </creator>
    <creator>
      <individualName>
        <givenName>F.S.</givenName>
        <givenName>Stuart</givenName>
        <surName>Chapin</surName>
      </individualName>
      <positionName>Primary Investigator</positionName>
      <address>
        <deliveryPoint>Department of Biology and Wildlife;  Institute of Arctic Biology:  University of Alaska Fairbanks 193 Arctic Health P.O. Box 757000</deliveryPoint>
        <city>Fairbanks</city>
        <administrativeArea>AK </administrativeArea>
        <postalCode>99775</postalCode>
        <country>United States</country>
      </address>
      <phone phonetype="voice">(907) 474-7922</phone>
      <phone phonetype="fax">(907) 474-6967</phone>
      <electronicMailAddress>terry.chapin@alaska.edu</electronicMailAddress>
      <onlineUrl>http://terrychapin.org/</onlineUrl>
    </creator>
    <creator>
      <individualName>
        <givenName>Roger</givenName>
        <givenName>W.</givenName>
        <surName>Ruess</surName>
      </individualName>
      <positionName>Primary Investigator</positionName>
      <address>
        <deliveryPoint>Institute of Arctic Biology  University of Alaska Fairbanks P.O. Box 757000</deliveryPoint>
        <city>Fairbanks</city>
        <administrativeArea>AK </administrativeArea>
        <postalCode>99775-0180</postalCode>
        <country>United States</country>
      </address>
      <phone phonetype="voice">(907) 474-7153</phone>
      <phone phonetype="fax">(907) 474-6967</phone>
      <electronicMailAddress>rwruess@alaska.edu</electronicMailAddress>
      <onlineUrl>http://www.iab.uaf.edu/~roger_ruess/</onlineUrl>
    </creator>
    <creator>
      <organizationName>Bonanza Creek LTER</organizationName>
      <address>
        <deliveryPoint>Boreal Ecology Cooperative Research Unit </deliveryPoint>
        <deliveryPoint>University of Alaska Fairbanks</deliveryPoint>
        <deliveryPoint>P.O. Box 756780 </deliveryPoint>
        <city>Fairbanks</city>
        <administrativeArea>AK</administrativeArea>
        <postalCode>99775</postalCode>
        <country>USA</country>
      </address>
      <phone phonetype="voice">907-474-6364</phone>
      <phone phonetype="fax">907-474-6251</phone>
      <electronicMailAddress>uaf-bnz-im-team@alaska.edu</electronicMailAddress>
      <onlineUrl>http://www.lter.uaf.edu</onlineUrl>
    </creator>
    <metadataProvider>
      <organizationName>Bonanza Creek LTER</organizationName>
      <positionName>Data Manager</positionName>
      <address>
        <deliveryPoint>Boreal Ecology Cooperative Research Unit </deliveryPoint>
        <deliveryPoint>University of Alaska Fairbanks</deliveryPoint>
        <deliveryPoint>P.O. Box 756780 </deliveryPoint>
        <city>Fairbanks</city>
        <administrativeArea>AK</administrativeArea>
        <postalCode>99775</postalCode>
        <country>USA</country>
      </address>
      <phone phonetype="voice">907-474-6364</phone>
      <phone phonetype="fax">907-474-6251</phone>
      <electronicMailAddress>uaf-bnz-im-team@alaska.edu</electronicMailAddress>
      <onlineUrl>http://www.lter.uaf.edu</onlineUrl>
    </metadataProvider>
    <associatedParty>
      <individualName>
        <givenName>Jamie</givenName>
        <surName>Hollingsworth</surName>
      </individualName>
      <positionName>Bonanza Creek LTER Site Manager</positionName>
      <address>
        <deliveryPoint>Boreal Ecology Cooperative Research Unit University of Alaska Fairbanks  School of Agriculture and Land Resources Management P.O. Box 756780</deliveryPoint>
        <city>Fairbanks</city>
        <administrativeArea>AK </administrativeArea>
        <postalCode>99775</postalCode>
        <country>United States</country>
      </address>
      <phone phonetype="voice">(907) 474-7470</phone>
      <phone phonetype="fax">(907) 474-6251</phone>
      <role>Associated investigator</role>
    </associatedParty>
    <associatedParty>
      <individualName>
        <givenName>Brian</givenName>
        <surName>Charlton</surName>
      </individualName>
      <positionName>BNZ LTER Lead Field Tech </positionName>
      <address>
        <deliveryPoint>Boreal Ecology Cooperative Research Unit University of Alaska Fairbanks  School of Agriculture and Land Resources Management P.O. Box 756780</deliveryPoint>
        <city>Fairbanks</city>
        <administrativeArea>AK </administrativeArea>
        <postalCode>99775-6780</postalCode>
        <country>United States</country>
      </address>
      <phone phonetype="voice">(907) 474-5104</phone>
      <phone phonetype="fax">(907) 474-6251</phone>
      <role>Associated investigator</role>
    </associatedParty>
    <associatedParty>
      <individualName>
        <givenName>Vladimir</givenName>
        <givenName>E.</givenName>
        <surName>Romanovsky</surName>
      </individualName>
      <positionName>Assoc Prof, Snow, Ice and Permafrost</positionName>
      <address>
        <deliveryPoint>Geophysical Institute  University of Alaska Fairbanks PO Box 757320</deliveryPoint>
        <city>Fairbanks</city>
        <administrativeArea>AK </administrativeArea>
        <postalCode>99775</postalCode>
        <country>United States</country>
      </address>
      <phone phonetype="voice">(907) 474-7459</phone>
      <phone phonetype="fax">(907) 474-7290</phone>
      <role>Associated investigator</role>
    </associatedParty>
    <associatedParty>
      <individualName>
        <givenName>Karl</givenName>
        <surName>Olson</surName>
      </individualName>
      <positionName>Technician</positionName>
      <address>
        <deliveryPoint>Institute of Arctic Biology  University of Alaska Fairbanks P.O. Box 757000</deliveryPoint>
        <city>Fairbanks</city>
        <administrativeArea>AK </administrativeArea>
        <postalCode>99775</postalCode>
        <country>United States</country>
      </address>
      <phone phonetype="voice">(907) 474-5540</phone>
      <!--No fax info on file for this person-->
      <role>Associated investigator</role>
    </associatedParty>
    <pubDate>2013-05-08</pubDate>
    <abstract>
      <para>A collection of soil temperatures from upland and floodplain sites.  Temperatures are recorded from a range of depths: Surface,0, 5, 10, 20, 50, 100, and 200 cm.  Depths represent the depth below the organic mineral interface (O/M) that the sensor was placed.  Sensors in the organic soil layers were added at some sites and are given a negative depth value to indicate they were placed above the O/M interface.  There is also a Surface temperature which is kept in the top few centimeters of the forest floor.</para>
    </abstract>
    <keywordSet>
      <keyword>soils</keyword>
      <keyword>soil temperature</keyword>
      <keyword>temperature</keyword>
      <keywordThesaurus>Soils</keywordThesaurus>
    </keywordSet>
    <intellectualRights>
      <section>
        <title>Access to Data</title>
        <para>While metadata will be freely available to those requesting it, the data manager will assure that any restrictions on access to data sets in the database will be enforced. Data will not be released without proper permission first being obtained from the investigator who generated the data. </para>
      </section>
      <section>
        <title>Use of data</title>
        <para> Researchers should receive adequate acknowledgment for the use of their data by others and should be provided with copies of publications using their data. Users of data from the data base must be aware that data is not to be sold or redistributed.</para>
      </section>
      <section>
        <title>Citing Bonanza Creek LTER Datasets</title>
        <para>It is considered a matter of professional ethics to acknowledge the work of other scientists. Thus, the Data User will properly cite the Data Set in any publications or in the metadata of any derived data products that were produced using the Data Set. </para>
      </section>
    </intellectualRights>
    <distribution id="distributionReference">
      <online>
        <url function="information">http://www.lter.uaf.edu/data_detail.cfm?datafile_pkey=3</url>
      </online>
    </distribution>
    <coverage>
      <geographicCoverage id="geoReference">
        <geographicDescription>Site information unavailable</geographicDescription>
        <boundingCoordinates>
          <westBoundingCoordinate>-148.3537914</westBoundingCoordinate>
          <eastBoundingCoordinate>-148.1426888</eastBoundingCoordinate>
          <northBoundingCoordinate>64.7666796</northBoundingCoordinate>
          <southBoundingCoordinate>64.67834557</southBoundingCoordinate>
        </boundingCoordinates>
      </geographicCoverage>
      <temporalCoverage>
        <rangeOfDates>
          <beginDate>
            <calendarDate>1988-06-01</calendarDate>
          </beginDate>
          <endDate>
            <calendarDate>2012-12-31</calendarDate>
          </endDate>
        </rangeOfDates>
      </temporalCoverage>
    </coverage>
    <maintenance>
      <description>
        <section>
          <title>Status</title>
          <para>Ongoing</para>
        </section>
      </description>
    </maintenance>
    <contact>
      <positionName>Information Manager</positionName>
      <organizationName>LTER Network Office</organizationName>
      <address>
        <deliveryPoint>UNM Biology Department, MSC03-2020</deliveryPoint>
        <deliveryPoint>1 University of New Mexico</deliveryPoint>
        <city>Albuquerque</city>
        <administrativeArea>NM</administrativeArea>
        <postalCode>87131-0001</postalCode>
        <country>USA</country>
      </address>
      <phone phonetype="voice">505 277-2535</phone>
      <phone phonetype="fax">505 277-2541</phone>
      <electronicMailAddress>tech-support@lternet.edu</electronicMailAddress>
      <onlineUrl>http://www.lternet.edu</onlineUrl>
    </contact>
    <contact>
      <organizationName>Bonanza Creek LTER</organizationName>
      <positionName>Data Manager</positionName>
      <address>
        <deliveryPoint>Boreal Ecology Cooperative Research Unit </deliveryPoint>
        <deliveryPoint>University of Alaska Fairbanks</deliveryPoint>
        <deliveryPoint>P.O. Box 756780 </deliveryPoint>
        <city>Fairbanks</city>
        <administrativeArea>AK</administrativeArea>
        <postalCode>99775</postalCode>
        <country>USA</country>
      </address>
      <phone phonetype="voice">907-474-6364</phone>
      <phone phonetype="fax">907-474-6251</phone>
      <electronicMailAddress>uaf-bnz-im-team@alaska.edu</electronicMailAddress>
      <onlineUrl>http://www.lter.uaf.edu</onlineUrl>
    </contact>
    <publisher>
      <organizationName>Bonanza Creek LTER</organizationName>
      <address>
        <deliveryPoint>Boreal Ecology Cooperative Research Unit </deliveryPoint>
        <deliveryPoint>University of Alaska Fairbanks</deliveryPoint>
        <deliveryPoint>P.O. Box 756780 </deliveryPoint>
        <city>Fairbanks</city>
        <administrativeArea>AK</administrativeArea>
        <postalCode>99775</postalCode>
        <country>USA</country>
      </address>
      <phone phonetype="voice">907-474-6364</phone>
      <phone phonetype="fax">907-474-6251</phone>
    </publisher>
    <pubPlace>Bonanza Creek LTER</pubPlace>
    <methods>
      <methodStep>
        <description>
          <section>
            <title>Methods</title>
            <para>Data was recorded using campbell scientific dataloggers. CR10's except at LTER1 which is a cr23X.</para>
          </section>
        </description>
      </methodStep>
      <sampling>
        <studyExtent>
          <coverage>
            <geographicCoverage>
              <references>geoReference</references>
            </geographicCoverage>
            <temporalCoverage>
              <rangeOfDates>
                <beginDate>
                  <calendarDate>1988-06-01</calendarDate>
                </beginDate>
                <endDate>
                  <calendarDate>2012-12-31</calendarDate>
                </endDate>
              </rangeOfDates>
            </temporalCoverage>
          </coverage>
        </studyExtent>
        <samplingDescription>
          <section>
            <title>Sampling Frequency</title>
            <para>Scanned every 5 minutes and reported hourly.</para>
          </section>
        </samplingDescription>
      </sampling>
    </methods>
    <dataTable>
      <entityName>3_ST_LTER1_1988-2012.txt</entityName>
      <entityDescription>Soil temperature data from upland and floodplain sites.</entityDescription>
      <physical>
        <objectName>3_ST_LTER1_1988-2012.txt</objectName>
        <dataFormat>
          <textFormat>
            <numHeaderLines>1</numHeaderLines>
            <recordDelimiter>\n</recordDelimiter>
            <physicalLineDelimiter>\n</physicalLineDelimiter>
            <attributeOrientation>column</attributeOrientation>
            <simpleDelimited>
              <fieldDelimiter>,</fieldDelimiter>
            </simpleDelimited>
          </textFormat>
        </dataFormat>
        <distribution>
          <online>
            <url function="download">https://pasta.lternet.edu/package/data/eml/knb-lter-bnz/3/18/258d25a7cbc2c61588800e241678b601</url>
          </online>
        </distribution>
      </physical>
      <attributeList>
        <attribute>
          <attributeName>SITE</attributeName>
          <attributeLabel>SITE</attributeLabel>
          <attributeDefinition>Site ID</attributeDefinition>
          <storageType>string</storageType>
          <measurementScale>
            <nominal>
              <nonNumericDomain>
                <textDomain>
                  <definition>Site ID</definition>
                </textDomain>
              </nonNumericDomain>
            </nominal>
          </measurementScale>
          <!--No missing value/character in database (datafilevarible/errorcode)-->
        </attribute>
        <attribute>
          <attributeName>DATE</attributeName>
          <attributeLabel>DATE</attributeLabel>
          <attributeDefinition>Date of Measurment</attributeDefinition>
          <storageType>string</storageType>
          <measurementScale>
            <dateTime>
              <formatString>YYYY-MM-DD</formatString>
            </dateTime>
          </measurementScale>
          <!--No missing value/character in database (datafilevarible/errorcode)-->
        </attribute>
        <attribute>
          <attributeName>HOUR</attributeName>
          <attributeLabel>HOUR</attributeLabel>
          <attributeDefinition>Hour of Measurment</attributeDefinition>
          <storageType>integer</storageType>
          <measurementScale>
            <ratio>
              <unit>
                <customUnit>hhhh</customUnit>
              </unit>
              <numericDomain>
                <numberType>real</numberType>
                <!--No minimum value recorded in database (datafilevaribles/minvalid)-->
              </numericDomain>
            </ratio>
          </measurementScale>
          <!--No missing value/character in database (datafilevarible/errorcode)-->
        </attribute>
        <attribute>
          <attributeName>MEASUREMENT</attributeName>
          <attributeLabel>MEASUREMENT</attributeLabel>
          <attributeDefinition>Measurment type</attributeDefinition>
          <storageType>string</storageType>
          <measurementScale>
            <nominal>
              <nonNumericDomain>
                <textDomain>
                  <definition>Measurment type</definition>
                </textDomain>
              </nonNumericDomain>
            </nominal>
          </measurementScale>
          <!--No missing value/character in database (datafilevarible/errorcode)-->
        </attribute>
        <attribute>
          <attributeName>VALUE</attributeName>
          <attributeLabel>VALUE</attributeLabel>
          <attributeDefinition>Soil Temperature in C</attributeDefinition>
          <storageType>float</storageType>
          <measurementScale>
            <ratio>
              <unit>
                <standardUnit>celsius</standardUnit>
              </unit>
              <numericDomain>
                <numberType>real</numberType>
                <bounds>
                  <minimum exclusive="false">-20.000</minimum>
                  <maximum exclusive="false">30.000</maximum>
                </bounds>
              </numericDomain>
            </ratio>
          </measurementScale>
          <missingValueCode>
            <code>NULL</code>
            <codeExplanation>Missing Value</codeExplanation>
          </missingValueCode>
        </attribute>
        <attribute>
          <attributeName>DEPTH</attributeName>
          <attributeLabel>DEPTH</attributeLabel>
          <attributeDefinition>depth of soil temperature sensor below the O/M interface</attributeDefinition>
          <storageType>string</storageType>
          <measurementScale>
            <nominal>
              <nonNumericDomain>
                <textDomain>
                  <definition>depth of soil temperature sensor below the O/M interface</definition>
                </textDomain>
              </nonNumericDomain>
            </nominal>
          </measurementScale>
          <!--No missing value/character in database (datafilevarible/errorcode)-->
        </attribute>
        <attribute>
          <attributeName>UNIT</attributeName>
          <attributeLabel>UNIT</attributeLabel>
          <attributeDefinition>Unit of recorded temperature</attributeDefinition>
          <storageType>string</storageType>
          <measurementScale>
            <nominal>
              <nonNumericDomain>
                <textDomain>
                  <definition>Unit of recorded temperature</definition>
                </textDomain>
              </nonNumericDomain>
            </nominal>
          </measurementScale>
          <!--No missing value/character in database (datafilevarible/errorcode)-->
        </attribute>
        <attribute>
          <attributeName>FLAG</attributeName>
          <attributeLabel>FLAG</attributeLabel>
          <attributeDefinition>Error Flag for soil temperature</attributeDefinition>
          <storageType>string</storageType>
          <measurementScale>
            <nominal>
              <nonNumericDomain>
                <enumeratedDomain>
                  <codeDefinition>
                    <code>G</code>
                    <definition>Good</definition>
                  </codeDefinition>
                  <codeDefinition>
                    <code> Q</code>
                    <definition>Questionable</definition>
                  </codeDefinition>
                  <codeDefinition>
                    <code>M</code>
                    <definition>Missing</definition>
                  </codeDefinition>
                </enumeratedDomain>
              </nonNumericDomain>
            </nominal>
          </measurementScale>
          <!--No missing value/character in database (datafilevarible/errorcode)-->
        </attribute>
      </attributeList>
    </dataTable>
    <dataTable>
      <entityName>3_ST_LTER2_1988-2012.txt</entityName>
      <entityDescription>Soil temperature data from upland and floodplain sites.</entityDescription>
      <physical>
        <objectName>3_ST_LTER2_1988-2012.txt</objectName>
        <dataFormat>
          <textFormat>
            <numHeaderLines>1</numHeaderLines>
            <recordDelimiter>\n</recordDelimiter>
            <physicalLineDelimiter>\n</physicalLineDelimiter>
            <attributeOrientation>column</attributeOrientation>
            <simpleDelimited>
              <fieldDelimiter>,</fieldDelimiter>
            </simpleDelimited>
          </textFormat>
        </dataFormat>
        <distribution>
          <online>
            <url function="download">https://pasta.lternet.edu/package/data/eml/knb-lter-bnz/3/18/689685f330b80a9ab6c1e7adc76e62c1</url>
          </online>
        </distribution>
      </physical>
      <attributeList>
        <attribute>
          <attributeName>SITE</attributeName>
          <attributeLabel>SITE</attributeLabel>
          <attributeDefinition>Site ID</attributeDefinition>
          <storageType>string</storageType>
          <measurementScale>
            <nominal>
              <nonNumericDomain>
                <textDomain>
                  <definition>Site ID</definition>
                </textDomain>
              </nonNumericDomain>
            </nominal>
          </measurementScale>
          <!--No missing value/character in database (datafilevarible/errorcode)-->
        </attribute>
        <attribute>
          <attributeName>DATE</attributeName>
          <attributeLabel>DATE</attributeLabel>
          <attributeDefinition>Date of Measurment</attributeDefinition>
          <storageType>string</storageType>
          <measurementScale>
            <dateTime>
              <formatString>YYYY-MM-DD</formatString>
            </dateTime>
          </measurementScale>
          <!--No missing value/character in database (datafilevarible/errorcode)-->
        </attribute>
        <attribute>
          <attributeName>HOUR</attributeName>
          <attributeLabel>HOUR</attributeLabel>
          <attributeDefinition>Hour of Measurment</attributeDefinition>
          <storageType>integer</storageType>
          <measurementScale>
            <ratio>
              <unit>
                <customUnit>hhhh</customUnit>
              </unit>
              <numericDomain>
                <numberType>real</numberType>
                <!--No minimum value recorded in database (datafilevaribles/minvalid)-->
              </numericDomain>
            </ratio>
          </measurementScale>
          <!--No missing value/character in database (datafilevarible/errorcode)-->
        </attribute>
        <attribute>
          <attributeName>MEASUREMENT</attributeName>
          <attributeLabel>MEASUREMENT</attributeLabel>
          <attributeDefinition>Measurment type</attributeDefinition>
          <storageType>string</storageType>
          <measurementScale>
            <nominal>
              <nonNumericDomain>
                <textDomain>
                  <definition>Measurment type</definition>
                </textDomain>
              </nonNumericDomain>
            </nominal>
          </measurementScale>
          <!--No missing value/character in database (datafilevarible/errorcode)-->
        </attribute>
        <attribute>
          <attributeName>VALUE</attributeName>
          <attributeLabel>VALUE</attributeLabel>
          <attributeDefinition>Soil Temperature in C</attributeDefinition>
          <storageType>float</storageType>
          <measurementScale>
            <ratio>
              <unit>
                <standardUnit>celsius</standardUnit>
              </unit>
              <numericDomain>
                <numberType>real</numberType>
                <bounds>
                  <minimum exclusive="false">-20.000</minimum>
                  <maximum exclusive="false">30.000</maximum>
                </bounds>
              </numericDomain>
            </ratio>
          </measurementScale>
          <missingValueCode>
            <code>NULL</code>
            <codeExplanation>Missing Value</codeExplanation>
          </missingValueCode>
        </attribute>
        <attribute>
          <attributeName>DEPTH</attributeName>
          <attributeLabel>DEPTH</attributeLabel>
          <attributeDefinition>depth of soil temperature sensor below the O/M interface</attributeDefinition>
          <storageType>string</storageType>
          <measurementScale>
            <nominal>
              <nonNumericDomain>
                <textDomain>
                  <definition>depth of soil temperature sensor below the O/M interface</definition>
                </textDomain>
              </nonNumericDomain>
            </nominal>
          </measurementScale>
          <!--No missing value/character in database (datafilevarible/errorcode)-->
        </attribute>
        <attribute>
          <attributeName>UNIT</attributeName>
          <attributeLabel>UNIT</attributeLabel>
          <attributeDefinition>Unit of recorded temperature</attributeDefinition>
          <storageType>string</storageType>
          <measurementScale>
            <nominal>
              <nonNumericDomain>
                <textDomain>
                  <definition>Unit of recorded temperature</definition>
                </textDomain>
              </nonNumericDomain>
            </nominal>
          </measurementScale>
          <!--No missing value/character in database (datafilevarible/errorcode)-->
        </attribute>
        <attribute>
          <attributeName>FLAG</attributeName>
          <attributeLabel>FLAG</attributeLabel>
          <attributeDefinition>Error Flag for soil temperature</attributeDefinition>
          <storageType>string</storageType>
          <measurementScale>
            <nominal>
              <nonNumericDomain>
                <enumeratedDomain>
                  <codeDefinition>
                    <code>G</code>
                    <definition>Good</definition>
                  </codeDefinition>
                  <codeDefinition>
                    <code> Q</code>
                    <definition>Questionable</definition>
                  </codeDefinition>
                  <codeDefinition>
                    <code>M</code>
                    <definition>Missing</definition>
                  </codeDefinition>
                </enumeratedDomain>
              </nonNumericDomain>
            </nominal>
          </measurementScale>
          <!--No missing value/character in database (datafilevarible/errorcode)-->
        </attribute>
      </attributeList>
    </dataTable>
    <dataTable>
      <entityName>3_ST_UP1A_2008-2012.txt</entityName>
      <entityDescription>Soil temperature data from upland and floodplain sites.</entityDescription>
      <physical>
        <objectName>3_ST_UP1A_2008-2012.txt</objectName>
        <dataFormat>
          <textFormat>
            <numHeaderLines>1</numHeaderLines>
            <recordDelimiter>\n</recordDelimiter>
            <physicalLineDelimiter>\n</physicalLineDelimiter>
            <attributeOrientation>column</attributeOrientation>
            <simpleDelimited>
              <fieldDelimiter>,</fieldDelimiter>
            </simpleDelimited>
          </textFormat>
        </dataFormat>
        <distribution>
          <online>
            <url function="download">https://pasta.lternet.edu/package/data/eml/knb-lter-bnz/3/18/9b38f188cc8d0bea7bb35ea6d64c8327</url>
          </online>
        </distribution>
      </physical>
      <attributeList>
        <attribute>
          <attributeName>SITE</attributeName>
          <attributeLabel>SITE</attributeLabel>
          <attributeDefinition>Site ID</attributeDefinition>
          <storageType>string</storageType>
          <measurementScale>
            <nominal>
              <nonNumericDomain>
                <textDomain>
                  <definition>Site ID</definition>
                </textDomain>
              </nonNumericDomain>
            </nominal>
          </measurementScale>
          <!--No missing value/character in database (datafilevarible/errorcode)-->
        </attribute>
        <attribute>
          <attributeName>DATE</attributeName>
          <attributeLabel>DATE</attributeLabel>
          <attributeDefinition>Date of Measurment</attributeDefinition>
          <storageType>string</storageType>
          <measurementScale>
            <dateTime>
              <formatString>YYYY-MM-DD</formatString>
            </dateTime>
          </measurementScale>
          <!--No missing value/character in database (datafilevarible/errorcode)-->
        </attribute>
        <attribute>
          <attributeName>HOUR</attributeName>
          <attributeLabel>HOUR</attributeLabel>
          <attributeDefinition>Hour of Measurment</attributeDefinition>
          <storageType>integer</storageType>
          <measurementScale>
            <ratio>
              <unit>
                <customUnit>hhhh</customUnit>
              </unit>
              <numericDomain>
                <numberType>real</numberType>
                <!--No minimum value recorded in database (datafilevaribles/minvalid)-->
              </numericDomain>
            </ratio>
          </measurementScale>
          <!--No missing value/character in database (datafilevarible/errorcode)-->
        </attribute>
        <attribute>
          <attributeName>MEASUREMENT</attributeName>
          <attributeLabel>MEASUREMENT</attributeLabel>
          <attributeDefinition>Measurment type</attributeDefinition>
          <storageType>string</storageType>
          <measurementScale>
            <nominal>
              <nonNumericDomain>
                <textDomain>
                  <definition>Measurment type</definition>
                </textDomain>
              </nonNumericDomain>
            </nominal>
          </measurementScale>
          <!--No missing value/character in database (datafilevarible/errorcode)-->
        </attribute>
        <attribute>
          <attributeName>VALUE</attributeName>
          <attributeLabel>VALUE</attributeLabel>
          <attributeDefinition>Soil Temperature in C</attributeDefinition>
          <storageType>float</storageType>
          <measurementScale>
            <ratio>
              <unit>
                <standardUnit>celsius</standardUnit>
              </unit>
              <numericDomain>
                <numberType>real</numberType>
                <bounds>
                  <minimum exclusive="false">-20.000</minimum>
                  <maximum exclusive="false">30.000</maximum>
                </bounds>
              </numericDomain>
            </ratio>
          </measurementScale>
          <missingValueCode>
            <code>NULL</code>
            <codeExplanation>Missing Value</codeExplanation>
          </missingValueCode>
        </attribute>
        <attribute>
          <attributeName>DEPTH</attributeName>
          <attributeLabel>DEPTH</attributeLabel>
          <attributeDefinition>depth of soil temperature sensor below the O/M interface</attributeDefinition>
          <storageType>string</storageType>
          <measurementScale>
            <nominal>
              <nonNumericDomain>
                <textDomain>
                  <definition>depth of soil temperature sensor below the O/M interface</definition>
                </textDomain>
              </nonNumericDomain>
            </nominal>
          </measurementScale>
          <!--No missing value/character in database (datafilevarible/errorcode)-->
        </attribute>
        <attribute>
          <attributeName>UNIT</attributeName>
          <attributeLabel>UNIT</attributeLabel>
          <attributeDefinition>Unit of recorded temperature</attributeDefinition>
          <storageType>string</storageType>
          <measurementScale>
            <nominal>
              <nonNumericDomain>
                <textDomain>
                  <definition>Unit of recorded temperature</definition>
                </textDomain>
              </nonNumericDomain>
            </nominal>
          </measurementScale>
          <!--No missing value/character in database (datafilevarible/errorcode)-->
        </attribute>
        <attribute>
          <attributeName>FLAG</attributeName>
          <attributeLabel>FLAG</attributeLabel>
          <attributeDefinition>Error Flag for soil temperature</attributeDefinition>
          <storageType>string</storageType>
          <measurementScale>
            <nominal>
              <nonNumericDomain>
                <enumeratedDomain>
                  <codeDefinition>
                    <code>G</code>
                    <definition>Good</definition>
                  </codeDefinition>
                  <codeDefinition>
                    <code> Q</code>
                    <definition>Questionable</definition>
                  </codeDefinition>
                  <codeDefinition>
                    <code>M</code>
                    <definition>Missing</definition>
                  </codeDefinition>
                </enumeratedDomain>
              </nonNumericDomain>
            </nominal>
          </measurementScale>
          <!--No missing value/character in database (datafilevarible/errorcode)-->
        </attribute>
      </attributeList>
    </dataTable>
    <dataTable>
      <entityName>3_ST_UP2A_1988-2012.txt</entityName>
      <entityDescription>Soil temperature data from upland and floodplain sites.</entityDescription>
      <physical>
        <objectName>3_ST_UP2A_1988-2012.txt</objectName>
        <dataFormat>
          <textFormat>
            <numHeaderLines>1</numHeaderLines>
            <recordDelimiter>\n</recordDelimiter>
            <physicalLineDelimiter>\n</physicalLineDelimiter>
            <attributeOrientation>column</attributeOrientation>
            <simpleDelimited>
              <fieldDelimiter>,</fieldDelimiter>
            </simpleDelimited>
          </textFormat>
        </dataFormat>
        <distribution>
          <online>
            <url function="download">https://pasta.lternet.edu/package/data/eml/knb-lter-bnz/3/18/1f6fedff6344b2087b0ae3143fedcd12</url>
          </online>
        </distribution>
      </physical>
      <attributeList>
        <attribute>
          <attributeName>SITE</attributeName>
          <attributeLabel>SITE</attributeLabel>
          <attributeDefinition>Site ID</attributeDefinition>
          <storageType>string</storageType>
          <measurementScale>
            <nominal>
              <nonNumericDomain>
                <textDomain>
                  <definition>Site ID</definition>
                </textDomain>
              </nonNumericDomain>
            </nominal>
          </measurementScale>
          <!--No missing value/character in database (datafilevarible/errorcode)-->
        </attribute>
        <attribute>
          <attributeName>DATE</attributeName>
          <attributeLabel>DATE</attributeLabel>
          <attributeDefinition>Date of Measurment</attributeDefinition>
          <storageType>string</storageType>
          <measurementScale>
            <dateTime>
              <formatString>YYYY-MM-DD</formatString>
            </dateTime>
          </measurementScale>
          <!--No missing value/character in database (datafilevarible/errorcode)-->
        </attribute>
        <attribute>
          <attributeName>HOUR</attributeName>
          <attributeLabel>HOUR</attributeLabel>
          <attributeDefinition>Hour of Measurment</attributeDefinition>
          <storageType>integer</storageType>
          <measurementScale>
            <ratio>
              <unit>
                <customUnit>hhhh</customUnit>
              </unit>
              <numericDomain>
                <numberType>real</numberType>
                <!--No minimum value recorded in database (datafilevaribles/minvalid)-->
              </numericDomain>
            </ratio>
          </measurementScale>
          <!--No missing value/character in database (datafilevarible/errorcode)-->
        </attribute>
        <attribute>
          <attributeName>MEASUREMENT</attributeName>
          <attributeLabel>MEASUREMENT</attributeLabel>
          <attributeDefinition>Measurment type</attributeDefinition>
          <storageType>string</storageType>
          <measurementScale>
            <nominal>
              <nonNumericDomain>
                <textDomain>
                  <definition>Measurment type</definition>
                </textDomain>
              </nonNumericDomain>
            </nominal>
          </measurementScale>
          <!--No missing value/character in database (datafilevarible/errorcode)-->
        </attribute>
        <attribute>
          <attributeName>VALUE</attributeName>
          <attributeLabel>VALUE</attributeLabel>
          <attributeDefinition>Soil Temperature in C</attributeDefinition>
          <storageType>float</storageType>
          <measurementScale>
            <ratio>
              <unit>
                <standardUnit>celsius</standardUnit>
              </unit>
              <numericDomain>
                <numberType>real</numberType>
                <bounds>
                  <minimum exclusive="false">-20.000</minimum>
                  <maximum exclusive="false">30.000</maximum>
                </bounds>
              </numericDomain>
            </ratio>
          </measurementScale>
          <missingValueCode>
            <code>NULL</code>
            <codeExplanation>Missing Value</codeExplanation>
          </missingValueCode>
        </attribute>
        <attribute>
          <attributeName>DEPTH</attributeName>
          <attributeLabel>DEPTH</attributeLabel>
          <attributeDefinition>depth of soil temperature sensor below the O/M interface</attributeDefinition>
          <storageType>string</storageType>
          <measurementScale>
            <nominal>
              <nonNumericDomain>
                <textDomain>
                  <definition>depth of soil temperature sensor below the O/M interface</definition>
                </textDomain>
              </nonNumericDomain>
            </nominal>
          </measurementScale>
          <!--No missing value/character in database (datafilevarible/errorcode)-->
        </attribute>
        <attribute>
          <attributeName>UNIT</attributeName>
          <attributeLabel>UNIT</attributeLabel>
          <attributeDefinition>Unit of recorded temperature</attributeDefinition>
          <storageType>string</storageType>
          <measurementScale>
            <nominal>
              <nonNumericDomain>
                <textDomain>
                  <definition>Unit of recorded temperature</definition>
                </textDomain>
              </nonNumericDomain>
            </nominal>
          </measurementScale>
          <!--No missing value/character in database (datafilevarible/errorcode)-->
        </attribute>
        <attribute>
          <attributeName>FLAG</attributeName>
          <attributeLabel>FLAG</attributeLabel>
          <attributeDefinition>Error Flag for soil temperature</attributeDefinition>
          <storageType>string</storageType>
          <measurementScale>
            <nominal>
              <nonNumericDomain>
                <enumeratedDomain>
                  <codeDefinition>
                    <code>G</code>
                    <definition>Good</definition>
                  </codeDefinition>
                  <codeDefinition>
                    <code> Q</code>
                    <definition>Questionable</definition>
                  </codeDefinition>
                  <codeDefinition>
                    <code>M</code>
                    <definition>Missing</definition>
                  </codeDefinition>
                </enumeratedDomain>
              </nonNumericDomain>
            </nominal>
          </measurementScale>
          <!--No missing value/character in database (datafilevarible/errorcode)-->
        </attribute>
      </attributeList>
    </dataTable>
    <dataTable>
      <entityName>3_ST_UP3A_1989-2012.txt</entityName>
      <entityDescription>Soil temperature data from upland and floodplain sites.</entityDescription>
      <physical>
        <objectName>3_ST_UP3A_1989-2012.txt</objectName>
        <dataFormat>
          <textFormat>
            <numHeaderLines>1</numHeaderLines>
            <recordDelimiter>\n</recordDelimiter>
            <physicalLineDelimiter>\n</physicalLineDelimiter>
            <attributeOrientation>column</attributeOrientation>
            <simpleDelimited>
              <fieldDelimiter>,</fieldDelimiter>
            </simpleDelimited>
          </textFormat>
        </dataFormat>
        <distribution>
          <online>
            <url function="download">https://pasta.lternet.edu/package/data/eml/knb-lter-bnz/3/18/b1942414509ef9696cf748cd17f01412</url>
          </online>
        </distribution>
      </physical>
      <attributeList>
        <attribute>
          <attributeName>SITE</attributeName>
          <attributeLabel>SITE</attributeLabel>
          <attributeDefinition>Site ID</attributeDefinition>
          <storageType>string</storageType>
          <measurementScale>
            <nominal>
              <nonNumericDomain>
                <textDomain>
                  <definition>Site ID</definition>
                </textDomain>
              </nonNumericDomain>
            </nominal>
          </measurementScale>
          <!--No missing value/character in database (datafilevarible/errorcode)-->
        </attribute>
        <attribute>
          <attributeName>DATE</attributeName>
          <attributeLabel>DATE</attributeLabel>
          <attributeDefinition>Date of Measurment</attributeDefinition>
          <storageType>string</storageType>
          <measurementScale>
            <dateTime>
              <formatString>YYYY-MM-DD</formatString>
            </dateTime>
          </measurementScale>
          <!--No missing value/character in database (datafilevarible/errorcode)-->
        </attribute>
        <attribute>
          <attributeName>HOUR</attributeName>
          <attributeLabel>HOUR</attributeLabel>
          <attributeDefinition>Hour of Measurment</attributeDefinition>
          <storageType>integer</storageType>
          <measurementScale>
            <ratio>
              <unit>
                <customUnit>hhhh</customUnit>
              </unit>
              <numericDomain>
                <numberType>real</numberType>
                <!--No minimum value recorded in database (datafilevaribles/minvalid)-->
              </numericDomain>
            </ratio>
          </measurementScale>
          <!--No missing value/character in database (datafilevarible/errorcode)-->
        </attribute>
        <attribute>
          <attributeName>MEASUREMENT</attributeName>
          <attributeLabel>MEASUREMENT</attributeLabel>
          <attributeDefinition>Measurment type</attributeDefinition>
          <storageType>string</storageType>
          <measurementScale>
            <nominal>
              <nonNumericDomain>
                <textDomain>
                  <definition>Measurment type</definition>
                </textDomain>
              </nonNumericDomain>
            </nominal>
          </measurementScale>
          <!--No missing value/character in database (datafilevarible/errorcode)-->
        </attribute>
        <attribute>
          <attributeName>VALUE</attributeName>
          <attributeLabel>VALUE</attributeLabel>
          <attributeDefinition>Soil Temperature in C</attributeDefinition>
          <storageType>float</storageType>
          <measurementScale>
            <ratio>
              <unit>
                <standardUnit>celsius</standardUnit>
              </unit>
              <numericDomain>
                <numberType>real</numberType>
                <bounds>
                  <minimum exclusive="false">-20.000</minimum>
                  <maximum exclusive="false">30.000</maximum>
                </bounds>
              </numericDomain>
            </ratio>
          </measurementScale>
          <missingValueCode>
            <code>NULL</code>
            <codeExplanation>Missing Value</codeExplanation>
          </missingValueCode>
        </attribute>
        <attribute>
          <attributeName>DEPTH</attributeName>
          <attributeLabel>DEPTH</attributeLabel>
          <attributeDefinition>depth of soil temperature sensor below the O/M interface</attributeDefinition>
          <storageType>string</storageType>
          <measurementScale>
            <nominal>
              <nonNumericDomain>
                <textDomain>
                  <definition>depth of soil temperature sensor below the O/M interface</definition>
                </textDomain>
              </nonNumericDomain>
            </nominal>
          </measurementScale>
          <!--No missing value/character in database (datafilevarible/errorcode)-->
        </attribute>
        <attribute>
          <attributeName>UNIT</attributeName>
          <attributeLabel>UNIT</attributeLabel>
          <attributeDefinition>Unit of recorded temperature</attributeDefinition>
          <storageType>string</storageType>
          <measurementScale>
            <nominal>
              <nonNumericDomain>
                <textDomain>
                  <definition>Unit of recorded temperature</definition>
                </textDomain>
              </nonNumericDomain>
            </nominal>
          </measurementScale>
          <!--No missing value/character in database (datafilevarible/errorcode)-->
        </attribute>
        <attribute>
          <attributeName>FLAG</attributeName>
          <attributeLabel>FLAG</attributeLabel>
          <attributeDefinition>Error Flag for soil temperature</attributeDefinition>
          <storageType>string</storageType>
          <measurementScale>
            <nominal>
              <nonNumericDomain>
                <enumeratedDomain>
                  <codeDefinition>
                    <code>G</code>
                    <definition>Good</definition>
                  </codeDefinition>
                  <codeDefinition>
                    <code> Q</code>
                    <definition>Questionable</definition>
                  </codeDefinition>
                  <codeDefinition>
                    <code>M</code>
                    <definition>Missing</definition>
                  </codeDefinition>
                </enumeratedDomain>
              </nonNumericDomain>
            </nominal>
          </measurementScale>
          <!--No missing value/character in database (datafilevarible/errorcode)-->
        </attribute>
      </attributeList>
    </dataTable>
    <dataTable>
      <entityName>3_ST_FP1A_1989-2012.txt</entityName>
      <entityDescription>Soil temperature data from upland and floodplain sites.</entityDescription>
      <physical>
        <objectName>3_ST_FP1A_1989-2012.txt</objectName>
        <dataFormat>
          <textFormat>
            <numHeaderLines>1</numHeaderLines>
            <recordDelimiter>\n</recordDelimiter>
            <physicalLineDelimiter>\n</physicalLineDelimiter>
            <attributeOrientation>column</attributeOrientation>
            <simpleDelimited>
              <fieldDelimiter>,</fieldDelimiter>
            </simpleDelimited>
          </textFormat>
        </dataFormat>
        <distribution>
          <online>
            <url function="download">https://pasta.lternet.edu/package/data/eml/knb-lter-bnz/3/18/eca1ddf89a28fd85e700b0326f8ffe87</url>
          </online>
        </distribution>
      </physical>
      <attributeList>
        <attribute>
          <attributeName>SITE</attributeName>
          <attributeLabel>SITE</attributeLabel>
          <attributeDefinition>Site ID</attributeDefinition>
          <storageType>string</storageType>
          <measurementScale>
            <nominal>
              <nonNumericDomain>
                <textDomain>
                  <definition>Site ID</definition>
                </textDomain>
              </nonNumericDomain>
            </nominal>
          </measurementScale>
          <!--No missing value/character in database (datafilevarible/errorcode)-->
        </attribute>
        <attribute>
          <attributeName>DATE</attributeName>
          <attributeLabel>DATE</attributeLabel>
          <attributeDefinition>Date of Measurment</attributeDefinition>
          <storageType>string</storageType>
          <measurementScale>
            <dateTime>
              <formatString>YYYY-MM-DD</formatString>
            </dateTime>
          </measurementScale>
          <!--No missing value/character in database (datafilevarible/errorcode)-->
        </attribute>
        <attribute>
          <attributeName>HOUR</attributeName>
          <attributeLabel>HOUR</attributeLabel>
          <attributeDefinition>Hour of Measurment</attributeDefinition>
          <storageType>integer</storageType>
          <measurementScale>
            <ratio>
              <unit>
                <customUnit>hhhh</customUnit>
              </unit>
              <numericDomain>
                <numberType>real</numberType>
                <!--No minimum value recorded in database (datafilevaribles/minvalid)-->
              </numericDomain>
            </ratio>
          </measurementScale>
          <!--No missing value/character in database (datafilevarible/errorcode)-->
        </attribute>
        <attribute>
          <attributeName>MEASUREMENT</attributeName>
          <attributeLabel>MEASUREMENT</attributeLabel>
          <attributeDefinition>Measurment type</attributeDefinition>
          <storageType>string</storageType>
          <measurementScale>
            <nominal>
              <nonNumericDomain>
                <textDomain>
                  <definition>Measurment type</definition>
                </textDomain>
              </nonNumericDomain>
            </nominal>
          </measurementScale>
          <!--No missing value/character in database (datafilevarible/errorcode)-->
        </attribute>
        <attribute>
          <attributeName>VALUE</attributeName>
          <attributeLabel>VALUE</attributeLabel>
          <attributeDefinition>Soil Temperature in C</attributeDefinition>
          <storageType>float</storageType>
          <measurementScale>
            <ratio>
              <unit>
                <standardUnit>celsius</standardUnit>
              </unit>
              <numericDomain>
                <numberType>real</numberType>
                <bounds>
                  <minimum exclusive="false">-20.000</minimum>
                  <maximum exclusive="false">30.000</maximum>
                </bounds>
              </numericDomain>
            </ratio>
          </measurementScale>
          <missingValueCode>
            <code>NULL</code>
            <codeExplanation>Missing Value</codeExplanation>
          </missingValueCode>
        </attribute>
        <attribute>
          <attributeName>DEPTH</attributeName>
          <attributeLabel>DEPTH</attributeLabel>
          <attributeDefinition>depth of soil temperature sensor below the O/M interface</attributeDefinition>
          <storageType>string</storageType>
          <measurementScale>
            <nominal>
              <nonNumericDomain>
                <textDomain>
                  <definition>depth of soil temperature sensor below the O/M interface</definition>
                </textDomain>
              </nonNumericDomain>
            </nominal>
          </measurementScale>
          <!--No missing value/character in database (datafilevarible/errorcode)-->
        </attribute>
        <attribute>
          <attributeName>UNIT</attributeName>
          <attributeLabel>UNIT</attributeLabel>
          <attributeDefinition>Unit of recorded temperature</attributeDefinition>
          <storageType>string</storageType>
          <measurementScale>
            <nominal>
              <nonNumericDomain>
                <textDomain>
                  <definition>Unit of recorded temperature</definition>
                </textDomain>
              </nonNumericDomain>
            </nominal>
          </measurementScale>
          <!--No missing value/character in database (datafilevarible/errorcode)-->
        </attribute>
        <attribute>
          <attributeName>FLAG</attributeName>
          <attributeLabel>FLAG</attributeLabel>
          <attributeDefinition>Error Flag for soil temperature</attributeDefinition>
          <storageType>string</storageType>
          <measurementScale>
            <nominal>
              <nonNumericDomain>
                <enumeratedDomain>
                  <codeDefinition>
                    <code>G</code>
                    <definition>Good</definition>
                  </codeDefinition>
                  <codeDefinition>
                    <code> Q</code>
                    <definition>Questionable</definition>
                  </codeDefinition>
                  <codeDefinition>
                    <code>M</code>
                    <definition>Missing</definition>
                  </codeDefinition>
                </enumeratedDomain>
              </nonNumericDomain>
            </nominal>
          </measurementScale>
          <!--No missing value/character in database (datafilevarible/errorcode)-->
        </attribute>
      </attributeList>
    </dataTable>
    <dataTable>
      <entityName>3_ST_FP2A_1989-2012.txt</entityName>
      <entityDescription>Soil temperature data from upland and floodplain sites.</entityDescription>
      <physical>
        <objectName>3_ST_FP2A_1989-2012.txt</objectName>
        <dataFormat>
          <textFormat>
            <numHeaderLines>1</numHeaderLines>
            <recordDelimiter>\n</recordDelimiter>
            <physicalLineDelimiter>\n</physicalLineDelimiter>
            <attributeOrientation>column</attributeOrientation>
            <simpleDelimited>
              <fieldDelimiter>,</fieldDelimiter>
            </simpleDelimited>
          </textFormat>
        </dataFormat>
        <distribution>
          <online>
            <url function="download">https://pasta.lternet.edu/package/data/eml/knb-lter-bnz/3/18/29ce50d3ebf42d664aa7306a4fdadb9d</url>
          </online>
        </distribution>
      </physical>
      <attributeList>
        <attribute>
          <attributeName>SITE</attributeName>
          <attributeLabel>SITE</attributeLabel>
          <attributeDefinition>Site ID</attributeDefinition>
          <storageType>string</storageType>
          <measurementScale>
            <nominal>
              <nonNumericDomain>
                <textDomain>
                  <definition>Site ID</definition>
                </textDomain>
              </nonNumericDomain>
            </nominal>
          </measurementScale>
          <!--No missing value/character in database (datafilevarible/errorcode)-->
        </attribute>
        <attribute>
          <attributeName>DATE</attributeName>
          <attributeLabel>DATE</attributeLabel>
          <attributeDefinition>Date of Measurment</attributeDefinition>
          <storageType>string</storageType>
          <measurementScale>
            <dateTime>
              <formatString>YYYY-MM-DD</formatString>
            </dateTime>
          </measurementScale>
          <!--No missing value/character in database (datafilevarible/errorcode)-->
        </attribute>
        <attribute>
          <attributeName>HOUR</attributeName>
          <attributeLabel>HOUR</attributeLabel>
          <attributeDefinition>Hour of Measurment</attributeDefinition>
          <storageType>integer</storageType>
          <measurementScale>
            <ratio>
              <unit>
                <customUnit>hhhh</customUnit>
              </unit>
              <numericDomain>
                <numberType>real</numberType>
                <!--No minimum value recorded in database (datafilevaribles/minvalid)-->
              </numericDomain>
            </ratio>
          </measurementScale>
          <!--No missing value/character in database (datafilevarible/errorcode)-->
        </attribute>
        <attribute>
          <attributeName>MEASUREMENT</attributeName>
          <attributeLabel>MEASUREMENT</attributeLabel>
          <attributeDefinition>Measurment type</attributeDefinition>
          <storageType>string</storageType>
          <measurementScale>
            <nominal>
              <nonNumericDomain>
                <textDomain>
                  <definition>Measurment type</definition>
                </textDomain>
              </nonNumericDomain>
            </nominal>
          </measurementScale>
          <!--No missing value/character in database (datafilevarible/errorcode)-->
        </attribute>
        <attribute>
          <attributeName>VALUE</attributeName>
          <attributeLabel>VALUE</attributeLabel>
          <attributeDefinition>Soil Temperature in C</attributeDefinition>
          <storageType>float</storageType>
          <measurementScale>
            <ratio>
              <unit>
                <standardUnit>celsius</standardUnit>
              </unit>
              <numericDomain>
                <numberType>real</numberType>
                <bounds>
                  <minimum exclusive="false">-20.000</minimum>
                  <maximum exclusive="false">30.000</maximum>
                </bounds>
              </numericDomain>
            </ratio>
          </measurementScale>
          <missingValueCode>
            <code>NULL</code>
            <codeExplanation>Missing Value</codeExplanation>
          </missingValueCode>
        </attribute>
        <attribute>
          <attributeName>DEPTH</attributeName>
          <attributeLabel>DEPTH</attributeLabel>
          <attributeDefinition>depth of soil temperature sensor below the O/M interface</attributeDefinition>
          <storageType>string</storageType>
          <measurementScale>
            <nominal>
              <nonNumericDomain>
                <textDomain>
                  <definition>depth of soil temperature sensor below the O/M interface</definition>
                </textDomain>
              </nonNumericDomain>
            </nominal>
          </measurementScale>
          <!--No missing value/character in database (datafilevarible/errorcode)-->
        </attribute>
        <attribute>
          <attributeName>UNIT</attributeName>
          <attributeLabel>UNIT</attributeLabel>
          <attributeDefinition>Unit of recorded temperature</attributeDefinition>
          <storageType>string</storageType>
          <measurementScale>
            <nominal>
              <nonNumericDomain>
                <textDomain>
                  <definition>Unit of recorded temperature</definition>
                </textDomain>
              </nonNumericDomain>
            </nominal>
          </measurementScale>
          <!--No missing value/character in database (datafilevarible/errorcode)-->
        </attribute>
        <attribute>
          <attributeName>FLAG</attributeName>
          <attributeLabel>FLAG</attributeLabel>
          <attributeDefinition>Error Flag for soil temperature</attributeDefinition>
          <storageType>string</storageType>
          <measurementScale>
            <nominal>
              <nonNumericDomain>
                <enumeratedDomain>
                  <codeDefinition>
                    <code>G</code>
                    <definition>Good</definition>
                  </codeDefinition>
                  <codeDefinition>
                    <code> Q</code>
                    <definition>Questionable</definition>
                  </codeDefinition>
                  <codeDefinition>
                    <code>M</code>
                    <definition>Missing</definition>
                  </codeDefinition>
                </enumeratedDomain>
              </nonNumericDomain>
            </nominal>
          </measurementScale>
          <!--No missing value/character in database (datafilevarible/errorcode)-->
        </attribute>
      </attributeList>
    </dataTable>
    <dataTable>
      <entityName>3_ST_FP3A_1988-2012.txt</entityName>
      <entityDescription>Soil temperature data from upland and floodplain sites.</entityDescription>
      <physical>
        <objectName>3_ST_FP3A_1988-2012.txt</objectName>
        <dataFormat>
          <textFormat>
            <numHeaderLines>1</numHeaderLines>
            <recordDelimiter>\n</recordDelimiter>
            <physicalLineDelimiter>\n</physicalLineDelimiter>
            <attributeOrientation>column</attributeOrientation>
            <simpleDelimited>
              <fieldDelimiter>,</fieldDelimiter>
            </simpleDelimited>
          </textFormat>
        </dataFormat>
        <distribution>
          <online>
            <url function="download">https://pasta.lternet.edu/package/data/eml/knb-lter-bnz/3/18/62735d7c1cb9b5f98bbf5678d3009bd6</url>
          </online>
        </distribution>
      </physical>
      <attributeList>
        <attribute>
          <attributeName>SITE</attributeName>
          <attributeLabel>SITE</attributeLabel>
          <attributeDefinition>Site ID</attributeDefinition>
          <storageType>string</storageType>
          <measurementScale>
            <nominal>
              <nonNumericDomain>
                <textDomain>
                  <definition>Site ID</definition>
                </textDomain>
              </nonNumericDomain>
            </nominal>
          </measurementScale>
          <!--No missing value/character in database (datafilevarible/errorcode)-->
        </attribute>
        <attribute>
          <attributeName>DATE</attributeName>
          <attributeLabel>DATE</attributeLabel>
          <attributeDefinition>Date of Measurment</attributeDefinition>
          <storageType>string</storageType>
          <measurementScale>
            <dateTime>
              <formatString>YYYY-MM-DD</formatString>
            </dateTime>
          </measurementScale>
          <!--No missing value/character in database (datafilevarible/errorcode)-->
        </attribute>
        <attribute>
          <attributeName>HOUR</attributeName>
          <attributeLabel>HOUR</attributeLabel>
          <attributeDefinition>Hour of Measurment</attributeDefinition>
          <storageType>integer</storageType>
          <measurementScale>
            <ratio>
              <unit>
                <customUnit>hhhh</customUnit>
              </unit>
              <numericDomain>
                <numberType>real</numberType>
                <!--No minimum value recorded in database (datafilevaribles/minvalid)-->
              </numericDomain>
            </ratio>
          </measurementScale>
          <!--No missing value/character in database (datafilevarible/errorcode)-->
        </attribute>
        <attribute>
          <attributeName>MEASUREMENT</attributeName>
          <attributeLabel>MEASUREMENT</attributeLabel>
          <attributeDefinition>Measurment type</attributeDefinition>
          <storageType>string</storageType>
          <measurementScale>
            <nominal>
              <nonNumericDomain>
                <textDomain>
                  <definition>Measurment type</definition>
                </textDomain>
              </nonNumericDomain>
            </nominal>
          </measurementScale>
          <!--No missing value/character in database (datafilevarible/errorcode)-->
        </attribute>
        <attribute>
          <attributeName>VALUE</attributeName>
          <attributeLabel>VALUE</attributeLabel>
          <attributeDefinition>Soil Temperature in C</attributeDefinition>
          <storageType>float</storageType>
          <measurementScale>
            <ratio>
              <unit>
                <standardUnit>celsius</standardUnit>
              </unit>
              <numericDomain>
                <numberType>real</numberType>
                <bounds>
                  <minimum exclusive="false">-20.000</minimum>
                  <maximum exclusive="false">30.000</maximum>
                </bounds>
              </numericDomain>
            </ratio>
          </measurementScale>
          <missingValueCode>
            <code>NULL</code>
            <codeExplanation>Missing Value</codeExplanation>
          </missingValueCode>
        </attribute>
        <attribute>
          <attributeName>DEPTH</attributeName>
          <attributeLabel>DEPTH</attributeLabel>
          <attributeDefinition>depth of soil temperature sensor below the O/M interface</attributeDefinition>
          <storageType>string</storageType>
          <measurementScale>
            <nominal>
              <nonNumericDomain>
                <textDomain>
                  <definition>depth of soil temperature sensor below the O/M interface</definition>
                </textDomain>
              </nonNumericDomain>
            </nominal>
          </measurementScale>
          <!--No missing value/character in database (datafilevarible/errorcode)-->
        </attribute>
        <attribute>
          <attributeName>UNIT</attributeName>
          <attributeLabel>UNIT</attributeLabel>
          <attributeDefinition>Unit of recorded temperature</attributeDefinition>
          <storageType>string</storageType>
          <measurementScale>
            <nominal>
              <nonNumericDomain>
                <textDomain>
                  <definition>Unit of recorded temperature</definition>
                </textDomain>
              </nonNumericDomain>
            </nominal>
          </measurementScale>
          <!--No missing value/character in database (datafilevarible/errorcode)-->
        </attribute>
        <attribute>
          <attributeName>FLAG</attributeName>
          <attributeLabel>FLAG</attributeLabel>
          <attributeDefinition>Error Flag for soil temperature</attributeDefinition>
          <storageType>string</storageType>
          <measurementScale>
            <nominal>
              <nonNumericDomain>
                <enumeratedDomain>
                  <codeDefinition>
                    <code>G</code>
                    <definition>Good</definition>
                  </codeDefinition>
                  <codeDefinition>
                    <code> Q</code>
                    <definition>Questionable</definition>
                  </codeDefinition>
                  <codeDefinition>
                    <code>M</code>
                    <definition>Missing</definition>
                  </codeDefinition>
                </enumeratedDomain>
              </nonNumericDomain>
            </nominal>
          </measurementScale>
          <!--No missing value/character in database (datafilevarible/errorcode)-->
        </attribute>
      </attributeList>
    </dataTable>
    <dataTable>
      <entityName>3_ST_FP4A_1989-2012.txt</entityName>
      <entityDescription>Soil temperature data from upland and floodplain sites.</entityDescription>
      <physical>
        <objectName>3_ST_FP4A_1989-2012.txt</objectName>
        <dataFormat>
          <textFormat>
            <numHeaderLines>1</numHeaderLines>
            <recordDelimiter>\n</recordDelimiter>
            <physicalLineDelimiter>\n</physicalLineDelimiter>
            <attributeOrientation>column</attributeOrientation>
            <simpleDelimited>
              <fieldDelimiter>,</fieldDelimiter>
            </simpleDelimited>
          </textFormat>
        </dataFormat>
        <distribution>
          <online>
            <url function="download">https://pasta.lternet.edu/package/data/eml/knb-lter-bnz/3/18/5dfe2d6e9775dc07169685e1efd8cc25</url>
          </online>
        </distribution>
      </physical>
      <attributeList>
        <attribute>
          <attributeName>SITE</attributeName>
          <attributeLabel>SITE</attributeLabel>
          <attributeDefinition>Site ID</attributeDefinition>
          <storageType>string</storageType>
          <measurementScale>
            <nominal>
              <nonNumericDomain>
                <textDomain>
                  <definition>Site ID</definition>
                </textDomain>
              </nonNumericDomain>
            </nominal>
          </measurementScale>
          <!--No missing value/character in database (datafilevarible/errorcode)-->
        </attribute>
        <attribute>
          <attributeName>DATE</attributeName>
          <attributeLabel>DATE</attributeLabel>
          <attributeDefinition>Date of Measurment</attributeDefinition>
          <storageType>string</storageType>
          <measurementScale>
            <dateTime>
              <formatString>YYYY-MM-DD</formatString>
            </dateTime>
          </measurementScale>
          <!--No missing value/character in database (datafilevarible/errorcode)-->
        </attribute>
        <attribute>
          <attributeName>HOUR</attributeName>
          <attributeLabel>HOUR</attributeLabel>
          <attributeDefinition>Hour of Measurment</attributeDefinition>
          <storageType>integer</storageType>
          <measurementScale>
            <ratio>
              <unit>
                <customUnit>hhhh</customUnit>
              </unit>
              <numericDomain>
                <numberType>real</numberType>
                <!--No minimum value recorded in database (datafilevaribles/minvalid)-->
              </numericDomain>
            </ratio>
          </measurementScale>
          <!--No missing value/character in database (datafilevarible/errorcode)-->
        </attribute>
        <attribute>
          <attributeName>MEASUREMENT</attributeName>
          <attributeLabel>MEASUREMENT</attributeLabel>
          <attributeDefinition>Measurment type</attributeDefinition>
          <storageType>string</storageType>
          <measurementScale>
            <nominal>
              <nonNumericDomain>
                <textDomain>
                  <definition>Measurment type</definition>
                </textDomain>
              </nonNumericDomain>
            </nominal>
          </measurementScale>
          <!--No missing value/character in database (datafilevarible/errorcode)-->
        </attribute>
        <attribute>
          <attributeName>VALUE</attributeName>
          <attributeLabel>VALUE</attributeLabel>
          <attributeDefinition>Soil Temperature in C</attributeDefinition>
          <storageType>float</storageType>
          <measurementScale>
            <ratio>
              <unit>
                <standardUnit>celsius</standardUnit>
              </unit>
              <numericDomain>
                <numberType>real</numberType>
                <bounds>
                  <minimum exclusive="false">-20.000</minimum>
                  <maximum exclusive="false">30.000</maximum>
                </bounds>
              </numericDomain>
            </ratio>
          </measurementScale>
          <missingValueCode>
            <code>NULL</code>
            <codeExplanation>Missing Value</codeExplanation>
          </missingValueCode>
        </attribute>
        <attribute>
          <attributeName>DEPTH</attributeName>
          <attributeLabel>DEPTH</attributeLabel>
          <attributeDefinition>depth of soil temperature sensor below the O/M interface</attributeDefinition>
          <storageType>string</storageType>
          <measurementScale>
            <nominal>
              <nonNumericDomain>
                <textDomain>
                  <definition>depth of soil temperature sensor below the O/M interface</definition>
                </textDomain>
              </nonNumericDomain>
            </nominal>
          </measurementScale>
          <!--No missing value/character in database (datafilevarible/errorcode)-->
        </attribute>
        <attribute>
          <attributeName>UNIT</attributeName>
          <attributeLabel>UNIT</attributeLabel>
          <attributeDefinition>Unit of recorded temperature</attributeDefinition>
          <storageType>string</storageType>
          <measurementScale>
            <nominal>
              <nonNumericDomain>
                <textDomain>
                  <definition>Unit of recorded temperature</definition>
                </textDomain>
              </nonNumericDomain>
            </nominal>
          </measurementScale>
          <!--No missing value/character in database (datafilevarible/errorcode)-->
        </attribute>
        <attribute>
          <attributeName>FLAG</attributeName>
          <attributeLabel>FLAG</attributeLabel>
          <attributeDefinition>Error Flag for soil temperature</attributeDefinition>
          <storageType>string</storageType>
          <measurementScale>
            <nominal>
              <nonNumericDomain>
                <enumeratedDomain>
                  <codeDefinition>
                    <code>G</code>
                    <definition>Good</definition>
                  </codeDefinition>
                  <codeDefinition>
                    <code> Q</code>
                    <definition>Questionable</definition>
                  </codeDefinition>
                  <codeDefinition>
                    <code>M</code>
                    <definition>Missing</definition>
                  </codeDefinition>
                </enumeratedDomain>
              </nonNumericDomain>
            </nominal>
          </measurementScale>
          <!--No missing value/character in database (datafilevarible/errorcode)-->
        </attribute>
      </attributeList>
    </dataTable>
    <dataTable>
      <entityName>3_ST_FP5A_1989-2012.txt</entityName>
      <entityDescription>Soil temperature data from upland and floodplain sites.</entityDescription>
      <physical>
        <objectName>3_ST_FP5A_1989-2012.txt</objectName>
        <dataFormat>
          <textFormat>
            <numHeaderLines>1</numHeaderLines>
            <recordDelimiter>\n</recordDelimiter>
            <physicalLineDelimiter>\n</physicalLineDelimiter>
            <attributeOrientation>column</attributeOrientation>
            <simpleDelimited>
              <fieldDelimiter>,</fieldDelimiter>
            </simpleDelimited>
          </textFormat>
        </dataFormat>
        <distribution>
          <online>
            <url function="download">https://pasta.lternet.edu/package/data/eml/knb-lter-bnz/3/18/970ce72daacb46437fa0c57cfa23141c</url>
          </online>
        </distribution>
      </physical>
      <attributeList>
        <attribute>
          <attributeName>SITE</attributeName>
          <attributeLabel>SITE</attributeLabel>
          <attributeDefinition>Site ID</attributeDefinition>
          <storageType>string</storageType>
          <measurementScale>
            <nominal>
              <nonNumericDomain>
                <textDomain>
                  <definition>Site ID</definition>
                </textDomain>
              </nonNumericDomain>
            </nominal>
          </measurementScale>
          <!--No missing value/character in database (datafilevarible/errorcode)-->
        </attribute>
        <attribute>
          <attributeName>DATE</attributeName>
          <attributeLabel>DATE</attributeLabel>
          <attributeDefinition>Date of Measurment</attributeDefinition>
          <storageType>string</storageType>
          <measurementScale>
            <dateTime>
              <formatString>YYYY-MM-DD</formatString>
            </dateTime>
          </measurementScale>
          <!--No missing value/character in database (datafilevarible/errorcode)-->
        </attribute>
        <attribute>
          <attributeName>HOUR</attributeName>
          <attributeLabel>HOUR</attributeLabel>
          <attributeDefinition>Hour of Measurment</attributeDefinition>
          <storageType>integer</storageType>
          <measurementScale>
            <ratio>
              <unit>
                <customUnit>hhhh</customUnit>
              </unit>
              <numericDomain>
                <numberType>real</numberType>
                <!--No minimum value recorded in database (datafilevaribles/minvalid)-->
              </numericDomain>
            </ratio>
          </measurementScale>
          <!--No missing value/character in database (datafilevarible/errorcode)-->
        </attribute>
        <attribute>
          <attributeName>MEASUREMENT</attributeName>
          <attributeLabel>MEASUREMENT</attributeLabel>
          <attributeDefinition>Measurment type</attributeDefinition>
          <storageType>string</storageType>
          <measurementScale>
            <nominal>
              <nonNumericDomain>
                <textDomain>
                  <definition>Measurment type</definition>
                </textDomain>
              </nonNumericDomain>
            </nominal>
          </measurementScale>
          <!--No missing value/character in database (datafilevarible/errorcode)-->
        </attribute>
        <attribute>
          <attributeName>VALUE</attributeName>
          <attributeLabel>VALUE</attributeLabel>
          <attributeDefinition>Soil Temperature in C</attributeDefinition>
          <storageType>float</storageType>
          <measurementScale>
            <ratio>
              <unit>
                <standardUnit>celsius</standardUnit>
              </unit>
              <numericDomain>
                <numberType>real</numberType>
                <bounds>
                  <minimum exclusive="false">-20.000</minimum>
                  <maximum exclusive="false">30.000</maximum>
                </bounds>
              </numericDomain>
            </ratio>
          </measurementScale>
          <missingValueCode>
            <code>NULL</code>
            <codeExplanation>Missing Value</codeExplanation>
          </missingValueCode>
        </attribute>
        <attribute>
          <attributeName>DEPTH</attributeName>
          <attributeLabel>DEPTH</attributeLabel>
          <attributeDefinition>depth of soil temperature sensor below the O/M interface</attributeDefinition>
          <storageType>string</storageType>
          <measurementScale>
            <nominal>
              <nonNumericDomain>
                <textDomain>
                  <definition>depth of soil temperature sensor below the O/M interface</definition>
                </textDomain>
              </nonNumericDomain>
            </nominal>
          </measurementScale>
          <!--No missing value/character in database (datafilevarible/errorcode)-->
        </attribute>
        <attribute>
          <attributeName>UNIT</attributeName>
          <attributeLabel>UNIT</attributeLabel>
          <attributeDefinition>Unit of recorded temperature</attributeDefinition>
          <storageType>string</storageType>
          <measurementScale>
            <nominal>
              <nonNumericDomain>
                <textDomain>
                  <definition>Unit of recorded temperature</definition>
                </textDomain>
              </nonNumericDomain>
            </nominal>
          </measurementScale>
          <!--No missing value/character in database (datafilevarible/errorcode)-->
        </attribute>
        <attribute>
          <attributeName>FLAG</attributeName>
          <attributeLabel>FLAG</attributeLabel>
          <attributeDefinition>Error Flag for soil temperature</attributeDefinition>
          <storageType>string</storageType>
          <measurementScale>
            <nominal>
              <nonNumericDomain>
                <enumeratedDomain>
                  <codeDefinition>
                    <code>G</code>
                    <definition>Good</definition>
                  </codeDefinition>
                  <codeDefinition>
                    <code> Q</code>
                    <definition>Questionable</definition>
                  </codeDefinition>
                  <codeDefinition>
                    <code>M</code>
                    <definition>Missing</definition>
                  </codeDefinition>
                </enumeratedDomain>
              </nonNumericDomain>
            </nominal>
          </measurementScale>
          <!--No missing value/character in database (datafilevarible/errorcode)-->
        </attribute>
      </attributeList>
    </dataTable>
  </dataset>
  <additionalMetadata>
    <metadata>
      <unitList>
        <unit id="YYYY-MM-DD"/>
        <unit id="hhhh"/>
      </unitList>
    </metadata>
  </additionalMetadata>
</eml:eml>
