<?xml version="1.0" encoding="UTF-8"?>
<eml:eml packageId="knb-lter-bnz.31.17" scope="system"
  system="https://pasta.lternet.edu"
  xmlns:ds="eml://ecoinformatics.org/dataset-2.1.0"
  xmlns:eml="eml://ecoinformatics.org/eml-2.1.1"
  xmlns:stmml="http://www.xml-cml.org/schema/stmml-1.1"
  xmlns:xsi="http://www.w3.org/2001/XMLSchema-instance" xsi:schemaLocation="eml://ecoinformatics.org/eml-2.1.0&#xa;&#x9;&#x9;&#x9;&#x9;http://nis.lternet.edu/schemas/EML/eml-2.1.0/eml.xsd">
  <access authSystem="https://pasta.lternet.edu/authentication"
    order="allowFirst" scope="document" system="https://pasta.lternet.edu">
    <allow>
      <principal>uid=BNZ,o=lter,dc=ecoinformatics,dc=org</principal>
      <permission>all</permission>
    </allow>
    <allow>
      <principal>public</principal>
      <permission>read</permission>
    </allow>
  </access>
  <dataset>
    <shortName>knb-lter-bnz.31.17</shortName>
    <title>Tree regeneration after fire: Wickersham Dome long-term vegetation study, bl. spruce cone analysis</title>
    <creator>
      <individualName>
        <givenName>Jill</givenName>
        <surName>Johnstone</surName>
      </individualName>
      <positionName>Associate Professor</positionName>
      <address>
        <deliveryPoint>Department of Biology;  University of Saskatchewan;  112 Science Place</deliveryPoint>
        <city>Saskatoon</city>
        <administrativeArea>Saskatchewan</administrativeArea>
        <postalCode>S7N 5E2</postalCode>
        <country>Canada</country>
      </address>
      <phone phonetype="voice">(306) 966-4421</phone>
      <phone phonetype="fax">(306) 966-4461</phone>
      <electronicMailAddress>jill.johnstone@usask.ca</electronicMailAddress>
      <onlineUrl>http://homepage.usask.ca/~jfj445/</onlineUrl>
    </creator>
    <metadataProvider>
      <organizationName>Bonanza Creek LTER</organizationName>
      <positionName>Data Manager</positionName>
      <address>
        <deliveryPoint>Boreal Ecology Cooperative Research Unit </deliveryPoint>
        <deliveryPoint>University of Alaska Fairbanks</deliveryPoint>
        <deliveryPoint>P.O. Box 756780 </deliveryPoint>
        <city>Fairbanks</city>
        <administrativeArea>AK</administrativeArea>
        <postalCode>99775</postalCode>
        <country>USA</country>
      </address>
      <phone phonetype="voice">907-474-6364</phone>
      <phone phonetype="fax">907-474-6251</phone>
      <electronicMailAddress>uaf-bnz-im-team@alaska.edu</electronicMailAddress>
      <onlineUrl>http://www.lter.uaf.edu</onlineUrl>
    </metadataProvider>
    <associatedParty>
      <individualName>
        <givenName>Leslie</givenName>
        <givenName>A.</givenName>
        <surName>Viereck</surName>
      </individualName>
      <!--No position or title info on file for this person (pers/title when lead_contact=0)-->
      <!--No address on file for this person ( pers/address when lead_contact=0 )-->
      <!--No phone info on file for this person (pers/tel1 when lead_contact=0)-->
      <!--No fax info on file for this person-->
      <role>Associated investigator</role>
    </associatedParty>
    <associatedParty>
      <individualName>
        <givenName>M. Joan</givenName>
        <givenName>Joan</givenName>
        <surName>Foote</surName>
      </individualName>
      <positionName>Plant Ecologist/Fire Effects</positionName>
      <address>
        <deliveryPoint>P.O. Box 80809</deliveryPoint>
        <city>Fairbanks</city>
        <administrativeArea>AK </administrativeArea>
        <postalCode>99775</postalCode>
        <country>United States</country>
      </address>
      <phone phonetype="voice">(907) 479-6813</phone>
      <!--No fax info on file for this person-->
      <role>Associated investigator</role>
    </associatedParty>
    <associatedParty>
      <individualName>
        <givenName>F.S.</givenName>
        <givenName>Stuart</givenName>
        <surName>Chapin</surName>
      </individualName>
      <positionName>Professor of Ecology</positionName>
      <address>
        <deliveryPoint>Department of Biology and Wildlife;  Institute of Arctic Biology:  University of Alaska Fairbanks 193 Arctic Health P.O. Box 757000</deliveryPoint>
        <city>Fairbanks</city>
        <administrativeArea>AK </administrativeArea>
        <postalCode>99775</postalCode>
        <country>United States</country>
      </address>
      <phone phonetype="voice">(907) 474-7922</phone>
      <phone phonetype="fax">(907) 474-6967</phone>
      <role>Associated investigator</role>
    </associatedParty>
    <pubDate>2003-10-10</pubDate>
    <abstract>
      <para>These data represent the most recent set of observations (made in 2002 by J. Johnstone) for several long-term vegetation monitoring plots near Wickersham Dome that were set up by Les Viereck and Joan Foote following the 1971 wildfire and 1978 experimental burns. Earlier records are available in the BNZ long-term vegetation database. This dataset documents tree seedling/sapling and shrub measurements made in 2002.

Contains counts of total numbers of cones on individual trees (black spruce only), along with tree height.</para>
    </abstract>
    <keywordSet>
      <keyword>fires</keyword>
      <keyword>post-fire regeneration</keyword>
      <keyword>Picea mariana</keyword>
      <keyword>Populus tremuloides</keyword>
      <keyword>tree seedlings</keyword>
      <keyword>long term monitoring</keyword>
      <keyword>experimental burn</keyword>
      <keyword>shrubs</keyword>
      <keyword>cones</keyword>
      <keywordThesaurus>Disturbance</keywordThesaurus>
    </keywordSet>
    <intellectualRights>
      <section>
        <title>Access to Data</title>
        <para>While metadata will be freely available to those requesting it, the data manager will assure that any restrictions on access to data sets in the database will be enforced. Data will not be released without proper permission first being obtained from the investigator who generated the data. </para>
      </section>
      <section>
        <title>Use of data</title>
        <para> Researchers should receive adequate acknowledgment for the use of their data by others and should be provided with copies of publications using their data. Users of data from the data base must be aware that data is not to be sold or redistributed.</para>
      </section>
      <section>
        <title>Citing Bonanza Creek LTER Datasets</title>
        <para>It is considered a matter of professional ethics to acknowledge the work of other scientists. Thus, the Data User will properly cite the Data Set in any publications or in the metadata of any derived data products that were produced using the Data Set. </para>
      </section>
    </intellectualRights>
    <distribution id="distributionReference">
      <online>
        <url function="information">http://www.lter.uaf.edu/data_detail.cfm?datafile_pkey=31</url>
      </online>
    </distribution>
    <coverage>
      <geographicCoverage id="geoReference">
        <geographicDescription>Site information unavailable</geographicDescription>
        <boundingCoordinates>
          <westBoundingCoordinate>-147.9159251</westBoundingCoordinate>
          <eastBoundingCoordinate>-147.9077172</eastBoundingCoordinate>
          <northBoundingCoordinate>65.16917509</northBoundingCoordinate>
          <southBoundingCoordinate>65.16551393</southBoundingCoordinate>
        </boundingCoordinates>
      </geographicCoverage>
      <temporalCoverage>
        <rangeOfDates>
          <beginDate>
            <calendarDate>1978-01-01</calendarDate>
          </beginDate>
          <endDate>
            <calendarDate>2002-12-31</calendarDate>
          </endDate>
        </rangeOfDates>
      </temporalCoverage>
    </coverage>
    <maintenance>
      <description>
        <section>
          <title>Status</title>
          <para>Completed</para>
        </section>
      </description>
    </maintenance>
    <contact>
      <positionName>Information Manager</positionName>
      <organizationName>LTER Network Office</organizationName>
      <address>
        <deliveryPoint>UNM Biology Department, MSC03-2020</deliveryPoint>
        <deliveryPoint>1 University of New Mexico</deliveryPoint>
        <city>Albuquerque</city>
        <administrativeArea>NM</administrativeArea>
        <postalCode>87131-0001</postalCode>
        <country>USA</country>
      </address>
      <phone phonetype="voice">505 277-2535</phone>
      <phone phonetype="fax">505 277-2541</phone>
      <electronicMailAddress>tech-support@lternet.edu</electronicMailAddress>
      <onlineUrl>http://www.lternet.edu</onlineUrl>
    </contact>
    <contact>
      <organizationName>Bonanza Creek LTER</organizationName>
      <positionName>Data Manager</positionName>
      <address>
        <deliveryPoint>Boreal Ecology Cooperative Research Unit </deliveryPoint>
        <deliveryPoint>University of Alaska Fairbanks</deliveryPoint>
        <deliveryPoint>P.O. Box 756780 </deliveryPoint>
        <city>Fairbanks</city>
        <administrativeArea>AK</administrativeArea>
        <postalCode>99775</postalCode>
        <country>USA</country>
      </address>
      <phone phonetype="voice">907-474-6364</phone>
      <phone phonetype="fax">907-474-6251</phone>
      <electronicMailAddress>uaf-bnz-im-team@alaska.edu</electronicMailAddress>
      <onlineUrl>http://www.lter.uaf.edu</onlineUrl>
    </contact>
    <publisher>
      <organizationName>Bonanza Creek LTER</organizationName>
      <address>
        <deliveryPoint>Boreal Ecology Cooperative Research Unit </deliveryPoint>
        <deliveryPoint>University of Alaska Fairbanks</deliveryPoint>
        <deliveryPoint>P.O. Box 756780 </deliveryPoint>
        <city>Fairbanks</city>
        <administrativeArea>AK</administrativeArea>
        <postalCode>99775</postalCode>
        <country>USA</country>
      </address>
      <phone phonetype="voice">907-474-6364</phone>
      <phone phonetype="fax">907-474-6251</phone>
    </publisher>
    <pubPlace>Bonanza Creek LTER</pubPlace>
    <methods>
      <methodStep>
        <description>
          <section>
            <title>Experimental Design</title>
            <para>The 1971 wildfire burned the hillslopes and valley of Washington Creek, adjacent to Wickersham Dome (elevation 325-400 m). Five sites were established to monitor vegetation recovery following fire, two in a lightly-burned area that had live trees that survived the fire (L1 and L2), and three in more severely-burned areas where all the trees were killed (H1, H2, H3; Viereck and Dyrness, 1979). The pre-fire stands were composed almost entirely of black spruce. The experimental burns in 1978 were located along the southwest slopes of Wickersham Dome near the ridgetop (elevation 490-550 m). There were 7 experimental burns (Ex01-Ex07), each approximately 2 ha in size. The burns were ignited on different days in July and August of 1978, and differed in the level of burn severity (Dyrness and Norum, 1983). Pre-fire vegetation in these plots was largely black spruce, but some sites had a small component of trembling aspen or paper birch.</para>
          </section>
          <section>
            <title>Methods</title>
            <para>Post-fire vegetation changes at the Wickersham sites were monitored in a grid of 20 sample points laid out at 10-m intervals along 4-5 parallel transects at each site (Table 1). Tree seedling counts and height measurements at each sample point were made in circular, 4 m2 (114 cm radius) plots marked with a metal stake in the centerpoint. Measurements in the 1971 wildfire were made yearly during the first 10 years after fire, and then again 15 (1986) and 31 (2002) years after fire. The vegetation plots in the seven 1978 experimental burns were measured annually during the first three years after fire, and then were not measured again until 2002, 24 years after fire.

Vegetation cover measurements were NOT made in 2002. </para>
          </section>
        </description>
      </methodStep>
      <!--sampling info missing (datafile/samp_freq)-->
    </methods>
    <dataTable>
      <entityName>186_1590_Cones.txt</entityName>
      <entityDescription>Cones.txt
	
Contains counts of total numbers of cones on individual trees (black spruce only), along with tree height.
	
Data in columns.
</entityDescription>
      <physical>
        <objectName>186_1590_Cones.txt</objectName>
        <dataFormat>
          <textFormat>
            <numHeaderLines>3</numHeaderLines>
            <recordDelimiter>\n</recordDelimiter>
            <physicalLineDelimiter>\n</physicalLineDelimiter>
            <attributeOrientation>column</attributeOrientation>
            <simpleDelimited>
              <fieldDelimiter>\t</fieldDelimiter>
            </simpleDelimited>
          </textFormat>
        </dataFormat>
        <distribution>
          <online>
            <url function="download">https://pasta.lternet.edu/package/data/eml/knb-lter-bnz/31/17/6f3532cf8fc1ca7e62e07ea3af943a40</url>
          </online>
        </distribution>
      </physical>
      <attributeList>
        <attribute>
          <attributeName>Site</attributeName>
          <attributeLabel>Site</attributeLabel>
          <attributeDefinition>A list of sites in datafile</attributeDefinition>
          <storageType>string</storageType>
          <measurementScale>
            <nominal>
              <nonNumericDomain>
                <textDomain>
                  <definition>A list of sites in datafile</definition>
                </textDomain>
              </nonNumericDomain>
            </nominal>
          </measurementScale>
          <!--No missing value/character in database (datafilevarible/errorcode)-->
        </attribute>
        <attribute>
          <attributeName>Plot</attributeName>
          <attributeLabel>Plot</attributeLabel>
          <attributeDefinition>Plots without cone-bearing trees are not listed</attributeDefinition>
          <storageType>string</storageType>
          <measurementScale>
            <nominal>
              <nonNumericDomain>
                <textDomain>
                  <definition>Plots without cone-bearing trees are not listed</definition>
                </textDomain>
              </nonNumericDomain>
            </nominal>
          </measurementScale>
          <!--No missing value/character in database (datafilevarible/errorcode)-->
        </attribute>
        <attribute>
          <attributeName>Pmar ht</attributeName>
          <attributeLabel>Pmar ht</attributeLabel>
          <attributeDefinition>Height from tree base to tip, in cm</attributeDefinition>
          <storageType>integer</storageType>
          <measurementScale>
            <ratio>
              <unit>
                <standardUnit>centimeter</standardUnit>
              </unit>
              <numericDomain>
                <numberType>real</numberType>
                <!--No minimum value recorded in database (datafilevaribles/minvalid)-->
              </numericDomain>
            </ratio>
          </measurementScale>
          <!--No missing value/character in database (datafilevarible/errorcode)-->
        </attribute>
        <attribute>
          <attributeName>Pmar Cones</attributeName>
          <attributeLabel>Pmar Cones</attributeLabel>
          <attributeDefinition>Total female cones on tree, all cohorts</attributeDefinition>
          <storageType>integer</storageType>
          <measurementScale>
            <ratio>
              <unit>
                <standardUnit>centimeter</standardUnit>
              </unit>
              <numericDomain>
                <numberType>real</numberType>
                <!--No minimum value recorded in database (datafilevaribles/minvalid)-->
              </numericDomain>
            </ratio>
          </measurementScale>
          <!--No missing value/character in database (datafilevarible/errorcode)-->
        </attribute>
      </attributeList>
    </dataTable>
  </dataset>
</eml:eml>
