<?xml version="1.0" encoding="UTF-8"?>
<eml:eml packageId="knb-lter-bnz.321.18" scope="system"
  system="https://pasta.lternet.edu"
  xmlns:ds="eml://ecoinformatics.org/dataset-2.1.0"
  xmlns:eml="eml://ecoinformatics.org/eml-2.1.1"
  xmlns:stmml="http://www.xml-cml.org/schema/stmml-1.1"
  xmlns:xsi="http://www.w3.org/2001/XMLSchema-instance" xsi:schemaLocation="eml://ecoinformatics.org/eml-2.1.0&#xa;&#x9;&#x9;&#x9;&#x9;http://nis.lternet.edu/schemas/EML/eml-2.1.0/eml.xsd">
  <access authSystem="https://pasta.lternet.edu/authentication"
    order="allowFirst" scope="document" system="https://pasta.lternet.edu">
    <allow>
      <principal>uid=BNZ,o=lter,dc=ecoinformatics,dc=org</principal>
      <permission>all</permission>
    </allow>
    <allow>
      <principal>public</principal>
      <permission>read</permission>
    </allow>
  </access>
  <dataset>
    <shortName>knb-lter-bnz.321.18</shortName>
    <title>Soil nitrogen and carbon from organic and mineral soil of 32 mature black spruce sites across interior Alaska  (Sampled 2001)</title>
    <creator>
      <individualName>
        <givenName>Teresa</givenName>
        <givenName>Nettleton</givenName>
        <surName>Hollingsworth</surName>
      </individualName>
      <positionName>Senior Investigator</positionName>
      <address>
        <deliveryPoint>Boreal Ecology Cooperative Research Unit, PNW Research Station, USDA Forest Service, P.O. Box 756780,University of Alaska Fairbanks</deliveryPoint>
        <city>Fairbanks</city>
        <administrativeArea>AK </administrativeArea>
        <postalCode>99775</postalCode>
        <country>United States</country>
      </address>
      <phone phonetype="voice">(907) 474-2424</phone>
      <phone phonetype="fax">(907) 474-6251</phone>
      <electronicMailAddress>thollingsworth@fs.fed.us</electronicMailAddress>
      <onlineUrl>http://www.becru.uaf.edu/personnel/Teresa.htm</onlineUrl>
    </creator>
    <creator>
      <individualName>
        <givenName>Edward</givenName>
        <givenName>A.G.</givenName>
        <surName>Schuur</surName>
      </individualName>
      <positionName>Senior Investigator</positionName>
      <address>
        <deliveryPoint>University of Florida Department of Botany 220 Bartram Hall</deliveryPoint>
        <city>Gainesville</city>
        <administrativeArea>FL</administrativeArea>
        <postalCode>32611</postalCode>
        <country>United States</country>
      </address>
      <phone phonetype="voice">(352) 392-7913</phone>
      <phone phonetype="fax">(352) 392-3993</phone>
      <electronicMailAddress>tschuur@ufl.edu</electronicMailAddress>
      <onlineUrl>http://www.biology.ufl.edu/People/faculty/tschuur.aspx</onlineUrl>
    </creator>
    <creator>
      <organizationName>Bonanza Creek LTER</organizationName>
      <address>
        <deliveryPoint>Boreal Ecology Cooperative Research Unit </deliveryPoint>
        <deliveryPoint>University of Alaska Fairbanks</deliveryPoint>
        <deliveryPoint>P.O. Box 756780 </deliveryPoint>
        <city>Fairbanks</city>
        <administrativeArea>AK</administrativeArea>
        <postalCode>99775</postalCode>
        <country>USA</country>
      </address>
      <phone phonetype="voice">907-474-6364</phone>
      <phone phonetype="fax">907-474-6251</phone>
      <electronicMailAddress>uaf-bnz-im-team@alaska.edu</electronicMailAddress>
      <onlineUrl>http://www.lter.uaf.edu</onlineUrl>
    </creator>
    <metadataProvider>
      <organizationName>Bonanza Creek LTER</organizationName>
      <positionName>Data Manager</positionName>
      <address>
        <deliveryPoint>Boreal Ecology Cooperative Research Unit </deliveryPoint>
        <deliveryPoint>University of Alaska Fairbanks</deliveryPoint>
        <deliveryPoint>P.O. Box 756780 </deliveryPoint>
        <city>Fairbanks</city>
        <administrativeArea>AK</administrativeArea>
        <postalCode>99775</postalCode>
        <country>USA</country>
      </address>
      <phone phonetype="voice">907-474-6364</phone>
      <phone phonetype="fax">907-474-6251</phone>
      <electronicMailAddress>uaf-bnz-im-team@alaska.edu</electronicMailAddress>
      <onlineUrl>http://www.lter.uaf.edu</onlineUrl>
    </metadataProvider>
    <!--No other people associated with this dataset found on file (pers/lastname/lead_contact=0)-->
    <pubDate>2007-12-12</pubDate>
    <abstract>
      <para>Soil nitrogen and carbon was collected at 33 sites as part of a bigger study looking at the structure and function of black spruce stands in interior Alaska.  These variables can be compared to any of the environmental site descriptions, GPS coordinates, soil characteristics, physical site characteristics, stand and structural characteristics, active layer, collected in the summers of 2000, 2001 for these sites </para>
    </abstract>
    <keywordSet>
      <keyword>black spruce</keyword>
      <keyword>soil carbon</keyword>
      <keyword>interior</keyword>
      <keyword>Interior Alaska</keyword>
      <keywordThesaurus>Biogeochemistry</keywordThesaurus>
    </keywordSet>
    <intellectualRights>
      <section>
        <title>Access to Data</title>
        <para>While metadata will be freely available to those requesting it, the data manager will assure that any restrictions on access to data sets in the database will be enforced. Data will not be released without proper permission first being obtained from the investigator who generated the data. </para>
      </section>
      <section>
        <title>Use of data</title>
        <para> Researchers should receive adequate acknowledgment for the use of their data by others and should be provided with copies of publications using their data. Users of data from the data base must be aware that data is not to be sold or redistributed.</para>
      </section>
      <section>
        <title>Citing Bonanza Creek LTER Datasets</title>
        <para>It is considered a matter of professional ethics to acknowledge the work of other scientists. Thus, the Data User will properly cite the Data Set in any publications or in the metadata of any derived data products that were produced using the Data Set. </para>
      </section>
    </intellectualRights>
    <distribution id="distributionReference">
      <online>
        <url function="information">http://www.lter.uaf.edu/data_detail.cfm?datafile_pkey=321</url>
      </online>
    </distribution>
    <coverage>
      <geographicCoverage id="geoReference">
        <geographicDescription>Site information unavailable</geographicDescription>
        <boundingCoordinates>
          <westBoundingCoordinate>-150.4716346</westBoundingCoordinate>
          <eastBoundingCoordinate>-142.084463</eastBoundingCoordinate>
          <northBoundingCoordinate>67.23018199</northBoundingCoordinate>
          <southBoundingCoordinate>63.36221583</southBoundingCoordinate>
        </boundingCoordinates>
      </geographicCoverage>
      <temporalCoverage>
        <rangeOfDates>
          <beginDate>
            <calendarDate>2001-09-01</calendarDate>
          </beginDate>
          <endDate>
            <calendarDate>2001-09-30</calendarDate>
          </endDate>
        </rangeOfDates>
      </temporalCoverage>
    </coverage>
    <maintenance>
      <description>
        <section>
          <title>Status</title>
          <para>Completed</para>
        </section>
      </description>
    </maintenance>
    <contact>
      <positionName>Information Manager</positionName>
      <organizationName>LTER Network Office</organizationName>
      <address>
        <deliveryPoint>UNM Biology Department, MSC03-2020</deliveryPoint>
        <deliveryPoint>1 University of New Mexico</deliveryPoint>
        <city>Albuquerque</city>
        <administrativeArea>NM</administrativeArea>
        <postalCode>87131-0001</postalCode>
        <country>USA</country>
      </address>
      <phone phonetype="voice">505 277-2535</phone>
      <phone phonetype="fax">505 277-2541</phone>
      <electronicMailAddress>tech-support@lternet.edu</electronicMailAddress>
      <onlineUrl>http://www.lternet.edu</onlineUrl>
    </contact>
    <contact>
      <organizationName>Bonanza Creek LTER</organizationName>
      <positionName>Data Manager</positionName>
      <address>
        <deliveryPoint>Boreal Ecology Cooperative Research Unit </deliveryPoint>
        <deliveryPoint>University of Alaska Fairbanks</deliveryPoint>
        <deliveryPoint>P.O. Box 756780 </deliveryPoint>
        <city>Fairbanks</city>
        <administrativeArea>AK</administrativeArea>
        <postalCode>99775</postalCode>
        <country>USA</country>
      </address>
      <phone phonetype="voice">907-474-6364</phone>
      <phone phonetype="fax">907-474-6251</phone>
      <electronicMailAddress>uaf-bnz-im-team@alaska.edu</electronicMailAddress>
      <onlineUrl>http://www.lter.uaf.edu</onlineUrl>
    </contact>
    <publisher>
      <organizationName>Bonanza Creek LTER</organizationName>
      <address>
        <deliveryPoint>Boreal Ecology Cooperative Research Unit </deliveryPoint>
        <deliveryPoint>University of Alaska Fairbanks</deliveryPoint>
        <deliveryPoint>P.O. Box 756780 </deliveryPoint>
        <city>Fairbanks</city>
        <administrativeArea>AK</administrativeArea>
        <postalCode>99775</postalCode>
        <country>USA</country>
      </address>
      <phone phonetype="voice">907-474-6364</phone>
      <phone phonetype="fax">907-474-6251</phone>
    </publisher>
    <pubPlace>Bonanza Creek LTER</pubPlace>
    <methods>
      <methodStep>
        <description>
          <section>
            <title>Experimental Design</title>
            <para>These are a subset of a bigger study looking at the variability in black spruce structure and function.  These data were collected to understand the relationship between soil carbon/nitrogen and black spruce community type.   </para>
          </section>
          <section>
            <title>Methods</title>
            <para>see Ecosystems publication</para>
          </section>
        </description>
      </methodStep>
      <sampling>
        <studyExtent>
          <coverage>
            <geographicCoverage>
              <references>geoReference</references>
            </geographicCoverage>
            <temporalCoverage>
              <rangeOfDates>
                <beginDate>
                  <calendarDate>2001-09-01</calendarDate>
                </beginDate>
                <endDate>
                  <calendarDate>2001-09-30</calendarDate>
                </endDate>
              </rangeOfDates>
            </temporalCoverage>
          </coverage>
        </studyExtent>
        <samplingDescription>
          <section>
            <title>Sampling Frequency</title>
            <para>once</para>
          </section>
        </samplingDescription>
      </sampling>
    </methods>
    <dataTable>
      <entityName>321_Soil_CandN_2001.txt</entityName>
      <entityDescription>Soil nitrogen and carbon was collected at 33 sites as part of a bigger study looking at the structure and function of black spruce stands in interior Alaska.</entityDescription>
      <physical>
        <objectName>321_Soil_CandN_2001.txt</objectName>
        <dataFormat>
          <textFormat>
            <numHeaderLines>1</numHeaderLines>
            <recordDelimiter>\n</recordDelimiter>
            <physicalLineDelimiter>\n</physicalLineDelimiter>
            <attributeOrientation>column</attributeOrientation>
            <simpleDelimited>
              <fieldDelimiter>,</fieldDelimiter>
            </simpleDelimited>
          </textFormat>
        </dataFormat>
        <distribution>
          <online>
            <url function="download">https://pasta.lternet.edu/package/data/eml/knb-lter-bnz/321/18/73e31684dfc95e7e0005f58ef294a892</url>
          </online>
        </distribution>
      </physical>
      <attributeList>
        <attribute>
          <attributeName>Site</attributeName>
          <attributeLabel>Site</attributeLabel>
          <attributeDefinition>Site name, corresponds to the site names established in enviroallyears.xls</attributeDefinition>
          <storageType>string</storageType>
          <measurementScale>
            <nominal>
              <nonNumericDomain>
                <textDomain>
                  <definition>Site name, corresponds to the site names established in enviroallyears.xls</definition>
                </textDomain>
              </nonNumericDomain>
            </nominal>
          </measurementScale>
          <!--No missing value/character in database (datafilevarible/errorcode)-->
        </attribute>
        <attribute>
          <attributeName>Rep#</attributeName>
          <attributeLabel>Rep#</attributeLabel>
          <attributeDefinition>The replicate number (for each site there were between 1-3 replicates</attributeDefinition>
          <storageType>integer</storageType>
          <measurementScale>
            <nominal>
              <nonNumericDomain>
                <textDomain>
                  <definition>The replicate number (for each site there were between 1-3 replicates</definition>
                </textDomain>
              </nonNumericDomain>
            </nominal>
          </measurementScale>
          <!--No missing value/character in database (datafilevarible/errorcode)-->
        </attribute>
        <attribute>
          <attributeName>Sample</attributeName>
          <attributeLabel>Sample</attributeLabel>
          <attributeDefinition>Unique sample number for each core</attributeDefinition>
          <storageType>integer</storageType>
          <measurementScale>
            <nominal>
              <nonNumericDomain>
                <textDomain>
                  <definition>Unique sample number for each core</definition>
                </textDomain>
              </nonNumericDomain>
            </nominal>
          </measurementScale>
          <!--No missing value/character in database (datafilevarible/errorcode)-->
        </attribute>
        <attribute>
          <attributeName>total N in org horizons (g/m2)</attributeName>
          <attributeLabel>total N in org horizons (g/m2)</attributeLabel>
          <attributeDefinition>Carbon in the organic horizons (7 fractions) combined</attributeDefinition>
          <storageType>float</storageType>
          <measurementScale>
            <ratio>
              <unit>
                <standardUnit>gramsPerSquareMeter</standardUnit>
              </unit>
              <numericDomain>
                <numberType>real</numberType>
                <!--No minimum value recorded in database (datafilevaribles/minvalid)-->
              </numericDomain>
            </ratio>
          </measurementScale>
          <!--No missing value/character in database (datafilevarible/errorcode)-->
        </attribute>
        <attribute>
          <attributeName>total C in org horizons (kg/m2)</attributeName>
          <attributeLabel>total C in org horizons (kg/m2)</attributeLabel>
          <attributeDefinition>Nitrogen in the organic horizons (7 fractions) combined</attributeDefinition>
          <storageType>float</storageType>
          <measurementScale>
            <ratio>
              <unit>
                <standardUnit>kilogramsPerSquareMeter</standardUnit>
              </unit>
              <numericDomain>
                <numberType>real</numberType>
                <!--No minimum value recorded in database (datafilevaribles/minvalid)-->
              </numericDomain>
            </ratio>
          </measurementScale>
          <!--No missing value/character in database (datafilevarible/errorcode)-->
        </attribute>
        <attribute>
          <attributeName>total N in top 15cm  min (g/m2)</attributeName>
          <attributeLabel>total N in top 15cm  min (g/m2)</attributeLabel>
          <attributeDefinition>Nitrogen in the top 15cm of mineral (7 fractions) combined</attributeDefinition>
          <storageType>float</storageType>
          <measurementScale>
            <ratio>
              <unit>
                <standardUnit>gramsPerSquareMeter</standardUnit>
              </unit>
              <numericDomain>
                <numberType>real</numberType>
                <!--No minimum value recorded in database (datafilevaribles/minvalid)-->
              </numericDomain>
            </ratio>
          </measurementScale>
          <!--No missing value/character in database (datafilevarible/errorcode)-->
        </attribute>
        <attribute>
          <attributeName>total C in top 15cm min (kg/m2)</attributeName>
          <attributeLabel>total C in top 15cm min (kg/m2)</attributeLabel>
          <attributeDefinition>Carbon in the top 15cm of mineral (7 fractions) combined</attributeDefinition>
          <storageType>float</storageType>
          <measurementScale>
            <ratio>
              <unit>
                <standardUnit>kilogramsPerSquareMeter</standardUnit>
              </unit>
              <numericDomain>
                <numberType>real</numberType>
                <!--No minimum value recorded in database (datafilevaribles/minvalid)-->
              </numericDomain>
            </ratio>
          </measurementScale>
          <!--No missing value/character in database (datafilevarible/errorcode)-->
        </attribute>
        <attribute>
          <attributeName>total N org+15cm min (g/m2)</attributeName>
          <attributeLabel>total N org+15cm min (g/m2)</attributeLabel>
          <attributeDefinition>Total Nitrogen for that replicate</attributeDefinition>
          <storageType>float</storageType>
          <measurementScale>
            <ratio>
              <unit>
                <standardUnit>gramsPerSquareMeter</standardUnit>
              </unit>
              <numericDomain>
                <numberType>real</numberType>
                <!--No minimum value recorded in database (datafilevaribles/minvalid)-->
              </numericDomain>
            </ratio>
          </measurementScale>
          <!--No missing value/character in database (datafilevarible/errorcode)-->
        </attribute>
        <attribute>
          <attributeName>total C org+15cm min (kg/m2)</attributeName>
          <attributeLabel>total C org+15cm min (kg/m2)</attributeLabel>
          <attributeDefinition>Total Carbon for that replicate</attributeDefinition>
          <storageType>float</storageType>
          <measurementScale>
            <ratio>
              <unit>
                <standardUnit>kilogramsPerSquareMeter</standardUnit>
              </unit>
              <numericDomain>
                <numberType>real</numberType>
                <!--No minimum value recorded in database (datafilevaribles/minvalid)-->
              </numericDomain>
            </ratio>
          </measurementScale>
          <!--No missing value/character in database (datafilevarible/errorcode)-->
        </attribute>
      </attributeList>
    </dataTable>
  </dataset>
</eml:eml>
