<?xml version="1.0" encoding="UTF-8"?>
<eml:eml packageId="knb-lter-bnz.324.17" scope="system"
  system="https://pasta.lternet.edu"
  xmlns:ds="eml://ecoinformatics.org/dataset-2.1.0"
  xmlns:eml="eml://ecoinformatics.org/eml-2.1.1"
  xmlns:stmml="http://www.xml-cml.org/schema/stmml-1.1"
  xmlns:xsi="http://www.w3.org/2001/XMLSchema-instance" xsi:schemaLocation="eml://ecoinformatics.org/eml-2.1.0&#xa;&#x9;&#x9;&#x9;&#x9;http://nis.lternet.edu/schemas/EML/eml-2.1.0/eml.xsd">
  <access authSystem="https://pasta.lternet.edu/authentication"
    order="allowFirst" scope="document" system="https://pasta.lternet.edu">
    <allow>
      <principal>uid=BNZ,o=lter,dc=ecoinformatics,dc=org</principal>
      <permission>all</permission>
    </allow>
    <allow>
      <principal>public</principal>
      <permission>read</permission>
    </allow>
  </access>
  <dataset>
    <shortName>knb-lter-bnz.324.17</shortName>
    <title>APEX fen Raised plot soil temperatures, 2005-Present</title>
    <creator>
      <individualName>
        <givenName>Merritt</givenName>
        <givenName>R</givenName>
        <surName>Turetsky</surName>
      </individualName>
      <positionName>Assistant Professor</positionName>
      <address>
        <deliveryPoint>Department of Integrative Biology  University of Guelph</deliveryPoint>
        <city>Guelph</city>
        <administrativeArea>ON</administrativeArea>
        <postalCode>N1G 2W1</postalCode>
        <country>Canada</country>
      </address>
      <phone phonetype="voice">(519) 824-4120 ext 56166</phone>
      <!--No fax info present in Database  ( pers/fax when lead_contact=1 )-->
      <electronicMailAddress>mrt@uoguelph.ca</electronicMailAddress>
      <onlineUrl>http://www.uoguelph.ca/ib/people/faculty/turetsky.shtml</onlineUrl>
    </creator>
    <metadataProvider>
      <organizationName>Bonanza Creek LTER</organizationName>
      <positionName>Data Manager</positionName>
      <address>
        <deliveryPoint>Boreal Ecology Cooperative Research Unit </deliveryPoint>
        <deliveryPoint>University of Alaska Fairbanks</deliveryPoint>
        <deliveryPoint>P.O. Box 756780 </deliveryPoint>
        <city>Fairbanks</city>
        <administrativeArea>AK</administrativeArea>
        <postalCode>99775</postalCode>
        <country>USA</country>
      </address>
      <phone phonetype="voice">907-474-6364</phone>
      <phone phonetype="fax">907-474-6251</phone>
      <electronicMailAddress>uaf-bnz-im-team@alaska.edu</electronicMailAddress>
      <onlineUrl>http://www.lter.uaf.edu</onlineUrl>
    </metadataProvider>
    <associatedParty>
      <individualName>
        <givenName>Claire</givenName>
        <givenName>C</givenName>
        <surName>Treat</surName>
      </individualName>
      <positionName>Research Technician</positionName>
      <address>
        <deliveryPoint>Dept. Plant Biology; Michigan State University</deliveryPoint>
        <city>East Lansing</city>
        <administrativeArea>Michigan</administrativeArea>
        <postalCode>48824</postalCode>
        <country>United States</country>
      </address>
      <phone phonetype="voice">517-353-2953</phone>
      <phone phonetype="fax">517-353-1926</phone>
      <role>Associated investigator</role>
    </associatedParty>
    <associatedParty>
      <individualName>
        <givenName>Evan</givenName>
        <givenName>S.</givenName>
        <surName>Kane</surName>
      </individualName>
      <positionName>Postdoctoral Associate</positionName>
      <address>
        <deliveryPoint>Michigan State University
Dept. of Plant Biology</deliveryPoint>
        <city>East Lansing</city>
        <administrativeArea>MI</administrativeArea>
        <postalCode>48824</postalCode>
        <country>United States</country>
      </address>
      <phone phonetype="voice">(907) 474-7471</phone>
      <!--No fax info on file for this person-->
      <role>Associated investigator</role>
    </associatedParty>
    <associatedParty>
      <individualName>
        <givenName>Molly</givenName>
        <givenName>R.</givenName>
        <surName>Conlin</surName>
      </individualName>
      <!--No position or title info on file for this person (pers/title when lead_contact=0)-->
      <address>
        <deliveryPoint>166 Plant Biology Lab</deliveryPoint>
        <city>East Lansing</city>
        <administrativeArea>Michigan</administrativeArea>
        <postalCode>48824</postalCode>
        <country>United States</country>
      </address>
      <phone phonetype="voice">(517)-353-2953</phone>
      <!--No fax info on file for this person-->
      <role>Associated investigator</role>
    </associatedParty>
    <associatedParty>
      <individualName>
        <givenName>William</givenName>
        <givenName> L</givenName>
        <surName>Cable</surName>
      </individualName>
      <positionName>Research Technician</positionName>
      <address>
        <deliveryPoint>Geophysical Institute, 903 Koyukuk Dr.,407A Elvey, University of Alaska Fairbanks</deliveryPoint>
        <city>Fairbanks</city>
        <administrativeArea>AK</administrativeArea>
        <postalCode>99775</postalCode>
      </address>
      <phone phonetype="voice">(907) 474-5623</phone>
      <!--No fax info on file for this person-->
      <role>Associated investigator</role>
    </associatedParty>
    <pubDate>2012-03-18</pubDate>
    <abstract>
      <para>Soil temperature measurements were recorded hourly at an array of depths at APEX Fen beginning June 2005.  APEX Fen is located in the Bonanza Creek LTER outside of Fairbanks, AK.  APEX Fen uses a full-factorial water table (flooded or raised, lowered or drained, and control treatments, as well as a moisture gradient) by warming manipulation (warmed, unwarmed treatment).</para>
    </abstract>
    <keywordSet>
      <keyword>soil temperature</keyword>
      <keyword>peatland</keyword>
      <keyword>wetlands</keyword>
      <keyword>experimental warming</keyword>
      <keyword>warming</keyword>
      <keyword>soil climate manipulation</keyword>
      <keyword>water table manipulation</keyword>
      <keywordThesaurus>Biogeochemistry</keywordThesaurus>
    </keywordSet>
    <intellectualRights>
      <section>
        <title>Access to Data</title>
        <para>While metadata will be freely available to those requesting it, the data manager will assure that any restrictions on access to data sets in the database will be enforced. Data will not be released without proper permission first being obtained from the investigator who generated the data. </para>
      </section>
      <section>
        <title>Use of data</title>
        <para> Researchers should receive adequate acknowledgment for the use of their data by others and should be provided with copies of publications using their data. Users of data from the data base must be aware that data is not to be sold or redistributed.</para>
      </section>
      <section>
        <title>Citing Bonanza Creek LTER Datasets</title>
        <para>It is considered a matter of professional ethics to acknowledge the work of other scientists. Thus, the Data User will properly cite the Data Set in any publications or in the metadata of any derived data products that were produced using the Data Set. </para>
      </section>
    </intellectualRights>
    <distribution id="distributionReference">
      <online>
        <url function="information">http://www.lter.uaf.edu/data_detail.cfm?datafile_pkey=324</url>
      </online>
    </distribution>
    <coverage>
      <geographicCoverage id="geoReference">
        <geographicDescription>Site information unavailable</geographicDescription>
        <boundingCoordinates>
          <westBoundingCoordinate>-148.31034</westBoundingCoordinate>
          <eastBoundingCoordinate>-148.31034</eastBoundingCoordinate>
          <northBoundingCoordinate>64.70138</northBoundingCoordinate>
          <southBoundingCoordinate>64.70138</southBoundingCoordinate>
        </boundingCoordinates>
      </geographicCoverage>
      <temporalCoverage>
        <rangeOfDates>
          <beginDate>
            <calendarDate>2005-05-26</calendarDate>
          </beginDate>
          <endDate>
            <calendarDate>2012-12-31</calendarDate>
          </endDate>
        </rangeOfDates>
      </temporalCoverage>
    </coverage>
    <maintenance>
      <description>
        <section>
          <title>corrections</title>
          <para>Data were QCed using absolute temperature limits that are defined in the DataFileVariables work sheets.  Additional Qcing was done graphically.</para>
        </section>
        <section>
          <title>Status</title>
          <para>Ongoing</para>
        </section>
      </description>
    </maintenance>
    <contact>
      <positionName>Information Manager</positionName>
      <organizationName>LTER Network Office</organizationName>
      <address>
        <deliveryPoint>UNM Biology Department, MSC03-2020</deliveryPoint>
        <deliveryPoint>1 University of New Mexico</deliveryPoint>
        <city>Albuquerque</city>
        <administrativeArea>NM</administrativeArea>
        <postalCode>87131-0001</postalCode>
        <country>USA</country>
      </address>
      <phone phonetype="voice">505 277-2535</phone>
      <phone phonetype="fax">505 277-2541</phone>
      <electronicMailAddress>tech-support@lternet.edu</electronicMailAddress>
      <onlineUrl>http://www.lternet.edu</onlineUrl>
    </contact>
    <contact>
      <organizationName>Bonanza Creek LTER</organizationName>
      <positionName>Data Manager</positionName>
      <address>
        <deliveryPoint>Boreal Ecology Cooperative Research Unit </deliveryPoint>
        <deliveryPoint>University of Alaska Fairbanks</deliveryPoint>
        <deliveryPoint>P.O. Box 756780 </deliveryPoint>
        <city>Fairbanks</city>
        <administrativeArea>AK</administrativeArea>
        <postalCode>99775</postalCode>
        <country>USA</country>
      </address>
      <phone phonetype="voice">907-474-6364</phone>
      <phone phonetype="fax">907-474-6251</phone>
      <electronicMailAddress>uaf-bnz-im-team@alaska.edu</electronicMailAddress>
      <onlineUrl>http://www.lter.uaf.edu</onlineUrl>
    </contact>
    <publisher>
      <organizationName>Bonanza Creek LTER</organizationName>
      <address>
        <deliveryPoint>Boreal Ecology Cooperative Research Unit </deliveryPoint>
        <deliveryPoint>University of Alaska Fairbanks</deliveryPoint>
        <deliveryPoint>P.O. Box 756780 </deliveryPoint>
        <city>Fairbanks</city>
        <administrativeArea>AK</administrativeArea>
        <postalCode>99775</postalCode>
        <country>USA</country>
      </address>
      <phone phonetype="voice">907-474-6364</phone>
      <phone phonetype="fax">907-474-6251</phone>
    </publisher>
    <pubPlace>Bonanza Creek LTER</pubPlace>
    <methods>
      <methodStep>
        <description>
          <section>
            <title>Experimental Design</title>
            <para>APEX Fen uses a full-factorial water table (flooded or raised, lowered or drained, and control treatments, as well as a moisture gradient) by warming manipulation (warmed, unwarmed treatment). Water table treatments were randomly assigned to each plot.  Permanent measurement collars were established within these plots and randomly assigned to a warming treatment.  Thermistors for temperature measurements were permanently installed adjacent to each measurement collar.</para>
          </section>
          <section>
            <title>Methods</title>
            <para>Soil temperature data were recorded hourly from 18 collars located within the raised water table by warming treatments at APEX Fen using thermistors and Campbell CR10x dataloggers.  The array of thermisters recorded soil temperatures at several depths at all plots: soil surface, -2 cm, and -25 cm.  Some plots had additional thermistors that measured at -10 cm and -50 cm depths.  Collars 1, 2, 5 were experimentally warmed using open topped (ITEX) chambers.</para>
          </section>
        </description>
      </methodStep>
      <sampling>
        <studyExtent>
          <coverage>
            <geographicCoverage>
              <references>geoReference</references>
            </geographicCoverage>
            <temporalCoverage>
              <rangeOfDates>
                <beginDate>
                  <calendarDate>2005-05-26</calendarDate>
                </beginDate>
                <endDate>
                  <calendarDate>2012-12-31</calendarDate>
                </endDate>
              </rangeOfDates>
            </temporalCoverage>
          </coverage>
        </studyExtent>
        <samplingDescription>
          <section>
            <title>Sampling Frequency</title>
            <para>Continually</para>
          </section>
        </samplingDescription>
      </sampling>
    </methods>
    <dataTable>
      <entityName>324_apexele_2005-2012.txt</entityName>
      <entityDescription>Soil temperatur data from APEXele site</entityDescription>
      <physical>
        <objectName>324_apexele_2005-2012.txt</objectName>
        <dataFormat>
          <textFormat>
            <numHeaderLines>1</numHeaderLines>
            <recordDelimiter>\n</recordDelimiter>
            <physicalLineDelimiter>\n</physicalLineDelimiter>
            <attributeOrientation>column</attributeOrientation>
            <simpleDelimited>
              <fieldDelimiter>,</fieldDelimiter>
            </simpleDelimited>
          </textFormat>
        </dataFormat>
        <distribution>
          <online>
            <url function="download">https://pasta.lternet.edu/package/data/eml/knb-lter-bnz/324/17/7caf6b82da071335144600e1564b4afb</url>
          </online>
        </distribution>
      </physical>
      <attributeList>
        <attribute>
          <attributeName>year</attributeName>
          <attributeLabel>year</attributeLabel>
          <attributeDefinition>year timestamp</attributeDefinition>
          <storageType>integer</storageType>
          <measurementScale>
            <ratio>
              <unit>
                <standardUnit>dimensionless</standardUnit>
              </unit>
              <numericDomain>
                <numberType>real</numberType>
                <!--No minimum value recorded in database (datafilevaribles/minvalid)-->
              </numericDomain>
            </ratio>
          </measurementScale>
          <missingValueCode>
            <code>NaN</code>
            <codeExplanation>Missing Value</codeExplanation>
          </missingValueCode>
        </attribute>
        <attribute>
          <attributeName> dec. DOY</attributeName>
          <attributeLabel> dec. DOY</attributeLabel>
          <attributeDefinition>decimal Day of Year</attributeDefinition>
          <storageType>float</storageType>
          <measurementScale>
            <ratio>
              <unit>
                <standardUnit>nominalDay</standardUnit>
              </unit>
              <numericDomain>
                <numberType>real</numberType>
                <!--No minimum value recorded in database (datafilevaribles/minvalid)-->
              </numericDomain>
            </ratio>
          </measurementScale>
          <missingValueCode>
            <code>NaN</code>
            <codeExplanation>Missing Value</codeExplanation>
          </missingValueCode>
        </attribute>
        <attribute>
          <attributeName> 0 cm (1)</attributeName>
          <attributeLabel> 0 cm (1)</attributeLabel>
          <attributeDefinition>Temperature @ Collar 1 soil surface</attributeDefinition>
          <storageType>float</storageType>
          <measurementScale>
            <ratio>
              <unit>
                <standardUnit>celsius</standardUnit>
              </unit>
              <numericDomain>
                <numberType>real</numberType>
                <!--No minimum value recorded in database (datafilevaribles/minvalid)-->
              </numericDomain>
            </ratio>
          </measurementScale>
          <missingValueCode>
            <code>NaN</code>
            <codeExplanation>Missing Value</codeExplanation>
          </missingValueCode>
        </attribute>
        <attribute>
          <attributeName> 2 cm (1)</attributeName>
          <attributeLabel> 2 cm (1)</attributeLabel>
          <attributeDefinition>Temperature @ Collar 1 2cm depth</attributeDefinition>
          <storageType>float</storageType>
          <measurementScale>
            <ratio>
              <unit>
                <standardUnit>celsius</standardUnit>
              </unit>
              <numericDomain>
                <numberType>real</numberType>
                <!--No minimum value recorded in database (datafilevaribles/minvalid)-->
              </numericDomain>
            </ratio>
          </measurementScale>
          <missingValueCode>
            <code>NaN</code>
            <codeExplanation>Missing Value</codeExplanation>
          </missingValueCode>
        </attribute>
        <attribute>
          <attributeName>10 cm (1)</attributeName>
          <attributeLabel>10 cm (1)</attributeLabel>
          <attributeDefinition>Temperature @ Collar 1 10cm depth</attributeDefinition>
          <storageType>float</storageType>
          <measurementScale>
            <ratio>
              <unit>
                <standardUnit>celsius</standardUnit>
              </unit>
              <numericDomain>
                <numberType>real</numberType>
                <!--No minimum value recorded in database (datafilevaribles/minvalid)-->
              </numericDomain>
            </ratio>
          </measurementScale>
          <missingValueCode>
            <code>NaN</code>
            <codeExplanation>Missing Value</codeExplanation>
          </missingValueCode>
        </attribute>
        <attribute>
          <attributeName> 0 cm (2)</attributeName>
          <attributeLabel> 0 cm (2)</attributeLabel>
          <attributeDefinition>Temperature @ Collar 2 soil surface</attributeDefinition>
          <storageType>float</storageType>
          <measurementScale>
            <ratio>
              <unit>
                <standardUnit>celsius</standardUnit>
              </unit>
              <numericDomain>
                <numberType>real</numberType>
                <!--No minimum value recorded in database (datafilevaribles/minvalid)-->
              </numericDomain>
            </ratio>
          </measurementScale>
          <missingValueCode>
            <code>NaN</code>
            <codeExplanation>Missing Value</codeExplanation>
          </missingValueCode>
        </attribute>
        <attribute>
          <attributeName> 2 cm (2)</attributeName>
          <attributeLabel> 2 cm (2)</attributeLabel>
          <attributeDefinition>Temperature @ Collar 2 2cm depth</attributeDefinition>
          <storageType>float</storageType>
          <measurementScale>
            <ratio>
              <unit>
                <standardUnit>celsius</standardUnit>
              </unit>
              <numericDomain>
                <numberType>real</numberType>
                <!--No minimum value recorded in database (datafilevaribles/minvalid)-->
              </numericDomain>
            </ratio>
          </measurementScale>
          <missingValueCode>
            <code>NaN</code>
            <codeExplanation>Missing Value</codeExplanation>
          </missingValueCode>
        </attribute>
        <attribute>
          <attributeName>10 cm (2)</attributeName>
          <attributeLabel>10 cm (2)</attributeLabel>
          <attributeDefinition>Temperature @ Collar 2 10cm depth</attributeDefinition>
          <storageType>float</storageType>
          <measurementScale>
            <ratio>
              <unit>
                <standardUnit>celsius</standardUnit>
              </unit>
              <numericDomain>
                <numberType>real</numberType>
                <!--No minimum value recorded in database (datafilevaribles/minvalid)-->
              </numericDomain>
            </ratio>
          </measurementScale>
          <missingValueCode>
            <code>NaN</code>
            <codeExplanation>Missing Value</codeExplanation>
          </missingValueCode>
        </attribute>
        <attribute>
          <attributeName>25 cm (2)</attributeName>
          <attributeLabel>25 cm (2)</attributeLabel>
          <attributeDefinition>Temperature @ Collar 2 25cm depth</attributeDefinition>
          <storageType>float</storageType>
          <measurementScale>
            <ratio>
              <unit>
                <standardUnit>celsius</standardUnit>
              </unit>
              <numericDomain>
                <numberType>real</numberType>
                <!--No minimum value recorded in database (datafilevaribles/minvalid)-->
              </numericDomain>
            </ratio>
          </measurementScale>
          <missingValueCode>
            <code>NaN</code>
            <codeExplanation>Missing Value</codeExplanation>
          </missingValueCode>
        </attribute>
        <attribute>
          <attributeName>50 cm (2)</attributeName>
          <attributeLabel>50 cm (2)</attributeLabel>
          <attributeDefinition>Temperature @ Collar 2 50cm depth</attributeDefinition>
          <storageType>float</storageType>
          <measurementScale>
            <ratio>
              <unit>
                <standardUnit>celsius</standardUnit>
              </unit>
              <numericDomain>
                <numberType>real</numberType>
                <!--No minimum value recorded in database (datafilevaribles/minvalid)-->
              </numericDomain>
            </ratio>
          </measurementScale>
          <missingValueCode>
            <code>NaN</code>
            <codeExplanation>Missing Value</codeExplanation>
          </missingValueCode>
        </attribute>
        <attribute>
          <attributeName> 0 cm (3)</attributeName>
          <attributeLabel> 0 cm (3)</attributeLabel>
          <attributeDefinition>Temperature @ Collar 3 soil surface</attributeDefinition>
          <storageType>float</storageType>
          <measurementScale>
            <ratio>
              <unit>
                <standardUnit>celsius</standardUnit>
              </unit>
              <numericDomain>
                <numberType>real</numberType>
                <!--No minimum value recorded in database (datafilevaribles/minvalid)-->
              </numericDomain>
            </ratio>
          </measurementScale>
          <missingValueCode>
            <code>NaN</code>
            <codeExplanation>Missing Value</codeExplanation>
          </missingValueCode>
        </attribute>
        <attribute>
          <attributeName> 2 cm (3)</attributeName>
          <attributeLabel> 2 cm (3)</attributeLabel>
          <attributeDefinition>Temperature @ Collar 3 2cm depth</attributeDefinition>
          <storageType>float</storageType>
          <measurementScale>
            <ratio>
              <unit>
                <standardUnit>celsius</standardUnit>
              </unit>
              <numericDomain>
                <numberType>real</numberType>
                <!--No minimum value recorded in database (datafilevaribles/minvalid)-->
              </numericDomain>
            </ratio>
          </measurementScale>
          <missingValueCode>
            <code>NaN</code>
            <codeExplanation>Missing Value</codeExplanation>
          </missingValueCode>
        </attribute>
        <attribute>
          <attributeName>25 cm (3)</attributeName>
          <attributeLabel>25 cm (3)</attributeLabel>
          <attributeDefinition>Temperature @ Collar 3 25cm depth</attributeDefinition>
          <storageType>float</storageType>
          <measurementScale>
            <ratio>
              <unit>
                <standardUnit>celsius</standardUnit>
              </unit>
              <numericDomain>
                <numberType>real</numberType>
                <!--No minimum value recorded in database (datafilevaribles/minvalid)-->
              </numericDomain>
            </ratio>
          </measurementScale>
          <missingValueCode>
            <code>NaN</code>
            <codeExplanation>Missing Value</codeExplanation>
          </missingValueCode>
        </attribute>
        <attribute>
          <attributeName> 0 cm (4)</attributeName>
          <attributeLabel> 0 cm (4)</attributeLabel>
          <attributeDefinition>Temperature @ Collar 4 soil surface</attributeDefinition>
          <storageType>float</storageType>
          <measurementScale>
            <ratio>
              <unit>
                <standardUnit>celsius</standardUnit>
              </unit>
              <numericDomain>
                <numberType>real</numberType>
                <!--No minimum value recorded in database (datafilevaribles/minvalid)-->
              </numericDomain>
            </ratio>
          </measurementScale>
          <missingValueCode>
            <code>NaN</code>
            <codeExplanation>Missing Value</codeExplanation>
          </missingValueCode>
        </attribute>
        <attribute>
          <attributeName> 2 cm (4)</attributeName>
          <attributeLabel> 2 cm (4)</attributeLabel>
          <attributeDefinition>Temperature @ Collar 4 2cm depth</attributeDefinition>
          <storageType>float</storageType>
          <measurementScale>
            <ratio>
              <unit>
                <standardUnit>celsius</standardUnit>
              </unit>
              <numericDomain>
                <numberType>real</numberType>
                <!--No minimum value recorded in database (datafilevaribles/minvalid)-->
              </numericDomain>
            </ratio>
          </measurementScale>
          <missingValueCode>
            <code>NaN</code>
            <codeExplanation>Missing Value</codeExplanation>
          </missingValueCode>
        </attribute>
        <attribute>
          <attributeName>10 cm (4)</attributeName>
          <attributeLabel>10 cm (4)</attributeLabel>
          <attributeDefinition>Temperature @ Collar 4 10cm depth</attributeDefinition>
          <storageType>float</storageType>
          <measurementScale>
            <ratio>
              <unit>
                <standardUnit>celsius</standardUnit>
              </unit>
              <numericDomain>
                <numberType>real</numberType>
                <!--No minimum value recorded in database (datafilevaribles/minvalid)-->
              </numericDomain>
            </ratio>
          </measurementScale>
          <missingValueCode>
            <code>NaN</code>
            <codeExplanation>Missing Value</codeExplanation>
          </missingValueCode>
        </attribute>
        <attribute>
          <attributeName>25 cm (4)</attributeName>
          <attributeLabel>25 cm (4)</attributeLabel>
          <attributeDefinition>Temperature @ Collar 4 25cm depth</attributeDefinition>
          <storageType>float</storageType>
          <measurementScale>
            <ratio>
              <unit>
                <standardUnit>celsius</standardUnit>
              </unit>
              <numericDomain>
                <numberType>real</numberType>
                <!--No minimum value recorded in database (datafilevaribles/minvalid)-->
              </numericDomain>
            </ratio>
          </measurementScale>
          <missingValueCode>
            <code>NaN</code>
            <codeExplanation>Missing Value</codeExplanation>
          </missingValueCode>
        </attribute>
        <attribute>
          <attributeName>50 cm (4)</attributeName>
          <attributeLabel>50 cm (4)</attributeLabel>
          <attributeDefinition>Temperature @ Collar 4 50cm depth</attributeDefinition>
          <storageType>float</storageType>
          <measurementScale>
            <ratio>
              <unit>
                <standardUnit>celsius</standardUnit>
              </unit>
              <numericDomain>
                <numberType>real</numberType>
                <!--No minimum value recorded in database (datafilevaribles/minvalid)-->
              </numericDomain>
            </ratio>
          </measurementScale>
          <missingValueCode>
            <code>NaN</code>
            <codeExplanation>Missing Value</codeExplanation>
          </missingValueCode>
        </attribute>
        <attribute>
          <attributeName> 0 cm (5)</attributeName>
          <attributeLabel> 0 cm (5)</attributeLabel>
          <attributeDefinition>Temperature @ Collar 5 soil surface</attributeDefinition>
          <storageType>float</storageType>
          <measurementScale>
            <ratio>
              <unit>
                <standardUnit>celsius</standardUnit>
              </unit>
              <numericDomain>
                <numberType>real</numberType>
                <!--No minimum value recorded in database (datafilevaribles/minvalid)-->
              </numericDomain>
            </ratio>
          </measurementScale>
          <missingValueCode>
            <code>NaN</code>
            <codeExplanation>Missing Value</codeExplanation>
          </missingValueCode>
        </attribute>
        <attribute>
          <attributeName> 2 cm (5)</attributeName>
          <attributeLabel> 2 cm (5)</attributeLabel>
          <attributeDefinition>Temperature @ Collar 5 2cm depth</attributeDefinition>
          <storageType>float</storageType>
          <measurementScale>
            <ratio>
              <unit>
                <standardUnit>celsius</standardUnit>
              </unit>
              <numericDomain>
                <numberType>real</numberType>
                <!--No minimum value recorded in database (datafilevaribles/minvalid)-->
              </numericDomain>
            </ratio>
          </measurementScale>
          <missingValueCode>
            <code>NaN</code>
            <codeExplanation>Missing Value</codeExplanation>
          </missingValueCode>
        </attribute>
        <attribute>
          <attributeName>25 cm (5)</attributeName>
          <attributeLabel>25 cm (5)</attributeLabel>
          <attributeDefinition>Temperature @ Collar 5 25cm depth</attributeDefinition>
          <storageType>float</storageType>
          <measurementScale>
            <ratio>
              <unit>
                <standardUnit>celsius</standardUnit>
              </unit>
              <numericDomain>
                <numberType>real</numberType>
                <!--No minimum value recorded in database (datafilevaribles/minvalid)-->
              </numericDomain>
            </ratio>
          </measurementScale>
          <missingValueCode>
            <code>NaN</code>
            <codeExplanation>Missing Value</codeExplanation>
          </missingValueCode>
        </attribute>
        <attribute>
          <attributeName> 0 cm (6)</attributeName>
          <attributeLabel> 0 cm (6)</attributeLabel>
          <attributeDefinition>Temperature @ Collar 6 soil surface</attributeDefinition>
          <storageType>float</storageType>
          <measurementScale>
            <ratio>
              <unit>
                <standardUnit>celsius</standardUnit>
              </unit>
              <numericDomain>
                <numberType>real</numberType>
                <!--No minimum value recorded in database (datafilevaribles/minvalid)-->
              </numericDomain>
            </ratio>
          </measurementScale>
          <missingValueCode>
            <code>NaN</code>
            <codeExplanation>Missing Value</codeExplanation>
          </missingValueCode>
        </attribute>
        <attribute>
          <attributeName> 2 cm (6)</attributeName>
          <attributeLabel> 2 cm (6)</attributeLabel>
          <attributeDefinition>Temperature @ Collar 6 2cm depth</attributeDefinition>
          <storageType>float</storageType>
          <measurementScale>
            <ratio>
              <unit>
                <standardUnit>celsius</standardUnit>
              </unit>
              <numericDomain>
                <numberType>real</numberType>
                <!--No minimum value recorded in database (datafilevaribles/minvalid)-->
              </numericDomain>
            </ratio>
          </measurementScale>
          <missingValueCode>
            <code>NaN</code>
            <codeExplanation>Missing Value</codeExplanation>
          </missingValueCode>
        </attribute>
        <attribute>
          <attributeName>25 cm (6)</attributeName>
          <attributeLabel>25 cm (6)</attributeLabel>
          <attributeDefinition>Temperature @ Collar 6 25cm depth</attributeDefinition>
          <storageType>float</storageType>
          <measurementScale>
            <ratio>
              <unit>
                <standardUnit>celsius</standardUnit>
              </unit>
              <numericDomain>
                <numberType>real</numberType>
                <!--No minimum value recorded in database (datafilevaribles/minvalid)-->
              </numericDomain>
            </ratio>
          </measurementScale>
          <missingValueCode>
            <code>NaN</code>
            <codeExplanation>Missing Value</codeExplanation>
          </missingValueCode>
        </attribute>
        <attribute>
          <attributeName>Tprobe1_value</attributeName>
          <attributeLabel>Tprobe1_value</attributeLabel>
          <attributeDefinition>Temperature @ Probe Depth</attributeDefinition>
          <storageType>float</storageType>
          <measurementScale>
            <ratio>
              <unit>
                <standardUnit>celsius</standardUnit>
              </unit>
              <numericDomain>
                <numberType>real</numberType>
                <!--No minimum value recorded in database (datafilevaribles/minvalid)-->
              </numericDomain>
            </ratio>
          </measurementScale>
          <missingValueCode>
            <code>NaN</code>
            <codeExplanation>Missing Value</codeExplanation>
          </missingValueCode>
        </attribute>
        <attribute>
          <attributeName>Tprobe1_depth</attributeName>
          <attributeLabel>Tprobe1_depth</attributeLabel>
          <attributeDefinition>Probe depth</attributeDefinition>
          <storageType>integer</storageType>
          <measurementScale>
            <ratio>
              <unit>
                <customUnit>centemeter</customUnit>
              </unit>
              <numericDomain>
                <numberType>real</numberType>
                <!--No minimum value recorded in database (datafilevaribles/minvalid)-->
              </numericDomain>
            </ratio>
          </measurementScale>
          <missingValueCode>
            <code>NaN</code>
            <codeExplanation>Missing Value</codeExplanation>
          </missingValueCode>
        </attribute>
        <attribute>
          <attributeName>Tprobe2_value</attributeName>
          <attributeLabel>Tprobe2_value</attributeLabel>
          <attributeDefinition>Temperature @ Probe Depth</attributeDefinition>
          <storageType>float</storageType>
          <measurementScale>
            <ratio>
              <unit>
                <standardUnit>celsius</standardUnit>
              </unit>
              <numericDomain>
                <numberType>real</numberType>
                <!--No minimum value recorded in database (datafilevaribles/minvalid)-->
              </numericDomain>
            </ratio>
          </measurementScale>
          <missingValueCode>
            <code>NaN</code>
            <codeExplanation>Missing Value</codeExplanation>
          </missingValueCode>
        </attribute>
        <attribute>
          <attributeName>Tprobe2_depth</attributeName>
          <attributeLabel>Tprobe2_depth</attributeLabel>
          <attributeDefinition>Probe depth</attributeDefinition>
          <storageType>integer</storageType>
          <measurementScale>
            <ratio>
              <unit>
                <customUnit>centemeter</customUnit>
              </unit>
              <numericDomain>
                <numberType>real</numberType>
                <!--No minimum value recorded in database (datafilevaribles/minvalid)-->
              </numericDomain>
            </ratio>
          </measurementScale>
          <missingValueCode>
            <code>NaN</code>
            <codeExplanation>Missing Value</codeExplanation>
          </missingValueCode>
        </attribute>
        <attribute>
          <attributeName>Tprobe3_value</attributeName>
          <attributeLabel>Tprobe3_value</attributeLabel>
          <attributeDefinition>Temperature @ Probe Depth</attributeDefinition>
          <storageType>float</storageType>
          <measurementScale>
            <ratio>
              <unit>
                <standardUnit>celsius</standardUnit>
              </unit>
              <numericDomain>
                <numberType>real</numberType>
                <!--No minimum value recorded in database (datafilevaribles/minvalid)-->
              </numericDomain>
            </ratio>
          </measurementScale>
          <missingValueCode>
            <code>NaN</code>
            <codeExplanation>Missing Value</codeExplanation>
          </missingValueCode>
        </attribute>
        <attribute>
          <attributeName>Tprobe3_depth</attributeName>
          <attributeLabel>Tprobe3_depth</attributeLabel>
          <attributeDefinition>Probe depth</attributeDefinition>
          <storageType>integer</storageType>
          <measurementScale>
            <ratio>
              <unit>
                <customUnit>centemeter</customUnit>
              </unit>
              <numericDomain>
                <numberType>real</numberType>
                <!--No minimum value recorded in database (datafilevaribles/minvalid)-->
              </numericDomain>
            </ratio>
          </measurementScale>
          <missingValueCode>
            <code>NaN</code>
            <codeExplanation>Missing Value</codeExplanation>
          </missingValueCode>
        </attribute>
        <attribute>
          <attributeName>Tprobe4_value</attributeName>
          <attributeLabel>Tprobe4_value</attributeLabel>
          <attributeDefinition>Temperature @ Probe Depth</attributeDefinition>
          <storageType>float</storageType>
          <measurementScale>
            <ratio>
              <unit>
                <standardUnit>celsius</standardUnit>
              </unit>
              <numericDomain>
                <numberType>real</numberType>
                <!--No minimum value recorded in database (datafilevaribles/minvalid)-->
              </numericDomain>
            </ratio>
          </measurementScale>
          <missingValueCode>
            <code>NaN</code>
            <codeExplanation>Missing Value</codeExplanation>
          </missingValueCode>
        </attribute>
        <attribute>
          <attributeName>Tprobe4_depth</attributeName>
          <attributeLabel>Tprobe4_depth</attributeLabel>
          <attributeDefinition>Probe depth</attributeDefinition>
          <storageType>integer</storageType>
          <measurementScale>
            <ratio>
              <unit>
                <customUnit>centemeter</customUnit>
              </unit>
              <numericDomain>
                <numberType>real</numberType>
                <!--No minimum value recorded in database (datafilevaribles/minvalid)-->
              </numericDomain>
            </ratio>
          </measurementScale>
          <missingValueCode>
            <code>NaN</code>
            <codeExplanation>Missing Value</codeExplanation>
          </missingValueCode>
        </attribute>
        <attribute>
          <attributeName>Tprobe5_value</attributeName>
          <attributeLabel>Tprobe5_value</attributeLabel>
          <attributeDefinition>Temperature @ Probe Depth</attributeDefinition>
          <storageType>float</storageType>
          <measurementScale>
            <ratio>
              <unit>
                <standardUnit>celsius</standardUnit>
              </unit>
              <numericDomain>
                <numberType>real</numberType>
                <!--No minimum value recorded in database (datafilevaribles/minvalid)-->
              </numericDomain>
            </ratio>
          </measurementScale>
          <missingValueCode>
            <code>NaN</code>
            <codeExplanation>Missing Value</codeExplanation>
          </missingValueCode>
        </attribute>
        <attribute>
          <attributeName>Tprobe5_depth</attributeName>
          <attributeLabel>Tprobe5_depth</attributeLabel>
          <attributeDefinition>Probe depth</attributeDefinition>
          <storageType>integer</storageType>
          <measurementScale>
            <ratio>
              <unit>
                <customUnit>centemeter</customUnit>
              </unit>
              <numericDomain>
                <numberType>real</numberType>
                <!--No minimum value recorded in database (datafilevaribles/minvalid)-->
              </numericDomain>
            </ratio>
          </measurementScale>
          <missingValueCode>
            <code>NaN</code>
            <codeExplanation>Missing Value</codeExplanation>
          </missingValueCode>
        </attribute>
        <attribute>
          <attributeName>Tprobe6_value</attributeName>
          <attributeLabel>Tprobe6_value</attributeLabel>
          <attributeDefinition>Temperature @ Probe Depth</attributeDefinition>
          <storageType>float</storageType>
          <measurementScale>
            <ratio>
              <unit>
                <standardUnit>celsius</standardUnit>
              </unit>
              <numericDomain>
                <numberType>real</numberType>
                <!--No minimum value recorded in database (datafilevaribles/minvalid)-->
              </numericDomain>
            </ratio>
          </measurementScale>
          <missingValueCode>
            <code>NaN</code>
            <codeExplanation>Missing Value</codeExplanation>
          </missingValueCode>
        </attribute>
        <attribute>
          <attributeName>Tprobe6_depth</attributeName>
          <attributeLabel>Tprobe6_depth</attributeLabel>
          <attributeDefinition>Probe depth</attributeDefinition>
          <storageType>integer</storageType>
          <measurementScale>
            <ratio>
              <unit>
                <customUnit>centemeter</customUnit>
              </unit>
              <numericDomain>
                <numberType>real</numberType>
                <!--No minimum value recorded in database (datafilevaribles/minvalid)-->
              </numericDomain>
            </ratio>
          </measurementScale>
          <missingValueCode>
            <code>NaN</code>
            <codeExplanation>Missing Value</codeExplanation>
          </missingValueCode>
        </attribute>
        <attribute>
          <attributeName>Tprobe7_value</attributeName>
          <attributeLabel>Tprobe7_value</attributeLabel>
          <attributeDefinition>Temperature @ Probe Depth</attributeDefinition>
          <storageType>float</storageType>
          <measurementScale>
            <ratio>
              <unit>
                <standardUnit>celsius</standardUnit>
              </unit>
              <numericDomain>
                <numberType>real</numberType>
                <!--No minimum value recorded in database (datafilevaribles/minvalid)-->
              </numericDomain>
            </ratio>
          </measurementScale>
          <missingValueCode>
            <code>NaN</code>
            <codeExplanation>Missing Value</codeExplanation>
          </missingValueCode>
        </attribute>
        <attribute>
          <attributeName>Tprobe7_depth</attributeName>
          <attributeLabel>Tprobe7_depth</attributeLabel>
          <attributeDefinition>Probe depth</attributeDefinition>
          <storageType>integer</storageType>
          <measurementScale>
            <ratio>
              <unit>
                <customUnit>centemeter</customUnit>
              </unit>
              <numericDomain>
                <numberType>real</numberType>
                <!--No minimum value recorded in database (datafilevaribles/minvalid)-->
              </numericDomain>
            </ratio>
          </measurementScale>
          <missingValueCode>
            <code>NaN</code>
            <codeExplanation>Missing Value</codeExplanation>
          </missingValueCode>
        </attribute>
        <attribute>
          <attributeName>Tprobe8_value</attributeName>
          <attributeLabel>Tprobe8_value</attributeLabel>
          <attributeDefinition>Temperature @ Probe Depth</attributeDefinition>
          <storageType>float</storageType>
          <measurementScale>
            <ratio>
              <unit>
                <standardUnit>celsius</standardUnit>
              </unit>
              <numericDomain>
                <numberType>real</numberType>
                <!--No minimum value recorded in database (datafilevaribles/minvalid)-->
              </numericDomain>
            </ratio>
          </measurementScale>
          <missingValueCode>
            <code>NaN</code>
            <codeExplanation>Missing Value</codeExplanation>
          </missingValueCode>
        </attribute>
        <attribute>
          <attributeName>Tprobe8_depth</attributeName>
          <attributeLabel>Tprobe8_depth</attributeLabel>
          <attributeDefinition>Probe depth</attributeDefinition>
          <storageType>integer</storageType>
          <measurementScale>
            <ratio>
              <unit>
                <customUnit>centemeter</customUnit>
              </unit>
              <numericDomain>
                <numberType>real</numberType>
                <!--No minimum value recorded in database (datafilevaribles/minvalid)-->
              </numericDomain>
            </ratio>
          </measurementScale>
          <missingValueCode>
            <code>NaN</code>
            <codeExplanation>Missing Value</codeExplanation>
          </missingValueCode>
        </attribute>
        <attribute>
          <attributeName>Tprobe9_value</attributeName>
          <attributeLabel>Tprobe9_value</attributeLabel>
          <attributeDefinition>Temperature @ Probe Depth</attributeDefinition>
          <storageType>float</storageType>
          <measurementScale>
            <ratio>
              <unit>
                <standardUnit>celsius</standardUnit>
              </unit>
              <numericDomain>
                <numberType>real</numberType>
                <!--No minimum value recorded in database (datafilevaribles/minvalid)-->
              </numericDomain>
            </ratio>
          </measurementScale>
          <missingValueCode>
            <code>NaN</code>
            <codeExplanation>Missing Value</codeExplanation>
          </missingValueCode>
        </attribute>
        <attribute>
          <attributeName>Tprobe9_depth</attributeName>
          <attributeLabel>Tprobe9_depth</attributeLabel>
          <attributeDefinition>Probe depth</attributeDefinition>
          <storageType>integer</storageType>
          <measurementScale>
            <ratio>
              <unit>
                <customUnit>centemeter</customUnit>
              </unit>
              <numericDomain>
                <numberType>real</numberType>
                <!--No minimum value recorded in database (datafilevaribles/minvalid)-->
              </numericDomain>
            </ratio>
          </measurementScale>
          <missingValueCode>
            <code>NaN</code>
            <codeExplanation>Missing Value</codeExplanation>
          </missingValueCode>
        </attribute>
        <attribute>
          <attributeName>Tprobe10_value</attributeName>
          <attributeLabel>Tprobe10_value</attributeLabel>
          <attributeDefinition>Temperature @ Probe Depth</attributeDefinition>
          <storageType>float</storageType>
          <measurementScale>
            <ratio>
              <unit>
                <standardUnit>celsius</standardUnit>
              </unit>
              <numericDomain>
                <numberType>real</numberType>
                <!--No minimum value recorded in database (datafilevaribles/minvalid)-->
              </numericDomain>
            </ratio>
          </measurementScale>
          <missingValueCode>
            <code>NaN</code>
            <codeExplanation>Missing Value</codeExplanation>
          </missingValueCode>
        </attribute>
        <attribute>
          <attributeName>Tprobe10_depth</attributeName>
          <attributeLabel>Tprobe10_depth</attributeLabel>
          <attributeDefinition>Probe depth</attributeDefinition>
          <storageType>integer</storageType>
          <measurementScale>
            <ratio>
              <unit>
                <customUnit>centemeter</customUnit>
              </unit>
              <numericDomain>
                <numberType>real</numberType>
                <!--No minimum value recorded in database (datafilevaribles/minvalid)-->
              </numericDomain>
            </ratio>
          </measurementScale>
          <missingValueCode>
            <code>NaN</code>
            <codeExplanation>Missing Value</codeExplanation>
          </missingValueCode>
        </attribute>
        <attribute>
          <attributeName>Tprobe11_value</attributeName>
          <attributeLabel>Tprobe11_value</attributeLabel>
          <attributeDefinition>Temperature @ Probe Depth</attributeDefinition>
          <storageType>float</storageType>
          <measurementScale>
            <ratio>
              <unit>
                <standardUnit>celsius</standardUnit>
              </unit>
              <numericDomain>
                <numberType>real</numberType>
                <!--No minimum value recorded in database (datafilevaribles/minvalid)-->
              </numericDomain>
            </ratio>
          </measurementScale>
          <missingValueCode>
            <code>NaN</code>
            <codeExplanation>Missing Value</codeExplanation>
          </missingValueCode>
        </attribute>
        <attribute>
          <attributeName>Tprobe11_depth</attributeName>
          <attributeLabel>Tprobe11_depth</attributeLabel>
          <attributeDefinition>Probe depth</attributeDefinition>
          <storageType>integer</storageType>
          <measurementScale>
            <ratio>
              <unit>
                <customUnit>centemeter</customUnit>
              </unit>
              <numericDomain>
                <numberType>real</numberType>
                <!--No minimum value recorded in database (datafilevaribles/minvalid)-->
              </numericDomain>
            </ratio>
          </measurementScale>
          <missingValueCode>
            <code>NaN</code>
            <codeExplanation>Missing Value</codeExplanation>
          </missingValueCode>
        </attribute>
        <attribute>
          <attributeName>Tprobe12_value</attributeName>
          <attributeLabel>Tprobe12_value</attributeLabel>
          <attributeDefinition>Temperature @ Probe Depth</attributeDefinition>
          <storageType>float</storageType>
          <measurementScale>
            <ratio>
              <unit>
                <standardUnit>celsius</standardUnit>
              </unit>
              <numericDomain>
                <numberType>real</numberType>
                <!--No minimum value recorded in database (datafilevaribles/minvalid)-->
              </numericDomain>
            </ratio>
          </measurementScale>
          <missingValueCode>
            <code>NaN</code>
            <codeExplanation>Missing Value</codeExplanation>
          </missingValueCode>
        </attribute>
        <attribute>
          <attributeName>Tprobe12_depth</attributeName>
          <attributeLabel>Tprobe12_depth</attributeLabel>
          <attributeDefinition>Probe depth</attributeDefinition>
          <storageType>integer</storageType>
          <measurementScale>
            <ratio>
              <unit>
                <customUnit>centemeter</customUnit>
              </unit>
              <numericDomain>
                <numberType>real</numberType>
                <!--No minimum value recorded in database (datafilevaribles/minvalid)-->
              </numericDomain>
            </ratio>
          </measurementScale>
          <missingValueCode>
            <code>NaN</code>
            <codeExplanation>Missing Value</codeExplanation>
          </missingValueCode>
        </attribute>
        <attribute>
          <attributeName>Tprobe13_value</attributeName>
          <attributeLabel>Tprobe13_value</attributeLabel>
          <attributeDefinition>Temperature @ Probe Depth</attributeDefinition>
          <storageType>float</storageType>
          <measurementScale>
            <ratio>
              <unit>
                <standardUnit>celsius</standardUnit>
              </unit>
              <numericDomain>
                <numberType>real</numberType>
                <!--No minimum value recorded in database (datafilevaribles/minvalid)-->
              </numericDomain>
            </ratio>
          </measurementScale>
          <missingValueCode>
            <code>NaN</code>
            <codeExplanation>Missing Value</codeExplanation>
          </missingValueCode>
        </attribute>
        <attribute>
          <attributeName>Tprobe13_depth</attributeName>
          <attributeLabel>Tprobe13_depth</attributeLabel>
          <attributeDefinition>Probe depth</attributeDefinition>
          <storageType>integer</storageType>
          <measurementScale>
            <ratio>
              <unit>
                <customUnit>centemeter</customUnit>
              </unit>
              <numericDomain>
                <numberType>real</numberType>
                <!--No minimum value recorded in database (datafilevaribles/minvalid)-->
              </numericDomain>
            </ratio>
          </measurementScale>
          <missingValueCode>
            <code>NaN</code>
            <codeExplanation>Missing Value</codeExplanation>
          </missingValueCode>
        </attribute>
        <attribute>
          <attributeName>Tprobe14_value</attributeName>
          <attributeLabel>Tprobe14_value</attributeLabel>
          <attributeDefinition>Temperature @ Probe Depth</attributeDefinition>
          <storageType>float</storageType>
          <measurementScale>
            <ratio>
              <unit>
                <standardUnit>celsius</standardUnit>
              </unit>
              <numericDomain>
                <numberType>real</numberType>
                <!--No minimum value recorded in database (datafilevaribles/minvalid)-->
              </numericDomain>
            </ratio>
          </measurementScale>
          <missingValueCode>
            <code>NaN</code>
            <codeExplanation>Missing Value</codeExplanation>
          </missingValueCode>
        </attribute>
        <attribute>
          <attributeName>Tprobe14_depth</attributeName>
          <attributeLabel>Tprobe14_depth</attributeLabel>
          <attributeDefinition>Probe depth</attributeDefinition>
          <storageType>integer</storageType>
          <measurementScale>
            <ratio>
              <unit>
                <customUnit>centemeter</customUnit>
              </unit>
              <numericDomain>
                <numberType>real</numberType>
                <!--No minimum value recorded in database (datafilevaribles/minvalid)-->
              </numericDomain>
            </ratio>
          </measurementScale>
          <missingValueCode>
            <code>NaN</code>
            <codeExplanation>Missing Value</codeExplanation>
          </missingValueCode>
        </attribute>
      </attributeList>
    </dataTable>
    <otherEntity id="APEXCon_Schematic.pdf">
      <entityName>APEXCon_Schematic.pdf</entityName>
      <entityDescription>Site schematic for APEX mainulation and transect plots.</entityDescription>
      <physical>
        <objectName>APEXCon_Schematic.pdf</objectName>
        <dataFormat>
          <externallyDefinedFormat>
            <formatName>pdf</formatName>
          </externallyDefinedFormat>
        </dataFormat>
        <distribution>
          <online>
            <url function="download">https://pasta.lternet.edu/package/data/eml/knb-lter-bnz/324/17/0b74f1e724329cb48108d05b84be6ec8</url>
          </online>
        </distribution>
      </physical>
      <entityType>pdf</entityType>
    </otherEntity>
  </dataset>
  <additionalMetadata>
    <metadata>
      <unitList>
        <unit id="centemeter"/>
      </unitList>
    </metadata>
  </additionalMetadata>
</eml:eml>
