<?xml version="1.0" encoding="UTF-8"?>
<eml:eml packageId="knb-lter-bnz.326.17" scope="system"
  system="https://pasta.lternet.edu"
  xmlns:ds="eml://ecoinformatics.org/dataset-2.1.0"
  xmlns:eml="eml://ecoinformatics.org/eml-2.1.1"
  xmlns:stmml="http://www.xml-cml.org/schema/stmml-1.1"
  xmlns:xsi="http://www.w3.org/2001/XMLSchema-instance" xsi:schemaLocation="eml://ecoinformatics.org/eml-2.1.0&#xa;&#x9;&#x9;&#x9;&#x9;http://nis.lternet.edu/schemas/EML/eml-2.1.0/eml.xsd">
  <access authSystem="https://pasta.lternet.edu/authentication"
    order="allowFirst" scope="document" system="https://pasta.lternet.edu">
    <allow>
      <principal>uid=BNZ,o=lter,dc=ecoinformatics,dc=org</principal>
      <permission>all</permission>
    </allow>
    <allow>
      <principal>public</principal>
      <permission>read</permission>
    </allow>
  </access>
  <dataset>
    <shortName>knb-lter-bnz.326.17</shortName>
    <title>Alaskan Peatland Experiment (APEX): Static chamber methane fluxes from fen sites, 2005-2011</title>
    <creator>
      <individualName>
        <givenName>Merritt</givenName>
        <givenName>R</givenName>
        <surName>Turetsky</surName>
      </individualName>
      <positionName>Senior Investigator</positionName>
      <address>
        <deliveryPoint>Department of Integrative Biology  University of Guelph</deliveryPoint>
        <city>Guelph</city>
        <administrativeArea>ON</administrativeArea>
        <postalCode>N1G 2W1</postalCode>
        <country>Canada</country>
      </address>
      <phone phonetype="voice">(519) 824-4120 ext 56166</phone>
      <!--No fax info present in Database  ( pers/fax when lead_contact=1 )-->
      <electronicMailAddress>mrt@uoguelph.ca</electronicMailAddress>
      <onlineUrl>http://www.uoguelph.ca/ib/people/faculty/turetsky.shtml</onlineUrl>
    </creator>
    <creator>
      <individualName>
        <givenName>Evan</givenName>
        <givenName>S.</givenName>
        <surName>Kane</surName>
      </individualName>
      <positionName>Affiliate Scientist</positionName>
      <address>
        <deliveryPoint>Michigan State University
Dept. of Plant Biology</deliveryPoint>
        <city>East Lansing</city>
        <administrativeArea>MI</administrativeArea>
        <postalCode>48824</postalCode>
        <country>United States</country>
      </address>
      <phone phonetype="voice">(907) 474-7471</phone>
      <!--No fax info present in Database  ( pers/fax when lead_contact=1 )-->
      <electronicMailAddress>citezenkane@gmail.com</electronicMailAddress>
      <!--No personal web address info on file-->
    </creator>
    <creator>
      <individualName>
        <givenName>Molly</givenName>
        <givenName>R.</givenName>
        <surName>Conlin</surName>
      </individualName>
      <!--No position recorded in Database ( pers/position when lead_contact=1 )-->
      <address>
        <deliveryPoint>166 Plant Biology Lab</deliveryPoint>
        <city>East Lansing</city>
        <administrativeArea>Michigan</administrativeArea>
        <postalCode>48824</postalCode>
        <country>United States</country>
      </address>
      <phone phonetype="voice">(517)-353-2953</phone>
      <!--No fax info present in Database  ( pers/fax when lead_contact=1 )-->
      <electronicMailAddress>conlinmo@msu.edu</electronicMailAddress>
      <!--No personal web address info on file-->
    </creator>
    <creator>
      <organizationName>Bonanza Creek LTER</organizationName>
      <address>
        <deliveryPoint>Boreal Ecology Cooperative Research Unit </deliveryPoint>
        <deliveryPoint>University of Alaska Fairbanks</deliveryPoint>
        <deliveryPoint>P.O. Box 756780 </deliveryPoint>
        <city>Fairbanks</city>
        <administrativeArea>AK</administrativeArea>
        <postalCode>99775</postalCode>
        <country>USA</country>
      </address>
      <phone phonetype="voice">907-474-6364</phone>
      <phone phonetype="fax">907-474-6251</phone>
      <electronicMailAddress>uaf-bnz-im-team@alaska.edu</electronicMailAddress>
      <onlineUrl>http://www.lter.uaf.edu</onlineUrl>
    </creator>
    <metadataProvider>
      <organizationName>Bonanza Creek LTER</organizationName>
      <positionName>Data Manager</positionName>
      <address>
        <deliveryPoint>Boreal Ecology Cooperative Research Unit </deliveryPoint>
        <deliveryPoint>University of Alaska Fairbanks</deliveryPoint>
        <deliveryPoint>P.O. Box 756780 </deliveryPoint>
        <city>Fairbanks</city>
        <administrativeArea>AK</administrativeArea>
        <postalCode>99775</postalCode>
        <country>USA</country>
      </address>
      <phone phonetype="voice">907-474-6364</phone>
      <phone phonetype="fax">907-474-6251</phone>
      <electronicMailAddress>uaf-bnz-im-team@alaska.edu</electronicMailAddress>
      <onlineUrl>http://www.lter.uaf.edu</onlineUrl>
    </metadataProvider>
    <associatedParty>
      <individualName>
        <givenName>Claire</givenName>
        <givenName>C</givenName>
        <surName>Treat</surName>
      </individualName>
      <positionName>Research Technician</positionName>
      <address>
        <deliveryPoint>Dept. Plant Biology; Michigan State University</deliveryPoint>
        <city>East Lansing</city>
        <administrativeArea>Michigan</administrativeArea>
        <postalCode>48824</postalCode>
        <country>United States</country>
      </address>
      <phone phonetype="voice">517-353-2953</phone>
      <phone phonetype="fax">517-353-1926</phone>
      <role>Associated investigator</role>
    </associatedParty>
    <associatedParty>
      <individualName>
        <givenName>Sara</givenName>
        <givenName>J.</givenName>
        <surName>Klapstein</surName>
      </individualName>
      <positionName>Master's Graduate student</positionName>
      <address>
        <deliveryPoint>Integrative Biology, Science Complex Rm 2408, University of Guelph</deliveryPoint>
        <city>Guelph</city>
        <administrativeArea>Ontario</administrativeArea>
        <postalCode>N1G 2W5</postalCode>
        <country>Canada</country>
      </address>
      <!--No phone info on file for this person (pers/tel1 when lead_contact=0)-->
      <!--No fax info on file for this person-->
      <role>Associated investigator</role>
    </associatedParty>
    <pubDate>2011-10-06</pubDate>
    <abstract>
      <para>Methane fluxes were collected at APEX rich fen during the summers of 2005 - 2011.  APEX Fen is located in the Bonanza Creek LTER outside of Fairbanks, AK.  APEX Fen uses a full-factorial water table (flooded or raised, lowered or drained, and control treatments, as well as a moisture gradient) by warming manipulation (warmed, unwarmed treatment).</para>
    </abstract>
    <keywordSet>
      <keyword>peatland</keyword>
      <keyword>experimental warming</keyword>
      <keyword>wetlands</keyword>
      <keyword>soil climate manipulation</keyword>
      <keyword>water table manipulation</keyword>
      <keyword>methane</keyword>
      <keywordThesaurus>Biogeochemistry</keywordThesaurus>
    </keywordSet>
    <intellectualRights>
      <section>
        <title>Access to Data</title>
        <para>While metadata will be freely available to those requesting it, the data manager will assure that any restrictions on access to data sets in the database will be enforced. Data will not be released without proper permission first being obtained from the investigator who generated the data. </para>
      </section>
      <section>
        <title>Use of data</title>
        <para> Researchers should receive adequate acknowledgment for the use of their data by others and should be provided with copies of publications using their data. Users of data from the data base must be aware that data is not to be sold or redistributed.</para>
      </section>
      <section>
        <title>Citing Bonanza Creek LTER Datasets</title>
        <para>It is considered a matter of professional ethics to acknowledge the work of other scientists. Thus, the Data User will properly cite the Data Set in any publications or in the metadata of any derived data products that were produced using the Data Set. </para>
      </section>
    </intellectualRights>
    <distribution id="distributionReference">
      <online>
        <url function="information">http://www.lter.uaf.edu/data_detail.cfm?datafile_pkey=326</url>
      </online>
    </distribution>
    <coverage>
      <geographicCoverage id="geoReference">
        <geographicDescription>Site information unavailable</geographicDescription>
        <boundingCoordinates>
          <westBoundingCoordinate>-148.31034</westBoundingCoordinate>
          <eastBoundingCoordinate>-148.31034</eastBoundingCoordinate>
          <northBoundingCoordinate>64.70138</northBoundingCoordinate>
          <southBoundingCoordinate>64.70138</southBoundingCoordinate>
        </boundingCoordinates>
      </geographicCoverage>
      <temporalCoverage>
        <rangeOfDates>
          <beginDate>
            <calendarDate>2005-06-16</calendarDate>
          </beginDate>
          <endDate>
            <calendarDate>2011-09-15</calendarDate>
          </endDate>
        </rangeOfDates>
      </temporalCoverage>
    </coverage>
    <maintenance>
      <description>
        <section>
          <title>corrections</title>
          <para>Gas fluxes not near zero that did not show a trend (9%) were discarded.</para>
        </section>
        <section>
          <title>Status</title>
          <para>Ongoing</para>
        </section>
      </description>
    </maintenance>
    <contact>
      <positionName>Information Manager</positionName>
      <organizationName>LTER Network Office</organizationName>
      <address>
        <deliveryPoint>UNM Biology Department, MSC03-2020</deliveryPoint>
        <deliveryPoint>1 University of New Mexico</deliveryPoint>
        <city>Albuquerque</city>
        <administrativeArea>NM</administrativeArea>
        <postalCode>87131-0001</postalCode>
        <country>USA</country>
      </address>
      <phone phonetype="voice">505 277-2535</phone>
      <phone phonetype="fax">505 277-2541</phone>
      <electronicMailAddress>tech-support@lternet.edu</electronicMailAddress>
      <onlineUrl>http://www.lternet.edu</onlineUrl>
    </contact>
    <contact>
      <organizationName>Bonanza Creek LTER</organizationName>
      <positionName>Data Manager</positionName>
      <address>
        <deliveryPoint>Boreal Ecology Cooperative Research Unit </deliveryPoint>
        <deliveryPoint>University of Alaska Fairbanks</deliveryPoint>
        <deliveryPoint>P.O. Box 756780 </deliveryPoint>
        <city>Fairbanks</city>
        <administrativeArea>AK</administrativeArea>
        <postalCode>99775</postalCode>
        <country>USA</country>
      </address>
      <phone phonetype="voice">907-474-6364</phone>
      <phone phonetype="fax">907-474-6251</phone>
      <electronicMailAddress>uaf-bnz-im-team@alaska.edu</electronicMailAddress>
      <onlineUrl>http://www.lter.uaf.edu</onlineUrl>
    </contact>
    <publisher>
      <organizationName>Bonanza Creek LTER</organizationName>
      <address>
        <deliveryPoint>Boreal Ecology Cooperative Research Unit </deliveryPoint>
        <deliveryPoint>University of Alaska Fairbanks</deliveryPoint>
        <deliveryPoint>P.O. Box 756780 </deliveryPoint>
        <city>Fairbanks</city>
        <administrativeArea>AK</administrativeArea>
        <postalCode>99775</postalCode>
        <country>USA</country>
      </address>
      <phone phonetype="voice">907-474-6364</phone>
      <phone phonetype="fax">907-474-6251</phone>
    </publisher>
    <pubPlace>Bonanza Creek LTER</pubPlace>
    <methods>
      <methodStep>
        <description>
          <section>
            <title>Experimental Design</title>
            <para>APEX Fen uses a full-factorial water table (flooded or raised, lowered or drained, and control treatments, as well as a moisture gradient) by warming manipulation (warmed, unwarmed treatment). Water table treatments were randomly assigned to each plot.  Permanent gas measurement collars were established within these plots and randomly assigned to a warming treatment.</para>
          </section>
          <section>
            <title>Methods</title>
            <para>Data were collected from 18 collars located within the water table by warming treatments at APEX Fen as described above.  Moisuture gradient collars range from a black spruce site (Gradient 1), a site dominated by willow-birch shrubs (Gradient 2), a tussock site (Gradient 3, located on a tussock), and a site dominated by equisetum and carex (Gradient 4).  Methane samples were collected weekly to bi-weekly from clear static chambers (60 cm x 60 cm x 60 cm) placed on collars that are permanently embedded in the peat.  Collars were sealed using foam tape.  Gas samples were collected into 20 mL syringes over a period of 30 -40 minutes and analyzed for methane concentrations using a GC equipped with an FID detector.  Gas fluxes not near zero that did not show a trend (9%) were discarded.  Samples were analyzed for methane concentrations using a gas chromatograph equipped with a flame ionization detector (FID).</para>
          </section>
        </description>
      </methodStep>
      <sampling>
        <studyExtent>
          <coverage>
            <geographicCoverage>
              <references>geoReference</references>
            </geographicCoverage>
            <temporalCoverage>
              <rangeOfDates>
                <beginDate>
                  <calendarDate>2005-06-16</calendarDate>
                </beginDate>
                <endDate>
                  <calendarDate>2011-09-15</calendarDate>
                </endDate>
              </rangeOfDates>
            </temporalCoverage>
          </coverage>
        </studyExtent>
        <samplingDescription>
          <section>
            <title>Sampling Frequency</title>
            <para>Weekly</para>
          </section>
        </samplingDescription>
      </sampling>
    </methods>
    <dataTable>
      <entityName>326_APEX_fen_methane_flux_2005-2011.txt</entityName>
      <entityDescription>Methane fluxes from an Alaskan rich fen</entityDescription>
      <physical>
        <objectName>326_APEX_fen_methane_flux_2005-2011.txt</objectName>
        <dataFormat>
          <textFormat>
            <numHeaderLines>1</numHeaderLines>
            <recordDelimiter>\n</recordDelimiter>
            <physicalLineDelimiter>\n</physicalLineDelimiter>
            <attributeOrientation>column</attributeOrientation>
            <simpleDelimited>
              <fieldDelimiter>\t</fieldDelimiter>
            </simpleDelimited>
          </textFormat>
        </dataFormat>
        <distribution>
          <online>
            <url function="download">https://pasta.lternet.edu/package/data/eml/knb-lter-bnz/326/17/48859a1d7c45fb4a0b1397f2491d487a</url>
          </online>
        </distribution>
      </physical>
      <attributeList>
        <attribute>
          <attributeName>year</attributeName>
          <attributeLabel>year</attributeLabel>
          <attributeDefinition>Year of sampling</attributeDefinition>
          <storageType>integer</storageType>
          <measurementScale>
            <ratio>
              <unit>
                <standardUnit>dimensionless</standardUnit>
              </unit>
              <numericDomain>
                <numberType>real</numberType>
                <!--No minimum value recorded in database (datafilevaribles/minvalid)-->
              </numericDomain>
            </ratio>
          </measurementScale>
          <!--No missing value/character in database (datafilevarible/errorcode)-->
        </attribute>
        <attribute>
          <attributeName>date</attributeName>
          <attributeLabel>date</attributeLabel>
          <attributeDefinition>date of sampling (yyyy-mm-dd)</attributeDefinition>
          <storageType>string</storageType>
          <measurementScale>
            <dateTime>
              <formatString>yyyy-mm-dd</formatString>
            </dateTime>
          </measurementScale>
          <!--No missing value/character in database (datafilevarible/errorcode)-->
        </attribute>
        <attribute>
          <attributeName>JD</attributeName>
          <attributeLabel>JD</attributeLabel>
          <attributeDefinition>Day of year of sampling (DOY)</attributeDefinition>
          <storageType>integer</storageType>
          <measurementScale>
            <ratio>
              <unit>
                <standardUnit>dimensionless</standardUnit>
              </unit>
              <numericDomain>
                <numberType>real</numberType>
                <!--No minimum value recorded in database (datafilevaribles/minvalid)-->
              </numericDomain>
            </ratio>
          </measurementScale>
          <!--No missing value/character in database (datafilevarible/errorcode)-->
        </attribute>
        <attribute>
          <attributeName>hour</attributeName>
          <attributeLabel>hour</attributeLabel>
          <attributeDefinition>time of sampling, rounded to nearest hour</attributeDefinition>
          <storageType>integer</storageType>
          <measurementScale>
            <ratio>
              <unit>
                <standardUnit>dimensionless</standardUnit>
              </unit>
              <numericDomain>
                <numberType>real</numberType>
                <!--No minimum value recorded in database (datafilevaribles/minvalid)-->
              </numericDomain>
            </ratio>
          </measurementScale>
          <!--No missing value/character in database (datafilevarible/errorcode)-->
        </attribute>
        <attribute>
          <attributeName>Plot</attributeName>
          <attributeLabel>Plot</attributeLabel>
          <attributeDefinition>water table manipulation plot</attributeDefinition>
          <storageType>string</storageType>
          <measurementScale>
            <nominal>
              <nonNumericDomain>
                <enumeratedDomain>
                  <codeDefinition>
                    <code> Control </code>
                    <definition> control treatment</definition>
                  </codeDefinition>
                  <codeDefinition>
                    <code> Lowered </code>
                    <definition> lowered or drained treatment</definition>
                  </codeDefinition>
                  <codeDefinition>
                    <code> Raised </code>
                    <definition> raised or flooded treatment</definition>
                  </codeDefinition>
                  <codeDefinition>
                    <code> Gradient </code>
                    <definition> gradient or moisture gradient</definition>
                  </codeDefinition>
                </enumeratedDomain>
              </nonNumericDomain>
            </nominal>
          </measurementScale>
          <!--No missing value/character in database (datafilevarible/errorcode)-->
        </attribute>
        <attribute>
          <attributeName>collar</attributeName>
          <attributeLabel>collar</attributeLabel>
          <attributeDefinition> permanent collar embedded in peat, identifier of measurement location</attributeDefinition>
          <storageType>integer</storageType>
          <measurementScale>
            <nominal>
              <nonNumericDomain>
                <textDomain>
                  <definition> permanent collar embedded in peat, identifier of measurement location</definition>
                </textDomain>
              </nonNumericDomain>
            </nominal>
          </measurementScale>
          <!--No missing value/character in database (datafilevarible/errorcode)-->
        </attribute>
        <attribute>
          <attributeName>warm</attributeName>
          <attributeLabel>warm</attributeLabel>
          <attributeDefinition>whether the collar was assigned to warming treatment with an open-topped chamber</attributeDefinition>
          <storageType>string</storageType>
          <measurementScale>
            <nominal>
              <nonNumericDomain>
                <enumeratedDomain>
                  <codeDefinition>
                    <code>yes </code>
                    <definition> warmed</definition>
                  </codeDefinition>
                  <codeDefinition>
                    <code> no </code>
                    <definition> unwarmed</definition>
                  </codeDefinition>
                </enumeratedDomain>
              </nonNumericDomain>
            </nominal>
          </measurementScale>
          <!--No missing value/character in database (datafilevarible/errorcode)-->
        </attribute>
        <attribute>
          <attributeName>CH4 flux </attributeName>
          <attributeLabel>CH4 flux </attributeLabel>
          <attributeDefinition>Volumetric methane flux</attributeDefinition>
          <storageType>float</storageType>
          <measurementScale>
            <ratio>
              <unit>
                <customUnit>mgCH4/m2/d</customUnit>
              </unit>
              <numericDomain>
                <numberType>real</numberType>
                <bounds>
                  <minimum exclusive="false">-1000.000</minimum>
                  <maximum exclusive="false">10000.000</maximum>
                </bounds>
              </numericDomain>
            </ratio>
          </measurementScale>
          <!--No missing value/character in database (datafilevarible/errorcode)-->
        </attribute>
        <attribute>
          <attributeName>r2</attributeName>
          <attributeLabel>r2</attributeLabel>
          <attributeDefinition>R2 value</attributeDefinition>
          <storageType>float</storageType>
          <measurementScale>
            <ratio>
              <unit>
                <standardUnit>dimensionless</standardUnit>
              </unit>
              <numericDomain>
                <numberType>real</numberType>
                <!--No minimum value recorded in database (datafilevaribles/minvalid)-->
              </numericDomain>
            </ratio>
          </measurementScale>
          <!--No missing value/character in database (datafilevarible/errorcode)-->
        </attribute>
      </attributeList>
    </dataTable>
    <otherEntity id="APEXCon_Schematic.pdf">
      <entityName>APEXCon_Schematic.pdf</entityName>
      <entityDescription>Site schematic for APEX mainulation and transect plots.</entityDescription>
      <physical>
        <objectName>APEXCon_Schematic.pdf</objectName>
        <dataFormat>
          <externallyDefinedFormat>
            <formatName>pdf</formatName>
          </externallyDefinedFormat>
        </dataFormat>
        <distribution>
          <online>
            <url function="download">https://pasta.lternet.edu/package/data/eml/knb-lter-bnz/326/17/0b74f1e724329cb48108d05b84be6ec8</url>
          </online>
        </distribution>
      </physical>
      <entityType>pdf</entityType>
    </otherEntity>
  </dataset>
  <additionalMetadata>
    <metadata>
      <unitList>
        <unit id="mgCH4/m2/d"/>
        <unit id="yyyy-mm-dd"/>
      </unitList>
    </metadata>
  </additionalMetadata>
</eml:eml>
