<?xml version="1.0" encoding="UTF-8"?>
<eml:eml packageId="knb-lter-bnz.334.17" scope="system"
  system="https://pasta.lternet.edu"
  xmlns:ds="eml://ecoinformatics.org/dataset-2.1.0"
  xmlns:eml="eml://ecoinformatics.org/eml-2.1.1"
  xmlns:stmml="http://www.xml-cml.org/schema/stmml-1.1"
  xmlns:xsi="http://www.w3.org/2001/XMLSchema-instance" xsi:schemaLocation="eml://ecoinformatics.org/eml-2.1.0&#xa;&#x9;&#x9;&#x9;&#x9;http://nis.lternet.edu/schemas/EML/eml-2.1.0/eml.xsd">
  <access authSystem="https://pasta.lternet.edu/authentication"
    order="allowFirst" scope="document" system="https://pasta.lternet.edu">
    <allow>
      <principal>uid=BNZ,o=lter,dc=ecoinformatics,dc=org</principal>
      <permission>all</permission>
    </allow>
    <allow>
      <principal>public</principal>
      <permission>read</permission>
    </allow>
  </access>
  <dataset>
    <shortName>knb-lter-bnz.334.17</shortName>
    <title>Bonanza Creek moisture gradient soil core data: 2004.</title>
    <creator>
      <individualName>
        <givenName>Jennifer</givenName>
        <givenName>W.</givenName>
        <surName>Harden</surName>
      </individualName>
      <positionName>Senior Investigator</positionName>
      <address>
        <deliveryPoint>U.S. Geological Survey 345 Middlefield Road, MS 962</deliveryPoint>
        <city>Menlo Park</city>
        <administrativeArea>CA</administrativeArea>
        <postalCode>94025</postalCode>
        <country>United States</country>
      </address>
      <phone phonetype="voice">(650) 329-4949</phone>
      <phone phonetype="fax">(650) 329-4920</phone>
      <electronicMailAddress>jharden@usgs.gov</electronicMailAddress>
      <onlineUrl>http://carbon.wr.usgs.gov/Harden.html</onlineUrl>
    </creator>
    <creator>
      <individualName>
        <givenName>Merritt</givenName>
        <givenName>R</givenName>
        <surName>Turetsky</surName>
      </individualName>
      <positionName>Senior Investigator</positionName>
      <address>
        <deliveryPoint>Department of Integrative Biology  University of Guelph</deliveryPoint>
        <city>Guelph</city>
        <administrativeArea>ON</administrativeArea>
        <postalCode>N1G 2W1</postalCode>
        <country>Canada</country>
      </address>
      <phone phonetype="voice">(519) 824-4120 ext 56166</phone>
      <!--No fax info present in Database  ( pers/fax when lead_contact=1 )-->
      <electronicMailAddress>mrt@uoguelph.ca</electronicMailAddress>
      <onlineUrl>http://www.uoguelph.ca/ib/people/faculty/turetsky.shtml</onlineUrl>
    </creator>
    <creator>
      <individualName>
        <givenName>Kristen</givenName>
        <givenName>L</givenName>
        <surName>Manies</surName>
      </individualName>
      <positionName>Affiliate Scientist</positionName>
      <address>
        <deliveryPoint>345 Middlefield Rd., MS 962</deliveryPoint>
        <city>Menlo Park</city>
        <administrativeArea>CA</administrativeArea>
        <postalCode>94025</postalCode>
        <country>United States</country>
      </address>
      <phone phonetype="voice">(650) 329-5010</phone>
      <phone phonetype="fax">(650) 329-4920</phone>
      <electronicMailAddress>kmanies@usgs.gov</electronicMailAddress>
      <onlineUrl>http://carbon.wr.usgs.gov/Manies.html</onlineUrl>
    </creator>
    <creator>
      <individualName>
        <givenName>Mark</givenName>
        <givenName>P.</givenName>
        <surName>Waldrop</surName>
      </individualName>
      <positionName>Affiliate Scientist</positionName>
      <address>
        <deliveryPoint>345 Middlefield Rd., MS 962</deliveryPoint>
        <city>Menlo Park</city>
        <administrativeArea>CA</administrativeArea>
        <postalCode>94025</postalCode>
        <country>USA</country>
      </address>
      <phone phonetype="voice">(650) 329-5005</phone>
      <phone phonetype="fax">(650) 329-4920</phone>
      <electronicMailAddress>mwaldrop@usgs.gov</electronicMailAddress>
      <onlineUrl>http://carbon.wr.usgs.gov/Waldrop.html</onlineUrl>
    </creator>
    <creator>
      <organizationName>Bonanza Creek LTER</organizationName>
      <address>
        <deliveryPoint>Boreal Ecology Cooperative Research Unit </deliveryPoint>
        <deliveryPoint>University of Alaska Fairbanks</deliveryPoint>
        <deliveryPoint>P.O. Box 756780 </deliveryPoint>
        <city>Fairbanks</city>
        <administrativeArea>AK</administrativeArea>
        <postalCode>99775</postalCode>
        <country>USA</country>
      </address>
      <phone phonetype="voice">907-474-6364</phone>
      <phone phonetype="fax">907-474-6251</phone>
      <electronicMailAddress>uaf-bnz-im-team@alaska.edu</electronicMailAddress>
      <onlineUrl>http://www.lter.uaf.edu</onlineUrl>
    </creator>
    <metadataProvider>
      <organizationName>Bonanza Creek LTER</organizationName>
      <positionName>Data Manager</positionName>
      <address>
        <deliveryPoint>Boreal Ecology Cooperative Research Unit </deliveryPoint>
        <deliveryPoint>University of Alaska Fairbanks</deliveryPoint>
        <deliveryPoint>P.O. Box 756780 </deliveryPoint>
        <city>Fairbanks</city>
        <administrativeArea>AK</administrativeArea>
        <postalCode>99775</postalCode>
        <country>USA</country>
      </address>
      <phone phonetype="voice">907-474-6364</phone>
      <phone phonetype="fax">907-474-6251</phone>
      <electronicMailAddress>uaf-bnz-im-team@alaska.edu</electronicMailAddress>
      <onlineUrl>http://www.lter.uaf.edu</onlineUrl>
    </metadataProvider>
    <associatedParty>
      <individualName>
        <givenName>Lee</givenName>
        <givenName>E.</givenName>
        <surName>Pruett</surName>
      </individualName>
      <positionName>Physical Science Technician</positionName>
      <address>
        <deliveryPoint>345 Middlefield Rd., MS 962</deliveryPoint>
        <city>Menlo Park</city>
        <administrativeArea>California</administrativeArea>
        <postalCode>94025</postalCode>
        <country>United States</country>
      </address>
      <phone phonetype="voice">(650) 329-5241</phone>
      <phone phonetype="fax">(650) 329-4920</phone>
      <role>Associated investigator</role>
    </associatedParty>
    <pubDate>2008-03-27</pubDate>
    <abstract>
      <para>This dataset contains the results of a soil sampling effort undertaken in 2004 along a landscape gradient within the Bonanza Creek LTER.  Soils were sampled at 5 sites located within unique vegetative environments ranging from a wetland to an upland forest over a distance of 260 m.  Data includes, but is not limited to percent carbon, percent nitrogen, 13C of the gas phase, 14C of the gas phase, 13C of the solid phase, bulk density, CO2 flux and DOC.</para>
    </abstract>
    <keywordSet>
      <keyword>carbon</keyword>
      <keyword>nitrogen</keyword>
      <keyword>soils</keyword>
      <keyword>organic matter</keyword>
      <keyword>ecological transect</keyword>
      <keyword>isotopes</keyword>
      <keyword>soil carbon flux</keyword>
      <keywordThesaurus>Soils</keywordThesaurus>
    </keywordSet>
    <intellectualRights>
      <section>
        <title>Access to Data</title>
        <para>While metadata will be freely available to those requesting it, the data manager will assure that any restrictions on access to data sets in the database will be enforced. Data will not be released without proper permission first being obtained from the investigator who generated the data. </para>
      </section>
      <section>
        <title>Use of data</title>
        <para> Researchers should receive adequate acknowledgment for the use of their data by others and should be provided with copies of publications using their data. Users of data from the data base must be aware that data is not to be sold or redistributed.</para>
      </section>
      <section>
        <title>Citing Bonanza Creek LTER Datasets</title>
        <para>It is considered a matter of professional ethics to acknowledge the work of other scientists. Thus, the Data User will properly cite the Data Set in any publications or in the metadata of any derived data products that were produced using the Data Set. </para>
      </section>
    </intellectualRights>
    <distribution id="distributionReference">
      <online>
        <url function="information">http://www.lter.uaf.edu/data_detail.cfm?datafile_pkey=334</url>
      </online>
    </distribution>
    <coverage>
      <geographicCoverage id="geoReference">
        <geographicDescription>Site information unavailable</geographicDescription>
        <boundingCoordinates>
          <westBoundingCoordinate>-148.31132</westBoundingCoordinate>
          <eastBoundingCoordinate>-148.31132</eastBoundingCoordinate>
          <northBoundingCoordinate>64.70082</northBoundingCoordinate>
          <southBoundingCoordinate>64.70082</southBoundingCoordinate>
        </boundingCoordinates>
      </geographicCoverage>
      <temporalCoverage>
        <rangeOfDates>
          <beginDate>
            <calendarDate>2004-08-03</calendarDate>
          </beginDate>
          <endDate>
            <calendarDate>2004-09-01</calendarDate>
          </endDate>
        </rangeOfDates>
      </temporalCoverage>
    </coverage>
    <maintenance>
      <description>
        <section>
          <title>Status</title>
          <para>Completed</para>
        </section>
      </description>
    </maintenance>
    <contact>
      <positionName>Information Manager</positionName>
      <organizationName>LTER Network Office</organizationName>
      <address>
        <deliveryPoint>UNM Biology Department, MSC03-2020</deliveryPoint>
        <deliveryPoint>1 University of New Mexico</deliveryPoint>
        <city>Albuquerque</city>
        <administrativeArea>NM</administrativeArea>
        <postalCode>87131-0001</postalCode>
        <country>USA</country>
      </address>
      <phone phonetype="voice">505 277-2535</phone>
      <phone phonetype="fax">505 277-2541</phone>
      <electronicMailAddress>tech-support@lternet.edu</electronicMailAddress>
      <onlineUrl>http://www.lternet.edu</onlineUrl>
    </contact>
    <contact>
      <organizationName>Bonanza Creek LTER</organizationName>
      <positionName>Data Manager</positionName>
      <address>
        <deliveryPoint>Boreal Ecology Cooperative Research Unit </deliveryPoint>
        <deliveryPoint>University of Alaska Fairbanks</deliveryPoint>
        <deliveryPoint>P.O. Box 756780 </deliveryPoint>
        <city>Fairbanks</city>
        <administrativeArea>AK</administrativeArea>
        <postalCode>99775</postalCode>
        <country>USA</country>
      </address>
      <phone phonetype="voice">907-474-6364</phone>
      <phone phonetype="fax">907-474-6251</phone>
      <electronicMailAddress>uaf-bnz-im-team@alaska.edu</electronicMailAddress>
      <onlineUrl>http://www.lter.uaf.edu</onlineUrl>
    </contact>
    <publisher>
      <organizationName>Bonanza Creek LTER</organizationName>
      <address>
        <deliveryPoint>Boreal Ecology Cooperative Research Unit </deliveryPoint>
        <deliveryPoint>University of Alaska Fairbanks</deliveryPoint>
        <deliveryPoint>P.O. Box 756780 </deliveryPoint>
        <city>Fairbanks</city>
        <administrativeArea>AK</administrativeArea>
        <postalCode>99775</postalCode>
        <country>USA</country>
      </address>
      <phone phonetype="voice">907-474-6364</phone>
      <phone phonetype="fax">907-474-6251</phone>
    </publisher>
    <pubPlace>Bonanza Creek LTER</pubPlace>
    <methods>
      <methodStep>
        <description>
          <section>
            <title>Experimental Design</title>
            <para>These sites were measured to help us gain an understanding of how to detect future changes in vegetation through the use of laboratory methods, such as the analysis of isotopes in all three phases of carbon.CO2 flux data are the result of 48 hour incubation periods.  DOC and isotope data are from points in time within the one month the experiment was run.</para>
          </section>
        </description>
      </methodStep>
      <sampling>
        <studyExtent>
          <coverage>
            <geographicCoverage>
              <references>geoReference</references>
            </geographicCoverage>
            <temporalCoverage>
              <rangeOfDates>
                <beginDate>
                  <calendarDate>2004-08-03</calendarDate>
                </beginDate>
                <endDate>
                  <calendarDate>2004-09-01</calendarDate>
                </endDate>
              </rangeOfDates>
            </temporalCoverage>
          </coverage>
        </studyExtent>
        <samplingDescription>
          <section>
            <title>Sampling Frequency</title>
            <para>once each year</para>
          </section>
        </samplingDescription>
      </sampling>
    </methods>
    <dataTable>
      <entityName>334_BNZ_moisturegradient_isotopestudy_2004_LTER.txt</entityName>
      <entityDescription>This dataset contains the results of a soil sampling effort undertaken in 2004 along a landscape gradient within the Bonanza Creek LTER; data includes, but is not limited to percent carbon, percent nitrogen, 13C of the gas phase, 14C of the gas phase, 13C of the solid phase, bulk density, CO2 flux and DOC.</entityDescription>
      <physical>
        <objectName>334_BNZ_moisturegradient_isotopestudy_2004_LTER.txt</objectName>
        <dataFormat>
          <textFormat>
            <numHeaderLines>1</numHeaderLines>
            <recordDelimiter>\n</recordDelimiter>
            <physicalLineDelimiter>\n</physicalLineDelimiter>
            <attributeOrientation>column</attributeOrientation>
            <simpleDelimited>
              <fieldDelimiter>,</fieldDelimiter>
            </simpleDelimited>
          </textFormat>
        </dataFormat>
        <distribution>
          <online>
            <url function="download">https://pasta.lternet.edu/package/data/eml/knb-lter-bnz/334/17/ae919a8ce160674a01f8394e6a15fc5d</url>
          </online>
        </distribution>
      </physical>
      <attributeList>
        <attribute>
          <attributeName>Site</attributeName>
          <attributeLabel>Site</attributeLabel>
          <attributeDefinition>Name of site for measurement.</attributeDefinition>
          <storageType>string</storageType>
          <measurementScale>
            <nominal>
              <nonNumericDomain>
                <textDomain>
                  <definition>Name of site for measurement.</definition>
                </textDomain>
              </nonNumericDomain>
            </nominal>
          </measurementScale>
          <!--No missing value/character in database (datafilevarible/errorcode)-->
        </attribute>
        <attribute>
          <attributeName>Sample or Replicate number</attributeName>
          <attributeLabel>Sample or Replicate number</attributeLabel>
          <attributeDefinition>Designates replicate</attributeDefinition>
          <storageType>integer</storageType>
          <measurementScale>
            <nominal>
              <nonNumericDomain>
                <textDomain>
                  <definition>Designates replicate</definition>
                </textDomain>
              </nonNumericDomain>
            </nominal>
          </measurementScale>
          <!--No missing value/character in database (datafilevarible/errorcode)-->
        </attribute>
        <attribute>
          <attributeName>Sampling Date</attributeName>
          <attributeLabel>Sampling Date</attributeLabel>
          <attributeDefinition>Day samples were collected</attributeDefinition>
          <storageType>string</storageType>
          <measurementScale>
            <dateTime>
              <formatString>mm-dd-yyyy</formatString>
            </dateTime>
          </measurementScale>
          <!--No missing value/character in database (datafilevarible/errorcode)-->
        </attribute>
        <attribute>
          <attributeName>Depth to water table (range)</attributeName>
          <attributeLabel>Depth to water table (range)</attributeLabel>
          <attributeDefinition>Depth in cm of the water table over the 2004 and 2005 growing seasons</attributeDefinition>
          <storageType>string</storageType>
          <measurementScale>
            <nominal>
              <nonNumericDomain>
                <textDomain>
                  <definition>Depth in cm of the water table over the 2004 and 2005 growing seasons</definition>
                </textDomain>
              </nonNumericDomain>
            </nominal>
          </measurementScale>
          <!--No missing value/character in database (datafilevarible/errorcode)-->
        </attribute>
        <attribute>
          <attributeName>total sample mass (g)</attributeName>
          <attributeLabel>total sample mass (g)</attributeLabel>
          <attributeDefinition>Mass of sample once oven-dried</attributeDefinition>
          <storageType>float</storageType>
          <measurementScale>
            <ratio>
              <unit>
                <standardUnit>gram</standardUnit>
              </unit>
              <numericDomain>
                <numberType>real</numberType>
                <!--No minimum value recorded in database (datafilevaribles/minvalid)-->
              </numericDomain>
            </ratio>
          </measurementScale>
          <!--No missing value/character in database (datafilevarible/errorcode)-->
        </attribute>
        <attribute>
          <attributeName>soil C (g)</attributeName>
          <attributeLabel>soil C (g)</attributeLabel>
          <attributeDefinition>amount of C in sample</attributeDefinition>
          <storageType>float</storageType>
          <measurementScale>
            <ratio>
              <unit>
                <standardUnit>gram</standardUnit>
              </unit>
              <numericDomain>
                <numberType>real</numberType>
                <!--No minimum value recorded in database (datafilevaribles/minvalid)-->
              </numericDomain>
            </ratio>
          </measurementScale>
          <!--No missing value/character in database (datafilevarible/errorcode)-->
        </attribute>
        <attribute>
          <attributeName>soil C (%)</attributeName>
          <attributeLabel>soil C (%)</attributeLabel>
          <attributeDefinition>amount of C in sample as a percent</attributeDefinition>
          <storageType>float</storageType>
          <measurementScale>
            <ratio>
              <unit>
                <customUnit>percent</customUnit>
              </unit>
              <numericDomain>
                <numberType>real</numberType>
                <!--No minimum value recorded in database (datafilevaribles/minvalid)-->
              </numericDomain>
            </ratio>
          </measurementScale>
          <!--No missing value/character in database (datafilevarible/errorcode)-->
        </attribute>
        <attribute>
          <attributeName>soil N (%)</attributeName>
          <attributeLabel>soil N (%)</attributeLabel>
          <attributeDefinition>amount of N in sample as a percent</attributeDefinition>
          <storageType>float</storageType>
          <measurementScale>
            <ratio>
              <unit>
                <customUnit>percent</customUnit>
              </unit>
              <numericDomain>
                <numberType>real</numberType>
                <!--No minimum value recorded in database (datafilevaribles/minvalid)-->
              </numericDomain>
            </ratio>
          </measurementScale>
          <!--No missing value/character in database (datafilevarible/errorcode)-->
        </attribute>
        <attribute>
          <attributeName>C/N ratio (soil)</attributeName>
          <attributeLabel>C/N ratio (soil)</attributeLabel>
          <attributeDefinition>Percent C/Percent N</attributeDefinition>
          <storageType>float</storageType>
          <measurementScale>
            <ratio>
              <unit>
                <standardUnit>dimensionless</standardUnit>
              </unit>
              <numericDomain>
                <numberType>real</numberType>
                <!--No minimum value recorded in database (datafilevaribles/minvalid)-->
              </numericDomain>
            </ratio>
          </measurementScale>
          <!--No missing value/character in database (datafilevarible/errorcode)-->
        </attribute>
        <attribute>
          <attributeName>Bulk Density (g/cc)</attributeName>
          <attributeLabel>Bulk Density (g/cc)</attributeLabel>
          <attributeDefinition>grams of sample in a known volume</attributeDefinition>
          <storageType>float</storageType>
          <measurementScale>
            <ratio>
              <unit>
                <customUnit>g/cc</customUnit>
              </unit>
              <numericDomain>
                <numberType>real</numberType>
                <!--No minimum value recorded in database (datafilevaribles/minvalid)-->
              </numericDomain>
            </ratio>
          </measurementScale>
          <!--No missing value/character in database (datafilevarible/errorcode)-->
        </attribute>
        <attribute>
          <attributeName>solid d13C</attributeName>
          <attributeLabel>solid d13C</attributeLabel>
          <attributeDefinition>isotopic value of solid soil sample measured after the one month incubation period.</attributeDefinition>
          <storageType>float</storageType>
          <measurementScale>
            <ratio>
              <unit>
                <customUnit>permil</customUnit>
              </unit>
              <numericDomain>
                <numberType>real</numberType>
                <!--No minimum value recorded in database (datafilevaribles/minvalid)-->
              </numericDomain>
            </ratio>
          </measurementScale>
          <!--No missing value/character in database (datafilevarible/errorcode)-->
        </attribute>
        <attribute>
          <attributeName> initial (48 hrs after sample collection) CO2 ppm</attributeName>
          <attributeLabel> initial (48 hrs after sample collection) CO2 ppm</attributeLabel>
          <attributeDefinition>Mean ppm/d of CO2 based on the accumulation of sample for 48 hours after the sample was removed from the ground.</attributeDefinition>
          <storageType>float</storageType>
          <measurementScale>
            <ratio>
              <unit>
                <customUnit>ppm/d</customUnit>
              </unit>
              <numericDomain>
                <numberType>real</numberType>
                <!--No minimum value recorded in database (datafilevaribles/minvalid)-->
              </numericDomain>
            </ratio>
          </measurementScale>
          <!--No missing value/character in database (datafilevarible/errorcode)-->
        </attribute>
        <attribute>
          <attributeName>initial mgCO2/d</attributeName>
          <attributeLabel>initial mgCO2/d</attributeLabel>
          <attributeDefinition>Mean mg CO2/day based on the accumulation of sample for 48 hours after the sample was removed from the ground.</attributeDefinition>
          <storageType>float</storageType>
          <measurementScale>
            <ratio>
              <unit>
                <customUnit>mgCO2/d</customUnit>
              </unit>
              <numericDomain>
                <numberType>real</numberType>
                <!--No minimum value recorded in database (datafilevaribles/minvalid)-->
              </numericDomain>
            </ratio>
          </measurementScale>
          <!--No missing value/character in database (datafilevarible/errorcode)-->
        </attribute>
        <attribute>
          <attributeName>initial VWC (%)</attributeName>
          <attributeLabel>initial VWC (%)</attributeLabel>
          <attributeDefinition>Volumetric water content calculated from a gravimetric measure of water content at the beginning of an incubation period.</attributeDefinition>
          <storageType>float</storageType>
          <measurementScale>
            <ratio>
              <unit>
                <customUnit>percent</customUnit>
              </unit>
              <numericDomain>
                <numberType>real</numberType>
                <!--No minimum value recorded in database (datafilevaribles/minvalid)-->
              </numericDomain>
            </ratio>
          </measurementScale>
          <!--No missing value/character in database (datafilevarible/errorcode)-->
        </attribute>
        <attribute>
          <attributeName>Day 9 CO2 ppm/d (mean)</attributeName>
          <attributeLabel>Day 9 CO2 ppm/d (mean)</attributeLabel>
          <attributeDefinition>Mean ppm/d of CO2 based on the accumulation of sample for 48 hours, 9 days after the sample was removed from the ground.</attributeDefinition>
          <storageType>float</storageType>
          <measurementScale>
            <ratio>
              <unit>
                <customUnit>ppm/d</customUnit>
              </unit>
              <numericDomain>
                <numberType>real</numberType>
                <!--No minimum value recorded in database (datafilevaribles/minvalid)-->
              </numericDomain>
            </ratio>
          </measurementScale>
          <!--No missing value/character in database (datafilevarible/errorcode)-->
        </attribute>
        <attribute>
          <attributeName>Day 9 mgCO2/d</attributeName>
          <attributeLabel>Day 9 mgCO2/d</attributeLabel>
          <attributeDefinition>Mean mg CO2/day based on the accumulation of sample for 48 hours, 9 days after the sample was removed from the ground.</attributeDefinition>
          <storageType>float</storageType>
          <measurementScale>
            <ratio>
              <unit>
                <customUnit>mgCO2/d</customUnit>
              </unit>
              <numericDomain>
                <numberType>real</numberType>
                <!--No minimum value recorded in database (datafilevaribles/minvalid)-->
              </numericDomain>
            </ratio>
          </measurementScale>
          <!--No missing value/character in database (datafilevarible/errorcode)-->
        </attribute>
        <attribute>
          <attributeName>Day 9 VWC (%)</attributeName>
          <attributeLabel>Day 9 VWC (%)</attributeLabel>
          <attributeDefinition>Volumetric water content calculated from a gravimetric measure of water content at the beginning of an incubation period.</attributeDefinition>
          <storageType>float</storageType>
          <measurementScale>
            <ratio>
              <unit>
                <customUnit>percent</customUnit>
              </unit>
              <numericDomain>
                <numberType>real</numberType>
                <!--No minimum value recorded in database (datafilevaribles/minvalid)-->
              </numericDomain>
            </ratio>
          </measurementScale>
          <!--No missing value/character in database (datafilevarible/errorcode)-->
        </attribute>
        <attribute>
          <attributeName>Day 12 CO2 ppm/d (mean)</attributeName>
          <attributeLabel>Day 12 CO2 ppm/d (mean)</attributeLabel>
          <attributeDefinition>Mean ppm/d of CO2 based on the accumulation of sample for 48 hours, 12 days after the sample was removed from the ground.</attributeDefinition>
          <storageType>float</storageType>
          <measurementScale>
            <ratio>
              <unit>
                <customUnit>ppm/d</customUnit>
              </unit>
              <numericDomain>
                <numberType>real</numberType>
                <!--No minimum value recorded in database (datafilevaribles/minvalid)-->
              </numericDomain>
            </ratio>
          </measurementScale>
          <!--No missing value/character in database (datafilevarible/errorcode)-->
        </attribute>
        <attribute>
          <attributeName>Day 12  mgCO2/d</attributeName>
          <attributeLabel>Day 12  mgCO2/d</attributeLabel>
          <attributeDefinition>Mean mg CO2/day based on the accumulation of sample for 48 hours, 12 days after the sample was removed from the ground.</attributeDefinition>
          <storageType>float</storageType>
          <measurementScale>
            <ratio>
              <unit>
                <customUnit>mgCO2/d</customUnit>
              </unit>
              <numericDomain>
                <numberType>real</numberType>
                <!--No minimum value recorded in database (datafilevaribles/minvalid)-->
              </numericDomain>
            </ratio>
          </measurementScale>
          <!--No missing value/character in database (datafilevarible/errorcode)-->
        </attribute>
        <attribute>
          <attributeName>Day 12 VWC (%)</attributeName>
          <attributeLabel>Day 12 VWC (%)</attributeLabel>
          <attributeDefinition>Volumetric water content calculated from a gravimetric measure of water content at the beginning of an incubation period.</attributeDefinition>
          <storageType>float</storageType>
          <measurementScale>
            <ratio>
              <unit>
                <customUnit>percent</customUnit>
              </unit>
              <numericDomain>
                <numberType>real</numberType>
                <!--No minimum value recorded in database (datafilevaribles/minvalid)-->
              </numericDomain>
            </ratio>
          </measurementScale>
          <!--No missing value/character in database (datafilevarible/errorcode)-->
        </attribute>
        <attribute>
          <attributeName>Day 14 CO2 ppm/d (mean)</attributeName>
          <attributeLabel>Day 14 CO2 ppm/d (mean)</attributeLabel>
          <attributeDefinition>Mean ppm/d of CO2 based on the accumulation of sample for 48 hours, 14 days after the sample was removed from the ground.</attributeDefinition>
          <storageType>float</storageType>
          <measurementScale>
            <ratio>
              <unit>
                <customUnit>ppm/d</customUnit>
              </unit>
              <numericDomain>
                <numberType>real</numberType>
                <!--No minimum value recorded in database (datafilevaribles/minvalid)-->
              </numericDomain>
            </ratio>
          </measurementScale>
          <!--No missing value/character in database (datafilevarible/errorcode)-->
        </attribute>
        <attribute>
          <attributeName>Day 14 mgCO2/d</attributeName>
          <attributeLabel>Day 14 mgCO2/d</attributeLabel>
          <attributeDefinition>Mean mg CO2/day based on the accumulation of sample for 48 hours, 14 days after the sample was removed from the ground.</attributeDefinition>
          <storageType>float</storageType>
          <measurementScale>
            <ratio>
              <unit>
                <customUnit>mgCO2/d</customUnit>
              </unit>
              <numericDomain>
                <numberType>real</numberType>
                <!--No minimum value recorded in database (datafilevaribles/minvalid)-->
              </numericDomain>
            </ratio>
          </measurementScale>
          <!--No missing value/character in database (datafilevarible/errorcode)-->
        </attribute>
        <attribute>
          <attributeName>Day 14 VWC (%)</attributeName>
          <attributeLabel>Day 14 VWC (%)</attributeLabel>
          <attributeDefinition>Volumetric water content calculated from a gravimetric measure of water content at the beginning of an incubation period.</attributeDefinition>
          <storageType>float</storageType>
          <measurementScale>
            <ratio>
              <unit>
                <customUnit>percent</customUnit>
              </unit>
              <numericDomain>
                <numberType>real</numberType>
                <!--No minimum value recorded in database (datafilevaribles/minvalid)-->
              </numericDomain>
            </ratio>
          </measurementScale>
          <!--No missing value/character in database (datafilevarible/errorcode)-->
        </attribute>
        <attribute>
          <attributeName>Day 23 CO2 ppm/d (mean)</attributeName>
          <attributeLabel>Day 23 CO2 ppm/d (mean)</attributeLabel>
          <attributeDefinition>Mean ppm/d of CO2 based on the accumulation of sample for 48 hours, 23 days after the sample was removed from the ground.</attributeDefinition>
          <storageType>float</storageType>
          <measurementScale>
            <ratio>
              <unit>
                <customUnit>ppm/d</customUnit>
              </unit>
              <numericDomain>
                <numberType>real</numberType>
                <!--No minimum value recorded in database (datafilevaribles/minvalid)-->
              </numericDomain>
            </ratio>
          </measurementScale>
          <!--No missing value/character in database (datafilevarible/errorcode)-->
        </attribute>
        <attribute>
          <attributeName>Day 23 mgCO2/d</attributeName>
          <attributeLabel>Day 23 mgCO2/d</attributeLabel>
          <attributeDefinition>Mean mg CO2/day based on the accumulation of sample for 48 hours, 23 days after the sample was removed from the ground.</attributeDefinition>
          <storageType>float</storageType>
          <measurementScale>
            <ratio>
              <unit>
                <customUnit>mgCO2/d</customUnit>
              </unit>
              <numericDomain>
                <numberType>real</numberType>
                <!--No minimum value recorded in database (datafilevaribles/minvalid)-->
              </numericDomain>
            </ratio>
          </measurementScale>
          <!--No missing value/character in database (datafilevarible/errorcode)-->
        </attribute>
        <attribute>
          <attributeName>Day 23 VWC (%)</attributeName>
          <attributeLabel>Day 23 VWC (%)</attributeLabel>
          <attributeDefinition>Volumetric water content calculated from a gravimetric measure of water content at the beginning of an incubation period.</attributeDefinition>
          <storageType>float</storageType>
          <measurementScale>
            <ratio>
              <unit>
                <customUnit>percent</customUnit>
              </unit>
              <numericDomain>
                <numberType>real</numberType>
                <!--No minimum value recorded in database (datafilevaribles/minvalid)-->
              </numericDomain>
            </ratio>
          </measurementScale>
          <!--No missing value/character in database (datafilevarible/errorcode)-->
        </attribute>
        <attribute>
          <attributeName>Day 28 CO2 ppm/d (mean)</attributeName>
          <attributeLabel>Day 28 CO2 ppm/d (mean)</attributeLabel>
          <attributeDefinition>Mean ppm/d of CO2 based on the accumulation of sample for 48 hours, 28 days after the sample was removed from the ground.</attributeDefinition>
          <storageType>float</storageType>
          <measurementScale>
            <ratio>
              <unit>
                <customUnit>ppm/d</customUnit>
              </unit>
              <numericDomain>
                <numberType>real</numberType>
                <!--No minimum value recorded in database (datafilevaribles/minvalid)-->
              </numericDomain>
            </ratio>
          </measurementScale>
          <!--No missing value/character in database (datafilevarible/errorcode)-->
        </attribute>
        <attribute>
          <attributeName>Day 28 mgCO2/d</attributeName>
          <attributeLabel>Day 28 mgCO2/d</attributeLabel>
          <attributeDefinition>Mean mg CO2/day based on the accumulation of sample for 48 hours, 28 days after the sample was removed from the ground.</attributeDefinition>
          <storageType>float</storageType>
          <measurementScale>
            <ratio>
              <unit>
                <customUnit>mgCO2/d</customUnit>
              </unit>
              <numericDomain>
                <numberType>real</numberType>
                <!--No minimum value recorded in database (datafilevaribles/minvalid)-->
              </numericDomain>
            </ratio>
          </measurementScale>
          <!--No missing value/character in database (datafilevarible/errorcode)-->
        </attribute>
        <attribute>
          <attributeName>Day 28 VWC (%)</attributeName>
          <attributeLabel>Day 28 VWC (%)</attributeLabel>
          <attributeDefinition>Volumetric water content calculated from a gravimetric measure of water content at the beginning of an incubation period.</attributeDefinition>
          <storageType>float</storageType>
          <measurementScale>
            <ratio>
              <unit>
                <customUnit>percent</customUnit>
              </unit>
              <numericDomain>
                <numberType>real</numberType>
                <!--No minimum value recorded in database (datafilevaribles/minvalid)-->
              </numericDomain>
            </ratio>
          </measurementScale>
          <!--No missing value/character in database (datafilevarible/errorcode)-->
        </attribute>
        <attribute>
          <attributeName>d13CCO2 initial (48 hours)</attributeName>
          <attributeLabel>d13CCO2 initial (48 hours)</attributeLabel>
          <attributeDefinition>stable isotope value of gaseous CO2, measured 48 hours after sample collection</attributeDefinition>
          <storageType>float</storageType>
          <measurementScale>
            <ratio>
              <unit>
                <customUnit>permil</customUnit>
              </unit>
              <numericDomain>
                <numberType>real</numberType>
                <!--No minimum value recorded in database (datafilevaribles/minvalid)-->
              </numericDomain>
            </ratio>
          </measurementScale>
          <missingValueCode>
            <code>blank</code>
            <codeExplanation>Missing Value</codeExplanation>
          </missingValueCode>
        </attribute>
        <attribute>
          <attributeName>?14CCO2 initial (48 hours)</attributeName>
          <attributeLabel>?14CCO2 initial (48 hours)</attributeLabel>
          <attributeDefinition>radiocarbon value of gaseous CO2, measured 48 hours after sample collection</attributeDefinition>
          <storageType>float</storageType>
          <measurementScale>
            <ratio>
              <unit>
                <customUnit>permil</customUnit>
              </unit>
              <numericDomain>
                <numberType>real</numberType>
                <!--No minimum value recorded in database (datafilevaribles/minvalid)-->
              </numericDomain>
            </ratio>
          </measurementScale>
          <missingValueCode>
            <code>blank</code>
            <codeExplanation>Missing Value</codeExplanation>
          </missingValueCode>
        </attribute>
        <attribute>
          <attributeName>d13CCO2 28 days</attributeName>
          <attributeLabel>d13CCO2 28 days</attributeLabel>
          <attributeDefinition>stable isotope value of gaseous CO2, measured at the end of the incubation experiment (28 days)</attributeDefinition>
          <storageType>float</storageType>
          <measurementScale>
            <ratio>
              <unit>
                <customUnit>permil</customUnit>
              </unit>
              <numericDomain>
                <numberType>real</numberType>
                <!--No minimum value recorded in database (datafilevaribles/minvalid)-->
              </numericDomain>
            </ratio>
          </measurementScale>
          <!--No missing value/character in database (datafilevarible/errorcode)-->
        </attribute>
        <attribute>
          <attributeName>?14CCO2 28 days</attributeName>
          <attributeLabel>?14CCO2 28 days</attributeLabel>
          <attributeDefinition>radiocarbon value of gaseous CO2, measured at the end of the incubation experiment (28 days)</attributeDefinition>
          <storageType>float</storageType>
          <measurementScale>
            <ratio>
              <unit>
                <customUnit>permil</customUnit>
              </unit>
              <numericDomain>
                <numberType>real</numberType>
                <!--No minimum value recorded in database (datafilevaribles/minvalid)-->
              </numericDomain>
            </ratio>
          </measurementScale>
          <!--No missing value/character in database (datafilevarible/errorcode)-->
        </attribute>
        <attribute>
          <attributeName>Day 9 DOC (mg/L) </attributeName>
          <attributeLabel>Day 9 DOC (mg/L) </attributeLabel>
          <attributeDefinition>DOC concentration after leaching the samples 9 days after collection.</attributeDefinition>
          <storageType>float</storageType>
          <measurementScale>
            <ratio>
              <unit>
                <standardUnit>milligramsPerLiter</standardUnit>
              </unit>
              <numericDomain>
                <numberType>real</numberType>
                <!--No minimum value recorded in database (datafilevaribles/minvalid)-->
              </numericDomain>
            </ratio>
          </measurementScale>
          <!--No missing value/character in database (datafilevarible/errorcode)-->
        </attribute>
        <attribute>
          <attributeName>Day 12 DOC (mg/L)</attributeName>
          <attributeLabel>Day 12 DOC (mg/L)</attributeLabel>
          <attributeDefinition>DOC concentration after leaching the samples 12 days after collection.</attributeDefinition>
          <storageType>float</storageType>
          <measurementScale>
            <ratio>
              <unit>
                <standardUnit>milligramsPerLiter</standardUnit>
              </unit>
              <numericDomain>
                <numberType>real</numberType>
                <!--No minimum value recorded in database (datafilevaribles/minvalid)-->
              </numericDomain>
            </ratio>
          </measurementScale>
          <!--No missing value/character in database (datafilevarible/errorcode)-->
        </attribute>
        <attribute>
          <attributeName>Day 9 total nitrogen (mg/L)</attributeName>
          <attributeLabel>Day 9 total nitrogen (mg/L)</attributeLabel>
          <attributeDefinition>total nitrogen concentration after leaching the samples 9 days after collection.</attributeDefinition>
          <storageType>float</storageType>
          <measurementScale>
            <ratio>
              <unit>
                <standardUnit>milligramsPerLiter</standardUnit>
              </unit>
              <numericDomain>
                <numberType>real</numberType>
                <!--No minimum value recorded in database (datafilevaribles/minvalid)-->
              </numericDomain>
            </ratio>
          </measurementScale>
          <!--No missing value/character in database (datafilevarible/errorcode)-->
        </attribute>
        <attribute>
          <attributeName>Day 12 total nitrogen (mg/L)</attributeName>
          <attributeLabel>Day 12 total nitrogen (mg/L)</attributeLabel>
          <attributeDefinition>total nitrogen concentration after leaching the samples 12 days after collection.</attributeDefinition>
          <storageType>float</storageType>
          <measurementScale>
            <ratio>
              <unit>
                <standardUnit>milligramsPerLiter</standardUnit>
              </unit>
              <numericDomain>
                <numberType>real</numberType>
                <!--No minimum value recorded in database (datafilevaribles/minvalid)-->
              </numericDomain>
            </ratio>
          </measurementScale>
          <!--No missing value/character in database (datafilevarible/errorcode)-->
        </attribute>
        <attribute>
          <attributeName>Day 9 d13CDOC </attributeName>
          <attributeLabel>Day 9 d13CDOC </attributeLabel>
          <attributeDefinition>stable isotope value of dissolved organic carbon (DOC), measured 9 days after sample collection</attributeDefinition>
          <storageType>float</storageType>
          <measurementScale>
            <ratio>
              <unit>
                <customUnit>permil</customUnit>
              </unit>
              <numericDomain>
                <numberType>real</numberType>
                <!--No minimum value recorded in database (datafilevaribles/minvalid)-->
              </numericDomain>
            </ratio>
          </measurementScale>
          <missingValueCode>
            <code>blank</code>
            <codeExplanation>Missing Value</codeExplanation>
          </missingValueCode>
        </attribute>
        <attribute>
          <attributeName>Day 12 d13CDOC </attributeName>
          <attributeLabel>Day 12 d13CDOC </attributeLabel>
          <attributeDefinition>stable isotope value of dissolved organic carbon (DOC), measured 12 days after sample collection</attributeDefinition>
          <storageType>float</storageType>
          <measurementScale>
            <ratio>
              <unit>
                <customUnit>permil</customUnit>
              </unit>
              <numericDomain>
                <numberType>real</numberType>
                <!--No minimum value recorded in database (datafilevaribles/minvalid)-->
              </numericDomain>
            </ratio>
          </measurementScale>
          <!--No missing value/character in database (datafilevarible/errorcode)-->
        </attribute>
        <attribute>
          <attributeName>Day 9 SUVA254 (L/mgC/m)</attributeName>
          <attributeLabel>Day 9 SUVA254 (L/mgC/m)</attributeLabel>
          <attributeDefinition>Specific UV absorbance (SUVA) of the leached DOC 9 days after sample collection (measured at a wavelength of 254 nm using a Cary 50 Bio UV Visible spectrophotometer)</attributeDefinition>
          <storageType>float</storageType>
          <measurementScale>
            <ratio>
              <unit>
                <customUnit>L/mgC/m</customUnit>
              </unit>
              <numericDomain>
                <numberType>real</numberType>
                <!--No minimum value recorded in database (datafilevaribles/minvalid)-->
              </numericDomain>
            </ratio>
          </measurementScale>
          <missingValueCode>
            <code>blank</code>
            <codeExplanation>Missing Value</codeExplanation>
          </missingValueCode>
        </attribute>
        <attribute>
          <attributeName>Day 12 SUVA254 (L/mgC/m)</attributeName>
          <attributeLabel>Day 12 SUVA254 (L/mgC/m)</attributeLabel>
          <attributeDefinition>Specific UV absorbance (SUVA) of the leached DOC 12 days after sample collection (measured at a wavelength of 254 nm using a Cary 50 Bio UV Visible spectrophotometer)</attributeDefinition>
          <storageType>float</storageType>
          <measurementScale>
            <ratio>
              <unit>
                <customUnit>L/mgC/m</customUnit>
              </unit>
              <numericDomain>
                <numberType>real</numberType>
                <!--No minimum value recorded in database (datafilevaribles/minvalid)-->
              </numericDomain>
            </ratio>
          </measurementScale>
          <missingValueCode>
            <code>blank</code>
            <codeExplanation>Missing Value</codeExplanation>
          </missingValueCode>
        </attribute>
      </attributeList>
    </dataTable>
  </dataset>
  <additionalMetadata>
    <metadata>
      <unitList>
        <unit id="L/mgC/m"/>
        <unit id="cm-cm"/>
        <unit id="g/cc"/>
        <unit id="mgCO2/d"/>
        <unit id="mm-dd-yyyy"/>
        <unit id="percent"/>
        <unit id="permil"/>
        <unit id="ppm/d"/>
      </unitList>
    </metadata>
  </additionalMetadata>
</eml:eml>
