<?xml version="1.0" encoding="UTF-8"?>
<eml:eml packageId="knb-lter-bnz.369.13" scope="system"
  system="https://pasta.lternet.edu"
  xmlns:ds="eml://ecoinformatics.org/dataset-2.1.0"
  xmlns:eml="eml://ecoinformatics.org/eml-2.1.1"
  xmlns:stmml="http://www.xml-cml.org/schema/stmml-1.1"
  xmlns:xsi="http://www.w3.org/2001/XMLSchema-instance" xsi:schemaLocation="eml://ecoinformatics.org/eml-2.1.0&#xa;&#x9;&#x9;&#x9;&#x9;http://nis.lternet.edu/schemas/EML/eml-2.1.0/eml.xsd">
  <access authSystem="https://pasta.lternet.edu/authentication"
    order="allowFirst" scope="document" system="https://pasta.lternet.edu">
    <allow>
      <principal>uid=BNZ,o=lter,dc=ecoinformatics,dc=org</principal>
      <permission>all</permission>
    </allow>
    <allow>
      <principal>public</principal>
      <permission>read</permission>
    </allow>
  </access>
  <dataset>
    <shortName>knb-lter-bnz.369.13</shortName>
    <title>Age, size, and disease severity of thinleaf alder stems along the Tanana River floodplains, collected in 2006 and 2007.</title>
    <creator>
      <individualName>
        <givenName>Dana</givenName>
        <givenName> Rachel</givenName>
        <surName>Nossov</surName>
      </individualName>
      <positionName>Graduate Student</positionName>
      <address>
        <deliveryPoint>Boreal Ecology Cooperative Research Unit; University of Alaska Fairbanks; PO Box 756780</deliveryPoint>
        <city>Fairbanks</city>
        <administrativeArea>AK</administrativeArea>
        <postalCode>99775</postalCode>
        <country>United States</country>
      </address>
      <phone phonetype="voice">(907) 474-5435</phone>
      <phone phonetype="fax">(907) 474-6251</phone>
      <electronicMailAddress>drnossov@alaska.edu</electronicMailAddress>
      <!--No personal web address info on file-->
    </creator>
    <metadataProvider>
      <organizationName>Bonanza Creek LTER</organizationName>
      <positionName>Data Manager</positionName>
      <address>
        <deliveryPoint>Boreal Ecology Cooperative Research Unit </deliveryPoint>
        <deliveryPoint>University of Alaska Fairbanks</deliveryPoint>
        <deliveryPoint>P.O. Box 756780 </deliveryPoint>
        <city>Fairbanks</city>
        <administrativeArea>AK</administrativeArea>
        <postalCode>99775</postalCode>
        <country>USA</country>
      </address>
      <phone phonetype="voice">907-474-6364</phone>
      <phone phonetype="fax">907-474-6251</phone>
      <electronicMailAddress>uaf-bnz-im-team@alaska.edu</electronicMailAddress>
      <onlineUrl>http://www.lter.uaf.edu</onlineUrl>
    </metadataProvider>
    <associatedParty>
      <individualName>
        <givenName>Roger</givenName>
        <givenName>W.</givenName>
        <surName>Ruess</surName>
      </individualName>
      <positionName>Professor of Biology</positionName>
      <address>
        <deliveryPoint>Institute of Arctic Biology  University of Alaska Fairbanks P.O. Box 757000</deliveryPoint>
        <city>Fairbanks</city>
        <administrativeArea>AK </administrativeArea>
        <postalCode>99775-0180</postalCode>
        <country>United States</country>
      </address>
      <phone phonetype="voice">(907) 474-7153</phone>
      <phone phonetype="fax">(907) 474-6967</phone>
      <role>Associated investigator</role>
    </associatedParty>
    <associatedParty>
      <individualName>
        <givenName>Teresa</givenName>
        <givenName>Nettleton</givenName>
        <surName>Hollingsworth</surName>
      </individualName>
      <!--No position or title info on file for this person (pers/title when lead_contact=0)-->
      <address>
        <deliveryPoint>Boreal Ecology Cooperative Research Unit, PNW Research Station, USDA Forest Service, P.O. Box 756780,University of Alaska Fairbanks</deliveryPoint>
        <city>Fairbanks</city>
        <administrativeArea>AK </administrativeArea>
        <postalCode>99775</postalCode>
        <country>United States</country>
      </address>
      <phone phonetype="voice">(907) 474-2424</phone>
      <phone phonetype="fax">(907) 474-6251</phone>
      <role>Associated investigator</role>
    </associatedParty>
    <pubDate>2009-03-18</pubDate>
    <abstract>
      <para>Thinleaf alder stands on the Tanana River floodplains, sampled in 2006 and 2007: A subsample of thinleaf alder stems were aged using tree-ring analysis, and the age structures of alder populations were estimated from their size structures (DN_alder_stand_structure1), based on the size/age relationships derived from this dataset. Relationships between disease incidence/severity and size/age were also explored. Included in this dataset are: the stem diameter at breast height  (dbh), age of stem at ground level, age at breast height, and disease severity.</para>
    </abstract>
    <keywordSet>
      <keyword>disease</keyword>
      <keyword>alder</keyword>
      <keyword>stand structure</keyword>
      <keywordThesaurus>Stand Structure</keywordThesaurus>
    </keywordSet>
    <intellectualRights>
      <section>
        <title>Access to Data</title>
        <para>While metadata will be freely available to those requesting it, the data manager will assure that any restrictions on access to data sets in the database will be enforced. Data will not be released without proper permission first being obtained from the investigator who generated the data. </para>
      </section>
      <section>
        <title>Use of data</title>
        <para> Researchers should receive adequate acknowledgment for the use of their data by others and should be provided with copies of publications using their data. Users of data from the data base must be aware that data is not to be sold or redistributed.</para>
      </section>
      <section>
        <title>Citing Bonanza Creek LTER Datasets</title>
        <para>It is considered a matter of professional ethics to acknowledge the work of other scientists. Thus, the Data User will properly cite the Data Set in any publications or in the metadata of any derived data products that were produced using the Data Set. </para>
      </section>
    </intellectualRights>
    <distribution id="distributionReference">
      <online>
        <url function="information">http://www.lter.uaf.edu/data_detail.cfm?datafile_pkey=369</url>
      </online>
    </distribution>
    <coverage>
      <geographicCoverage id="geoReference">
        <geographicDescription>Site information unavailable</geographicDescription>
        <boundingCoordinates>
          <westBoundingCoordinate>-149.1523253723</westBoundingCoordinate>
          <eastBoundingCoordinate>-147.948471907</eastBoundingCoordinate>
          <northBoundingCoordinate>64.796339105</northBoundingCoordinate>
          <southBoundingCoordinate>64.569767977</southBoundingCoordinate>
        </boundingCoordinates>
      </geographicCoverage>
      <temporalCoverage>
        <rangeOfDates>
          <beginDate>
            <calendarDate>2006-06-01</calendarDate>
          </beginDate>
          <endDate>
            <calendarDate>2007-09-15</calendarDate>
          </endDate>
        </rangeOfDates>
      </temporalCoverage>
    </coverage>
    <maintenance>
      <description>
        <section>
          <title>Status</title>
          <para>Completed</para>
        </section>
      </description>
    </maintenance>
    <contact>
      <organizationName>LTER Network Office</organizationName>
      <positionName>LNO Information Manager</positionName>
    </contact>
    <contact>
      <organizationName>Bonanza Creek LTER</organizationName>
      <positionName>Data Manager</positionName>
      <address>
        <deliveryPoint>Boreal Ecology Cooperative Research Unit </deliveryPoint>
        <deliveryPoint>University of Alaska Fairbanks</deliveryPoint>
        <deliveryPoint>P.O. Box 756780 </deliveryPoint>
        <city>Fairbanks</city>
        <administrativeArea>AK</administrativeArea>
        <postalCode>99775</postalCode>
        <country>USA</country>
      </address>
      <phone phonetype="voice">907-474-6364</phone>
      <phone phonetype="fax">907-474-6251</phone>
      <electronicMailAddress>uaf-bnz-im-team@alaska.edu</electronicMailAddress>
      <onlineUrl>http://www.lter.uaf.edu</onlineUrl>
    </contact>
    <publisher>
      <organizationName>Bonanza Creek LTER</organizationName>
      <address>
        <deliveryPoint>Boreal Ecology Cooperative Research Unit </deliveryPoint>
        <deliveryPoint>University of Alaska Fairbanks</deliveryPoint>
        <deliveryPoint>P.O. Box 756780 </deliveryPoint>
        <city>Fairbanks</city>
        <administrativeArea>AK</administrativeArea>
        <postalCode>99775</postalCode>
        <country>USA</country>
      </address>
      <phone phonetype="voice">907-474-6364</phone>
      <phone phonetype="fax">907-474-6251</phone>
    </publisher>
    <pubPlace>Bonanza Creek LTER</pubPlace>
    <methods>
      <methodStep>
        <description>
          <section>
            <title>Experimental Design</title>
            <para>45 transects (50 m x 5 m) were established in alder-dominated stands representing a large range in alder stand structure and terrace heights. Each transect was subdivided into ten 5 m x 5 m plots. After initial vegetation sampling, multivariate analyses of community structure were conducted to aggregate plots of each transect into larger zones of homogenous vegetation that were then used for subsequent sampling. The aggregated plots from each transect are referred to as sites. 27 sites were subsampled for this dataset.</para>
          </section>
          <section>
            <title>Methods</title>
            <para>FIELD:  27 sites were subsampled for alder age distributions by collecting disks at ground level from up to 10 live alder stems for each of three size classes based on dbh (0 - 2.9 cm, 3 - 4.9 cm, and ? 5 cm). Canker severity was classified along this spectrum: no cankers visible, no cankers visible but dead branches, cankers on branches, cankers on main ramet, dead with cankers.  LAB:  Disks were oven-dried and sanded with 400-600 grit sandpaper, and growth rings were counted and measured on a sliding bench micrometer to a precision of 0.01 mm. Three to four radii were sampled from each disk and averaged to ensure accuracy of dating and growth measurements. Disks which could not be dated consistently were excluded from subsequent analyses (n = 547 disks). Stand age was estimated by the age of the oldest alder in each site.</para>
          </section>
        </description>
      </methodStep>
      <sampling>
        <studyExtent>
          <coverage>
            <geographicCoverage>
              <references>geoReference</references>
            </geographicCoverage>
            <temporalCoverage>
              <rangeOfDates>
                <beginDate>
                  <calendarDate>2006-06-01</calendarDate>
                </beginDate>
                <endDate>
                  <calendarDate>2007-09-15</calendarDate>
                </endDate>
              </rangeOfDates>
            </temporalCoverage>
          </coverage>
        </studyExtent>
        <samplingDescription>
          <section>
            <title>Sampling Frequency</title>
            <para>As Needed</para>
          </section>
        </samplingDescription>
      </sampling>
    </methods>
    <dataTable>
      <entityName>369_alder_stand_structure2.txt</entityName>
      <!--No data table description found (df_loc/df_desc)-->
      <physical>
        <objectName>369_alder_stand_structure2.txt</objectName>
        <dataFormat>
          <textFormat>
            <numHeaderLines>1</numHeaderLines>
            <recordDelimiter>\n</recordDelimiter>
            <physicalLineDelimiter>\n</physicalLineDelimiter>
            <attributeOrientation>column</attributeOrientation>
            <simpleDelimited>
              <fieldDelimiter>,</fieldDelimiter>
            </simpleDelimited>
          </textFormat>
        </dataFormat>
        <distribution>
          <online>
            <url function="download">https://pasta.lternet.edu/package/data/eml/knb-lter-bnz/369/13/76b3c9493d7f7d50d9e5a2e0dbda2293</url>
          </online>
        </distribution>
      </physical>
      <attributeList>
        <attribute>
          <attributeName>transect</attributeName>
          <attributeLabel>transect</attributeLabel>
          <attributeDefinition>Transect name</attributeDefinition>
          <storageType>string</storageType>
          <measurementScale>
            <nominal>
              <nonNumericDomain>
                <textDomain>
                  <definition>Transect name</definition>
                </textDomain>
              </nonNumericDomain>
            </nominal>
          </measurementScale>
          <!--No missing value/character in database (datafilevarible/errorcode)-->
        </attribute>
        <attribute>
          <attributeName>site </attributeName>
          <attributeLabel>site </attributeLabel>
          <attributeDefinition>Site name</attributeDefinition>
          <storageType>string</storageType>
          <measurementScale>
            <nominal>
              <nonNumericDomain>
                <textDomain>
                  <definition>Site name</definition>
                </textDomain>
              </nonNumericDomain>
            </nominal>
          </measurementScale>
          <!--No missing value/character in database (datafilevarible/errorcode)-->
        </attribute>
        <attribute>
          <attributeName>stem ID</attributeName>
          <attributeLabel>stem ID</attributeLabel>
          <attributeDefinition>stem ID (sample name)</attributeDefinition>
          <storageType>string</storageType>
          <measurementScale>
            <nominal>
              <nonNumericDomain>
                <textDomain>
                  <definition>stem ID (sample name)</definition>
                </textDomain>
              </nonNumericDomain>
            </nominal>
          </measurementScale>
          <!--No missing value/character in database (datafilevarible/errorcode)-->
        </attribute>
        <attribute>
          <attributeName>year collected</attributeName>
          <attributeLabel>year collected</attributeLabel>
          <attributeDefinition>year sample was collected</attributeDefinition>
          <storageType>integer</storageType>
          <measurementScale>
            <ratio>
              <unit>
                <standardUnit>nominalYear</standardUnit>
              </unit>
              <numericDomain>
                <numberType>real</numberType>
                <!--No minimum value recorded in database (datafilevaribles/minvalid)-->
              </numericDomain>
            </ratio>
          </measurementScale>
          <!--No missing value/character in database (datafilevarible/errorcode)-->
        </attribute>
        <attribute>
          <attributeName>dbh (cm)</attributeName>
          <attributeLabel>dbh (cm)</attributeLabel>
          <attributeDefinition>Diameter at breast height </attributeDefinition>
          <storageType>float</storageType>
          <measurementScale>
            <ratio>
              <unit>
                <standardUnit>centimeter</standardUnit>
              </unit>
              <numericDomain>
                <numberType>real</numberType>
                <!--No minimum value recorded in database (datafilevaribles/minvalid)-->
              </numericDomain>
            </ratio>
          </measurementScale>
          <!--No missing value/character in database (datafilevarible/errorcode)-->
        </attribute>
        <attribute>
          <attributeName>canker</attributeName>
          <attributeLabel>canker</attributeLabel>
          <attributeDefinition>severity of canker infection </attributeDefinition>
          <storageType>string</storageType>
          <measurementScale>
            <nominal>
              <nonNumericDomain>
                <enumeratedDomain>
                  <codeDefinition>
                    <code>ok</code>
                    <definition>no cankers</definition>
                  </codeDefinition>
                  <codeDefinition>
                    <code> db</code>
                    <definition>dead branches but no visible cankers</definition>
                  </codeDefinition>
                  <codeDefinition>
                    <code> bc</code>
                    <definition>cankers on brances</definition>
                  </codeDefinition>
                  <codeDefinition>
                    <code> mr</code>
                    <definition>cankers on main ramet</definition>
                  </codeDefinition>
                  <codeDefinition>
                    <code> ad</code>
                    <definition>dead with cankers</definition>
                  </codeDefinition>
                </enumeratedDomain>
              </nonNumericDomain>
            </nominal>
          </measurementScale>
          <!--No missing value/character in database (datafilevarible/errorcode)-->
        </attribute>
        <attribute>
          <attributeName>first year of growth at ground level</attributeName>
          <attributeLabel>first year of growth at ground level</attributeLabel>
          <attributeDefinition>first year of growth at ground level</attributeDefinition>
          <storageType>integer</storageType>
          <measurementScale>
            <ratio>
              <unit>
                <standardUnit>nominalYear</standardUnit>
              </unit>
              <numericDomain>
                <numberType>real</numberType>
                <!--No minimum value recorded in database (datafilevaribles/minvalid)-->
              </numericDomain>
            </ratio>
          </measurementScale>
          <!--No missing value/character in database (datafilevarible/errorcode)-->
        </attribute>
        <attribute>
          <attributeName>first year at breast height</attributeName>
          <attributeLabel>first year at breast height</attributeLabel>
          <attributeDefinition>first year at breast height</attributeDefinition>
          <storageType>integer</storageType>
          <measurementScale>
            <ratio>
              <unit>
                <standardUnit>nominalYear</standardUnit>
              </unit>
              <numericDomain>
                <numberType>real</numberType>
                <!--No minimum value recorded in database (datafilevaribles/minvalid)-->
              </numericDomain>
            </ratio>
          </measurementScale>
          <!--No missing value/character in database (datafilevarible/errorcode)-->
        </attribute>
      </attributeList>
    </dataTable>
  </dataset>
</eml:eml>
