<?xml version="1.0" encoding="UTF-8"?>
<eml:eml packageId="knb-lter-bnz.37.17" scope="system"
  system="https://pasta.lternet.edu"
  xmlns:ds="eml://ecoinformatics.org/dataset-2.1.0"
  xmlns:eml="eml://ecoinformatics.org/eml-2.1.1"
  xmlns:stmml="http://www.xml-cml.org/schema/stmml-1.1"
  xmlns:xsi="http://www.w3.org/2001/XMLSchema-instance" xsi:schemaLocation="eml://ecoinformatics.org/eml-2.1.0&#xa;&#x9;&#x9;&#x9;&#x9;http://nis.lternet.edu/schemas/EML/eml-2.1.0/eml.xsd">
  <access authSystem="https://pasta.lternet.edu/authentication"
    order="allowFirst" scope="document" system="https://pasta.lternet.edu">
    <allow>
      <principal>uid=BNZ,o=lter,dc=ecoinformatics,dc=org</principal>
      <permission>all</permission>
    </allow>
    <allow>
      <principal>public</principal>
      <permission>read</permission>
    </allow>
  </access>
  <dataset>
    <shortName>knb-lter-bnz.37.17</shortName>
    <title>Bonanza Creek Experimental Forest Defoliating Insect Population Levels Per Leaf 1975-2012 - Werner </title>
    <creator>
      <individualName>
        <givenName>James</givenName>
        <givenName>J.</givenName>
        <surName>Kruse</surName>
      </individualName>
      <positionName>USDA Forest Service, State and Private Forestry;  Forest Health Protection, Fairbanks Unit</positionName>
      <!--No address recorded in database ( pers/address when lead_contact=1 )-->
      <phone phonetype="voice">(907) 451-2701</phone>
      <!--No fax info present in Database  ( pers/fax when lead_contact=1 )-->
      <electronicMailAddress>jkruse@fs.fed.us</electronicMailAddress>
      <onlineUrl>http://www.fs.fed.us/r10/spf/fhp/</onlineUrl>
    </creator>
    <metadataProvider>
      <organizationName>Bonanza Creek LTER</organizationName>
      <positionName>Data Manager</positionName>
      <address>
        <deliveryPoint>Boreal Ecology Cooperative Research Unit </deliveryPoint>
        <deliveryPoint>University of Alaska Fairbanks</deliveryPoint>
        <deliveryPoint>P.O. Box 756780 </deliveryPoint>
        <city>Fairbanks</city>
        <administrativeArea>AK</administrativeArea>
        <postalCode>99775</postalCode>
        <country>USA</country>
      </address>
      <phone phonetype="voice">907-474-6364</phone>
      <phone phonetype="fax">907-474-6251</phone>
      <electronicMailAddress>uaf-bnz-im-team@alaska.edu</electronicMailAddress>
      <onlineUrl>http://www.lter.uaf.edu</onlineUrl>
    </metadataProvider>
    <associatedParty>
      <individualName>
        <givenName>Richard</givenName>
        <givenName>A.</givenName>
        <surName>Werner</surName>
      </individualName>
      <positionName>Agricultural Science Research Technician</positionName>
      <address>
        <deliveryPoint>8080 NW Ridgewood Drive</deliveryPoint>
        <city>Corvallis</city>
        <administrativeArea>OR</administrativeArea>
        <postalCode>97330</postalCode>
        <country>United States</country>
      </address>
      <phone phonetype="voice">(541) 758-1045</phone>
      <phone phonetype="fax">(907) 474-6251</phone>
      <role>Associated investigator</role>
    </associatedParty>
    <associatedParty>
      <individualName>
        <givenName>Diane</givenName>
        <surName>Wagner</surName>
      </individualName>
      <positionName>Associate Professor of Biology</positionName>
      <address>
        <deliveryPoint>Arctic Health Research PO Box 757000 University of Alaska Fairbanks</deliveryPoint>
        <city>Fairbanks</city>
        <administrativeArea>AK</administrativeArea>
        <postalCode>99775</postalCode>
        <country>United States</country>
      </address>
      <phone phonetype="voice">(907) 474-5227</phone>
      <phone phonetype="fax">(907) 474-7666
</phone>
      <role>Associated investigator</role>
    </associatedParty>
    <associatedParty>
      <individualName>
        <givenName>Nick</givenName>
        <surName>Lisuzzo</surName>
      </individualName>
      <positionName>Biological Technician</positionName>
      <!--No address on file for this person ( pers/address when lead_contact=0 )-->
      <phone phonetype="voice">(907) 374-3758</phone>
      <!--No fax info on file for this person-->
      <role>Associated investigator</role>
    </associatedParty>
    <pubDate>2012-11-16</pubDate>
    <abstract>
      <para>Defoliating insect population levels were monitored at Bonanza Creek Experimental Forest, Fairbanks, Alaska, USA from 1976 to 202012. Total number of insects per square meter of foliage is archived in this dataset.</para>
    </abstract>
    <keywordSet>
      <keyword>insects</keyword>
      <keyword>populations</keyword>
      <keyword>Alaska</keyword>
      <keyword>bark</keyword>
      <keyword>beetles</keyword>
      <keyword>defoliate</keyword>
      <keyword>trees</keyword>
      <keyword>pheromones</keyword>
      <keyword>funnel</keyword>
      <keyword>trap</keyword>
      <keywordThesaurus>Climate</keywordThesaurus>
    </keywordSet>
    <intellectualRights>
      <section>
        <title>Access to Data</title>
        <para>While metadata will be freely available to those requesting it, the data manager will assure that any restrictions on access to data sets in the database will be enforced. Data will not be released without proper permission first being obtained from the investigator who generated the data. </para>
      </section>
      <section>
        <title>Use of data</title>
        <para> Researchers should receive adequate acknowledgment for the use of their data by others and should be provided with copies of publications using their data. Users of data from the data base must be aware that data is not to be sold or redistributed.</para>
      </section>
      <section>
        <title>Citing Bonanza Creek LTER Datasets</title>
        <para>It is considered a matter of professional ethics to acknowledge the work of other scientists. Thus, the Data User will properly cite the Data Set in any publications or in the metadata of any derived data products that were produced using the Data Set. </para>
      </section>
    </intellectualRights>
    <distribution id="distributionReference">
      <online>
        <url function="information">http://www.lter.uaf.edu/data_detail.cfm?datafile_pkey=37</url>
      </online>
    </distribution>
    <coverage>
      <geographicCoverage id="geoReference">
        <geographicDescription>Site information unavailable</geographicDescription>
        <boundingCoordinates>
          <westBoundingCoordinate>-148.32123</westBoundingCoordinate>
          <eastBoundingCoordinate>-148.2854</eastBoundingCoordinate>
          <northBoundingCoordinate>64.76594</northBoundingCoordinate>
          <southBoundingCoordinate>64.69559</southBoundingCoordinate>
        </boundingCoordinates>
      </geographicCoverage>
      <temporalCoverage>
        <rangeOfDates>
          <beginDate>
            <calendarDate>1976-09-01</calendarDate>
          </beginDate>
          <endDate>
            <calendarDate>2012-08-09</calendarDate>
          </endDate>
        </rangeOfDates>
      </temporalCoverage>
    </coverage>
    <maintenance>
      <description>
        <section>
          <title>Status</title>
          <para>Completed</para>
        </section>
      </description>
    </maintenance>
    <contact>
      <positionName>Information Manager</positionName>
      <organizationName>LTER Network Office</organizationName>
      <address>
        <deliveryPoint>UNM Biology Department, MSC03-2020</deliveryPoint>
        <deliveryPoint>1 University of New Mexico</deliveryPoint>
        <city>Albuquerque</city>
        <administrativeArea>NM</administrativeArea>
        <postalCode>87131-0001</postalCode>
        <country>USA</country>
      </address>
      <phone phonetype="voice">505 277-2535</phone>
      <phone phonetype="fax">505 277-2541</phone>
      <electronicMailAddress>tech-support@lternet.edu</electronicMailAddress>
      <onlineUrl>http://www.lternet.edu</onlineUrl>
    </contact>
    <contact>
      <organizationName>Bonanza Creek LTER</organizationName>
      <positionName>Data Manager</positionName>
      <address>
        <deliveryPoint>Boreal Ecology Cooperative Research Unit </deliveryPoint>
        <deliveryPoint>University of Alaska Fairbanks</deliveryPoint>
        <deliveryPoint>P.O. Box 756780 </deliveryPoint>
        <city>Fairbanks</city>
        <administrativeArea>AK</administrativeArea>
        <postalCode>99775</postalCode>
        <country>USA</country>
      </address>
      <phone phonetype="voice">907-474-6364</phone>
      <phone phonetype="fax">907-474-6251</phone>
      <electronicMailAddress>uaf-bnz-im-team@alaska.edu</electronicMailAddress>
      <onlineUrl>http://www.lter.uaf.edu</onlineUrl>
    </contact>
    <publisher>
      <organizationName>Bonanza Creek LTER</organizationName>
      <address>
        <deliveryPoint>Boreal Ecology Cooperative Research Unit </deliveryPoint>
        <deliveryPoint>University of Alaska Fairbanks</deliveryPoint>
        <deliveryPoint>P.O. Box 756780 </deliveryPoint>
        <city>Fairbanks</city>
        <administrativeArea>AK</administrativeArea>
        <postalCode>99775</postalCode>
        <country>USA</country>
      </address>
      <phone phonetype="voice">907-474-6364</phone>
      <phone phonetype="fax">907-474-6251</phone>
    </publisher>
    <pubPlace>Bonanza Creek LTER</pubPlace>
    <methods>
      <methodStep>
        <description>
          <section>
            <title>Experimental Design</title>
            <para>Plots were systematically selected because of preferred host type and accessibility in 1976 and 1980. </para>
          </section>
          <section>
            <title>Methods</title>
            <para>Two branches from five different species of common trees and shrubs were collected at each site.  Branches were clipped into bags. Individuals of select species of known defoliators were identified and counted.  Sampling occurred twice each summer.</para>
          </section>
        </description>
      </methodStep>
      <sampling>
        <studyExtent>
          <coverage>
            <geographicCoverage>
              <references>geoReference</references>
            </geographicCoverage>
            <temporalCoverage>
              <rangeOfDates>
                <beginDate>
                  <calendarDate>1976-09-01</calendarDate>
                </beginDate>
                <endDate>
                  <calendarDate>2012-08-09</calendarDate>
                </endDate>
              </rangeOfDates>
            </temporalCoverage>
          </coverage>
        </studyExtent>
        <samplingDescription>
          <section>
            <title>Sampling Frequency</title>
            <para>Twice per summer:Annually</para>
          </section>
        </samplingDescription>
      </sampling>
    </methods>
    <dataTable>
      <entityName>37_BNZ_Defoliating_Insects_Werner_1975_2012.txt</entityName>
      <entityDescription>Defoliating insect population levels</entityDescription>
      <physical>
        <objectName>37_BNZ_Defoliating_Insects_Werner_1975_2012.txt</objectName>
        <dataFormat>
          <textFormat>
            <numHeaderLines>1</numHeaderLines>
            <recordDelimiter>\n</recordDelimiter>
            <physicalLineDelimiter>\n</physicalLineDelimiter>
            <attributeOrientation>column</attributeOrientation>
            <simpleDelimited>
              <fieldDelimiter>,</fieldDelimiter>
            </simpleDelimited>
          </textFormat>
        </dataFormat>
        <distribution>
          <online>
            <url function="download">https://pasta.lternet.edu/package/data/eml/knb-lter-bnz/37/17/7b57953c799cadfce55c8a58f20f0381</url>
          </online>
        </distribution>
      </physical>
      <attributeList>
        <attribute>
          <attributeName>Year</attributeName>
          <attributeLabel>Year</attributeLabel>
          <attributeDefinition>Sample Year</attributeDefinition>
          <storageType>integer</storageType>
          <measurementScale>
            <ratio>
              <unit>
                <customUnit>yyyy</customUnit>
              </unit>
              <numericDomain>
                <numberType>real</numberType>
                <!--No minimum value recorded in database (datafilevaribles/minvalid)-->
              </numericDomain>
            </ratio>
          </measurementScale>
          <!--No missing value/character in database (datafilevarible/errorcode)-->
        </attribute>
        <attribute>
          <attributeName>SPRUCE BUDWORM </attributeName>
          <attributeLabel>SPRUCE BUDWORM </attributeLabel>
          <attributeDefinition>Count of the insects of the genus Choristoneura fumiferana or orae</attributeDefinition>
          <storageType>integer</storageType>
          <measurementScale>
            <ratio>
              <unit>
                <standardUnit>dimensionless</standardUnit>
              </unit>
              <numericDomain>
                <numberType>real</numberType>
                <!--No minimum value recorded in database (datafilevaribles/minvalid)-->
              </numericDomain>
            </ratio>
          </measurementScale>
          <!--No missing value/character in database (datafilevarible/errorcode)-->
        </attribute>
        <attribute>
          <attributeName>LARCH BUD MOTH</attributeName>
          <attributeLabel>LARCH BUD MOTH</attributeLabel>
          <attributeDefinition>Count of the insects of the genus Zeiraphera </attributeDefinition>
          <storageType>integer</storageType>
          <measurementScale>
            <ratio>
              <unit>
                <standardUnit>dimensionless</standardUnit>
              </unit>
              <numericDomain>
                <numberType>real</numberType>
                <!--No minimum value recorded in database (datafilevaribles/minvalid)-->
              </numericDomain>
            </ratio>
          </measurementScale>
          <!--No missing value/character in database (datafilevarible/errorcode)-->
        </attribute>
        <attribute>
          <attributeName>LARCH SAWFLY</attributeName>
          <attributeLabel>LARCH SAWFLY</attributeLabel>
          <attributeDefinition>Count of the insects of the species Pristiphora erichsonii</attributeDefinition>
          <storageType>integer</storageType>
          <measurementScale>
            <ratio>
              <unit>
                <standardUnit>dimensionless</standardUnit>
              </unit>
              <numericDomain>
                <numberType>real</numberType>
                <!--No minimum value recorded in database (datafilevaribles/minvalid)-->
              </numericDomain>
            </ratio>
          </measurementScale>
          <!--No missing value/character in database (datafilevarible/errorcode)-->
        </attribute>
        <attribute>
          <attributeName>SPEAR-MARKED  BLACK MOTH</attributeName>
          <attributeLabel>SPEAR-MARKED  BLACK MOTH</attributeLabel>
          <attributeDefinition>Count of the insects of the species Rheumaptera hastata</attributeDefinition>
          <storageType>integer</storageType>
          <measurementScale>
            <ratio>
              <unit>
                <standardUnit>dimensionless</standardUnit>
              </unit>
              <numericDomain>
                <numberType>real</numberType>
                <!--No minimum value recorded in database (datafilevaribles/minvalid)-->
              </numericDomain>
            </ratio>
          </measurementScale>
          <!--No missing value/character in database (datafilevarible/errorcode)-->
        </attribute>
        <attribute>
          <attributeName>LARGE ASPEN TORTRIX</attributeName>
          <attributeLabel>LARGE ASPEN TORTRIX</attributeLabel>
          <attributeDefinition>Count of the insects of the species Choristoneura conflictana</attributeDefinition>
          <storageType>integer</storageType>
          <measurementScale>
            <ratio>
              <unit>
                <standardUnit>dimensionless</standardUnit>
              </unit>
              <numericDomain>
                <numberType>real</numberType>
                <!--No minimum value recorded in database (datafilevaribles/minvalid)-->
              </numericDomain>
            </ratio>
          </measurementScale>
          <!--No missing value/character in database (datafilevarible/errorcode)-->
        </attribute>
        <attribute>
          <attributeName>LEAF BEETLES</attributeName>
          <attributeLabel>LEAF BEETLES</attributeLabel>
          <attributeDefinition>Count of insects that are members of the genera: Chrysomela, Phratora, or Macrohaltica</attributeDefinition>
          <storageType>integer</storageType>
          <measurementScale>
            <ratio>
              <unit>
                <standardUnit>dimensionless</standardUnit>
              </unit>
              <numericDomain>
                <numberType>real</numberType>
                <!--No minimum value recorded in database (datafilevaribles/minvalid)-->
              </numericDomain>
            </ratio>
          </measurementScale>
          <!--No missing value/character in database (datafilevarible/errorcode)-->
        </attribute>
        <attribute>
          <attributeName>ASPEN LEAF MINERS</attributeName>
          <attributeLabel>ASPEN LEAF MINERS</attributeLabel>
          <attributeDefinition>Count of the insects of the species Phyllocnistis populiella</attributeDefinition>
          <storageType>integer</storageType>
          <measurementScale>
            <ratio>
              <unit>
                <standardUnit>dimensionless</standardUnit>
              </unit>
              <numericDomain>
                <numberType>real</numberType>
                <!--No minimum value recorded in database (datafilevaribles/minvalid)-->
              </numericDomain>
            </ratio>
          </measurementScale>
          <!--No missing value/character in database (datafilevarible/errorcode)-->
        </attribute>
        <attribute>
          <attributeName>BIRCH LEAF ROLLERS</attributeName>
          <attributeLabel>BIRCH LEAF ROLLERS</attributeLabel>
          <attributeDefinition>Count of the insects of the species Epinotia solandriana found on birch</attributeDefinition>
          <storageType>integer</storageType>
          <measurementScale>
            <ratio>
              <unit>
                <standardUnit>dimensionless</standardUnit>
              </unit>
              <numericDomain>
                <numberType>real</numberType>
                <!--No minimum value recorded in database (datafilevaribles/minvalid)-->
              </numericDomain>
            </ratio>
          </measurementScale>
          <!--No missing value/character in database (datafilevarible/errorcode)-->
        </attribute>
      </attributeList>
    </dataTable>
  </dataset>
  <additionalMetadata>
    <metadata>
      <unitList>
        <unit id="yyyy"/>
      </unitList>
    </metadata>
  </additionalMetadata>
</eml:eml>
