<?xml version="1.0" encoding="UTF-8"?>
<eml:eml packageId="knb-lter-bnz.377.13" scope="system"
  system="https://pasta.lternet.edu"
  xmlns:ds="eml://ecoinformatics.org/dataset-2.1.0"
  xmlns:eml="eml://ecoinformatics.org/eml-2.1.1"
  xmlns:stmml="http://www.xml-cml.org/schema/stmml-1.1"
  xmlns:xsi="http://www.w3.org/2001/XMLSchema-instance" xsi:schemaLocation="eml://ecoinformatics.org/eml-2.1.0&#xa;&#x9;&#x9;&#x9;&#x9;http://nis.lternet.edu/schemas/EML/eml-2.1.0/eml.xsd">
  <access authSystem="https://pasta.lternet.edu/authentication"
    order="allowFirst" scope="document" system="https://pasta.lternet.edu">
    <allow>
      <principal>uid=BNZ,o=lter,dc=ecoinformatics,dc=org</principal>
      <permission>all</permission>
    </allow>
    <allow>
      <principal>public</principal>
      <permission>read</permission>
    </allow>
  </access>
  <dataset>
    <shortName>knb-lter-bnz.377.13</shortName>
    <title>Nitrogen cycling at treeline VI.  Common Litter Decomposition</title>
    <creator>
      <individualName>
        <givenName>Roger</givenName>
        <givenName>W.</givenName>
        <surName>Ruess</surName>
      </individualName>
      <positionName>Senior Investigator</positionName>
      <address>
        <deliveryPoint>Institute of Arctic Biology  University of Alaska Fairbanks P.O. Box 757000</deliveryPoint>
        <city>Fairbanks</city>
        <administrativeArea>AK </administrativeArea>
        <postalCode>99775-0180</postalCode>
        <country>United States</country>
      </address>
      <phone phonetype="voice">(907) 474-7153</phone>
      <phone phonetype="fax">(907) 474-6967</phone>
      <electronicMailAddress>rwruess@alaska.edu</electronicMailAddress>
      <onlineUrl>http://www.iab.uaf.edu/~roger_ruess/</onlineUrl>
    </creator>
    <metadataProvider>
      <organizationName>Bonanza Creek LTER</organizationName>
      <positionName>Data Manager</positionName>
      <address>
        <deliveryPoint>Boreal Ecology Cooperative Research Unit </deliveryPoint>
        <deliveryPoint>University of Alaska Fairbanks</deliveryPoint>
        <deliveryPoint>P.O. Box 756780 </deliveryPoint>
        <city>Fairbanks</city>
        <administrativeArea>AK</administrativeArea>
        <postalCode>99775</postalCode>
        <country>USA</country>
      </address>
      <phone phonetype="voice">907-474-6364</phone>
      <phone phonetype="fax">907-474-6251</phone>
      <electronicMailAddress>uaf-bnz-im-team@alaska.edu</electronicMailAddress>
      <onlineUrl>http://www.lter.uaf.edu</onlineUrl>
    </metadataProvider>
    <associatedParty>
      <individualName>
        <givenName>Patricia</givenName>
        <givenName>F.</givenName>
        <surName>Loomis</surName>
      </individualName>
      <!--No position or title info on file for this person (pers/title when lead_contact=0)-->
      <address>
        <deliveryPoint>Department of Biology &amp; Wildlife University of Alaska Fairbanks 211 Irving I</deliveryPoint>
        <city>Fairbanks</city>
        <administrativeArea>AK </administrativeArea>
        <postalCode>99775</postalCode>
        <country>United States</country>
      </address>
      <phone phonetype="voice">(907) 455-6777</phone>
      <phone phonetype="fax">(907) 455-6781</phone>
      <role>Associated investigator</role>
    </associatedParty>
    <pubDate>2009-03-25</pubDate>
    <abstract>
      <para>To assess spatial and seasonal patterns of pools and fluxes of dissolved inorganic- N (DIN), amino acid- N (AAN) and microbial biomass N (MBN), we conducted in situ soil incubations at four time periods during May 2001 - May 2002: spring thaw, peak growing season, fall senescence and over-winter.  The goal was to be consistent in sampling each of these time periods within each mountain range, which was possible due to the 3-4 week lag in phenology (e.g. budbreak or initiation of senescence) between the southernmost and northernmost sites.  Sites were sampled in order from south to north.  During the spring 2002 sampling period, soils in the Brooks Range thawed prior to those in the White Mts. and the sampling sequence was adjusted to accommodate this.  Within each treeline or forested sub-site, a 50 m transect was established parallel with the slope contour of the mountain.  Six points were randomly selected along each transect, and soils were sampled near these points for the entire year.  Rates of net DIN mineralization and net AAN production were measured using an in situ buried bag technique (Robertson et al., 1999).  We used a 6.7 cm diameter steel corer fitted with a perforated, plastic sleeve to collect paired adjacent soil cores, and sampled below the live moss and detritus layers to a depth of 20 cm.  The function of the perforated sleeve was to maintain structural integrity of the soil core during sampling.  The perforated sleeve containing the intact core was then placed in a 1 mil breathable polyethylene bag followed by a fine mesh bag, gently returned to the original location, covered with litter and left to incubate.  Incubation length was 4 weeks for the spring, growing season, and senescence sampling periods, and from September 2001 to early June 2002 for the over-winter sampling period.  The second core in each pair was stored on ice and transported to the laboratory in Fairbanks.  Soils were rocky at some sites and sampling to 20 cm was not possible; for these samples, the minimum depth of coring was 10 cm.  After harvesting each core, the subsequent pit was backfilled with soil to minimize disturbance to adjacent samples.  We examined the decomposability of soil organic matter by measuring mass loss over 1 year at all sites using 15.2 x 1.8 cm birch wood tongue depressors (TDs) as a common litter.  TDs were oven dried for 24 hours and weighed before placement in the field.  During September 2001, three 20 m transects were randomly established at high, mid and low elevations (spaced 10 m apart) at each forest and treeline sub-site.  Five TDs were inserted vertically into the soil profile until flush with the surface of the organic layer at 5 m intervals along each transect.  In September 2002, TDs were carefully collected, transported to the laboratory in Fairbanks, rinsed, oven-dried and reweighed.  Percent mass loss was calculated.  The site at Site Summit on Fort Richardson Military Base was closed during fall 2001 and was not sampled.  </para>
    </abstract>
    <keywordSet>
      <keyword>nitrogen cycling</keyword>
      <keyword>amino acid cycling</keyword>
      <keyword>decomposition</keyword>
      <keyword>soil carbon</keyword>
      <keyword>soil nitrogen</keyword>
      <keyword>treeline</keyword>
      <keyword>nitrogen mineralization</keyword>
      <keyword>microbial nitrogen</keyword>
      <keyword>white spruce</keyword>
      <keywordThesaurus>Decomposition</keywordThesaurus>
    </keywordSet>
    <intellectualRights>
      <section>
        <title>Access to Data</title>
        <para>While metadata will be freely available to those requesting it, the data manager will assure that any restrictions on access to data sets in the database will be enforced. Data will not be released without proper permission first being obtained from the investigator who generated the data. </para>
      </section>
      <section>
        <title>Use of data</title>
        <para> Researchers should receive adequate acknowledgment for the use of their data by others and should be provided with copies of publications using their data. Users of data from the data base must be aware that data is not to be sold or redistributed.</para>
      </section>
      <section>
        <title>Citing Bonanza Creek LTER Datasets</title>
        <para>It is considered a matter of professional ethics to acknowledge the work of other scientists. Thus, the Data User will properly cite the Data Set in any publications or in the metadata of any derived data products that were produced using the Data Set. </para>
      </section>
    </intellectualRights>
    <distribution id="distributionReference">
      <online>
        <url function="information">http://www.lter.uaf.edu/data_detail.cfm?datafile_pkey=377</url>
      </online>
    </distribution>
    <coverage>
      <geographicCoverage id="geoReference">
        <geographicDescription>Site information unavailable</geographicDescription>
        <boundingCoordinates>
          <westBoundingCoordinate>-150.666666667</westBoundingCoordinate>
          <eastBoundingCoordinate>-145.35</eastBoundingCoordinate>
          <northBoundingCoordinate>68.016666667</northBoundingCoordinate>
          <southBoundingCoordinate>61.15</southBoundingCoordinate>
        </boundingCoordinates>
      </geographicCoverage>
      <temporalCoverage>
        <rangeOfDates>
          <beginDate>
            <calendarDate>2001-06-01</calendarDate>
          </beginDate>
          <endDate>
            <calendarDate>2002-09-30</calendarDate>
          </endDate>
        </rangeOfDates>
      </temporalCoverage>
    </coverage>
    <maintenance>
      <description>
        <section>
          <title>Status</title>
          <para>Completed</para>
        </section>
      </description>
    </maintenance>
    <contact>
      <organizationName>LTER Network Office</organizationName>
      <positionName>LNO Information Manager</positionName>
    </contact>
    <contact>
      <organizationName>Bonanza Creek LTER</organizationName>
      <positionName>Data Manager</positionName>
      <address>
        <deliveryPoint>Boreal Ecology Cooperative Research Unit </deliveryPoint>
        <deliveryPoint>University of Alaska Fairbanks</deliveryPoint>
        <deliveryPoint>P.O. Box 756780 </deliveryPoint>
        <city>Fairbanks</city>
        <administrativeArea>AK</administrativeArea>
        <postalCode>99775</postalCode>
        <country>USA</country>
      </address>
      <phone phonetype="voice">907-474-6364</phone>
      <phone phonetype="fax">907-474-6251</phone>
      <electronicMailAddress>uaf-bnz-im-team@alaska.edu</electronicMailAddress>
      <onlineUrl>http://www.lter.uaf.edu</onlineUrl>
    </contact>
    <publisher>
      <organizationName>Bonanza Creek LTER</organizationName>
      <address>
        <deliveryPoint>Boreal Ecology Cooperative Research Unit </deliveryPoint>
        <deliveryPoint>University of Alaska Fairbanks</deliveryPoint>
        <deliveryPoint>P.O. Box 756780 </deliveryPoint>
        <city>Fairbanks</city>
        <administrativeArea>AK</administrativeArea>
        <postalCode>99775</postalCode>
        <country>USA</country>
      </address>
      <phone phonetype="voice">907-474-6364</phone>
      <phone phonetype="fax">907-474-6251</phone>
    </publisher>
    <pubPlace>Bonanza Creek LTER</pubPlace>
    <methods>
      <methodStep>
        <description>
          <section>
            <title>Experimental Design</title>
            <para>Study areas were located at three paired treeline and forest sites within each of three mountain ranges along a 785 km latitudinal transect in Alaska.  Regions of study included a dry arctic climate (Brooks Range), a cool interior (White Mountains), and a wet coastal climate (Chugach Range).  One site within the Brooks Range was at circumpolar treeline, while the remaining sites were at elevational treeline.  Treeline sites were established within the zone of sparse but upright trees (&gt;3 m) below the krummholz zone, when present.  Each forested site was established within the forest, 0.5 to 1 km down-slope from the associated treeline site.  All sites were located in white spruce dominated forests, although black spruce, Picea mariana, was present at some sites.  Aspect, elevation and vegetation varied among sites.  See "Field Methods" for sampling design for Nmin study.
</para>
          </section>
          <section>
            <title>Methods</title>
            <para>FIELD:  To assess spatial and seasonal patterns of pools and fluxes of dissolved inorganic- N (DIN), amino acid- N (AAN) and microbial biomass N (MBN), we conducted in situ soil incubations at four time periods during May 2001 – May 2002: spring thaw, peak growing season, fall senescence and over-winter.  The goal was to be consistent in sampling each of these time periods within each mountain range, which was possible due to the 3-4 week lag in phenology (e.g. budbreak or initiation of senescence) between the southernmost and northernmost sites.  Sites were sampled in order from south to north.  During the spring 2002 sampling period, soils in the Brooks Range thawed prior to those in the White Mts. and the sampling sequence was adjusted to accommodate this.  Within each treeline or forested sub-site, a 50 m transect was established parallel with the slope contour of the mountain.  Six points were randomly selected along each transect, and soils were sampled near these points for the entire year.  Rates of net DIN mineralization and net AAN production were measured using an in situ buried bag technique (Robertson et al., 1999).  We used a 6.7 cm diameter steel corer fitted with a perforated, plastic sleeve to collect paired adjacent soil cores, and sampled below the live moss and detritus layers to a depth of 20 cm.  The function of the perforated sleeve was to maintain structural integrity of the soil core during sampling.  The perforated sleeve containing the intact core was then placed in a 1 mil breathable polyethylene bag followed by a fine mesh bag, gently returned to the original location, covered with litter and left to incubate.  Incubation length was 4 weeks for the spring, growing season, and senescence sampling periods, and from September 2001 to early June 2002 for the over-winter sampling period.  The second core in each pair was stored on ice and transported to the laboratory in Fairbanks.  Soils were rocky at some sites and sampling to 20 cm was not possible; for these samples, the minimum depth of coring was 10 cm.  After harvesting each core, the subsequent pit was backfilled with soil to minimize disturbance to adjacent samples.  We examined the decomposability of soil organic matter by measuring mass loss over 1 year at all sites using 15.2 x 1.8 cm birch wood tongue depressors (TDs) as a common litter.  TDs were oven dried for 24 hours and weighed before placement in the field.  During September 2001, three 20 m transects were randomly established at high, mid and low elevations (spaced 10 m apart) at each forest and treeline sub-site.  Five TDs were inserted vertically into the soil profile until flush with the surface of the organic layer at 5 m intervals along each transect.  In September 2002, TDs were carefully collected, transported to the laboratory in Fairbanks, rinsed, oven-dried and reweighed.  Percent mass loss was calculated.  The site at Site Summit on Fort Richardson Military Base was closed during fall 2001 and was not sampled.    LAB:  In the laboratory, soils were placed into dark storage at 3 ?C and processed within 30 hours.  Each core was weighed and homogenized by hand.  Rocks and roots &gt; 2 mm diameter were removed.  Soil moisture was determined gravimetrically for each core by oven drying a 5-7 g sub-sample at 65 ?C to a constant weight.  A 20 g sub-sample from each core was extracted with 75 ml 0.5 M K2SO4 on an orbital shaker for one hour and vacuum filtered through pre-rinsed Pall Gelman Type A/E glass fiber filter paper (Pall-Gelman Sciences, Ann Arbor, Michigan) into 50 ml centrifuge tubes.  This extract was used for analysis of DIN, AAN and MBN concentrations.  After collection, the incubated cores were processed similarly.  NO3--N and NH4+-N concentrations were determined colorimetrically using a modified Technicon system autoanalyzer (Whitledge et al., 1981).  Net DIN mineralization was calculated for each soil core pair as the difference in NO3--N plus NH4+-N in excess of initial concentrations.  Net nitrification was calculated as the difference between NO3--N concentrations for each pair.  Total dissolved amino acid N was determined using the ninhydrin method (Rosen, 1957).  Net AAN production was calculated as the difference in AAN concentration between each final and initial core.  All fluxes are reported per gram dry soil per day.  Microbial biomass N concentrations were analyzed from extracts of field fresh cores sampled in May, June and September 2001 and from over-winter incubated cores in May 2002.  MBN was determined using the chloroform fumigation-extraction method (Brookes et al., 1985).  A 20 g sub-sample from each soil sample was fumigated with ethanol-free chloroform for 24 hours in a moistened modified pressure cooker, extracted in 75 ml 0.5 M K2SO4 following the procedure detailed for DIN, and frozen.  Frozen samples were later thawed, digested using a persulfate oxidation digestion (Cabrera &amp; Beare, 1993) and analyzed for NO3--N colorimetrically using a modified Technicon system autoanalyzer (Whitledge et al., 1981). MBN was calculated as the difference in DON between fumigated and non-fumigated samples.  Soil organic matter quality was assessed by measuring soil respiration in the laboratory.  During September 2001, 10 cores (6.7 x 10 cm) were sampled at random locations from high, mid and low elevations at each sub-site.  Samples were immediately stored on ice and frozen in the laboratory until the start of the experiment in May 2002.  The exception was the site at Site Summit for reasons mentioned above, where cores were collected in May 2002 and were frozen until start of the experiment.   Half the cores from each treeline and forested sub-site were randomly assigned to either a low (5 °C) or a high temperature (9 °C) treatment.  The purpose of having 2 temperature treatments was to assess any intrinsic temperature sensitivity in soil respiration rates.  Each core was homogenized by hand as previously described.  We used soils from the organic horizon unless the core contained less than 25 g organic soil, in which case soil from the mineral horizon was added to achieve a mass of 25 g.  Soils were then split into 2 sub-samples.  We determined water holding capacity (WHC) with one sub-sample.  These soils were then ground in a steel ball mill and analyzed for total carbon (C) &amp; N on a LECO CNS 2000 (Leco Corporation, St. Joseph, Michigan).  Another 20 g sub-sample from each core was placed into an acid-washed glass mason jar (985 ml), and adjusted to 60% WHC.  Jars were covered with breathable, 1mil plastic wrap held in place with rubber bands, and pre-incubated in darkness at 3.5°C for 7 days.  Jars were then randomly assigned to one of the two temperature treatments, and incubated in the dark for 11 weeks.  Ten empty jars were also incubated as controls.  Jars were sampled for respiration rate at 1, 2, 6 and 11 weeks.  Jars were flushed with ambient air and readjusted to 60% WHC on a balance 24 hours prior to sampling, and capped with a tight fitting metal lid equipped with a rubber sampling septa.  A 15 ml gas sample was withdrawn by syringe from the headspace of each jar and analyzed for CO2 concentration using a LI-COR 6200 (LI-COR Corp. Lincoln, Nebraska) modified with a syringe-injection system. </para>
          </section>
        </description>
      </methodStep>
      <sampling>
        <studyExtent>
          <coverage>
            <geographicCoverage>
              <references>geoReference</references>
            </geographicCoverage>
            <temporalCoverage>
              <rangeOfDates>
                <beginDate>
                  <calendarDate>2001-06-01</calendarDate>
                </beginDate>
                <endDate>
                  <calendarDate>2002-09-30</calendarDate>
                </endDate>
              </rangeOfDates>
            </temporalCoverage>
          </coverage>
        </studyExtent>
        <samplingDescription>
          <section>
            <title>Sampling Frequency</title>
            <para>As Needed</para>
          </section>
        </samplingDescription>
      </sampling>
    </methods>
    <dataTable>
      <entityName>377_Nmin_Decomp.txt</entityName>
      <!--No data table description found (df_loc/df_desc)-->
      <physical>
        <objectName>377_Nmin_Decomp.txt</objectName>
        <dataFormat>
          <textFormat>
            <numHeaderLines>1</numHeaderLines>
            <recordDelimiter>\n</recordDelimiter>
            <physicalLineDelimiter>\n</physicalLineDelimiter>
            <attributeOrientation>column</attributeOrientation>
            <simpleDelimited>
              <fieldDelimiter>,</fieldDelimiter>
            </simpleDelimited>
          </textFormat>
        </dataFormat>
        <distribution>
          <online>
            <url function="download">https://pasta.lternet.edu/package/data/eml/knb-lter-bnz/377/13/b7d8aafc702e013c0f0925a6f354577d</url>
          </online>
        </distribution>
      </physical>
      <attributeList>
        <attribute>
          <attributeName>Site</attributeName>
          <attributeLabel>Site</attributeLabel>
          <attributeDefinition>Site abbreviation for site within each of the 3 mountain ranges (see site description in companion file and worksheet)</attributeDefinition>
          <storageType>string</storageType>
          <measurementScale>
            <nominal>
              <nonNumericDomain>
                <textDomain>
                  <definition>Site abbreviation for site within each of the 3 mountain ranges (see site description in companion file and worksheet)</definition>
                </textDomain>
              </nonNumericDomain>
            </nominal>
          </measurementScale>
          <!--No missing value/character in database (datafilevarible/errorcode)-->
        </attribute>
        <attribute>
          <attributeName>Stand type</attributeName>
          <attributeLabel>Stand type</attributeLabel>
          <attributeDefinition>Forest type where study was conducted; either forest or treeline</attributeDefinition>
          <storageType>string</storageType>
          <measurementScale>
            <nominal>
              <nonNumericDomain>
                <enumeratedDomain>
                  <codeDefinition>
                    <code>T</code>
                    <definition>Treeline</definition>
                  </codeDefinition>
                  <codeDefinition>
                    <code> F</code>
                    <definition>Forest</definition>
                  </codeDefinition>
                </enumeratedDomain>
              </nonNumericDomain>
            </nominal>
          </measurementScale>
          <!--No missing value/character in database (datafilevarible/errorcode)-->
        </attribute>
        <attribute>
          <attributeName>Rep</attributeName>
          <attributeLabel>Rep</attributeLabel>
          <attributeDefinition>Replicate sample (1-15)</attributeDefinition>
          <storageType>integer</storageType>
          <measurementScale>
            <nominal>
              <nonNumericDomain>
                <textDomain>
                  <definition>Replicate sample (1-15)</definition>
                </textDomain>
              </nonNumericDomain>
            </nominal>
          </measurementScale>
          <!--No missing value/character in database (datafilevarible/errorcode)-->
        </attribute>
        <attribute>
          <attributeName>Mass initial</attributeName>
          <attributeLabel>Mass initial</attributeLabel>
          <attributeDefinition>Initial mass of tongue depressor</attributeDefinition>
          <storageType>float</storageType>
          <measurementScale>
            <ratio>
              <unit>
                <customUnit>gdryweight</customUnit>
              </unit>
              <numericDomain>
                <numberType>real</numberType>
                <!--No minimum value recorded in database (datafilevaribles/minvalid)-->
              </numericDomain>
            </ratio>
          </measurementScale>
          <missingValueCode>
            <code>.</code>
            <codeExplanation>Missing Value</codeExplanation>
          </missingValueCode>
        </attribute>
        <attribute>
          <attributeName>Mass final</attributeName>
          <attributeLabel>Mass final</attributeLabel>
          <attributeDefinition>final mass of tongue depressor (collected the following September, one year later)</attributeDefinition>
          <storageType>float</storageType>
          <measurementScale>
            <ratio>
              <unit>
                <customUnit>gdryweight</customUnit>
              </unit>
              <numericDomain>
                <numberType>real</numberType>
                <!--No minimum value recorded in database (datafilevaribles/minvalid)-->
              </numericDomain>
            </ratio>
          </measurementScale>
          <missingValueCode>
            <code>.</code>
            <codeExplanation>Missing Value</codeExplanation>
          </missingValueCode>
        </attribute>
      </attributeList>
    </dataTable>
  </dataset>
  <additionalMetadata>
    <metadata>
      <unitList>
        <unit id="gdryweight"/>
      </unitList>
    </metadata>
  </additionalMetadata>
</eml:eml>
