<?xml version="1.0" encoding="UTF-8"?>
<eml:eml packageId="knb-lter-bnz.380.13" scope="system"
  system="https://pasta.lternet.edu"
  xmlns:ds="eml://ecoinformatics.org/dataset-2.1.0"
  xmlns:eml="eml://ecoinformatics.org/eml-2.1.1"
  xmlns:stmml="http://www.xml-cml.org/schema/stmml-1.1"
  xmlns:xsi="http://www.w3.org/2001/XMLSchema-instance" xsi:schemaLocation="eml://ecoinformatics.org/eml-2.1.0&#xa;&#x9;&#x9;&#x9;&#x9;http://nis.lternet.edu/schemas/EML/eml-2.1.0/eml.xsd">
  <access authSystem="https://pasta.lternet.edu/authentication"
    order="allowFirst" scope="document" system="https://pasta.lternet.edu">
    <allow>
      <principal>uid=BNZ,o=lter,dc=ecoinformatics,dc=org</principal>
      <permission>all</permission>
    </allow>
    <allow>
      <principal>public</principal>
      <permission>read</permission>
    </allow>
  </access>
  <dataset>
    <shortName>knb-lter-bnz.380.13</shortName>
    <title>The role of fire in the carbon dynamics of the boreal forest II.  -  Eurasia model simulations of historical fire disturbance and carbon dynamics (1000-2002).</title>
    <creator>
      <individualName>
        <givenName>Mike</givenName>
        <givenName> S</givenName>
        <surName>Balshi</surName>
      </individualName>
      <!--No position recorded in Database ( pers/position when lead_contact=1 )-->
      <address>
        <deliveryPoint>404 Irving I University of Alaska Fairbanks</deliveryPoint>
        <city>Fairbanks</city>
        <administrativeArea>AK</administrativeArea>
        <postalCode>99775</postalCode>
        <country>United States</country>
      </address>
      <phone phonetype="voice">(907) 474-5472</phone>
      <!--No fax info present in Database  ( pers/fax when lead_contact=1 )-->
      <!--No email present on file  ( pers/email1 or email2 when lead_contact=1 )-->
      <onlineUrl>http://picea.sel.uaf.edu/mbalshi/mike.htm</onlineUrl>
    </creator>
    <metadataProvider>
      <organizationName>Bonanza Creek LTER</organizationName>
      <positionName>Data Manager</positionName>
      <address>
        <deliveryPoint>Boreal Ecology Cooperative Research Unit </deliveryPoint>
        <deliveryPoint>University of Alaska Fairbanks</deliveryPoint>
        <deliveryPoint>P.O. Box 756780 </deliveryPoint>
        <city>Fairbanks</city>
        <administrativeArea>AK</administrativeArea>
        <postalCode>99775</postalCode>
        <country>USA</country>
      </address>
      <phone phonetype="voice">907-474-6364</phone>
      <phone phonetype="fax">907-474-6251</phone>
      <electronicMailAddress>uaf-bnz-im-team@alaska.edu</electronicMailAddress>
      <onlineUrl>http://www.lter.uaf.edu</onlineUrl>
    </metadataProvider>
    <associatedParty>
      <individualName>
        <givenName>A.</givenName>
        <givenName>David</givenName>
        <surName>McGuire</surName>
      </individualName>
      <positionName>Assistant Professor of Landscape Ecology</positionName>
      <address>
        <deliveryPoint>Alaska Cooperative Fish and Wildlife Research Unit University of Alaska  Fairbanks  Irving I Building</deliveryPoint>
        <city>Fairbanks</city>
        <administrativeArea>AK </administrativeArea>
        <postalCode>99775</postalCode>
        <country>United States</country>
      </address>
      <phone phonetype="voice">(907) 474-6242</phone>
      <phone phonetype="fax">(907) 474-7872</phone>
      <role>Associated investigator</role>
    </associatedParty>
    <pubDate>2008-12-01</pubDate>
    <abstract>
      <para>The boreal forest contains large reserves of carbon, and across this region wildfire is a common occurrence. To improve the understanding of how wildfire influences the carbon dynamics of this region, methods were developed to incorporate the spatial and temporal effects of fire into the Terrestrial ecosystem Model (TEM). The historical role of fire on carbon dynamics of the boreal region was evaluated within the context of ecosystem responses to changing atmospheric CO2 and climate. These results show that the role of historical fire on boreal carbon dynamics resulted in a net carbon sink; however, fire plays a major role in the interannual and decadal scale variation of source/sink relationships. To estimate the effects of future fire on boreal carbondynamics, spatially and temporally explicit empirical relationships between climate andfire were quantified. Fuel moisture, monthly severity rating, and air temperature explained a significant proportion of observed variability in annual area burned. These relationships were used to estimate annual area burned for future scenarios of climate change and were coupled to TEM to evaluate the role of future fire on the carbon dynamics of the North American boreal region for the 21st Century. Simulations with TEM indicate that boreal North America is a carbon sink in response to CO2 fertilization, climate variability, and fire, but an increase in fire leads to a decrease in the sink strength. While this study highlights the importance of fire on carbon dynamics in the boreal region, there are uncertainties in the effects of fire in TEM simulations. These uncertainties are associated with sparse fire data for northern Eurasia, uncertainty in estimating carbon consumption, and difficulty in verifying assumptions about the representation of fires that occurred prior to the start of the historical fire record. Future studies should incorporate the role of dynamic vegetation to more accurately represent post-fire successional processes, incorporate fire severity parameters that change in time and space, and integrate the role of other disturbances and their interactions with future fire regimes.</para>
    </abstract>
    <keywordSet>
      <keyword>climate</keyword>
      <keyword>carbon dioxide</keyword>
      <keyword>boreal forests</keyword>
      <keyword>fires</keyword>
      <keyword>carbon</keyword>
      <keyword>photosynthesis</keyword>
      <keyword>fertilization</keyword>
      <keyword>modeling</keyword>
      <keywordThesaurus>Climate</keywordThesaurus>
    </keywordSet>
    <intellectualRights>
      <section>
        <title>Access to Data</title>
        <para>While metadata will be freely available to those requesting it, the data manager will assure that any restrictions on access to data sets in the database will be enforced. Data will not be released without proper permission first being obtained from the investigator who generated the data. </para>
      </section>
      <section>
        <title>Use of data</title>
        <para> Researchers should receive adequate acknowledgment for the use of their data by others and should be provided with copies of publications using their data. Users of data from the data base must be aware that data is not to be sold or redistributed.</para>
      </section>
      <section>
        <title>Citing Bonanza Creek LTER Datasets</title>
        <para>It is considered a matter of professional ethics to acknowledge the work of other scientists. Thus, the Data User will properly cite the Data Set in any publications or in the metadata of any derived data products that were produced using the Data Set. </para>
      </section>
    </intellectualRights>
    <distribution id="distributionReference">
      <online>
        <url function="information">http://www.lter.uaf.edu/data_detail.cfm?datafile_pkey=380</url>
      </online>
    </distribution>
    <coverage>
      <!--No geographic reference found (sites/site_description)-->
      <temporalCoverage>
        <rangeOfDates>
          <beginDate>
            <calendarDate>1000-01-01</calendarDate>
          </beginDate>
          <endDate>
            <calendarDate>2002-12-31</calendarDate>
          </endDate>
        </rangeOfDates>
      </temporalCoverage>
    </coverage>
    <maintenance>
      <description>
        <section>
          <title>Status</title>
          <para>Completed</para>
        </section>
      </description>
    </maintenance>
    <contact>
      <organizationName>LTER Network Office</organizationName>
      <positionName>LNO Information Manager</positionName>
    </contact>
    <contact>
      <organizationName>Bonanza Creek LTER</organizationName>
      <positionName>Data Manager</positionName>
      <address>
        <deliveryPoint>Boreal Ecology Cooperative Research Unit </deliveryPoint>
        <deliveryPoint>University of Alaska Fairbanks</deliveryPoint>
        <deliveryPoint>P.O. Box 756780 </deliveryPoint>
        <city>Fairbanks</city>
        <administrativeArea>AK</administrativeArea>
        <postalCode>99775</postalCode>
        <country>USA</country>
      </address>
      <phone phonetype="voice">907-474-6364</phone>
      <phone phonetype="fax">907-474-6251</phone>
      <electronicMailAddress>uaf-bnz-im-team@alaska.edu</electronicMailAddress>
      <onlineUrl>http://www.lter.uaf.edu</onlineUrl>
    </contact>
    <publisher>
      <organizationName>Bonanza Creek LTER</organizationName>
      <address>
        <deliveryPoint>Boreal Ecology Cooperative Research Unit </deliveryPoint>
        <deliveryPoint>University of Alaska Fairbanks</deliveryPoint>
        <deliveryPoint>P.O. Box 756780 </deliveryPoint>
        <city>Fairbanks</city>
        <administrativeArea>AK</administrativeArea>
        <postalCode>99775</postalCode>
        <country>USA</country>
      </address>
      <phone phonetype="voice">907-474-6364</phone>
      <phone phonetype="fax">907-474-6251</phone>
    </publisher>
    <pubPlace>Bonanza Creek LTER</pubPlace>
    <methods>
      <methodStep>
        <description>
          <section>
            <title>Experimental Design</title>
            <para>Wildfire is a common occurrence in ecosystems of northern high latitudes, and changes in the fire regime of this region have consequences for carbon feedbacks to the climate system. To improve our understanding of how wildfire influences carbon dynamics of this region, we used the process-based  Terrestrial Ecosystem Model to simulate fire emissions and changes in carbon storage north of 45 N from the start of spatially explicit historically recorded fire records in the twentieth century through 2002, and evaluated the role of fire in the carbon dynamics of the region within the context of ecosystem responses to changes in atmospheric CO2 concentration and climate. Our analysis indicates that fire plays an important role in interannual and decadal scale variation of source/sink relationships of northern terrestrial ecosystems and also suggests that atmospheric CO2 may be important to consider in addition to changes in climate and fire disturbance. There are substantial uncertainties in the effects of fire on carbon storage in our simulations. These uncertainties are associated with sparse fire data for northern Eurasia, uncertainty in estimating carbon consumption, and difficulty in  verifying assumptions about the representation of fires that occurred prior to the start of the historical fire record. To improve the ability to better predict how fire will influence carbon storage of this region in the future, new analyses of the retrospective role of fire in the carbon dynamics of northern high latitudes should address these uncertainties.</para>
          </section>
          <section>
            <title>Methods</title>
            <para>In this study we evaluate how changes in atmospheric CO2 concentration, climate, and fire influence carbon dynamics for North America and Eurasia north of 45 N using the process-based Terrestrial Ecosystem Model (TEM).  To initialize our simulations we first run the model to equilibrium (annual net primary production = annual heterotrophic respiration) in year 1000 for each terrestrial 0.5  (latitude by longitude) grid cell north of 45 N using the mean monthly climate from 1901– 1930. We then conduct a 900 year spin-up (from year 1001–1900) to dynamically equilibrate the model to the fire regime and to multidecadal variability in the climate. During the spin-up period, climate for the period 1901– 1930 is repeated.  The model is then run from year 1901–2002 using gridded monthly climate based on observations.  In this study, we conduct two sets of simulations. In the first set of simulations, photosynthesis is sensitive to increasing atmospheric CO2 concentrations (a CO2 fertilization effect), while in the second set photosynthesis is not sensitive to increasing atmospheric CO2 concentrations. For the set considering the effect of atmospheric CO2 fertilization we conduct three simulations. In simulation one (S1), atmospheric CO2 concentration is allowed to vary, but a mean monthly climate from 1901–1930 is used to represent climate for each year (i.e., 'constant climate') and no fire disturbances are assumed to occur. In simulation two (S2), both atmospheric CO2 concentration and climate are allowed to vary, but again, no fire disturbances are assumed to occur. In simulation three (S3), atmospheric CO2 concentration and climate are allowed to vary and fire disturbances are assumed to occur. For the second set of simulations we conduct the same three simulations as described in the first set, but with atmospheric CO2 fixed at 296 ppm, which is the mole fraction used to initialize each simulation. We then analyze our simulation results for the periods of historically recorded fire disturbance, which are 1959–2002 in boreal North America and 1996–2002 in the pan-boreal region. The effect of CO2 fertilization on carbon storage is determined by the results of the S1 simulation. The effect of climate on carbon storage is determined as the difference in results between the S2 and S1 simulations. Similarly, the effect of fire on carbon storage is determined as the difference in results between the S3 and S2 simulations.</para>
          </section>
        </description>
      </methodStep>
      <sampling>
        <studyExtent>
          <coverage>
            <temporalCoverage>
              <rangeOfDates>
                <beginDate>
                  <calendarDate>1000-01-01</calendarDate>
                </beginDate>
                <endDate>
                  <calendarDate>2002-12-31</calendarDate>
                </endDate>
              </rangeOfDates>
            </temporalCoverage>
          </coverage>
        </studyExtent>
        <samplingDescription>
          <section>
            <title>Sampling Frequency</title>
            <para>Once</para>
          </section>
        </samplingDescription>
      </sampling>
    </methods>
    <dataTable>
      <entityName>380_eurasia_retrospective.txt</entityName>
      <!--No data table description found (df_loc/df_desc)-->
      <physical>
        <objectName>380_eurasia_retrospective.txt</objectName>
        <dataFormat>
          <textFormat>
            <numHeaderLines>2</numHeaderLines>
            <recordDelimiter>\n</recordDelimiter>
            <physicalLineDelimiter>\n</physicalLineDelimiter>
            <attributeOrientation>column</attributeOrientation>
            <simpleDelimited>
              <fieldDelimiter>,</fieldDelimiter>
            </simpleDelimited>
          </textFormat>
        </dataFormat>
        <distribution>
          <online>
            <url function="download">https://pasta.lternet.edu/package/data/eml/knb-lter-bnz/380/13/7a1d82bab98c1ed6664f8a86dffb9ecf</url>
          </online>
        </distribution>
      </physical>
      <attributeList>
        <attribute>
          <attributeName>simulation</attributeName>
          <attributeLabel>simulation</attributeLabel>
          <attributeDefinition>(S1,S2,S3)</attributeDefinition>
          <storageType>string</storageType>
          <measurementScale>
            <nominal>
              <nonNumericDomain>
                <textDomain>
                  <definition>(S1,S2,S3)</definition>
                </textDomain>
              </nonNumericDomain>
            </nominal>
          </measurementScale>
          <!--No missing value/character in database (datafilevarible/errorcode)-->
        </attribute>
        <attribute>
          <attributeName>CO2_fertilization?</attributeName>
          <attributeLabel>CO2_fertilization?</attributeLabel>
          <attributeDefinition>(yes or no)</attributeDefinition>
          <storageType>string</storageType>
          <measurementScale>
            <nominal>
              <nonNumericDomain>
                <textDomain>
                  <definition>(yes or no)</definition>
                </textDomain>
              </nonNumericDomain>
            </nominal>
          </measurementScale>
          <!--No missing value/character in database (datafilevarible/errorcode)-->
        </attribute>
        <attribute>
          <attributeName>variable</attributeName>
          <attributeLabel>variable</attributeLabel>
          <attributeDefinition>variable</attributeDefinition>
          <storageType>string</storageType>
          <measurementScale>
            <nominal>
              <nonNumericDomain>
                <textDomain>
                  <definition>variable</definition>
                </textDomain>
              </nonNumericDomain>
            </nominal>
          </measurementScale>
          <!--No missing value/character in database (datafilevarible/errorcode)-->
        </attribute>
        <attribute>
          <attributeName>year</attributeName>
          <attributeLabel>year</attributeLabel>
          <attributeDefinition>year</attributeDefinition>
          <storageType>integer</storageType>
          <measurementScale>
            <ratio>
              <unit>
                <standardUnit>nominalYear</standardUnit>
              </unit>
              <numericDomain>
                <numberType>real</numberType>
                <!--No minimum value recorded in database (datafilevaribles/minvalid)-->
              </numericDomain>
            </ratio>
          </measurementScale>
          <!--No missing value/character in database (datafilevarible/errorcode)-->
        </attribute>
        <attribute>
          <attributeName>total_cell_area</attributeName>
          <attributeLabel>total_cell_area</attributeLabel>
          <attributeDefinition>10^6m^2</attributeDefinition>
          <storageType>float</storageType>
          <measurementScale>
            <ratio>
              <unit>
                <standardUnit>squareMeter</standardUnit>
              </unit>
              <numericDomain>
                <numberType>real</numberType>
                <bounds>
                  <minimum exclusive="false">0.000</minimum>
                  <maximum exclusive="false">1000000.000</maximum>
                </bounds>
              </numericDomain>
            </ratio>
          </measurementScale>
          <!--No missing value/character in database (datafilevarible/errorcode)-->
        </attribute>
        <attribute>
          <attributeName>total</attributeName>
          <attributeLabel>total</attributeLabel>
          <attributeDefinition>g x 10^12</attributeDefinition>
          <storageType>float</storageType>
          <measurementScale>
            <ratio>
              <unit>
                <standardUnit>gram</standardUnit>
              </unit>
              <numericDomain>
                <numberType>real</numberType>
                <bounds>
                  <minimum exclusive="false">0.000</minimum>
                  <maximum exclusive="false">400000.000</maximum>
                </bounds>
              </numericDomain>
            </ratio>
          </measurementScale>
          <!--No missing value/character in database (datafilevarible/errorcode)-->
        </attribute>
        <attribute>
          <attributeName>mean_by_area</attributeName>
          <attributeLabel>mean_by_area</attributeLabel>
          <attributeDefinition>g C m2 yr-1</attributeDefinition>
          <storageType>float</storageType>
          <measurementScale>
            <ratio>
              <unit>
                <standardUnit>gram</standardUnit>
              </unit>
              <numericDomain>
                <numberType>real</numberType>
                <bounds>
                  <minimum exclusive="false">-1000.000</minimum>
                  <maximum exclusive="false">15000.000</maximum>
                </bounds>
              </numericDomain>
            </ratio>
          </measurementScale>
          <!--No missing value/character in database (datafilevarible/errorcode)-->
        </attribute>
      </attributeList>
    </dataTable>
  </dataset>
</eml:eml>
