<?xml version="1.0" encoding="UTF-8"?>
<eml:eml packageId="knb-lter-bnz.408.14" scope="system"
  system="https://pasta.lternet.edu"
  xmlns:ds="eml://ecoinformatics.org/dataset-2.1.0"
  xmlns:eml="eml://ecoinformatics.org/eml-2.1.1"
  xmlns:stmml="http://www.xml-cml.org/schema/stmml-1.1"
  xmlns:xsi="http://www.w3.org/2001/XMLSchema-instance" xsi:schemaLocation="eml://ecoinformatics.org/eml-2.1.0&#xa;&#x9;&#x9;&#x9;&#x9;http://nis.lternet.edu/schemas/EML/eml-2.1.0/eml.xsd">
  <access authSystem="https://pasta.lternet.edu/authentication"
    order="allowFirst" scope="document" system="https://pasta.lternet.edu">
    <allow>
      <principal>uid=BNZ,o=lter,dc=ecoinformatics,dc=org</principal>
      <permission>all</permission>
    </allow>
    <allow>
      <principal>public</principal>
      <permission>read</permission>
    </allow>
  </access>
  <dataset>
    <shortName>knb-lter-bnz.408.14</shortName>
    <title>Log Decomposition Dynamics in Interior Alaska 2a - Log Data</title>
    <creator>
      <individualName>
        <givenName>John</givenName>
        <surName>Yarie</surName>
      </individualName>
      <positionName>Senior Investigator</positionName>
      <address>
        <deliveryPoint>Forest Soils Laboratory; Department of Forest Sciences; SNRAS; University of Alaska Fairbanks</deliveryPoint>
        <city>Fairbanks</city>
        <administrativeArea>AK </administrativeArea>
        <postalCode>99775-7200</postalCode>
        <country>United States</country>
      </address>
      <phone phonetype="voice">(907) 474-5650</phone>
      <phone phonetype="fax">(907) 474-6184</phone>
      <electronicMailAddress>jayarie@alaska.edu</electronicMailAddress>
      <onlineUrl>http://www.uaf.edu/snras/departments/forestry/faculty/yarie/</onlineUrl>
    </creator>
    <creator>
      <organizationName>Bonanza Creek LTER</organizationName>
      <address>
        <deliveryPoint>Boreal Ecology Cooperative Research Unit </deliveryPoint>
        <deliveryPoint>University of Alaska Fairbanks</deliveryPoint>
        <deliveryPoint>P.O. Box 756780 </deliveryPoint>
        <city>Fairbanks</city>
        <administrativeArea>AK</administrativeArea>
        <postalCode>99775</postalCode>
        <country>USA</country>
      </address>
      <phone phonetype="voice">907-474-6364</phone>
      <phone phonetype="fax">907-474-6251</phone>
      <electronicMailAddress>uaf-bnz-im-team@alaska.edu</electronicMailAddress>
      <onlineUrl>http://www.lter.uaf.edu</onlineUrl>
    </creator>
    <metadataProvider>
      <organizationName>Bonanza Creek LTER</organizationName>
      <positionName>Data Manager</positionName>
      <address>
        <deliveryPoint>Boreal Ecology Cooperative Research Unit </deliveryPoint>
        <deliveryPoint>University of Alaska Fairbanks</deliveryPoint>
        <deliveryPoint>P.O. Box 756780 </deliveryPoint>
        <city>Fairbanks</city>
        <administrativeArea>AK</administrativeArea>
        <postalCode>99775</postalCode>
        <country>USA</country>
      </address>
      <phone phonetype="voice">907-474-6364</phone>
      <phone phonetype="fax">907-474-6251</phone>
      <electronicMailAddress>uaf-bnz-im-team@alaska.edu</electronicMailAddress>
      <onlineUrl>http://www.lter.uaf.edu</onlineUrl>
    </metadataProvider>
    <associatedParty>
      <individualName>
        <givenName>Timothy</givenName>
        <surName>Quintal</surName>
      </individualName>
      <!--No position or title info on file for this person (pers/title when lead_contact=0)-->
      <address>
        <deliveryPoint>University of Alaska Fairbanks 335C O'Neill Bldg</deliveryPoint>
        <city>Fairbanks</city>
        <administrativeArea>AK </administrativeArea>
        <postalCode>99775</postalCode>
        <country>United States</country>
      </address>
      <phone phonetype="voice">(907) 474-7019</phone>
      <phone phonetype="fax">(907) 474-6184</phone>
      <role>Associated investigator</role>
    </associatedParty>
    <associatedParty>
      <individualName>
        <givenName>Matthew</givenName>
        <surName>Robertson</surName>
      </individualName>
      <!--No position or title info on file for this person (pers/title when lead_contact=0)-->
      <address>
        <deliveryPoint>UAF Forest Soils Lab</deliveryPoint>
        <city>Fairbanks</city>
        <administrativeArea>Alaska</administrativeArea>
        <postalCode>99775</postalCode>
        <country>United States</country>
      </address>
      <phone phonetype="voice">(907) 474-7114</phone>
      <!--No fax info on file for this person-->
      <role>Associated investigator</role>
    </associatedParty>
    <associatedParty>
      <individualName>
        <givenName>Shandra</givenName>
        <surName>Miller</surName>
      </individualName>
      <positionName>Research Technician</positionName>
      <address>
        <deliveryPoint>Forest Soils Lab; 335 Oneill Bldg; University of Alaska</deliveryPoint>
        <city>Fairbanks</city>
        <administrativeArea>Alaska</administrativeArea>
        <postalCode>99775</postalCode>
        <country>United States</country>
      </address>
      <phone phonetype="voice">(907) 474-7114</phone>
      <!--No fax info on file for this person-->
      <role>Associated investigator</role>
    </associatedParty>
    <pubDate>2014-03-10</pubDate>
    <abstract>
      <para>The entire dataset (all 7 files) contains detailed information on a time series study of log decomposition in interior Alaska. The species studied include white and black spruce, aspen, birch, balsam poplar and aspen starting as green trees. In addition white and black spruce in recently burned sites are included. The study was designed to produce a time series of log decomposition measurements over the next 100 years.  The information to be measured on the logs includes weight and density changes over specified time periods, changes in nutrient concentrations, and hemicellulose, cellouse, and lignin concentrations, and changes in the quantity of nutrients and hemicellulose, cellouse and lignin. (This file contains the time zero tree and log physical measurement, and site mapping data for the log decomposition study.)</para>
    </abstract>
    <keywordSet>
      <keyword>decomposition</keyword>
      <keyword>log decomposition</keyword>
      <keyword>logs</keyword>
      <keywordThesaurus>Decomposition</keywordThesaurus>
    </keywordSet>
    <intellectualRights>
      <section>
        <title>Access to Data</title>
        <para>While metadata will be freely available to those requesting it, the data manager will assure that any restrictions on access to data sets in the database will be enforced. Data will not be released without proper permission first being obtained from the investigator who generated the data. </para>
      </section>
      <section>
        <title>Use of data</title>
        <para> Researchers should receive adequate acknowledgment for the use of their data by others and should be provided with copies of publications using their data. Users of data from the data base must be aware that data is not to be sold or redistributed.</para>
      </section>
      <section>
        <title>Citing Bonanza Creek LTER Datasets</title>
        <para>It is considered a matter of professional ethics to acknowledge the work of other scientists. Thus, the Data User will properly cite the Data Set in any publications or in the metadata of any derived data products that were produced using the Data Set. </para>
      </section>
    </intellectualRights>
    <distribution id="distributionReference">
      <online>
        <url function="information">http://www.lter.uaf.edu/data_detail.cfm?datafile_pkey=408</url>
      </online>
    </distribution>
    <coverage>
      <geographicCoverage id="geoReference">
        <geographicDescription>Site information unavailable</geographicDescription>
        <boundingCoordinates>
          <westBoundingCoordinate>-148.37949</westBoundingCoordinate>
          <eastBoundingCoordinate>-146.71725</eastBoundingCoordinate>
          <northBoundingCoordinate>65.29076</northBoundingCoordinate>
          <southBoundingCoordinate>64.64016876</southBoundingCoordinate>
        </boundingCoordinates>
      </geographicCoverage>
      <temporalCoverage>
        <rangeOfDates>
          <beginDate>
            <calendarDate>1996-06-01</calendarDate>
          </beginDate>
          <endDate>
            <calendarDate>2013-12-01</calendarDate>
          </endDate>
        </rangeOfDates>
      </temporalCoverage>
    </coverage>
    <maintenance>
      <description>
        <section>
          <title>Status</title>
          <para>Ongoing</para>
        </section>
      </description>
    </maintenance>
    <contact>
      <positionName>Information Manager</positionName>
      <organizationName>LTER Network Office</organizationName>
      <address>
        <deliveryPoint>UNM Biology Department, MSC03-2020</deliveryPoint>
        <deliveryPoint>1 University of New Mexico</deliveryPoint>
        <city>Albuquerque</city>
        <administrativeArea>NM</administrativeArea>
        <postalCode>87131-0001</postalCode>
        <country>USA</country>
      </address>
      <phone phonetype="voice">505 277-2535</phone>
      <phone phonetype="fax">505 277-2541</phone>
      <electronicMailAddress>tech-support@lternet.edu</electronicMailAddress>
      <onlineUrl>http://www.lternet.edu</onlineUrl>
    </contact>
    <contact>
      <organizationName>Bonanza Creek LTER</organizationName>
      <positionName>Data Manager</positionName>
      <address>
        <deliveryPoint>Boreal Ecology Cooperative Research Unit </deliveryPoint>
        <deliveryPoint>University of Alaska Fairbanks</deliveryPoint>
        <deliveryPoint>P.O. Box 756780 </deliveryPoint>
        <city>Fairbanks</city>
        <administrativeArea>AK</administrativeArea>
        <postalCode>99775</postalCode>
        <country>USA</country>
      </address>
      <phone phonetype="voice">907-474-6364</phone>
      <phone phonetype="fax">907-474-6251</phone>
      <electronicMailAddress>uaf-bnz-im-team@alaska.edu</electronicMailAddress>
      <onlineUrl>http://www.lter.uaf.edu</onlineUrl>
    </contact>
    <publisher>
      <organizationName>Bonanza Creek LTER</organizationName>
      <address>
        <deliveryPoint>Boreal Ecology Cooperative Research Unit </deliveryPoint>
        <deliveryPoint>University of Alaska Fairbanks</deliveryPoint>
        <deliveryPoint>P.O. Box 756780 </deliveryPoint>
        <city>Fairbanks</city>
        <administrativeArea>AK</administrativeArea>
        <postalCode>99775</postalCode>
        <country>USA</country>
      </address>
      <phone phonetype="voice">907-474-6364</phone>
      <phone phonetype="fax">907-474-6251</phone>
    </publisher>
    <pubPlace>Bonanza Creek LTER</pubPlace>
    <methods>
      <methodStep>
        <description>
          <section>
            <title>Experimental Design</title>
            <para>A long-term (100 yr) log decomposition monitoring program was started in 1996. Sites representing typical ecosystems in both floodplain and upland landscape positions were selected. Four upland and four floodplain ecosystems were selected. Birch (Betula neoalaskana Sarg.), aspen (Populus tremuloides Michx.), white spruce (Picea glauca (Moench) Voss), and black spruce (Picea mariana (Mill.) B.S.P.) ecosystems were located in uplands. Balsam poplar (Populus balsamifera L.), alder (Alnus tenulifolia Nutt.), white spruce and black spruce ecosystems were situated in floodplain locations. In addition recently burned sites were established in white and black spruce ecosystems in both upland and floodplain locations. Fifteen logs of the major species were laid on the ground in each of six replicated sites for each ecosystem. Standing burned black spruce were also added to the measurement data set in both upland and floodplain black spruce burned sites. The log represented the mature to over mature species in each of the ecosystems. Randomly selected individual logs at each replicated site represent one sample/replication at progressive decomposition time periods (0, 2, 5, 10, 15, 20, 25, 30, 40, 50, 60, 70, 80, 90 and 100 years after placement). Logs, four meters in length for all species except alder, were selected from live standing trees. Three meter lengths were used for alder. The minimum diameter at the small end of the log was equal to or greater than 10 cm. All logs were marked with metal number tags and one inch PVC piping was placed at the large end of each log to insure location of logs at later time periods. Plot centers were recorded with a portable GPS unit. At the time of log placement, the diameters of all sample logs were measured at each end and at 1 meter intervals from the ends. The direction and distance from the plot centers to the log centers was measured. The physical azimuth of each log was recorded. These two measurements resulted in the preparation of log location maps for each replicate site.
</para>
          </section>
          <section>
            <title>Methods</title>
            <para>FIELD:  Standing trees were selected in representative stands containing the selected species. Logs 4 meters in length were cut from each tree except for alder where the logs were 3 m in length. Log diameter was measured at each end and at 1 m intervals for calculation of log volume. All logs were sampled at each end to characterize time zero physical and chemical properties. The plot center at each location was located with a GPS unit. The bearing and distance to the center of each log was measured from the plot center. Finally the orientation of each log as recorded.</para>
          </section>
        </description>
      </methodStep>
      <sampling>
        <studyExtent>
          <coverage>
            <geographicCoverage>
              <references>geoReference</references>
            </geographicCoverage>
            <temporalCoverage>
              <rangeOfDates>
                <beginDate>
                  <calendarDate>1996-06-01</calendarDate>
                </beginDate>
                <endDate>
                  <calendarDate>2013-12-01</calendarDate>
                </endDate>
              </rangeOfDates>
            </temporalCoverage>
          </coverage>
        </studyExtent>
        <samplingDescription>
          <section>
            <title>Sampling Frequency</title>
            <para>Irregular</para>
          </section>
        </samplingDescription>
      </sampling>
    </methods>
    <dataTable>
      <entityName>408_LogDecompDynamicsIntAK2a_LogData.txt</entityName>
      <entityDescription>This file contains the time zero tree and log physical measurement, and site mapping data for the log decomposition study.</entityDescription>
      <physical>
        <objectName>408_LogDecompDynamicsIntAK2a_LogData.txt</objectName>
        <dataFormat>
          <textFormat>
            <numHeaderLines>1</numHeaderLines>
            <recordDelimiter>\n</recordDelimiter>
            <physicalLineDelimiter>\n</physicalLineDelimiter>
            <attributeOrientation>column</attributeOrientation>
            <simpleDelimited>
              <fieldDelimiter>,</fieldDelimiter>
            </simpleDelimited>
          </textFormat>
        </dataFormat>
        <distribution>
          <online>
            <url function="download">https://pasta.lternet.edu/package/data/eml/knb-lter-bnz/408/14/a0521a30e59dcc4e8964b2a4aaf37a3f</url>
          </online>
        </distribution>
      </physical>
      <attributeList>
        <attribute>
          <attributeName>#</attributeName>
          <attributeLabel>#</attributeLabel>
          <attributeDefinition>Data row number</attributeDefinition>
          <storageType>integer</storageType>
          <measurementScale>
            <nominal>
              <nonNumericDomain>
                <textDomain>
                  <definition>Data row number</definition>
                </textDomain>
              </nonNumericDomain>
            </nominal>
          </measurementScale>
          <!--No missing value/character in database (datafilevarible/errorcode)-->
        </attribute>
        <attribute>
          <attributeName>Species</attributeName>
          <attributeLabel>Species</attributeLabel>
          <attributeDefinition>Tree species sampled at the site.</attributeDefinition>
          <storageType>string</storageType>
          <measurementScale>
            <nominal>
              <nonNumericDomain>
                <textDomain>
                  <definition>Tree species sampled at the site.</definition>
                </textDomain>
              </nonNumericDomain>
            </nominal>
          </measurementScale>
          <!--No missing value/character in database (datafilevarible/errorcode)-->
        </attribute>
        <attribute>
          <attributeName>S#</attributeName>
          <attributeLabel>S#</attributeLabel>
          <attributeDefinition>Species numeric code</attributeDefinition>
          <storageType>integer</storageType>
          <measurementScale>
            <nominal>
              <nonNumericDomain>
                <textDomain>
                  <definition>Species numeric code</definition>
                </textDomain>
              </nonNumericDomain>
            </nominal>
          </measurementScale>
          <!--No missing value/character in database (datafilevarible/errorcode)-->
        </attribute>
        <attribute>
          <attributeName>Loc</attributeName>
          <attributeLabel>Loc</attributeLabel>
          <attributeDefinition>Locale (Flood Plain; Upland)</attributeDefinition>
          <storageType>string</storageType>
          <measurementScale>
            <nominal>
              <nonNumericDomain>
                <enumeratedDomain>
                  <codeDefinition>
                    <code>FP</code>
                    <definition>Flood Plain; UP=Upland</definition>
                  </codeDefinition>
                </enumeratedDomain>
              </nonNumericDomain>
            </nominal>
          </measurementScale>
          <!--No missing value/character in database (datafilevarible/errorcode)-->
        </attribute>
        <attribute>
          <attributeName>State</attributeName>
          <attributeLabel>State</attributeLabel>
          <attributeDefinition>State of trees in site (Live/Burned)</attributeDefinition>
          <storageType>string</storageType>
          <measurementScale>
            <nominal>
              <nonNumericDomain>
                <textDomain>
                  <definition>State of trees in site (Live/Burned)</definition>
                </textDomain>
              </nonNumericDomain>
            </nominal>
          </measurementScale>
          <!--No missing value/character in database (datafilevarible/errorcode)-->
        </attribute>
        <attribute>
          <attributeName>Treatment</attributeName>
          <attributeLabel>Treatment</attributeLabel>
          <attributeDefinition>Experimental treatment (Down=Sample trees cut and log sections placed on ground; Standing = Sample trees left standing.)</attributeDefinition>
          <storageType>string</storageType>
          <measurementScale>
            <nominal>
              <nonNumericDomain>
                <textDomain>
                  <definition>Experimental treatment (Down=Sample trees cut and log sections placed on ground; Standing = Sample trees left standing.)</definition>
                </textDomain>
              </nonNumericDomain>
            </nominal>
          </measurementScale>
          <!--No missing value/character in database (datafilevarible/errorcode)-->
        </attribute>
        <attribute>
          <attributeName>Rep#</attributeName>
          <attributeLabel>Rep#</attributeLabel>
          <attributeDefinition>Replicate number for Species/Loc/State/Treatment combination.</attributeDefinition>
          <storageType>integer</storageType>
          <measurementScale>
            <nominal>
              <nonNumericDomain>
                <textDomain>
                  <definition>Replicate number for Species/Loc/State/Treatment combination.</definition>
                </textDomain>
              </nonNumericDomain>
            </nominal>
          </measurementScale>
          <!--No missing value/character in database (datafilevarible/errorcode)-->
        </attribute>
        <attribute>
          <attributeName>Site ID</attributeName>
          <attributeLabel>Site ID</attributeLabel>
          <attributeDefinition>Unique site identifier (site name)</attributeDefinition>
          <storageType>string</storageType>
          <measurementScale>
            <nominal>
              <nonNumericDomain>
                <textDomain>
                  <definition>Unique site identifier (site name)</definition>
                </textDomain>
              </nonNumericDomain>
            </nominal>
          </measurementScale>
          <!--No missing value/character in database (datafilevarible/errorcode)-->
        </attribute>
        <attribute>
          <attributeName>Site Yr</attributeName>
          <attributeLabel>Site Yr</attributeLabel>
          <attributeDefinition>Site Year (Year site was established.)</attributeDefinition>
          <storageType>integer</storageType>
          <measurementScale>
            <ratio>
              <unit>
                <standardUnit>dimensionless</standardUnit>
              </unit>
              <numericDomain>
                <numberType>real</numberType>
                <!--No minimum value recorded in database (datafilevaribles/minvalid)-->
              </numericDomain>
            </ratio>
          </measurementScale>
          <!--No missing value/character in database (datafilevarible/errorcode)-->
        </attribute>
        <attribute>
          <attributeName>Tree#</attributeName>
          <attributeLabel>Tree#</attributeLabel>
          <attributeDefinition>Tree number. (For taller stands, more than one log were taken from some trees. For sites where treatment = standing, Tree# matches Log#.)</attributeDefinition>
          <storageType>integer</storageType>
          <measurementScale>
            <nominal>
              <nonNumericDomain>
                <textDomain>
                  <definition>Tree number. (For taller stands, more than one log were taken from some trees. For sites where treatment = standing, Tree# matches Log#.)</definition>
                </textDomain>
              </nonNumericDomain>
            </nominal>
          </measurementScale>
          <!--No missing value/character in database (datafilevarible/errorcode)-->
        </attribute>
        <attribute>
          <attributeName>Log#</attributeName>
          <attributeLabel>Log#</attributeLabel>
          <attributeDefinition>Sample log number. (Matches Tree# for sites where treatment = standing.) (Log #s are unique within a site, but not accross the study.)</attributeDefinition>
          <storageType>integer</storageType>
          <measurementScale>
            <nominal>
              <nonNumericDomain>
                <textDomain>
                  <definition>Sample log number. (Matches Tree# for sites where treatment = standing.) (Log #s are unique within a site, but not accross the study.)</definition>
                </textDomain>
              </nonNumericDomain>
            </nominal>
          </measurementScale>
          <!--No missing value/character in database (datafilevarible/errorcode)-->
        </attribute>
        <attribute>
          <attributeName>Log ID</attributeName>
          <attributeLabel>Log ID</attributeLabel>
          <attributeDefinition>Unique log identifier</attributeDefinition>
          <storageType>string</storageType>
          <measurementScale>
            <nominal>
              <nonNumericDomain>
                <textDomain>
                  <definition>Unique log identifier</definition>
                </textDomain>
              </nonNumericDomain>
            </nominal>
          </measurementScale>
          <!--No missing value/character in database (datafilevarible/errorcode)-->
        </attribute>
        <attribute>
          <attributeName>Log Yr</attributeName>
          <attributeLabel>Log Yr</attributeLabel>
          <attributeDefinition>Year in which log is to be sampled.</attributeDefinition>
          <storageType>integer</storageType>
          <measurementScale>
            <ratio>
              <unit>
                <standardUnit>dimensionless</standardUnit>
              </unit>
              <numericDomain>
                <numberType>real</numberType>
                <!--No minimum value recorded in database (datafilevaribles/minvalid)-->
              </numericDomain>
            </ratio>
          </measurementScale>
          <!--No missing value/character in database (datafilevarible/errorcode)-->
        </attribute>
        <attribute>
          <attributeName>Log Time</attributeName>
          <attributeLabel>Log Time</attributeLabel>
          <attributeDefinition>Log Time. (Sampling time - in years from site establishment.) </attributeDefinition>
          <storageType>integer</storageType>
          <measurementScale>
            <ratio>
              <unit>
                <standardUnit>nominalYear</standardUnit>
              </unit>
              <numericDomain>
                <numberType>real</numberType>
                <!--No minimum value recorded in database (datafilevaribles/minvalid)-->
              </numericDomain>
            </ratio>
          </measurementScale>
          <!--No missing value/character in database (datafilevarible/errorcode)-->
        </attribute>
        <attribute>
          <attributeName>Length</attributeName>
          <attributeLabel>Length</attributeLabel>
          <attributeDefinition>Length of log (for sites where treatment = down)</attributeDefinition>
          <storageType>integer</storageType>
          <measurementScale>
            <ratio>
              <unit>
                <standardUnit>meter</standardUnit>
              </unit>
              <numericDomain>
                <numberType>real</numberType>
                <!--No minimum value recorded in database (datafilevaribles/minvalid)-->
              </numericDomain>
            </ratio>
          </measurementScale>
          <!--No missing value/character in database (datafilevarible/errorcode)-->
        </attribute>
        <attribute>
          <attributeName>Dia 0m</attributeName>
          <attributeLabel>Dia 0m</attributeLabel>
          <attributeDefinition>Diameter of log at butt end.</attributeDefinition>
          <storageType>float</storageType>
          <measurementScale>
            <ratio>
              <unit>
                <standardUnit>centimeter</standardUnit>
              </unit>
              <numericDomain>
                <numberType>real</numberType>
                <!--No minimum value recorded in database (datafilevaribles/minvalid)-->
              </numericDomain>
            </ratio>
          </measurementScale>
          <!--No missing value/character in database (datafilevarible/errorcode)-->
        </attribute>
        <attribute>
          <attributeName>Dia 1m</attributeName>
          <attributeLabel>Dia 1m</attributeLabel>
          <attributeDefinition>Diameter of log at 1 meter from butt end.</attributeDefinition>
          <storageType>float</storageType>
          <measurementScale>
            <ratio>
              <unit>
                <standardUnit>centimeter</standardUnit>
              </unit>
              <numericDomain>
                <numberType>real</numberType>
                <!--No minimum value recorded in database (datafilevaribles/minvalid)-->
              </numericDomain>
            </ratio>
          </measurementScale>
          <!--No missing value/character in database (datafilevarible/errorcode)-->
        </attribute>
        <attribute>
          <attributeName>Dia 2m</attributeName>
          <attributeLabel>Dia 2m</attributeLabel>
          <attributeDefinition>Diameter of log at 2 meters from butt end.</attributeDefinition>
          <storageType>float</storageType>
          <measurementScale>
            <ratio>
              <unit>
                <standardUnit>centimeter</standardUnit>
              </unit>
              <numericDomain>
                <numberType>real</numberType>
                <!--No minimum value recorded in database (datafilevaribles/minvalid)-->
              </numericDomain>
            </ratio>
          </measurementScale>
          <!--No missing value/character in database (datafilevarible/errorcode)-->
        </attribute>
        <attribute>
          <attributeName>Dia 3m</attributeName>
          <attributeLabel>Dia 3m</attributeLabel>
          <attributeDefinition>Diameter of log at 3 meters from butt end.</attributeDefinition>
          <storageType>float</storageType>
          <measurementScale>
            <ratio>
              <unit>
                <standardUnit>centimeter</standardUnit>
              </unit>
              <numericDomain>
                <numberType>real</numberType>
                <!--No minimum value recorded in database (datafilevaribles/minvalid)-->
              </numericDomain>
            </ratio>
          </measurementScale>
          <!--No missing value/character in database (datafilevarible/errorcode)-->
        </attribute>
        <attribute>
          <attributeName>Dia 4m</attributeName>
          <attributeLabel>Dia 4m</attributeLabel>
          <attributeDefinition>Diameter of log at 4 meters from butt end.</attributeDefinition>
          <storageType>float</storageType>
          <measurementScale>
            <ratio>
              <unit>
                <standardUnit>centimeter</standardUnit>
              </unit>
              <numericDomain>
                <numberType>real</numberType>
                <!--No minimum value recorded in database (datafilevaribles/minvalid)-->
              </numericDomain>
            </ratio>
          </measurementScale>
          <!--No missing value/character in database (datafilevarible/errorcode)-->
        </attribute>
        <attribute>
          <attributeName>Ave Dia</attributeName>
          <attributeLabel>Ave Dia</attributeLabel>
          <attributeDefinition>Average of the diameter measurements for the log.</attributeDefinition>
          <storageType>float</storageType>
          <measurementScale>
            <ratio>
              <unit>
                <standardUnit>centimeter</standardUnit>
              </unit>
              <numericDomain>
                <numberType>real</numberType>
                <!--No minimum value recorded in database (datafilevaribles/minvalid)-->
              </numericDomain>
            </ratio>
          </measurementScale>
          <!--No missing value/character in database (datafilevarible/errorcode)-->
        </attribute>
        <attribute>
          <attributeName>D-Base</attributeName>
          <attributeLabel>D-Base</attributeLabel>
          <attributeDefinition>Basal diameter of the tree (for sites where treatment = standing).</attributeDefinition>
          <storageType>float</storageType>
          <measurementScale>
            <ratio>
              <unit>
                <standardUnit>centimeter</standardUnit>
              </unit>
              <numericDomain>
                <numberType>real</numberType>
                <!--No minimum value recorded in database (datafilevaribles/minvalid)-->
              </numericDomain>
            </ratio>
          </measurementScale>
          <!--No missing value/character in database (datafilevarible/errorcode)-->
        </attribute>
        <attribute>
          <attributeName>DBH</attributeName>
          <attributeLabel>DBH</attributeLabel>
          <attributeDefinition>Diameter at breast-height (for sites where treatment = standing).</attributeDefinition>
          <storageType>float</storageType>
          <measurementScale>
            <ratio>
              <unit>
                <standardUnit>centimeter</standardUnit>
              </unit>
              <numericDomain>
                <numberType>real</numberType>
                <!--No minimum value recorded in database (datafilevaribles/minvalid)-->
              </numericDomain>
            </ratio>
          </measurementScale>
          <!--No missing value/character in database (datafilevarible/errorcode)-->
        </attribute>
        <attribute>
          <attributeName>Height</attributeName>
          <attributeLabel>Height</attributeLabel>
          <attributeDefinition>Tree height (for sites where treatment = stanging).</attributeDefinition>
          <storageType>float</storageType>
          <measurementScale>
            <ratio>
              <unit>
                <standardUnit>meter</standardUnit>
              </unit>
              <numericDomain>
                <numberType>real</numberType>
                <!--No minimum value recorded in database (datafilevaribles/minvalid)-->
              </numericDomain>
            </ratio>
          </measurementScale>
          <!--No missing value/character in database (datafilevarible/errorcode)-->
        </attribute>
        <attribute>
          <attributeName>Bear</attributeName>
          <attributeLabel>Bear</attributeLabel>
          <attributeDefinition>Bearing in degrees from magnetic north of log from the site reference point.</attributeDefinition>
          <storageType>integer</storageType>
          <measurementScale>
            <ratio>
              <unit>
                <standardUnit>degree</standardUnit>
              </unit>
              <numericDomain>
                <numberType>real</numberType>
                <!--No minimum value recorded in database (datafilevaribles/minvalid)-->
              </numericDomain>
            </ratio>
          </measurementScale>
          <!--No missing value/character in database (datafilevarible/errorcode)-->
        </attribute>
        <attribute>
          <attributeName>Dist</attributeName>
          <attributeLabel>Dist</attributeLabel>
          <attributeDefinition>Distance from the site reference point.</attributeDefinition>
          <storageType>float</storageType>
          <measurementScale>
            <ratio>
              <unit>
                <standardUnit>meter</standardUnit>
              </unit>
              <numericDomain>
                <numberType>real</numberType>
                <!--No minimum value recorded in database (datafilevaribles/minvalid)-->
              </numericDomain>
            </ratio>
          </measurementScale>
          <!--No missing value/character in database (datafilevarible/errorcode)-->
        </attribute>
        <attribute>
          <attributeName>Orient</attributeName>
          <attributeLabel>Orient</attributeLabel>
          <attributeDefinition>Orientation in degrees from magnetic north of the log on the ground (for treatment = down).</attributeDefinition>
          <storageType>integer</storageType>
          <measurementScale>
            <ratio>
              <unit>
                <standardUnit>degree</standardUnit>
              </unit>
              <numericDomain>
                <numberType>real</numberType>
                <!--No minimum value recorded in database (datafilevaribles/minvalid)-->
              </numericDomain>
            </ratio>
          </measurementScale>
          <!--No missing value/character in database (datafilevarible/errorcode)-->
        </attribute>
        <attribute>
          <attributeName>Vol1</attributeName>
          <attributeLabel>Vol1</attributeLabel>
          <attributeDefinition>Computed volume of the 1st 1 meter segment of the log.</attributeDefinition>
          <storageType>integer</storageType>
          <measurementScale>
            <ratio>
              <unit>
                <customUnit>cubiccm</customUnit>
              </unit>
              <numericDomain>
                <numberType>real</numberType>
                <!--No minimum value recorded in database (datafilevaribles/minvalid)-->
              </numericDomain>
            </ratio>
          </measurementScale>
          <!--No missing value/character in database (datafilevarible/errorcode)-->
        </attribute>
        <attribute>
          <attributeName>Vol2</attributeName>
          <attributeLabel>Vol2</attributeLabel>
          <attributeDefinition>Computed volume of the 2nd 1 meter segment of the log.</attributeDefinition>
          <storageType>integer</storageType>
          <measurementScale>
            <ratio>
              <unit>
                <customUnit>cubiccm</customUnit>
              </unit>
              <numericDomain>
                <numberType>real</numberType>
                <!--No minimum value recorded in database (datafilevaribles/minvalid)-->
              </numericDomain>
            </ratio>
          </measurementScale>
          <!--No missing value/character in database (datafilevarible/errorcode)-->
        </attribute>
        <attribute>
          <attributeName>Vol3</attributeName>
          <attributeLabel>Vol3</attributeLabel>
          <attributeDefinition>Computed volume of the 3rd 1 meter segment of the log.</attributeDefinition>
          <storageType>integer</storageType>
          <measurementScale>
            <ratio>
              <unit>
                <customUnit>cubiccm</customUnit>
              </unit>
              <numericDomain>
                <numberType>real</numberType>
                <!--No minimum value recorded in database (datafilevaribles/minvalid)-->
              </numericDomain>
            </ratio>
          </measurementScale>
          <!--No missing value/character in database (datafilevarible/errorcode)-->
        </attribute>
        <attribute>
          <attributeName>Vol4</attributeName>
          <attributeLabel>Vol4</attributeLabel>
          <attributeDefinition>Computed volume of the 4th 1 meter segment of the log.</attributeDefinition>
          <storageType>integer</storageType>
          <measurementScale>
            <ratio>
              <unit>
                <customUnit>cubiccm</customUnit>
              </unit>
              <numericDomain>
                <numberType>real</numberType>
                <!--No minimum value recorded in database (datafilevaribles/minvalid)-->
              </numericDomain>
            </ratio>
          </measurementScale>
          <!--No missing value/character in database (datafilevarible/errorcode)-->
        </attribute>
        <attribute>
          <attributeName>Tot Vol</attributeName>
          <attributeLabel>Tot Vol</attributeLabel>
          <attributeDefinition>Sum of the segment volumes.</attributeDefinition>
          <storageType>integer</storageType>
          <measurementScale>
            <ratio>
              <unit>
                <customUnit>cubiccm</customUnit>
              </unit>
              <numericDomain>
                <numberType>real</numberType>
                <!--No minimum value recorded in database (datafilevaribles/minvalid)-->
              </numericDomain>
            </ratio>
          </measurementScale>
          <!--No missing value/character in database (datafilevarible/errorcode)-->
        </attribute>
      </attributeList>
    </dataTable>
  </dataset>
  <additionalMetadata>
    <metadata>
      <unitList>
        <unit id="cubiccm"/>
      </unitList>
    </metadata>
  </additionalMetadata>
</eml:eml>
