<?xml version="1.0" encoding="UTF-8"?>
<eml:eml packageId="knb-lter-bnz.414.14" scope="system"
  system="https://pasta.lternet.edu"
  xmlns:ds="eml://ecoinformatics.org/dataset-2.1.0"
  xmlns:eml="eml://ecoinformatics.org/eml-2.1.1"
  xmlns:stmml="http://www.xml-cml.org/schema/stmml-1.1"
  xmlns:xsi="http://www.w3.org/2001/XMLSchema-instance" xsi:schemaLocation="eml://ecoinformatics.org/eml-2.1.0&#xa;&#x9;&#x9;&#x9;&#x9;http://nis.lternet.edu/schemas/EML/eml-2.1.0/eml.xsd">
  <access authSystem="https://pasta.lternet.edu/authentication"
    order="allowFirst" scope="document" system="https://pasta.lternet.edu">
    <allow>
      <principal>uid=BNZ,o=lter,dc=ecoinformatics,dc=org</principal>
      <permission>all</permission>
    </allow>
    <allow>
      <principal>public</principal>
      <permission>read</permission>
    </allow>
  </access>
  <dataset>
    <shortName>knb-lter-bnz.414.14</shortName>
    <title>Aspen NPP: Tree density and basal area by diameter sizeclass in upland mid- and late-successional stands: 1989-2008</title>
    <creator>
      <individualName>
        <givenName>Roger</givenName>
        <givenName>W.</givenName>
        <surName>Ruess</surName>
      </individualName>
      <positionName>Primary Investigator</positionName>
      <address>
        <deliveryPoint>Institute of Arctic Biology  University of Alaska Fairbanks P.O. Box 757000</deliveryPoint>
        <city>Fairbanks</city>
        <administrativeArea>AK </administrativeArea>
        <postalCode>99775-0180</postalCode>
        <country>United States</country>
      </address>
      <phone phonetype="voice">(907) 474-7153</phone>
      <phone phonetype="fax">(907) 474-6967</phone>
      <electronicMailAddress>rwruess@alaska.edu</electronicMailAddress>
      <onlineUrl>http://www.iab.uaf.edu/~roger_ruess/</onlineUrl>
    </creator>
    <creator>
      <organizationName>Bonanza Creek LTER</organizationName>
      <address>
        <deliveryPoint>Boreal Ecology Cooperative Research Unit </deliveryPoint>
        <deliveryPoint>University of Alaska Fairbanks</deliveryPoint>
        <deliveryPoint>P.O. Box 756780 </deliveryPoint>
        <city>Fairbanks</city>
        <administrativeArea>AK</administrativeArea>
        <postalCode>99775</postalCode>
        <country>USA</country>
      </address>
      <phone phonetype="voice">907-474-6364</phone>
      <phone phonetype="fax">907-474-6251</phone>
      <electronicMailAddress>uaf-bnz-im-team@alaska.edu</electronicMailAddress>
      <onlineUrl>http://www.lter.uaf.edu</onlineUrl>
    </creator>
    <metadataProvider>
      <organizationName>Bonanza Creek LTER</organizationName>
      <positionName>Data Manager</positionName>
      <address>
        <deliveryPoint>Boreal Ecology Cooperative Research Unit </deliveryPoint>
        <deliveryPoint>University of Alaska Fairbanks</deliveryPoint>
        <deliveryPoint>P.O. Box 756780 </deliveryPoint>
        <city>Fairbanks</city>
        <administrativeArea>AK</administrativeArea>
        <postalCode>99775</postalCode>
        <country>USA</country>
      </address>
      <phone phonetype="voice">907-474-6364</phone>
      <phone phonetype="fax">907-474-6251</phone>
      <electronicMailAddress>uaf-bnz-im-team@alaska.edu</electronicMailAddress>
      <onlineUrl>http://www.lter.uaf.edu</onlineUrl>
    </metadataProvider>
    <associatedParty>
      <individualName>
        <givenName>Jamie</givenName>
        <surName>Hollingsworth</surName>
      </individualName>
      <positionName>Bonanza Creek LTER Site Manager</positionName>
      <address>
        <deliveryPoint>Boreal Ecology Cooperative Research Unit University of Alaska Fairbanks  School of Agriculture and Land Resources Management P.O. Box 756780</deliveryPoint>
        <city>Fairbanks</city>
        <administrativeArea>AK </administrativeArea>
        <postalCode>99775</postalCode>
        <country>United States</country>
      </address>
      <phone phonetype="voice">(907) 474-7470</phone>
      <phone phonetype="fax">(907) 474-6251</phone>
      <role>Associated investigator</role>
    </associatedParty>
    <associatedParty>
      <individualName>
        <givenName>Joy</givenName>
        <givenName>S.</givenName>
        <surName>Clein</surName>
      </individualName>
      <positionName>Research Professional</positionName>
      <address>
        <deliveryPoint>Institute of Arctic Biology  University of Alaska Fairbanks P.O. Box 757000</deliveryPoint>
        <city>Fairbanks</city>
        <administrativeArea>AK </administrativeArea>
        <postalCode>99775-7000</postalCode>
        <country>United States</country>
      </address>
      <phone phonetype="voice">(907) 474-5660</phone>
      <phone phonetype="fax">(907) 474-6967</phone>
      <role>Associated investigator</role>
    </associatedParty>
    <pubDate>2009-12-09</pubDate>
    <abstract>
      <para>This data set is derived from BNZ LTER inventory plots.  Stand density and basal area are listed by diameter size class of live aspen trees for each replicate stand within mid-successional upland landscapes by year from 1989-2008.</para>
    </abstract>
    <keywordSet>
      <keyword>net primary production</keyword>
      <keyword>aspen</keyword>
      <keyword>stand density</keyword>
      <keyword>basal area</keyword>
      <keywordThesaurus>Primary Production</keywordThesaurus>
    </keywordSet>
    <intellectualRights>
      <section>
        <title>Access to Data</title>
        <para>While metadata will be freely available to those requesting it, the data manager will assure that any restrictions on access to data sets in the database will be enforced. Data will not be released without proper permission first being obtained from the investigator who generated the data. </para>
      </section>
      <section>
        <title>Use of data</title>
        <para> Researchers should receive adequate acknowledgment for the use of their data by others and should be provided with copies of publications using their data. Users of data from the data base must be aware that data is not to be sold or redistributed.</para>
      </section>
      <section>
        <title>Citing Bonanza Creek LTER Datasets</title>
        <para>It is considered a matter of professional ethics to acknowledge the work of other scientists. Thus, the Data User will properly cite the Data Set in any publications or in the metadata of any derived data products that were produced using the Data Set. </para>
      </section>
    </intellectualRights>
    <distribution id="distributionReference">
      <online>
        <url function="information">http://www.lter.uaf.edu/data_detail.cfm?datafile_pkey=414</url>
      </online>
    </distribution>
    <coverage>
      <geographicCoverage id="geoReference">
        <geographicDescription>Site information unavailable</geographicDescription>
        <boundingCoordinates>
          <westBoundingCoordinate>-148.3790685</westBoundingCoordinate>
          <eastBoundingCoordinate>-148.2446238</eastBoundingCoordinate>
          <northBoundingCoordinate>64.7666796</northBoundingCoordinate>
          <southBoundingCoordinate>64.68862521</southBoundingCoordinate>
        </boundingCoordinates>
      </geographicCoverage>
      <temporalCoverage>
        <rangeOfDates>
          <beginDate>
            <calendarDate>1989-09-01</calendarDate>
          </beginDate>
          <endDate>
            <calendarDate>2008-10-01</calendarDate>
          </endDate>
        </rangeOfDates>
      </temporalCoverage>
    </coverage>
    <maintenance>
      <description>
        <section>
          <title>Status</title>
          <para>Completed</para>
        </section>
      </description>
    </maintenance>
    <contact>
      <positionName>Information Manager</positionName>
      <organizationName>LTER Network Office</organizationName>
      <address>
        <deliveryPoint>UNM Biology Department, MSC03-2020</deliveryPoint>
        <deliveryPoint>1 University of New Mexico</deliveryPoint>
        <city>Albuquerque</city>
        <administrativeArea>NM</administrativeArea>
        <postalCode>87131-0001</postalCode>
        <country>USA</country>
      </address>
      <phone phonetype="voice">505 277-2535</phone>
      <phone phonetype="fax">505 277-2541</phone>
      <electronicMailAddress>tech-support@lternet.edu</electronicMailAddress>
      <onlineUrl>http://www.lternet.edu</onlineUrl>
    </contact>
    <contact>
      <organizationName>Bonanza Creek LTER</organizationName>
      <positionName>Data Manager</positionName>
      <address>
        <deliveryPoint>Boreal Ecology Cooperative Research Unit </deliveryPoint>
        <deliveryPoint>University of Alaska Fairbanks</deliveryPoint>
        <deliveryPoint>P.O. Box 756780 </deliveryPoint>
        <city>Fairbanks</city>
        <administrativeArea>AK</administrativeArea>
        <postalCode>99775</postalCode>
        <country>USA</country>
      </address>
      <phone phonetype="voice">907-474-6364</phone>
      <phone phonetype="fax">907-474-6251</phone>
      <electronicMailAddress>uaf-bnz-im-team@alaska.edu</electronicMailAddress>
      <onlineUrl>http://www.lter.uaf.edu</onlineUrl>
    </contact>
    <publisher>
      <organizationName>Bonanza Creek LTER</organizationName>
      <address>
        <deliveryPoint>Boreal Ecology Cooperative Research Unit </deliveryPoint>
        <deliveryPoint>University of Alaska Fairbanks</deliveryPoint>
        <deliveryPoint>P.O. Box 756780 </deliveryPoint>
        <city>Fairbanks</city>
        <administrativeArea>AK</administrativeArea>
        <postalCode>99775</postalCode>
        <country>USA</country>
      </address>
      <phone phonetype="voice">907-474-6364</phone>
      <phone phonetype="fax">907-474-6251</phone>
    </publisher>
    <pubPlace>Bonanza Creek LTER</pubPlace>
    <methods>
      <methodStep>
        <description>
          <section>
            <title>Experimental Design</title>
            <para>See details for inventory plot and long-term vegetation monitoring plots</para>
          </section>
          <section>
            <title>Methods</title>
            <para>FIELD: See raw inventory data sets for complete field methods.  Briefly, every individual within permanent plots is numbered and DBH measured every 3-4 years.</para>
          </section>
        </description>
      </methodStep>
      <sampling>
        <studyExtent>
          <coverage>
            <geographicCoverage>
              <references>geoReference</references>
            </geographicCoverage>
            <temporalCoverage>
              <rangeOfDates>
                <beginDate>
                  <calendarDate>1989-09-01</calendarDate>
                </beginDate>
                <endDate>
                  <calendarDate>2008-10-01</calendarDate>
                </endDate>
              </rangeOfDates>
            </temporalCoverage>
          </coverage>
        </studyExtent>
        <samplingDescription>
          <section>
            <title>Sampling Frequency</title>
            <para>3-5 years</para>
          </section>
        </samplingDescription>
      </sampling>
    </methods>
    <dataTable>
      <entityName>414_AspenDensityAndBasalArea.txt</entityName>
      <entityDescription>Stand density and basal area are listed by diameter size class of live aspen trees for each replicate stand within mid-successional upland landscapes by year from 1989-2008.</entityDescription>
      <physical>
        <objectName>414_AspenDensityAndBasalArea.txt</objectName>
        <dataFormat>
          <textFormat>
            <numHeaderLines>1</numHeaderLines>
            <recordDelimiter>\n</recordDelimiter>
            <physicalLineDelimiter>\n</physicalLineDelimiter>
            <attributeOrientation>column</attributeOrientation>
            <simpleDelimited>
              <fieldDelimiter>,</fieldDelimiter>
            </simpleDelimited>
          </textFormat>
        </dataFormat>
        <distribution>
          <online>
            <url function="download">https://pasta.lternet.edu/package/data/eml/knb-lter-bnz/414/14/88b97780c63ec27d8a26152182035e5c</url>
          </online>
        </distribution>
      </physical>
      <attributeList>
        <attribute>
          <attributeName>Landscape</attributeName>
          <attributeLabel>Landscape</attributeLabel>
          <attributeDefinition>Abbreviation for landscape: F=Floodplain, U=Uplands</attributeDefinition>
          <storageType>string</storageType>
          <measurementScale>
            <nominal>
              <nonNumericDomain>
                <enumeratedDomain>
                  <codeDefinition>
                    <code>Abbreviation for landscape: F</code>
                    <definition>Floodplain</definition>
                  </codeDefinition>
                  <codeDefinition>
                    <code> U</code>
                    <definition>Uplands</definition>
                  </codeDefinition>
                </enumeratedDomain>
              </nonNumericDomain>
            </nominal>
          </measurementScale>
          <!--No missing value/character in database (datafilevarible/errorcode)-->
        </attribute>
        <attribute>
          <attributeName>Site</attributeName>
          <attributeLabel>Site</attributeLabel>
          <attributeDefinition>Site number: see Inventory plot notations</attributeDefinition>
          <storageType>string</storageType>
          <measurementScale>
            <nominal>
              <nonNumericDomain>
                <textDomain>
                  <definition>Site number: see Inventory plot notations</definition>
                </textDomain>
              </nonNumericDomain>
            </nominal>
          </measurementScale>
          <!--No missing value/character in database (datafilevarible/errorcode)-->
        </attribute>
        <attribute>
          <attributeName>REP</attributeName>
          <attributeLabel>REP</attributeLabel>
          <attributeDefinition>Abbreviation for stand replicate (A, B, or C)</attributeDefinition>
          <storageType>string</storageType>
          <measurementScale>
            <nominal>
              <nonNumericDomain>
                <textDomain>
                  <definition>Abbreviation for stand replicate (A, B, or C)</definition>
                </textDomain>
              </nonNumericDomain>
            </nominal>
          </measurementScale>
          <!--No missing value/character in database (datafilevarible/errorcode)-->
        </attribute>
        <attribute>
          <attributeName>YEAR</attributeName>
          <attributeLabel>YEAR</attributeLabel>
          <attributeDefinition>Year data were recorded</attributeDefinition>
          <storageType>integer</storageType>
          <measurementScale>
            <ratio>
              <unit>
                <standardUnit>dimensionless</standardUnit>
              </unit>
              <numericDomain>
                <numberType>real</numberType>
                <!--No minimum value recorded in database (datafilevaribles/minvalid)-->
              </numericDomain>
            </ratio>
          </measurementScale>
          <missingValueCode>
            <code>.</code>
            <codeExplanation>Missing Value</codeExplanation>
          </missingValueCode>
        </attribute>
        <attribute>
          <attributeName>SIZECLASS</attributeName>
          <attributeLabel>SIZECLASS</attributeLabel>
          <attributeDefinition>Diameter sizeclass (at DBH): 0=0-9.99 cm, 1=10-10.99 cm, 2=20-20.99 cm, 3=30-30.99 cm, 4=40-40.99 cm, 5=50-50.99 cm, 6=60-60.99 cm, 7=70-70.99 cm</attributeDefinition>
          <storageType>float</storageType>
          <measurementScale>
            <ratio>
              <unit>
                <standardUnit>centimeter</standardUnit>
              </unit>
              <numericDomain>
                <numberType>real</numberType>
                <!--No minimum value recorded in database (datafilevaribles/minvalid)-->
              </numericDomain>
            </ratio>
          </measurementScale>
          <missingValueCode>
            <code>.</code>
            <codeExplanation>Missing Value</codeExplanation>
          </missingValueCode>
        </attribute>
        <attribute>
          <attributeName>DENSITY</attributeName>
          <attributeLabel>DENSITY</attributeLabel>
          <attributeDefinition>Density of trees in stand</attributeDefinition>
          <storageType>float</storageType>
          <measurementScale>
            <ratio>
              <unit>
                <customUnit>trees/ha</customUnit>
              </unit>
              <numericDomain>
                <numberType>real</numberType>
                <!--No minimum value recorded in database (datafilevaribles/minvalid)-->
              </numericDomain>
            </ratio>
          </measurementScale>
          <missingValueCode>
            <code>.</code>
            <codeExplanation>Missing Value</codeExplanation>
          </missingValueCode>
        </attribute>
        <attribute>
          <attributeName>BA</attributeName>
          <attributeLabel>BA</attributeLabel>
          <attributeDefinition>Stand basal area</attributeDefinition>
          <storageType>float</storageType>
          <measurementScale>
            <ratio>
              <unit>
                <customUnit>m2/ha</customUnit>
              </unit>
              <numericDomain>
                <numberType>real</numberType>
                <!--No minimum value recorded in database (datafilevaribles/minvalid)-->
              </numericDomain>
            </ratio>
          </measurementScale>
          <missingValueCode>
            <code>.</code>
            <codeExplanation>Missing Value</codeExplanation>
          </missingValueCode>
        </attribute>
      </attributeList>
    </dataTable>
  </dataset>
  <additionalMetadata>
    <metadata>
      <unitList>
        <unit id="m2/ha"/>
        <unit id="trees/ha"/>
      </unitList>
    </metadata>
  </additionalMetadata>
</eml:eml>
