<?xml version="1.0" encoding="UTF-8"?>
<eml:eml packageId="knb-lter-bnz.416.14" scope="system"
  system="https://pasta.lternet.edu"
  xmlns:ds="eml://ecoinformatics.org/dataset-2.1.0"
  xmlns:eml="eml://ecoinformatics.org/eml-2.1.1"
  xmlns:stmml="http://www.xml-cml.org/schema/stmml-1.1"
  xmlns:xsi="http://www.w3.org/2001/XMLSchema-instance" xsi:schemaLocation="eml://ecoinformatics.org/eml-2.1.0&#xa;&#x9;&#x9;&#x9;&#x9;http://nis.lternet.edu/schemas/EML/eml-2.1.0/eml.xsd">
  <access authSystem="https://pasta.lternet.edu/authentication"
    order="allowFirst" scope="document" system="https://pasta.lternet.edu">
    <allow>
      <principal>uid=BNZ,o=lter,dc=ecoinformatics,dc=org</principal>
      <permission>all</permission>
    </allow>
    <allow>
      <principal>public</principal>
      <permission>read</permission>
    </allow>
  </access>
  <dataset>
    <shortName>knb-lter-bnz.416.14</shortName>
    <title>Aspen NPP per tree calculated from dendrometer bands annually from 1994 to 2008</title>
    <creator>
      <individualName>
        <givenName>Roger</givenName>
        <givenName>W.</givenName>
        <surName>Ruess</surName>
      </individualName>
      <positionName>Primary Investigator</positionName>
      <address>
        <deliveryPoint>Institute of Arctic Biology  University of Alaska Fairbanks P.O. Box 757000</deliveryPoint>
        <city>Fairbanks</city>
        <administrativeArea>AK </administrativeArea>
        <postalCode>99775-0180</postalCode>
        <country>United States</country>
      </address>
      <phone phonetype="voice">(907) 474-7153</phone>
      <phone phonetype="fax">(907) 474-6967</phone>
      <electronicMailAddress>rwruess@alaska.edu</electronicMailAddress>
      <onlineUrl>http://www.iab.uaf.edu/~roger_ruess/</onlineUrl>
    </creator>
    <creator>
      <organizationName>Bonanza Creek LTER</organizationName>
      <address>
        <deliveryPoint>Boreal Ecology Cooperative Research Unit </deliveryPoint>
        <deliveryPoint>University of Alaska Fairbanks</deliveryPoint>
        <deliveryPoint>P.O. Box 756780 </deliveryPoint>
        <city>Fairbanks</city>
        <administrativeArea>AK</administrativeArea>
        <postalCode>99775</postalCode>
        <country>USA</country>
      </address>
      <phone phonetype="voice">907-474-6364</phone>
      <phone phonetype="fax">907-474-6251</phone>
      <electronicMailAddress>uaf-bnz-im-team@alaska.edu</electronicMailAddress>
      <onlineUrl>http://www.lter.uaf.edu</onlineUrl>
    </creator>
    <metadataProvider>
      <organizationName>Bonanza Creek LTER</organizationName>
      <positionName>Data Manager</positionName>
      <address>
        <deliveryPoint>Boreal Ecology Cooperative Research Unit </deliveryPoint>
        <deliveryPoint>University of Alaska Fairbanks</deliveryPoint>
        <deliveryPoint>P.O. Box 756780 </deliveryPoint>
        <city>Fairbanks</city>
        <administrativeArea>AK</administrativeArea>
        <postalCode>99775</postalCode>
        <country>USA</country>
      </address>
      <phone phonetype="voice">907-474-6364</phone>
      <phone phonetype="fax">907-474-6251</phone>
      <electronicMailAddress>uaf-bnz-im-team@alaska.edu</electronicMailAddress>
      <onlineUrl>http://www.lter.uaf.edu</onlineUrl>
    </metadataProvider>
    <associatedParty>
      <individualName>
        <givenName>Jamie</givenName>
        <surName>Hollingsworth</surName>
      </individualName>
      <positionName>Bonanza Creek LTER Site Manager</positionName>
      <address>
        <deliveryPoint>Boreal Ecology Cooperative Research Unit University of Alaska Fairbanks  School of Agriculture and Land Resources Management P.O. Box 756780</deliveryPoint>
        <city>Fairbanks</city>
        <administrativeArea>AK </administrativeArea>
        <postalCode>99775</postalCode>
        <country>United States</country>
      </address>
      <phone phonetype="voice">(907) 474-7470</phone>
      <phone phonetype="fax">(907) 474-6251</phone>
      <role>Associated investigator</role>
    </associatedParty>
    <associatedParty>
      <individualName>
        <givenName>Joy</givenName>
        <givenName>S.</givenName>
        <surName>Clein</surName>
      </individualName>
      <positionName>Research Professional</positionName>
      <address>
        <deliveryPoint>Institute of Arctic Biology  University of Alaska Fairbanks P.O. Box 757000</deliveryPoint>
        <city>Fairbanks</city>
        <administrativeArea>AK </administrativeArea>
        <postalCode>99775-7000</postalCode>
        <country>United States</country>
      </address>
      <phone phonetype="voice">(907) 474-5660</phone>
      <phone phonetype="fax">(907) 474-6967</phone>
      <role>Associated investigator</role>
    </associatedParty>
    <pubDate>2009-12-09</pubDate>
    <abstract>
      <para>This data set is derived from BNZ LTER inventory plots, where band dendrometers are in place on trees within each diameter size class (typically 10 trees per 10 cm increment diameter size class).  Dendrometer bands are read in the fall each year.  Biomass is calculated from allometric equations, from which annual biomass increments are derived.  Data are reported as the average annual growth per tree across all trees within a given landscape and successional stage and reported as kg biomass/tree/year.</para>
    </abstract>
    <keywordSet>
      <keyword>net primary production</keyword>
      <keyword>aspen</keyword>
      <keywordThesaurus>Primary Production</keywordThesaurus>
    </keywordSet>
    <intellectualRights>
      <section>
        <title>Access to Data</title>
        <para>While metadata will be freely available to those requesting it, the data manager will assure that any restrictions on access to data sets in the database will be enforced. Data will not be released without proper permission first being obtained from the investigator who generated the data. </para>
      </section>
      <section>
        <title>Use of data</title>
        <para> Researchers should receive adequate acknowledgment for the use of their data by others and should be provided with copies of publications using their data. Users of data from the data base must be aware that data is not to be sold or redistributed.</para>
      </section>
      <section>
        <title>Citing Bonanza Creek LTER Datasets</title>
        <para>It is considered a matter of professional ethics to acknowledge the work of other scientists. Thus, the Data User will properly cite the Data Set in any publications or in the metadata of any derived data products that were produced using the Data Set. </para>
      </section>
    </intellectualRights>
    <distribution id="distributionReference">
      <online>
        <url function="information">http://www.lter.uaf.edu/data_detail.cfm?datafile_pkey=416</url>
      </online>
    </distribution>
    <coverage>
      <geographicCoverage id="geoReference">
        <geographicDescription>Site information unavailable</geographicDescription>
        <boundingCoordinates>
          <westBoundingCoordinate>-148.3790685</westBoundingCoordinate>
          <eastBoundingCoordinate>-148.3537914</eastBoundingCoordinate>
          <northBoundingCoordinate>64.69390269</northBoundingCoordinate>
          <southBoundingCoordinate>64.68862521</southBoundingCoordinate>
        </boundingCoordinates>
      </geographicCoverage>
      <temporalCoverage>
        <rangeOfDates>
          <beginDate>
            <calendarDate>1993-09-01</calendarDate>
          </beginDate>
          <endDate>
            <calendarDate>2008-10-01</calendarDate>
          </endDate>
        </rangeOfDates>
      </temporalCoverage>
    </coverage>
    <maintenance>
      <description>
        <section>
          <title>Status</title>
          <para>Completed</para>
        </section>
      </description>
    </maintenance>
    <contact>
      <positionName>Information Manager</positionName>
      <organizationName>LTER Network Office</organizationName>
      <address>
        <deliveryPoint>UNM Biology Department, MSC03-2020</deliveryPoint>
        <deliveryPoint>1 University of New Mexico</deliveryPoint>
        <city>Albuquerque</city>
        <administrativeArea>NM</administrativeArea>
        <postalCode>87131-0001</postalCode>
        <country>USA</country>
      </address>
      <phone phonetype="voice">505 277-2535</phone>
      <phone phonetype="fax">505 277-2541</phone>
      <electronicMailAddress>tech-support@lternet.edu</electronicMailAddress>
      <onlineUrl>http://www.lternet.edu</onlineUrl>
    </contact>
    <contact>
      <organizationName>Bonanza Creek LTER</organizationName>
      <positionName>Data Manager</positionName>
      <address>
        <deliveryPoint>Boreal Ecology Cooperative Research Unit </deliveryPoint>
        <deliveryPoint>University of Alaska Fairbanks</deliveryPoint>
        <deliveryPoint>P.O. Box 756780 </deliveryPoint>
        <city>Fairbanks</city>
        <administrativeArea>AK</administrativeArea>
        <postalCode>99775</postalCode>
        <country>USA</country>
      </address>
      <phone phonetype="voice">907-474-6364</phone>
      <phone phonetype="fax">907-474-6251</phone>
      <electronicMailAddress>uaf-bnz-im-team@alaska.edu</electronicMailAddress>
      <onlineUrl>http://www.lter.uaf.edu</onlineUrl>
    </contact>
    <publisher>
      <organizationName>Bonanza Creek LTER</organizationName>
      <address>
        <deliveryPoint>Boreal Ecology Cooperative Research Unit </deliveryPoint>
        <deliveryPoint>University of Alaska Fairbanks</deliveryPoint>
        <deliveryPoint>P.O. Box 756780 </deliveryPoint>
        <city>Fairbanks</city>
        <administrativeArea>AK</administrativeArea>
        <postalCode>99775</postalCode>
        <country>USA</country>
      </address>
      <phone phonetype="voice">907-474-6364</phone>
      <phone phonetype="fax">907-474-6251</phone>
    </publisher>
    <pubPlace>Bonanza Creek LTER</pubPlace>
    <methods>
      <methodStep>
        <description>
          <section>
            <title>Experimental Design</title>
            <para>See details for inventory plot and long-term vegetation monitoring plots</para>
          </section>
          <section>
            <title>Methods</title>
            <para>FIELD: See raw inventory data sets for complete field methods.  Briefly, every individual within permanent plots is numbered and DBH measured every 3-4 years.   LAB:  Biomass of aspen trees calculated from DBH according to the following equation: Biomass (kg dry weight) =  (-1834.45*DBH + 439.664*DBH*DBH)/1000.  N for mean and standard error calculations = the total number of trees within a given successional stage and landscape.</para>
          </section>
        </description>
      </methodStep>
      <sampling>
        <studyExtent>
          <coverage>
            <geographicCoverage>
              <references>geoReference</references>
            </geographicCoverage>
            <temporalCoverage>
              <rangeOfDates>
                <beginDate>
                  <calendarDate>1993-09-01</calendarDate>
                </beginDate>
                <endDate>
                  <calendarDate>2008-10-01</calendarDate>
                </endDate>
              </rangeOfDates>
            </temporalCoverage>
          </coverage>
        </studyExtent>
        <samplingDescription>
          <section>
            <title>Sampling Frequency</title>
            <para>3-5 years</para>
          </section>
        </samplingDescription>
      </sampling>
    </methods>
    <dataTable>
      <entityName>416_Aspen_NPP_PerTreeDendrometerBands_1994-2008.txt</entityName>
      <entityDescription>This data set is derived from BNZ LTER inventory plots, where band dendrometers are in place on trees within each diameter size class (typically 10 trees per 10 cm increment diameter size class).</entityDescription>
      <physical>
        <objectName>416_Aspen_NPP_PerTreeDendrometerBands_1994-2008.txt</objectName>
        <dataFormat>
          <textFormat>
            <numHeaderLines>1</numHeaderLines>
            <recordDelimiter>\n</recordDelimiter>
            <physicalLineDelimiter>\n</physicalLineDelimiter>
            <attributeOrientation>column</attributeOrientation>
            <simpleDelimited>
              <fieldDelimiter>,</fieldDelimiter>
            </simpleDelimited>
          </textFormat>
        </dataFormat>
        <distribution>
          <online>
            <url function="download">https://pasta.lternet.edu/package/data/eml/knb-lter-bnz/416/14/35491d97656d1a2414ea0a59833f6ff2</url>
          </online>
        </distribution>
      </physical>
      <attributeList>
        <attribute>
          <attributeName>Year</attributeName>
          <attributeLabel>Year</attributeLabel>
          <attributeDefinition>Year of measurement</attributeDefinition>
          <storageType>integer</storageType>
          <measurementScale>
            <ratio>
              <unit>
                <standardUnit>dimensionless</standardUnit>
              </unit>
              <numericDomain>
                <numberType>real</numberType>
                <!--No minimum value recorded in database (datafilevaribles/minvalid)-->
              </numericDomain>
            </ratio>
          </measurementScale>
          <!--No missing value/character in database (datafilevarible/errorcode)-->
        </attribute>
        <attribute>
          <attributeName>UP2A</attributeName>
          <attributeLabel>UP2A</attributeLabel>
          <attributeDefinition>Mean NPP for UP2A</attributeDefinition>
          <storageType>float</storageType>
          <measurementScale>
            <ratio>
              <unit>
                <customUnit>kgbiomass/tree/year</customUnit>
              </unit>
              <numericDomain>
                <numberType>real</numberType>
                <!--No minimum value recorded in database (datafilevaribles/minvalid)-->
              </numericDomain>
            </ratio>
          </measurementScale>
          <missingValueCode>
            <code>.</code>
            <codeExplanation>Missing Value</codeExplanation>
          </missingValueCode>
        </attribute>
        <attribute>
          <attributeName>UP2B</attributeName>
          <attributeLabel>UP2B</attributeLabel>
          <attributeDefinition>Mean NPP for UP2B</attributeDefinition>
          <storageType>float</storageType>
          <measurementScale>
            <ratio>
              <unit>
                <customUnit>kgbiomass/tree/year</customUnit>
              </unit>
              <numericDomain>
                <numberType>real</numberType>
                <!--No minimum value recorded in database (datafilevaribles/minvalid)-->
              </numericDomain>
            </ratio>
          </measurementScale>
          <missingValueCode>
            <code>.</code>
            <codeExplanation>Missing Value</codeExplanation>
          </missingValueCode>
        </attribute>
        <attribute>
          <attributeName>UP2C</attributeName>
          <attributeLabel>UP2C</attributeLabel>
          <attributeDefinition>Mean NPP for UP2C</attributeDefinition>
          <storageType>float</storageType>
          <measurementScale>
            <ratio>
              <unit>
                <customUnit>kgbiomass/tree/year</customUnit>
              </unit>
              <numericDomain>
                <numberType>real</numberType>
                <!--No minimum value recorded in database (datafilevaribles/minvalid)-->
              </numericDomain>
            </ratio>
          </measurementScale>
          <missingValueCode>
            <code>.</code>
            <codeExplanation>Missing Value</codeExplanation>
          </missingValueCode>
        </attribute>
        <attribute>
          <attributeName>UP2A error</attributeName>
          <attributeLabel>UP2A error</attributeLabel>
          <attributeDefinition>Standard error of NPP for UP2A</attributeDefinition>
          <storageType>float</storageType>
          <measurementScale>
            <ratio>
              <unit>
                <customUnit>kgbiomass/tree/year</customUnit>
              </unit>
              <numericDomain>
                <numberType>real</numberType>
                <!--No minimum value recorded in database (datafilevaribles/minvalid)-->
              </numericDomain>
            </ratio>
          </measurementScale>
          <missingValueCode>
            <code>.</code>
            <codeExplanation>Missing Value</codeExplanation>
          </missingValueCode>
        </attribute>
        <attribute>
          <attributeName>UP2B error</attributeName>
          <attributeLabel>UP2B error</attributeLabel>
          <attributeDefinition>Standard error of NPP for UP2B</attributeDefinition>
          <storageType>float</storageType>
          <measurementScale>
            <ratio>
              <unit>
                <customUnit>kgbiomass/tree/year</customUnit>
              </unit>
              <numericDomain>
                <numberType>real</numberType>
                <!--No minimum value recorded in database (datafilevaribles/minvalid)-->
              </numericDomain>
            </ratio>
          </measurementScale>
          <missingValueCode>
            <code>.</code>
            <codeExplanation>Missing Value</codeExplanation>
          </missingValueCode>
        </attribute>
        <attribute>
          <attributeName>UP2C error</attributeName>
          <attributeLabel>UP2C error</attributeLabel>
          <attributeDefinition>Standard error of NPP for UP2C</attributeDefinition>
          <storageType>float</storageType>
          <measurementScale>
            <ratio>
              <unit>
                <customUnit>kgbiomass/tree/year</customUnit>
              </unit>
              <numericDomain>
                <numberType>real</numberType>
                <!--No minimum value recorded in database (datafilevaribles/minvalid)-->
              </numericDomain>
            </ratio>
          </measurementScale>
          <missingValueCode>
            <code>.</code>
            <codeExplanation>Missing Value</codeExplanation>
          </missingValueCode>
        </attribute>
      </attributeList>
    </dataTable>
  </dataset>
  <additionalMetadata>
    <metadata>
      <unitList>
        <unit id="kgbiomass/tree/year"/>
      </unitList>
    </metadata>
  </additionalMetadata>
</eml:eml>
