<?xml version="1.0" encoding="UTF-8"?>
<eml:eml packageId="knb-lter-bnz.445.13" scope="system"
  system="https://pasta.lternet.edu"
  xmlns:ds="eml://ecoinformatics.org/dataset-2.1.0"
  xmlns:eml="eml://ecoinformatics.org/eml-2.1.1"
  xmlns:stmml="http://www.xml-cml.org/schema/stmml-1.1"
  xmlns:xsi="http://www.w3.org/2001/XMLSchema-instance" xsi:schemaLocation="eml://ecoinformatics.org/eml-2.1.0&#xa;&#x9;&#x9;&#x9;&#x9;http://nis.lternet.edu/schemas/EML/eml-2.1.0/eml.xsd">
  <access authSystem="https://pasta.lternet.edu/authentication"
    order="allowFirst" scope="document" system="https://pasta.lternet.edu">
    <allow>
      <principal>uid=BNZ,o=lter,dc=ecoinformatics,dc=org</principal>
      <permission>all</permission>
    </allow>
    <allow>
      <principal>public</principal>
      <permission>read</permission>
    </allow>
  </access>
  <dataset>
    <shortName>knb-lter-bnz.445.13</shortName>
    <title>The effects of nitrogen and warming on inorganic nitrogen pool and production rates in arctic and boreal ecosystems: inorganic nitrogen transformation during a 3-month laboratory incubation</title>
    <creator>
      <individualName>
        <givenName>Martin</givenName>
        <surName>Lavoie</surName>
      </individualName>
      <positionName>Graduate Student</positionName>
      <address>
        <deliveryPoint>University of Florida Department of Biology Bartram Hall</deliveryPoint>
        <city>Gainesville</city>
        <administrativeArea>FL</administrativeArea>
        <postalCode>32611</postalCode>
        <country>United States</country>
      </address>
      <phone phonetype="voice">(352) 215-2249</phone>
      <phone phonetype="fax">(352) 392-3993</phone>
      <electronicMailAddress>martin21skifond@gmail.com</electronicMailAddress>
      <!--No personal web address info on file-->
    </creator>
    <metadataProvider>
      <organizationName>Bonanza Creek LTER</organizationName>
      <positionName>Data Manager</positionName>
      <address>
        <deliveryPoint>Boreal Ecology Cooperative Research Unit </deliveryPoint>
        <deliveryPoint>University of Alaska Fairbanks</deliveryPoint>
        <deliveryPoint>P.O. Box 756780 </deliveryPoint>
        <city>Fairbanks</city>
        <administrativeArea>AK</administrativeArea>
        <postalCode>99775</postalCode>
        <country>USA</country>
      </address>
      <phone phonetype="voice">907-474-6364</phone>
      <phone phonetype="fax">907-474-6251</phone>
      <electronicMailAddress>uaf-bnz-im-team@alaska.edu</electronicMailAddress>
      <onlineUrl>http://www.lter.uaf.edu</onlineUrl>
    </metadataProvider>
    <associatedParty>
      <individualName>
        <givenName>Michelle</givenName>
        <givenName>Cailin</givenName>
        <surName>Mack</surName>
      </individualName>
      <positionName>Associate Professor of Botany</positionName>
      <address>
        <deliveryPoint>Room 221, Department of Biology, University of Florida</deliveryPoint>
        <city>Gainesville</city>
        <administrativeArea>FL</administrativeArea>
        <postalCode>32611-8526</postalCode>
        <country>United States</country>
      </address>
      <phone phonetype="voice">(352) 275-1565</phone>
      <!--No fax info on file for this person-->
      <role>Associated investigator</role>
    </associatedParty>
    <associatedParty>
      <individualName>
        <givenName>Edward</givenName>
        <givenName>A.G.</givenName>
        <surName>Schuur</surName>
      </individualName>
      <positionName>Associate Professor</positionName>
      <address>
        <deliveryPoint>University of Florida Department of Botany 220 Bartram Hall</deliveryPoint>
        <city>Gainesville</city>
        <administrativeArea>FL</administrativeArea>
        <postalCode>32611</postalCode>
        <country>United States</country>
      </address>
      <phone phonetype="voice">(352) 392-7913</phone>
      <phone phonetype="fax">(352) 392-3993</phone>
      <role>Associated investigator</role>
    </associatedParty>
    <pubDate>2010-04-14</pubDate>
    <abstract>
      <para>We incubated  (2006) northern Alaskan soils (boreal and tundra) at two temperatures (5 degC and 15 degC) and two levels of nitrogen addition (with and without) to directly test for nitrogen limitation of inorganic nitrogen production rate and explore the interaction between temperature and nitrogen limitation. Over the 3-month laboratory incubation, we measured initial extratable inorganic nitrogen and inorganic nitrogen production rates from organic and mineral soils from four different ecosystem types (boreal burned, boreal unburned, moist acidic, moist non-acidic). To charactarize the soils, we also measured total C, total N, microbial biomass, isotopes values (delta 13, delta14), total free amino acid, and total soluble protein.</para>
    </abstract>
    <keywordSet>
      <keyword>nitrogen limitation</keyword>
      <keyword>nitrogen mineralization</keyword>
      <keyword>microbial biomass</keyword>
      <keyword>tundra</keyword>
      <keyword>permafrost</keyword>
      <keyword>isotopes</keyword>
      <keywordThesaurus>Biogeochemistry</keywordThesaurus>
    </keywordSet>
    <intellectualRights>
      <section>
        <title>Access to Data</title>
        <para>While metadata will be freely available to those requesting it, the data manager will assure that any restrictions on access to data sets in the database will be enforced. Data will not be released without proper permission first being obtained from the investigator who generated the data. </para>
      </section>
      <section>
        <title>Use of data</title>
        <para> Researchers should receive adequate acknowledgment for the use of their data by others and should be provided with copies of publications using their data. Users of data from the data base must be aware that data is not to be sold or redistributed.</para>
      </section>
      <section>
        <title>Citing Bonanza Creek LTER Datasets</title>
        <para>It is considered a matter of professional ethics to acknowledge the work of other scientists. Thus, the Data User will properly cite the Data Set in any publications or in the metadata of any derived data products that were produced using the Data Set. </para>
      </section>
    </intellectualRights>
    <distribution id="distributionReference">
      <online>
        <url function="information">http://www.lter.uaf.edu/data_detail.cfm?datafile_pkey=445</url>
      </online>
    </distribution>
    <coverage>
      <!--No geographic reference found (sites/site_description)-->
      <temporalCoverage>
        <rangeOfDates>
          <beginDate>
            <calendarDate>2001-07-24</calendarDate>
          </beginDate>
          <endDate>
            <calendarDate>2009-03-04</calendarDate>
          </endDate>
        </rangeOfDates>
      </temporalCoverage>
    </coverage>
    <maintenance>
      <description>
        <section>
          <title>Status</title>
          <para>Completed</para>
        </section>
      </description>
    </maintenance>
    <contact>
      <positionName>Information Manager</positionName>
      <organizationName>LTER Network Office</organizationName>
      <address>
        <deliveryPoint>UNM Biology Department, MSC03-2020</deliveryPoint>
        <deliveryPoint>1 University of New Mexico</deliveryPoint>
        <city>Albuquerque</city>
        <administrativeArea>NM</administrativeArea>
        <postalCode>87131-0001</postalCode>
        <country>USA</country>
      </address>
      <phone phonetype="voice">505 277-2535</phone>
      <phone phonetype="fax">505 277-2541</phone>
      <electronicMailAddress>tech-support@lternet.edu</electronicMailAddress>
      <onlineUrl>http://www.lternet.edu</onlineUrl>
    </contact>
    <contact>
      <organizationName>Bonanza Creek LTER</organizationName>
      <positionName>Data Manager</positionName>
      <address>
        <deliveryPoint>Boreal Ecology Cooperative Research Unit </deliveryPoint>
        <deliveryPoint>University of Alaska Fairbanks</deliveryPoint>
        <deliveryPoint>P.O. Box 756780 </deliveryPoint>
        <city>Fairbanks</city>
        <administrativeArea>AK</administrativeArea>
        <postalCode>99775</postalCode>
        <country>USA</country>
      </address>
      <phone phonetype="voice">907-474-6364</phone>
      <phone phonetype="fax">907-474-6251</phone>
      <electronicMailAddress>uaf-bnz-im-team@alaska.edu</electronicMailAddress>
      <onlineUrl>http://www.lter.uaf.edu</onlineUrl>
    </contact>
    <publisher>
      <organizationName>Bonanza Creek LTER</organizationName>
      <address>
        <deliveryPoint>Boreal Ecology Cooperative Research Unit </deliveryPoint>
        <deliveryPoint>University of Alaska Fairbanks</deliveryPoint>
        <deliveryPoint>P.O. Box 756780 </deliveryPoint>
        <city>Fairbanks</city>
        <administrativeArea>AK</administrativeArea>
        <postalCode>99775</postalCode>
        <country>USA</country>
      </address>
      <phone phonetype="voice">907-474-6364</phone>
      <phone phonetype="fax">907-474-6251</phone>
    </publisher>
    <pubPlace>Bonanza Creek LTER</pubPlace>
    <methods>
      <methodStep>
        <description>
          <section>
            <title>Experimental Design</title>
            <para>Three replicates of each soil were sampled in each site.</para>
          </section>
          <section>
            <title>Methods</title>
            <para>FIELD:  We sampled three cores of organic and mineral soil horizons from four high northern latitude ecosystems located in arctic tundra and boreal forests within Alaska, USA. Sites included recently burned and unburned black spruce forests near Delta Junction in interior Alaska, moist acidic tussock tundra and non-acidic tundra near Toolik Lake. Soil sampling was conducted on 24 July 2001 for the tundra and 5-13 July 2006 for the black spruce forests.   LAB:  We used an aerobic laboratory incubation to estimate inorganic nitrogen, inorganic nitrogen transformation, total soluble protein, total free amino acid, microbial biomass, isotopes, total carbon, and total nitrogen. We estimated net nitrification and net nitrogen mineralization rates for each soil by extracting with 0.5 M K2SO4. Ammonium and nitrate in soil extracts were determined colorimetrically using an Astoria-Pacific colorimetric autoanalyzer. Total soluble protein was extracted with 0.1 M NaHCO3. Soluble protein was measured against ?-globulin (0 to 500 ?g/ml) using a microplate reader. Total free amino acids were extracted with distilled water using the same weight:volume ratios as used for the total soluble protein extraction. Amino acid concentration was determined as nitrogen using leucine as the standard (0 to 200 ?M).  Soil microbial biomass was determined after the 3-month incubation with the chloroform fumigation extraction method. The soil samples were fumigated for 1 d in chloroform vapor followed by extraction (K2SO4) and filtration. Extract subsamples (fumigated and non-fumigated) were digested by persulfate oxidation and analyzed for nitrate colorimetrically using an Astoria-Pacific colorimetric autoanalyzer. Total soil C and N were measured on subsamples of initial soil cores using a Costech ECS 4010 Elemental Analyzer. We performed isotope measurements for gaseous samples of delta 13 CO2 and delta14 CO2 respired after 3-month of incubation time. </para>
          </section>
        </description>
      </methodStep>
      <sampling>
        <studyExtent>
          <coverage>
            <temporalCoverage>
              <rangeOfDates>
                <beginDate>
                  <calendarDate>2001-07-24</calendarDate>
                </beginDate>
                <endDate>
                  <calendarDate>2009-03-04</calendarDate>
                </endDate>
              </rangeOfDates>
            </temporalCoverage>
          </coverage>
        </studyExtent>
        <samplingDescription>
          <section>
            <title>Sampling Frequency</title>
            <para>Irregular</para>
          </section>
        </samplingDescription>
      </sampling>
    </methods>
    <dataTable>
      <entityName>445_ArcticBorealSoils_LabIncubation_InorganicN.txt</entityName>
      <entityDescription>Inorganic nitrogen transformation during a 3-month laboratory incubation.</entityDescription>
      <physical>
        <objectName>445_ArcticBorealSoils_LabIncubation_InorganicN.txt</objectName>
        <dataFormat>
          <textFormat>
            <numHeaderLines>1</numHeaderLines>
            <recordDelimiter>\n</recordDelimiter>
            <physicalLineDelimiter>\n</physicalLineDelimiter>
            <attributeOrientation>column</attributeOrientation>
            <simpleDelimited>
              <fieldDelimiter>,</fieldDelimiter>
            </simpleDelimited>
          </textFormat>
        </dataFormat>
        <distribution>
          <online>
            <url function="download">https://pasta.lternet.edu/package/data/eml/knb-lter-bnz/445/13/87ed3a634ddd4f67a94aa746e6db3158</url>
          </online>
        </distribution>
      </physical>
      <attributeList>
        <attribute>
          <attributeName>Code</attributeName>
          <attributeLabel>Code</attributeLabel>
          <attributeDefinition>Name of the site the soil cores were sampled</attributeDefinition>
          <storageType>string</storageType>
          <measurementScale>
            <nominal>
              <nonNumericDomain>
                <textDomain>
                  <definition>Name of the site the soil cores were sampled</definition>
                </textDomain>
              </nonNumericDomain>
            </nominal>
          </measurementScale>
          <!--No missing value/character in database (datafilevarible/errorcode)-->
        </attribute>
        <attribute>
          <attributeName>Depth</attributeName>
          <attributeLabel>Depth</attributeLabel>
          <attributeDefinition>Soil layer</attributeDefinition>
          <storageType>string</storageType>
          <measurementScale>
            <nominal>
              <nonNumericDomain>
                <textDomain>
                  <definition>Soil layer</definition>
                </textDomain>
              </nonNumericDomain>
            </nominal>
          </measurementScale>
          <!--No missing value/character in database (datafilevarible/errorcode)-->
        </attribute>
        <attribute>
          <attributeName>Replicate</attributeName>
          <attributeLabel>Replicate</attributeLabel>
          <attributeDefinition>Soil core replicate</attributeDefinition>
          <storageType>integer</storageType>
          <measurementScale>
            <nominal>
              <nonNumericDomain>
                <textDomain>
                  <definition>Soil core replicate</definition>
                </textDomain>
              </nonNumericDomain>
            </nominal>
          </measurementScale>
          <!--No missing value/character in database (datafilevarible/errorcode)-->
        </attribute>
        <attribute>
          <attributeName>Temperature</attributeName>
          <attributeLabel>Temperature</attributeLabel>
          <attributeDefinition>Soil temperature</attributeDefinition>
          <storageType>string</storageType>
          <measurementScale>
            <nominal>
              <nonNumericDomain>
                <textDomain>
                  <definition>Soil temperature</definition>
                </textDomain>
              </nonNumericDomain>
            </nominal>
          </measurementScale>
          <!--No missing value/character in database (datafilevarible/errorcode)-->
        </attribute>
        <attribute>
          <attributeName>Nitrogen</attributeName>
          <attributeLabel>Nitrogen</attributeLabel>
          <attributeDefinition>Nitrogen Treatment</attributeDefinition>
          <storageType>string</storageType>
          <measurementScale>
            <nominal>
              <nonNumericDomain>
                <textDomain>
                  <definition>Nitrogen Treatment</definition>
                </textDomain>
              </nonNumericDomain>
            </nominal>
          </measurementScale>
          <!--No missing value/character in database (datafilevarible/errorcode)-->
        </attribute>
        <attribute>
          <attributeName>Nitrification</attributeName>
          <attributeLabel>Nitrification</attributeLabel>
          <attributeDefinition>Laboratory nitrification rate</attributeDefinition>
          <storageType>float</storageType>
          <measurementScale>
            <ratio>
              <unit>
                <standardUnit>dimensionless</standardUnit>
              </unit>
              <numericDomain>
                <numberType>real</numberType>
                <!--No minimum value recorded in database (datafilevaribles/minvalid)-->
              </numericDomain>
            </ratio>
          </measurementScale>
          <!--No missing value/character in database (datafilevarible/errorcode)-->
        </attribute>
        <attribute>
          <attributeName>Ammonification</attributeName>
          <attributeLabel>Ammonification</attributeLabel>
          <attributeDefinition>Laboratory ammonification rate</attributeDefinition>
          <storageType>float</storageType>
          <measurementScale>
            <ratio>
              <unit>
                <customUnit>ugC/gdw/hr</customUnit>
              </unit>
              <numericDomain>
                <numberType>real</numberType>
                <!--No minimum value recorded in database (datafilevaribles/minvalid)-->
              </numericDomain>
            </ratio>
          </measurementScale>
          <!--No missing value/character in database (datafilevarible/errorcode)-->
        </attribute>
        <attribute>
          <attributeName>Nmineralization</attributeName>
          <attributeLabel>Nmineralization</attributeLabel>
          <attributeDefinition>Laboratory N mineralization rate</attributeDefinition>
          <storageType>float</storageType>
          <measurementScale>
            <ratio>
              <unit>
                <customUnit>ugC/gC/hr</customUnit>
              </unit>
              <numericDomain>
                <numberType>real</numberType>
                <!--No minimum value recorded in database (datafilevaribles/minvalid)-->
              </numericDomain>
            </ratio>
          </measurementScale>
          <!--No missing value/character in database (datafilevarible/errorcode)-->
        </attribute>
        <attribute>
          <attributeName>TotalC</attributeName>
          <attributeLabel>TotalC</attributeLabel>
          <attributeDefinition>Total C</attributeDefinition>
          <storageType>float</storageType>
          <measurementScale>
            <ratio>
              <unit>
                <customUnit>percent</customUnit>
              </unit>
              <numericDomain>
                <numberType>real</numberType>
                <!--No minimum value recorded in database (datafilevaribles/minvalid)-->
              </numericDomain>
            </ratio>
          </measurementScale>
          <!--No missing value/character in database (datafilevarible/errorcode)-->
        </attribute>
        <attribute>
          <attributeName>TotalN</attributeName>
          <attributeLabel>TotalN</attributeLabel>
          <attributeDefinition>Total N</attributeDefinition>
          <storageType>float</storageType>
          <measurementScale>
            <ratio>
              <unit>
                <customUnit>percent</customUnit>
              </unit>
              <numericDomain>
                <numberType>real</numberType>
                <!--No minimum value recorded in database (datafilevaribles/minvalid)-->
              </numericDomain>
            </ratio>
          </measurementScale>
          <!--No missing value/character in database (datafilevarible/errorcode)-->
        </attribute>
        <attribute>
          <attributeName>Cnratio</attributeName>
          <attributeLabel>Cnratio</attributeLabel>
          <attributeDefinition>Carbon:Nitrogen ratio</attributeDefinition>
          <storageType>float</storageType>
          <measurementScale>
            <ratio>
              <unit>
                <standardUnit>dimensionless</standardUnit>
              </unit>
              <numericDomain>
                <numberType>real</numberType>
                <!--No minimum value recorded in database (datafilevaribles/minvalid)-->
              </numericDomain>
            </ratio>
          </measurementScale>
          <!--No missing value/character in database (datafilevarible/errorcode)-->
        </attribute>
        <attribute>
          <attributeName>Mb</attributeName>
          <attributeLabel>Mb</attributeLabel>
          <attributeDefinition>Microbial Biomass</attributeDefinition>
          <storageType>float</storageType>
          <measurementScale>
            <ratio>
              <unit>
                <customUnit>ug/gdw</customUnit>
              </unit>
              <numericDomain>
                <numberType>real</numberType>
                <!--No minimum value recorded in database (datafilevaribles/minvalid)-->
              </numericDomain>
            </ratio>
          </measurementScale>
          <!--No missing value/character in database (datafilevarible/errorcode)-->
        </attribute>
        <attribute>
          <attributeName>del13</attributeName>
          <attributeLabel>del13</attributeLabel>
          <attributeDefinition>delta 13</attributeDefinition>
          <storageType>float</storageType>
          <measurementScale>
            <ratio>
              <unit>
                <customUnit>permil</customUnit>
              </unit>
              <numericDomain>
                <numberType>real</numberType>
                <!--No minimum value recorded in database (datafilevaribles/minvalid)-->
              </numericDomain>
            </ratio>
          </measurementScale>
          <!--No missing value/character in database (datafilevarible/errorcode)-->
        </attribute>
        <attribute>
          <attributeName>del14</attributeName>
          <attributeLabel>del14</attributeLabel>
          <attributeDefinition>delta 14</attributeDefinition>
          <storageType>float</storageType>
          <measurementScale>
            <ratio>
              <unit>
                <customUnit>permil</customUnit>
              </unit>
              <numericDomain>
                <numberType>real</numberType>
                <!--No minimum value recorded in database (datafilevaribles/minvalid)-->
              </numericDomain>
            </ratio>
          </measurementScale>
          <!--No missing value/character in database (datafilevarible/errorcode)-->
        </attribute>
        <attribute>
          <attributeName>AminoAcid</attributeName>
          <attributeLabel>AminoAcid</attributeLabel>
          <attributeDefinition>Total Free Amino Acid</attributeDefinition>
          <storageType>float</storageType>
          <measurementScale>
            <ratio>
              <unit>
                <customUnit>µM/gdw</customUnit>
              </unit>
              <numericDomain>
                <numberType>real</numberType>
                <!--No minimum value recorded in database (datafilevaribles/minvalid)-->
              </numericDomain>
            </ratio>
          </measurementScale>
          <!--No missing value/character in database (datafilevarible/errorcode)-->
        </attribute>
        <attribute>
          <attributeName>TotalProtein</attributeName>
          <attributeLabel>TotalProtein</attributeLabel>
          <attributeDefinition>Total Soluble Protein</attributeDefinition>
          <storageType>float</storageType>
          <measurementScale>
            <ratio>
              <unit>
                <customUnit>mg/gdw</customUnit>
              </unit>
              <numericDomain>
                <numberType>real</numberType>
                <!--No minimum value recorded in database (datafilevaribles/minvalid)-->
              </numericDomain>
            </ratio>
          </measurementScale>
          <!--No missing value/character in database (datafilevarible/errorcode)-->
        </attribute>
      </attributeList>
    </dataTable>
  </dataset>
  <additionalMetadata>
    <metadata>
      <unitList>
        <unit id="mg/gdw"/>
        <unit id="percent"/>
        <unit id="permil"/>
        <unit id="ug/gdw"/>
        <unit id="ugC/gC/hr"/>
        <unit id="ugC/gdw/hr"/>
        <unit id="µM/gdw"/>
      </unitList>
    </metadata>
  </additionalMetadata>
</eml:eml>
