<?xml version="1.0" encoding="UTF-8"?>
<eml:eml packageId="knb-lter-bnz.453.12" scope="system"
  system="https://pasta.lternet.edu"
  xmlns:ds="eml://ecoinformatics.org/dataset-2.1.0"
  xmlns:eml="eml://ecoinformatics.org/eml-2.1.1"
  xmlns:stmml="http://www.xml-cml.org/schema/stmml-1.1"
  xmlns:xsi="http://www.w3.org/2001/XMLSchema-instance" xsi:schemaLocation="eml://ecoinformatics.org/eml-2.1.0&#xa;&#x9;&#x9;&#x9;&#x9;http://nis.lternet.edu/schemas/EML/eml-2.1.0/eml.xsd">
  <access authSystem="https://pasta.lternet.edu/authentication"
    order="allowFirst" scope="document" system="https://pasta.lternet.edu">
    <allow>
      <principal>uid=BNZ,o=lter,dc=ecoinformatics,dc=org</principal>
      <permission>all</permission>
    </allow>
    <allow>
      <principal>public</principal>
      <permission>read</permission>
    </allow>
  </access>
  <dataset>
    <shortName>knb-lter-bnz.453.12</shortName>
    <title>The impact of permafrost thaw on ecosystem carbon balance: hourly meteorological data from Eight Mile Lake watershed, 2004-2010</title>
    <creator>
      <individualName>
        <givenName>Susan</givenName>
        <surName>Natali</surName>
      </individualName>
      <positionName>Assistant Scientist</positionName>
      <address>
        <deliveryPoint>Woods Hole Research Center,  149 Woods Hole Road</deliveryPoint>
        <city>Falmouth</city>
        <administrativeArea>MA</administrativeArea>
        <postalCode>02540</postalCode>
        <country>United States</country>
      </address>
      <phone phonetype="voice">(508) 444-1560</phone>
      <phone phonetype="fax">(508) 444-1860</phone>
      <electronicMailAddress>snatali@whrc.org</electronicMailAddress>
      <!--No personal web address info on file-->
    </creator>
    <metadataProvider>
      <organizationName>Bonanza Creek LTER</organizationName>
      <positionName>Data Manager</positionName>
      <address>
        <deliveryPoint>Boreal Ecology Cooperative Research Unit </deliveryPoint>
        <deliveryPoint>University of Alaska Fairbanks</deliveryPoint>
        <deliveryPoint>P.O. Box 756780 </deliveryPoint>
        <city>Fairbanks</city>
        <administrativeArea>AK</administrativeArea>
        <postalCode>99775</postalCode>
        <country>USA</country>
      </address>
      <phone phonetype="voice">907-474-6364</phone>
      <phone phonetype="fax">907-474-6251</phone>
      <electronicMailAddress>uaf-bnz-im-team@alaska.edu</electronicMailAddress>
      <onlineUrl>http://www.lter.uaf.edu</onlineUrl>
    </metadataProvider>
    <associatedParty>
      <individualName>
        <givenName>Edward</givenName>
        <givenName>A.G.</givenName>
        <surName>Schuur</surName>
      </individualName>
      <positionName>Associate Professor</positionName>
      <address>
        <deliveryPoint>University of Florida Department of Botany 220 Bartram Hall</deliveryPoint>
        <city>Gainesville</city>
        <administrativeArea>FL</administrativeArea>
        <postalCode>32611</postalCode>
        <country>United States</country>
      </address>
      <phone phonetype="voice">(352) 392-7913</phone>
      <phone phonetype="fax">(352) 392-3993</phone>
      <role>Associated investigator</role>
    </associatedParty>
    <pubDate>2011-12-15</pubDate>
    <abstract>
      <para>In this larger study, we are asking the question: Is old carbon that comprises the bulk of the soil organic matter pool released in response to thawing of permafrost?  We are answering this question by using a combination of field and laboratory experiments to measure radiocarbon isotope ratios in soil organic matter, soil respiration, and dissolved organic carbon, in tundra ecosystems.  The objective of these proposed measurements is to develop a mechanistic understanding of the SOM sources contributing to C losses following permafrost thawing.  We are making these measurements at an established tundra field site near Healy, Alaska in the foothills of the Alaska Range.  Field measurements center on a natural permafrost thaw gradient and an experimental warming site.  As such, this area is unique for addressing questions at the time and spatial scales relevant for change in arctic ecosystems.  This data set includes hourly mean values of PAR, relative humidity, air temperature, barometric pressure, wind speed and direction, and hourly summed precipitation.</para>
    </abstract>
    <keywordSet>
      <keyword>air temperature</keyword>
      <keyword>photosynthetically active radiation</keyword>
      <keyword>rain</keyword>
      <keyword>relative humidity</keyword>
      <keyword>wind speed</keyword>
      <keyword>wind direction</keyword>
      <keyword>atmospheric pressure</keyword>
      <keywordThesaurus>Biogeochemistry</keywordThesaurus>
    </keywordSet>
    <intellectualRights>
      <section>
        <title>Access to Data</title>
        <para>While metadata will be freely available to those requesting it, the data manager will assure that any restrictions on access to data sets in the database will be enforced. Data will not be released without proper permission first being obtained from the investigator who generated the data. </para>
      </section>
      <section>
        <title>Use of data</title>
        <para> Researchers should receive adequate acknowledgment for the use of their data by others and should be provided with copies of publications using their data. Users of data from the data base must be aware that data is not to be sold or redistributed.</para>
      </section>
      <section>
        <title>Citing Bonanza Creek LTER Datasets</title>
        <para>It is considered a matter of professional ethics to acknowledge the work of other scientists. Thus, the Data User will properly cite the Data Set in any publications or in the metadata of any derived data products that were produced using the Data Set. </para>
      </section>
    </intellectualRights>
    <distribution id="distributionReference">
      <online>
        <url function="information">http://www.lter.uaf.edu/data_detail.cfm?datafile_pkey=453</url>
      </online>
    </distribution>
    <coverage>
      <geographicCoverage id="geoReference">
        <geographicDescription>Site information unavailable</geographicDescription>
        <boundingCoordinates>
          <westBoundingCoordinate>-149.2535833</westBoundingCoordinate>
          <eastBoundingCoordinate>-149.2535833</eastBoundingCoordinate>
          <northBoundingCoordinate>63.87836111</northBoundingCoordinate>
          <southBoundingCoordinate>63.87836111</southBoundingCoordinate>
        </boundingCoordinates>
      </geographicCoverage>
      <temporalCoverage>
        <rangeOfDates>
          <beginDate>
            <calendarDate>2004-05-19</calendarDate>
          </beginDate>
          <endDate>
            <calendarDate>2011-09-30</calendarDate>
          </endDate>
        </rangeOfDates>
      </temporalCoverage>
    </coverage>
    <maintenance>
      <description>
        <section>
          <title>corrections</title>
          <para>Temperature data during the following time periods were modeled and gapfilled using data obtained from Stampede, AK remote automated weather station (RAWS), WRCC:  DOY 63 - 110.   Wind sensors and PAR on during winter but sensor likely affected by snow/freezing (data included, but use with caution).</para>
        </section>
        <section>
          <title>Status</title>
          <para>Ongoing</para>
        </section>
      </description>
    </maintenance>
    <contact>
      <positionName>Information Manager</positionName>
      <organizationName>LTER Network Office</organizationName>
      <address>
        <deliveryPoint>UNM Biology Department, MSC03-2020</deliveryPoint>
        <deliveryPoint>1 University of New Mexico</deliveryPoint>
        <city>Albuquerque</city>
        <administrativeArea>NM</administrativeArea>
        <postalCode>87131-0001</postalCode>
        <country>USA</country>
      </address>
      <phone phonetype="voice">505 277-2535</phone>
      <phone phonetype="fax">505 277-2541</phone>
      <electronicMailAddress>tech-support@lternet.edu</electronicMailAddress>
      <onlineUrl>http://www.lternet.edu</onlineUrl>
    </contact>
    <contact>
      <organizationName>Bonanza Creek LTER</organizationName>
      <positionName>Data Manager</positionName>
      <address>
        <deliveryPoint>Boreal Ecology Cooperative Research Unit </deliveryPoint>
        <deliveryPoint>University of Alaska Fairbanks</deliveryPoint>
        <deliveryPoint>P.O. Box 756780 </deliveryPoint>
        <city>Fairbanks</city>
        <administrativeArea>AK</administrativeArea>
        <postalCode>99775</postalCode>
        <country>USA</country>
      </address>
      <phone phonetype="voice">907-474-6364</phone>
      <phone phonetype="fax">907-474-6251</phone>
      <electronicMailAddress>uaf-bnz-im-team@alaska.edu</electronicMailAddress>
      <onlineUrl>http://www.lter.uaf.edu</onlineUrl>
    </contact>
    <publisher>
      <organizationName>Bonanza Creek LTER</organizationName>
      <address>
        <deliveryPoint>Boreal Ecology Cooperative Research Unit </deliveryPoint>
        <deliveryPoint>University of Alaska Fairbanks</deliveryPoint>
        <deliveryPoint>P.O. Box 756780 </deliveryPoint>
        <city>Fairbanks</city>
        <administrativeArea>AK</administrativeArea>
        <postalCode>99775</postalCode>
        <country>USA</country>
      </address>
      <phone phonetype="voice">907-474-6364</phone>
      <phone phonetype="fax">907-474-6251</phone>
    </publisher>
    <pubPlace>Bonanza Creek LTER</pubPlace>
    <methods>
      <methodStep>
        <description>
          <section>
            <title>Experimental Design</title>
            <para>The study site at the Eight Mile Lake watershed is located in the northern foothills of the Alaska Range.  Permafrost temperature has been monitored annually on a gentle north-facing slope at this site, in a 30 m deep borehole that was installed in 1985 before the permafrost started to thaw.  While permafrost thaw can sometimes result in water ponding depending on local topography, this landscape consists largely of relatively well-drained uplands.  In this watershed, we monitored three sites that represented differing amounts of change as a result of permafrost thaw based on observations of ground subsidence and depth of thaw.  We have also recently established an ecosystem warming experiment, located adjacent to the permafrost thaw gradient.  This data set provides meterological data used at both the natural gradient and experimental warming sites.</para>
          </section>
          <section>
            <title>Methods</title>
            <para>Data were collected and recorded using an Onset HOBO (Bourne, MA) weather station.</para>
          </section>
        </description>
      </methodStep>
      <sampling>
        <studyExtent>
          <coverage>
            <geographicCoverage>
              <references>geoReference</references>
            </geographicCoverage>
            <temporalCoverage>
              <rangeOfDates>
                <beginDate>
                  <calendarDate>2004-05-19</calendarDate>
                </beginDate>
                <endDate>
                  <calendarDate>2011-09-30</calendarDate>
                </endDate>
              </rangeOfDates>
            </temporalCoverage>
          </coverage>
        </studyExtent>
        <samplingDescription>
          <section>
            <title>Sampling Frequency</title>
            <para>Scanned every 15 seconds and reported hourly.</para>
          </section>
        </samplingDescription>
      </sampling>
    </methods>
    <dataTable>
      <entityName>453_EML_AK_weather_data_2004-09.txt</entityName>
      <entityDescription>This data set includes hourly mean values of PAR, relative humidity, air temperature, barometric pressure, wind speed and direction, and hourly summed precipitation.</entityDescription>
      <physical>
        <objectName>453_EML_AK_weather_data_2004-09.txt</objectName>
        <dataFormat>
          <textFormat>
            <numHeaderLines>1</numHeaderLines>
            <recordDelimiter>\n</recordDelimiter>
            <physicalLineDelimiter>\n</physicalLineDelimiter>
            <attributeOrientation>column</attributeOrientation>
            <simpleDelimited>
              <fieldDelimiter>\t</fieldDelimiter>
            </simpleDelimited>
          </textFormat>
        </dataFormat>
        <distribution>
          <online>
            <url function="download">https://pasta.lternet.edu/package/data/eml/knb-lter-bnz/453/12/d75770bf6d6935ce9cce013b59a0fc2f</url>
          </online>
        </distribution>
      </physical>
      <attributeList>
        <attribute>
          <attributeName>Year</attributeName>
          <attributeLabel>Year</attributeLabel>
          <attributeDefinition>Year measurement was taken</attributeDefinition>
          <storageType>integer</storageType>
          <measurementScale>
            <ratio>
              <unit>
                <standardUnit>dimensionless</standardUnit>
              </unit>
              <numericDomain>
                <numberType>real</numberType>
                <!--No minimum value recorded in database (datafilevaribles/minvalid)-->
              </numericDomain>
            </ratio>
          </measurementScale>
          <!--No missing value/character in database (datafilevarible/errorcode)-->
        </attribute>
        <attribute>
          <attributeName>doy</attributeName>
          <attributeLabel>doy</attributeLabel>
          <attributeDefinition>day of year measurement was taken</attributeDefinition>
          <storageType>integer</storageType>
          <measurementScale>
            <ratio>
              <unit>
                <standardUnit>dimensionless</standardUnit>
              </unit>
              <numericDomain>
                <numberType>real</numberType>
                <!--No minimum value recorded in database (datafilevaribles/minvalid)-->
              </numericDomain>
            </ratio>
          </measurementScale>
          <!--No missing value/character in database (datafilevarible/errorcode)-->
        </attribute>
        <attribute>
          <attributeName>hour</attributeName>
          <attributeLabel>hour</attributeLabel>
          <attributeDefinition>Hour measurement was taken: hourly values reflect the midpoint of the hour in which data were collected (e.g., hour 1.5 reflects data collected from 1:00 - 1:59)</attributeDefinition>
          <storageType>float</storageType>
          <measurementScale>
            <ratio>
              <unit>
                <standardUnit>dimensionless</standardUnit>
              </unit>
              <numericDomain>
                <numberType>real</numberType>
                <!--No minimum value recorded in database (datafilevaribles/minvalid)-->
              </numericDomain>
            </ratio>
          </measurementScale>
          <!--No missing value/character in database (datafilevarible/errorcode)-->
        </attribute>
        <attribute>
          <attributeName>tair</attributeName>
          <attributeLabel>tair</attributeLabel>
          <attributeDefinition>Air temperature </attributeDefinition>
          <storageType>float</storageType>
          <measurementScale>
            <ratio>
              <unit>
                <standardUnit>celsius</standardUnit>
              </unit>
              <numericDomain>
                <numberType>real</numberType>
                <!--No minimum value recorded in database (datafilevaribles/minvalid)-->
              </numericDomain>
            </ratio>
          </measurementScale>
          <!--No missing value/character in database (datafilevarible/errorcode)-->
        </attribute>
        <attribute>
          <attributeName>precip</attributeName>
          <attributeLabel>precip</attributeLabel>
          <attributeDefinition>Rainfall </attributeDefinition>
          <storageType>float</storageType>
          <measurementScale>
            <ratio>
              <unit>
                <standardUnit>millimeter</standardUnit>
              </unit>
              <numericDomain>
                <numberType>real</numberType>
                <!--No minimum value recorded in database (datafilevaribles/minvalid)-->
              </numericDomain>
            </ratio>
          </measurementScale>
          <!--No missing value/character in database (datafilevarible/errorcode)-->
        </attribute>
        <attribute>
          <attributeName>RH</attributeName>
          <attributeLabel>RH</attributeLabel>
          <attributeDefinition>relative humidity</attributeDefinition>
          <storageType>float</storageType>
          <measurementScale>
            <ratio>
              <unit>
                <customUnit>percent</customUnit>
              </unit>
              <numericDomain>
                <numberType>real</numberType>
                <!--No minimum value recorded in database (datafilevaribles/minvalid)-->
              </numericDomain>
            </ratio>
          </measurementScale>
          <!--No missing value/character in database (datafilevarible/errorcode)-->
        </attribute>
        <attribute>
          <attributeName>PAR</attributeName>
          <attributeLabel>PAR</attributeLabel>
          <attributeDefinition>photosynthetically active radiation</attributeDefinition>
          <storageType>float</storageType>
          <measurementScale>
            <ratio>
              <unit>
                <customUnit>uE</customUnit>
              </unit>
              <numericDomain>
                <numberType>real</numberType>
                <!--No minimum value recorded in database (datafilevaribles/minvalid)-->
              </numericDomain>
            </ratio>
          </measurementScale>
          <!--No missing value/character in database (datafilevarible/errorcode)-->
        </attribute>
        <attribute>
          <attributeName>Wind_sp</attributeName>
          <attributeLabel>Wind_sp</attributeLabel>
          <attributeDefinition>wind speed</attributeDefinition>
          <storageType>float</storageType>
          <measurementScale>
            <ratio>
              <unit>
                <customUnit>m/s</customUnit>
              </unit>
              <numericDomain>
                <numberType>real</numberType>
                <!--No minimum value recorded in database (datafilevaribles/minvalid)-->
              </numericDomain>
            </ratio>
          </measurementScale>
          <!--No missing value/character in database (datafilevarible/errorcode)-->
        </attribute>
        <attribute>
          <attributeName>wind_di</attributeName>
          <attributeLabel>wind_di</attributeLabel>
          <attributeDefinition>wind direction</attributeDefinition>
          <storageType>float</storageType>
          <measurementScale>
            <ratio>
              <unit>
                <customUnit>ø</customUnit>
              </unit>
              <numericDomain>
                <numberType>real</numberType>
                <!--No minimum value recorded in database (datafilevaribles/minvalid)-->
              </numericDomain>
            </ratio>
          </measurementScale>
          <!--No missing value/character in database (datafilevarible/errorcode)-->
        </attribute>
        <attribute>
          <attributeName>pressure</attributeName>
          <attributeLabel>pressure</attributeLabel>
          <attributeDefinition>barometric pressure</attributeDefinition>
          <storageType>float</storageType>
          <measurementScale>
            <ratio>
              <unit>
                <standardUnit>kilopascal</standardUnit>
              </unit>
              <numericDomain>
                <numberType>real</numberType>
                <!--No minimum value recorded in database (datafilevaribles/minvalid)-->
              </numericDomain>
            </ratio>
          </measurementScale>
          <!--No missing value/character in database (datafilevarible/errorcode)-->
        </attribute>
      </attributeList>
    </dataTable>
    <dataTable>
      <entityName>453_EML_AK_weather_data_2009-2011.txt</entityName>
      <entityDescription>This data set includes hourly mean values of PAR, relative humidity, air temperature, barometric pressure, wind speed and direction, and hourly summed precipitation.</entityDescription>
      <physical>
        <objectName>453_EML_AK_weather_data_2009-2011.txt</objectName>
        <dataFormat>
          <textFormat>
            <numHeaderLines>1</numHeaderLines>
            <recordDelimiter>\n</recordDelimiter>
            <physicalLineDelimiter>\n</physicalLineDelimiter>
            <attributeOrientation>column</attributeOrientation>
            <simpleDelimited>
              <fieldDelimiter>\t</fieldDelimiter>
            </simpleDelimited>
          </textFormat>
        </dataFormat>
        <distribution>
          <online>
            <url function="download">https://pasta.lternet.edu/package/data/eml/knb-lter-bnz/453/12/8101dd7d6ed7b910b7998576bcd45a95</url>
          </online>
        </distribution>
      </physical>
      <attributeList>
        <attribute>
          <attributeName>Year</attributeName>
          <attributeLabel>Year</attributeLabel>
          <attributeDefinition>Year measurement was taken</attributeDefinition>
          <storageType>integer</storageType>
          <measurementScale>
            <ratio>
              <unit>
                <standardUnit>dimensionless</standardUnit>
              </unit>
              <numericDomain>
                <numberType>real</numberType>
                <!--No minimum value recorded in database (datafilevaribles/minvalid)-->
              </numericDomain>
            </ratio>
          </measurementScale>
          <!--No missing value/character in database (datafilevarible/errorcode)-->
        </attribute>
        <attribute>
          <attributeName>doy</attributeName>
          <attributeLabel>doy</attributeLabel>
          <attributeDefinition>day of year measurement was taken</attributeDefinition>
          <storageType>integer</storageType>
          <measurementScale>
            <ratio>
              <unit>
                <standardUnit>dimensionless</standardUnit>
              </unit>
              <numericDomain>
                <numberType>real</numberType>
                <!--No minimum value recorded in database (datafilevaribles/minvalid)-->
              </numericDomain>
            </ratio>
          </measurementScale>
          <!--No missing value/character in database (datafilevarible/errorcode)-->
        </attribute>
        <attribute>
          <attributeName>hour</attributeName>
          <attributeLabel>hour</attributeLabel>
          <attributeDefinition>Hour measurement was taken: hourly values reflect the midpoint of the hour in which data were collected (e.g., hour 1.5 reflects data collected from 1:00 - 1:59)</attributeDefinition>
          <storageType>float</storageType>
          <measurementScale>
            <ratio>
              <unit>
                <standardUnit>dimensionless</standardUnit>
              </unit>
              <numericDomain>
                <numberType>real</numberType>
                <!--No minimum value recorded in database (datafilevaribles/minvalid)-->
              </numericDomain>
            </ratio>
          </measurementScale>
          <!--No missing value/character in database (datafilevarible/errorcode)-->
        </attribute>
        <attribute>
          <attributeName>tair</attributeName>
          <attributeLabel>tair</attributeLabel>
          <attributeDefinition>Air temperature </attributeDefinition>
          <storageType>float</storageType>
          <measurementScale>
            <ratio>
              <unit>
                <standardUnit>celsius</standardUnit>
              </unit>
              <numericDomain>
                <numberType>real</numberType>
                <!--No minimum value recorded in database (datafilevaribles/minvalid)-->
              </numericDomain>
            </ratio>
          </measurementScale>
          <!--No missing value/character in database (datafilevarible/errorcode)-->
        </attribute>
        <attribute>
          <attributeName>precip</attributeName>
          <attributeLabel>precip</attributeLabel>
          <attributeDefinition>Rainfall </attributeDefinition>
          <storageType>float</storageType>
          <measurementScale>
            <ratio>
              <unit>
                <standardUnit>millimeter</standardUnit>
              </unit>
              <numericDomain>
                <numberType>real</numberType>
                <!--No minimum value recorded in database (datafilevaribles/minvalid)-->
              </numericDomain>
            </ratio>
          </measurementScale>
          <!--No missing value/character in database (datafilevarible/errorcode)-->
        </attribute>
        <attribute>
          <attributeName>RH</attributeName>
          <attributeLabel>RH</attributeLabel>
          <attributeDefinition>relative humidity</attributeDefinition>
          <storageType>float</storageType>
          <measurementScale>
            <ratio>
              <unit>
                <customUnit>percent</customUnit>
              </unit>
              <numericDomain>
                <numberType>real</numberType>
                <!--No minimum value recorded in database (datafilevaribles/minvalid)-->
              </numericDomain>
            </ratio>
          </measurementScale>
          <!--No missing value/character in database (datafilevarible/errorcode)-->
        </attribute>
        <attribute>
          <attributeName>PAR</attributeName>
          <attributeLabel>PAR</attributeLabel>
          <attributeDefinition>photosynthetically active radiation</attributeDefinition>
          <storageType>float</storageType>
          <measurementScale>
            <ratio>
              <unit>
                <customUnit>uE</customUnit>
              </unit>
              <numericDomain>
                <numberType>real</numberType>
                <!--No minimum value recorded in database (datafilevaribles/minvalid)-->
              </numericDomain>
            </ratio>
          </measurementScale>
          <!--No missing value/character in database (datafilevarible/errorcode)-->
        </attribute>
        <attribute>
          <attributeName>Wind_sp</attributeName>
          <attributeLabel>Wind_sp</attributeLabel>
          <attributeDefinition>wind speed</attributeDefinition>
          <storageType>float</storageType>
          <measurementScale>
            <ratio>
              <unit>
                <customUnit>m/s</customUnit>
              </unit>
              <numericDomain>
                <numberType>real</numberType>
                <!--No minimum value recorded in database (datafilevaribles/minvalid)-->
              </numericDomain>
            </ratio>
          </measurementScale>
          <!--No missing value/character in database (datafilevarible/errorcode)-->
        </attribute>
        <attribute>
          <attributeName>wind_di</attributeName>
          <attributeLabel>wind_di</attributeLabel>
          <attributeDefinition>wind direction</attributeDefinition>
          <storageType>float</storageType>
          <measurementScale>
            <ratio>
              <unit>
                <customUnit>ø</customUnit>
              </unit>
              <numericDomain>
                <numberType>real</numberType>
                <!--No minimum value recorded in database (datafilevaribles/minvalid)-->
              </numericDomain>
            </ratio>
          </measurementScale>
          <!--No missing value/character in database (datafilevarible/errorcode)-->
        </attribute>
        <attribute>
          <attributeName>pressure</attributeName>
          <attributeLabel>pressure</attributeLabel>
          <attributeDefinition>barometric pressure</attributeDefinition>
          <storageType>float</storageType>
          <measurementScale>
            <ratio>
              <unit>
                <standardUnit>kilopascal</standardUnit>
              </unit>
              <numericDomain>
                <numberType>real</numberType>
                <!--No minimum value recorded in database (datafilevaribles/minvalid)-->
              </numericDomain>
            </ratio>
          </measurementScale>
          <!--No missing value/character in database (datafilevarible/errorcode)-->
        </attribute>
      </attributeList>
    </dataTable>
  </dataset>
  <additionalMetadata>
    <metadata>
      <unitList>
        <unit id="m/s"/>
        <unit id="percent"/>
        <unit id="uE"/>
        <unit id="ø"/>
      </unitList>
    </metadata>
  </additionalMetadata>
</eml:eml>
