<?xml version="1.0" encoding="UTF-8"?>
<eml:eml packageId="knb-lter-bnz.46.15" scope="system"
  system="https://pasta.lternet.edu"
  xmlns:ds="eml://ecoinformatics.org/dataset-2.1.0"
  xmlns:eml="eml://ecoinformatics.org/eml-2.1.1"
  xmlns:stmml="http://www.xml-cml.org/schema/stmml-1.1"
  xmlns:xsi="http://www.w3.org/2001/XMLSchema-instance" xsi:schemaLocation="eml://ecoinformatics.org/eml-2.1.0&#xa;&#x9;&#x9;&#x9;&#x9;http://nis.lternet.edu/schemas/EML/eml-2.1.0/eml.xsd">
  <access authSystem="https://pasta.lternet.edu/authentication"
    order="allowFirst" scope="document" system="https://pasta.lternet.edu">
    <allow>
      <principal>uid=BNZ,o=lter,dc=ecoinformatics,dc=org</principal>
      <permission>all</permission>
    </allow>
    <allow>
      <principal>public</principal>
      <permission>read</permission>
    </allow>
  </access>
  <dataset>
    <shortName>knb-lter-bnz.46.15</shortName>
    <title>Tree regeneration after fire: Effects of burn severity, transplanted seedlings analysis</title>
    <creator>
      <individualName>
        <givenName>Jill</givenName>
        <surName>Johnstone</surName>
      </individualName>
      <positionName>Associate Professor</positionName>
      <address>
        <deliveryPoint>Department of Biology;  University of Saskatchewan;  112 Science Place</deliveryPoint>
        <city>Saskatoon</city>
        <administrativeArea>Saskatchewan</administrativeArea>
        <postalCode>S7N 5E2</postalCode>
        <country>Canada</country>
      </address>
      <phone phonetype="voice">(306) 966-4421</phone>
      <phone phonetype="fax">(306) 966-4461</phone>
      <electronicMailAddress>jill.johnstone@usask.ca</electronicMailAddress>
      <onlineUrl>http://homepage.usask.ca/~jfj445/</onlineUrl>
    </creator>
    <metadataProvider>
      <organizationName>Bonanza Creek LTER</organizationName>
      <positionName>Data Manager</positionName>
      <address>
        <deliveryPoint>Boreal Ecology Cooperative Research Unit </deliveryPoint>
        <deliveryPoint>University of Alaska Fairbanks</deliveryPoint>
        <deliveryPoint>P.O. Box 756780 </deliveryPoint>
        <city>Fairbanks</city>
        <administrativeArea>AK</administrativeArea>
        <postalCode>99775</postalCode>
        <country>USA</country>
      </address>
      <phone phonetype="voice">907-474-6364</phone>
      <phone phonetype="fax">907-474-6251</phone>
      <electronicMailAddress>uaf-bnz-im-team@alaska.edu</electronicMailAddress>
      <onlineUrl>http://www.lter.uaf.edu</onlineUrl>
    </metadataProvider>
    <associatedParty>
      <individualName>
        <givenName>F.S.</givenName>
        <givenName>Stuart</givenName>
        <surName>Chapin</surName>
      </individualName>
      <positionName>Professor of Ecology</positionName>
      <address>
        <deliveryPoint>Department of Biology and Wildlife;  Institute of Arctic Biology:  University of Alaska Fairbanks 193 Arctic Health P.O. Box 757000</deliveryPoint>
        <city>Fairbanks</city>
        <administrativeArea>AK </administrativeArea>
        <postalCode>99775</postalCode>
        <country>United States</country>
      </address>
      <phone phonetype="voice">(907) 474-7922</phone>
      <phone phonetype="fax">(907) 474-6967</phone>
      <role>Associated investigator</role>
    </associatedParty>
    <pubDate>2003-10-23</pubDate>
    <abstract>
      <para>This study examines the effects of burn severity on patterns of post-fire tree establishment in the boreal forest. We collected data from 5 separate field experiments examining seedling establishment across different severity levels in 4 burns in central Yukon Territory, Canada, and interior Alaska, USA. The experimental studies focus on the germination, survival, and growth responses of four common tree species, trembling aspen (Populus tremuloides), lodgepole pine (Pinus contorta), white spruce (Picea glauca) and black spruce (Picea mariana). Data on the soil organic layer (depth, moisture, bulk density, pH) were also collected at each site.

This file contains summary biomass data for seedlings transplanted into field plots in June 2001, and harvested in late August 2002. Data represent current year biomass from 2002 (dry biomass, leaves and stems pooled). Values are average weights/seedling, where most plots had 3 seedlings, but some had fewer due to mortality or problems with planting. Note that there are no data for white spruce at the Carmacks site.</para>
    </abstract>
    <keywordSet>
      <keyword>burn severity</keyword>
      <keyword>fires</keyword>
      <keyword>post-fire regeneration</keyword>
      <keyword>seedling establishment</keyword>
      <keyword>Populus tremuloides</keyword>
      <keyword>Picea glauca</keyword>
      <keyword>Picea mariana</keyword>
      <keyword>Pinus contorta</keyword>
      <keyword>organic layer</keyword>
      <keyword>duff</keyword>
      <keywordThesaurus>Succession</keywordThesaurus>
    </keywordSet>
    <intellectualRights>
      <section>
        <title>Access to Data</title>
        <para>While metadata will be freely available to those requesting it, the data manager will assure that any restrictions on access to data sets in the database will be enforced. Data will not be released without proper permission first being obtained from the investigator who generated the data. </para>
      </section>
      <section>
        <title>Use of data</title>
        <para> Researchers should receive adequate acknowledgment for the use of their data by others and should be provided with copies of publications using their data. Users of data from the data base must be aware that data is not to be sold or redistributed.</para>
      </section>
      <section>
        <title>Citing Bonanza Creek LTER Datasets</title>
        <para>It is considered a matter of professional ethics to acknowledge the work of other scientists. Thus, the Data User will properly cite the Data Set in any publications or in the metadata of any derived data products that were produced using the Data Set. </para>
      </section>
    </intellectualRights>
    <distribution id="distributionReference">
      <online>
        <url function="information">http://www.lter.uaf.edu/data_detail.cfm?datafile_pkey=46</url>
      </online>
    </distribution>
    <coverage>
      <geographicCoverage id="geoReference">
        <geographicDescription>Site information unavailable</geographicDescription>
        <boundingCoordinates>
          <westBoundingCoordinate>-147.5166667</westBoundingCoordinate>
          <eastBoundingCoordinate>-147.5166667</eastBoundingCoordinate>
          <northBoundingCoordinate>65.16666667</northBoundingCoordinate>
          <southBoundingCoordinate>65.16666667</southBoundingCoordinate>
        </boundingCoordinates>
      </geographicCoverage>
      <temporalCoverage>
        <rangeOfDates>
          <beginDate>
            <calendarDate>1999-08-01</calendarDate>
          </beginDate>
          <endDate>
            <calendarDate>2001-10-31</calendarDate>
          </endDate>
        </rangeOfDates>
      </temporalCoverage>
    </coverage>
    <maintenance>
      <description>
        <section>
          <title>Status</title>
          <para>Completed</para>
        </section>
      </description>
    </maintenance>
    <contact>
      <organizationName>LTER Network Office</organizationName>
      <positionName>LNO Information Manager</positionName>
    </contact>
    <contact>
      <organizationName>Bonanza Creek LTER</organizationName>
      <positionName>Data Manager</positionName>
      <address>
        <deliveryPoint>Boreal Ecology Cooperative Research Unit </deliveryPoint>
        <deliveryPoint>University of Alaska Fairbanks</deliveryPoint>
        <deliveryPoint>P.O. Box 756780 </deliveryPoint>
        <city>Fairbanks</city>
        <administrativeArea>AK</administrativeArea>
        <postalCode>99775</postalCode>
        <country>USA</country>
      </address>
      <phone phonetype="voice">907-474-6364</phone>
      <phone phonetype="fax">907-474-6251</phone>
      <electronicMailAddress>uaf-bnz-im-team@alaska.edu</electronicMailAddress>
      <onlineUrl>http://www.lter.uaf.edu</onlineUrl>
    </contact>
    <publisher>
      <organizationName>Bonanza Creek LTER</organizationName>
      <address>
        <deliveryPoint>Boreal Ecology Cooperative Research Unit </deliveryPoint>
        <deliveryPoint>University of Alaska Fairbanks</deliveryPoint>
        <deliveryPoint>P.O. Box 756780 </deliveryPoint>
        <city>Fairbanks</city>
        <administrativeArea>AK</administrativeArea>
        <postalCode>99775</postalCode>
        <country>USA</country>
      </address>
      <phone phonetype="voice">907-474-6364</phone>
      <phone phonetype="fax">907-474-6251</phone>
    </publisher>
    <pubPlace>Bonanza Creek LTER</pubPlace>
    <methods>
      <methodStep>
        <description>
          <section>
            <title>Experimental Design</title>
            <para>In June 2000, we established burn severity contrasts at each site that compared areas of little consumption of the organic layer (low-severity areas with a portion of the fibric, or upper duff, organic layer intact after the burn) with areas of complete or nearly-complete consumption (severely-burned patches where all of the fibric, and most or all of the humic organic layers had been burned). Differences among sites in management regulations and soil moisture at the time that experiments were established resulted in slightly different experimental approaches at each site (see file ). At three locations (Delta, Campbell Highway, and Fox Lake) we used natural variations in the depth of burn to establish burn severity contrasts. The sites at Delta and Fox Lake had both experienced patchy smoldering in the organic layer, and we were able to establish interspersed plots located in organic or severely-burned patches. At the Campbell Highway site, we used plots located in adjacent, large patches of severely- or lightly-burned ground to establish the severity contrasts. In all cases, plots were established in an area of visually homogeneous pre-fire tree density and soil conditions. Natural variations in soil burn severity appear to arise from variations in the extent of smoldering combustion during a burn.

At two additional sites (CPCRW and Fox Lake), we used manual burning of the residual organic layer to establish burn severity contrasts. Plots were located in areas with an intact organic layer, and high and low severity treatments were randomly assigned. For the severe-burn treatment, we used a hand-held propane torch to manually burn away the residual organic layer. Plots assigned to the light-burn (organic) treatment were singed with the propane torch to kill any established above-ground vegetation.

In addition to the organic and severe burn treatments, three sites had an additional soil treatment in the experiment (siteinfo.txt). In the Fox Lake natural comparisons, we included an ?ash? treatment, which represented an extreme end of the severity gradient. This treatment consisted of areas in the burn that had been so severely burned that all surface organics, including fine roots and organic carbon in the upper mineral soil, had been completely consumed and nothing but ash and sterile mineral soil were left at the surface. At the Delta site, and in the Fox Lake experimental comparisons, we established a set of plots in which we removed the residual organic layer by hand, rather than by burning. In these plots, we were able to cut through the organic layer around the border of the plot, and peel off the organics with a hoe without disturbing the underlying mineral soil. These plots represented a mineral soil exposure treatment that was similar to the severe burn treatment, but did not include other effects of fire, such as soil heating and deposition of ash and charred organics.

The basic experimental units at each site were rectangular or circular plots split into 5 or 6 smaller subplots. Circular plots were 2 m in diameter and contained 6 triangular subplots (each 0.28 m2) arranged in a hexagon, surrounded by a 10-15 cm buffer strip along the outside. Rectangular plots were 0.75 m wide and 3.25 m long, and contained 5 triangular subplots (each 0.28 m2). At several sites, plots were arranged in 2 or 3 blocks that were spatially separated from each other by 10 to 500 m (Table 4.1). Each plot represented a given burn severity level, and species treatments were randomly assigned to subplots in a split-plot design. There were four seedling species treatments: black spruce (BS), white spruce (WS), lodgepole pine (LP), and trembling aspen (TA). The remaining one or two subplots were unplanted and were used to monitor natural establishment of seedlings.

Seeds of black spruce, white spruce, and lodgepole pine were sown into their respective subplots in late June and early September 2000. Aspen was only seeded in June, within a few weeks of the natural dispersal time for that species. Seeds were applied to the appropriate subplots by scattering seed on the ground surface. The total amount of seed applied was 559, 316, 282, 17060 viable seeds/m2 (0.73, 0.81, 0.86, 1.73 grams of viable seed) for BS, WS, LP, and TA, respectively. Because of low seedling establishment at the Delta site, an additional round of conifer seeds was sown there in September 2001 (increasing the seed application rate by 50%).

Seed provenances came from Delta (BS and TA), Tok (WS), and Whitehorse (LP). The conifer seed had been collected several years previously, while the aspen seed was collected in June 2000. Seed lots of the conifers were stored frozen, and aspen seed at 4 °C. Among all sites, the majority of seedlings germinated in 2000 and 2001, and CPCRW and Delta were the only sites to have new germinants counted in seeded plots in 2002. In plots with high rates of seedling germination, seedlings within a cohort were thinned once to a density of 15 seedlings per sub-plot (~0.5 seedlings/cm2). Thinning occurred in June 2001 for the 2000 cohort and September 2001 for the 2001 cohort. Estimates of survivorship of the thinned seedlings were calculated from observed mortality of the remaining seedlings.

In June 2001, young seedlings of black spruce, white spruce, pine and aspen were transplanted into the same sub-plots (3 seedlings/sub-plot) in which seed of each species had been sown. Seedlings were grown for 4 months in a greenhouse at the University of Alaska, from the same seed stock used in the field applications. Seeds were planted in 4x10 cm standard forestry containers (cone-tainers) using a sterile peat and vermiculite potting mixture. At the time of planting, the seedlings were the size of healthy, 2 or 3 year-old seedlings grown in a natural environment. No seedlings were transplanted into the Fox Lake natural comparison plots, or into mineral soil plots at Delta. In addition, because of mishaps in the transporting of seedlings, no white spruce were transplanted into plots at the Campbell Highway site and six plots at the CPCRW site received only 1 2 aspen transplants/plot. </para>
          </section>
          <section>
            <title>Methods</title>
            <para>Vegetation cover and the germination and survival of tree seedlings were monitored over three years. At peak season (mid-late July) in each year, visual estimates of species cover were made in a 1x1 m or 50x50 cm quadrat (for circular and rectangular plots, respectively) positioned in the center of each plot. All sub-plots were surveyed for established seedlings at the beginning, middle and end of each summer. Seedlings were individually marked with color-coded vinyl paper clips or wooden toothpicks to identify the year in which they were first observed. Natural establishment rates were estimated from seedling counts in control plots. All seeded and transplanted seedlings were harvested on August 26, 2002. In the laboratory, current year growth of the transplanted seedlings was separated from the remainder of the aboveground biomass. Current year biomass of transplants and total aboveground biomass of sown seedlings were dried in a 60 °C oven for 48 hours and then weighed.

In July 2002, destructive soil samples were taken from one sample point per plot using a 5 cm soil corer. At sites with circular plots, soil samples were taken from a designated control sub-plot, and at sites with rectangular plots, from a point outside and bordering the triangular plots. Soil cores were separated into an organic layer portion and the upper 5 cm of mineral soil, which were weighed before and after drying in a 60 °C oven for 48 hours to provide information on water content. Bulk density and volumetric water content for the upper 5 cm of soil were calculated from these data. Measurements of pH were made for organic soils using an electronic pH probe submersed in a slurry of soil and distilled water. Additional measures of soil organic layer depth were made in 2001 (1 point/plot, 2 cm corer) and at the time of final harvest in August 2002 (6 points/plot, 5 cm corer).</para>
          </section>
        </description>
      </methodStep>
      <!--sampling info missing (datafile/samp_freq)-->
    </methods>
    <dataTable>
      <entityName>198_1645_transplants.txt</entityName>
      <entityDescription>transplants.txt

This file contains summary biomass data for seedlings transplanted into field plots in June 2001, and harvested in late August 2002. Data represent current year biomass from 2002 (dry biomass, leaves and stems pooled). Values are average weights/seedling, where most plots had 3 seedlings, but some had fewer due to mortality or problems with planting. Note that there are no data for white spruce at the Carmacks site.</entityDescription>
      <physical>
        <objectName>198_1645_transplants.txt</objectName>
        <dataFormat>
          <textFormat>
            <numHeaderLines>1</numHeaderLines>
            <recordDelimiter>\n</recordDelimiter>
            <physicalLineDelimiter>\n</physicalLineDelimiter>
            <attributeOrientation>column</attributeOrientation>
            <simpleDelimited>
              <fieldDelimiter>\t</fieldDelimiter>
            </simpleDelimited>
          </textFormat>
        </dataFormat>
        <distribution>
          <online>
            <url function="download">https://pasta.lternet.edu/package/data/eml/knb-lter-bnz/46/15/b359b0fe19b365cfbb5823dca18911fd</url>
          </online>
        </distribution>
      </physical>
      <attributeList>
        <attribute>
          <attributeName>Site</attributeName>
          <attributeLabel>Site</attributeLabel>
          <attributeDefinition>Site</attributeDefinition>
          <storageType>string</storageType>
          <measurementScale>
            <nominal>
              <nonNumericDomain>
                <textDomain>
                  <definition>Site</definition>
                </textDomain>
              </nonNumericDomain>
            </nominal>
          </measurementScale>
          <!--No missing value/character in database (datafilevarible/errorcode)-->
        </attribute>
        <attribute>
          <attributeName>Trmt</attributeName>
          <attributeLabel>Trmt</attributeLabel>
          <attributeDefinition>Severity of the treatment</attributeDefinition>
          <storageType>string</storageType>
          <measurementScale>
            <nominal>
              <nonNumericDomain>
                <textDomain>
                  <definition>Severity of the treatment</definition>
                </textDomain>
              </nonNumericDomain>
            </nominal>
          </measurementScale>
          <!--No missing value/character in database (datafilevarible/errorcode)-->
        </attribute>
        <attribute>
          <attributeName>Plot</attributeName>
          <attributeLabel>Plot</attributeLabel>
          <attributeDefinition>Plot number</attributeDefinition>
          <storageType>integer</storageType>
          <measurementScale>
            <nominal>
              <nonNumericDomain>
                <textDomain>
                  <definition>Plot number</definition>
                </textDomain>
              </nonNumericDomain>
            </nominal>
          </measurementScale>
          <!--No missing value/character in database (datafilevarible/errorcode)-->
        </attribute>
        <attribute>
          <attributeName>Spp</attributeName>
          <attributeLabel>Spp</attributeLabel>
          <attributeDefinition>Species type</attributeDefinition>
          <storageType>string</storageType>
          <measurementScale>
            <nominal>
              <nonNumericDomain>
                <enumeratedDomain>
                  <codeDefinition>
                    <code>BS </code>
                    <definition> Black Spruce</definition>
                  </codeDefinition>
                  <codeDefinition>
                    <code> WS </code>
                    <definition> White Spruce</definition>
                  </codeDefinition>
                  <codeDefinition>
                    <code> LP </code>
                    <definition> Lodgepole Pine</definition>
                  </codeDefinition>
                  <codeDefinition>
                    <code> TA </code>
                    <definition> Trembling Aspen </definition>
                  </codeDefinition>
                </enumeratedDomain>
              </nonNumericDomain>
            </nominal>
          </measurementScale>
          <!--No missing value/character in database (datafilevarible/errorcode)-->
        </attribute>
        <attribute>
          <attributeName>weight</attributeName>
          <attributeLabel>weight</attributeLabel>
          <attributeDefinition>Dry weight in grams</attributeDefinition>
          <storageType>float</storageType>
          <measurementScale>
            <ratio>
              <unit>
                <standardUnit>gram</standardUnit>
              </unit>
              <numericDomain>
                <numberType>real</numberType>
                <!--No minimum value recorded in database (datafilevaribles/minvalid)-->
              </numericDomain>
            </ratio>
          </measurementScale>
          <missingValueCode>
            <code>.</code>
            <codeExplanation>Missing Value</codeExplanation>
          </missingValueCode>
        </attribute>
      </attributeList>
    </dataTable>
  </dataset>
</eml:eml>
