<?xml version="1.0" encoding="UTF-8"?>
<eml:eml packageId="knb-lter-bnz.50.16" scope="system"
  system="https://pasta.lternet.edu"
  xmlns:ds="eml://ecoinformatics.org/dataset-2.1.0"
  xmlns:eml="eml://ecoinformatics.org/eml-2.1.1"
  xmlns:stmml="http://www.xml-cml.org/schema/stmml-1.1"
  xmlns:xsi="http://www.w3.org/2001/XMLSchema-instance" xsi:schemaLocation="eml://ecoinformatics.org/eml-2.1.0&#xa;&#x9;&#x9;&#x9;&#x9;http://nis.lternet.edu/schemas/EML/eml-2.1.0/eml.xsd">
  <access authSystem="https://pasta.lternet.edu/authentication"
    order="allowFirst" scope="document" system="https://pasta.lternet.edu">
    <allow>
      <principal>uid=BNZ,o=lter,dc=ecoinformatics,dc=org</principal>
      <permission>all</permission>
    </allow>
    <allow>
      <principal>public</principal>
      <permission>read</permission>
    </allow>
  </access>
  <dataset>
    <shortName>knb-lter-bnz.50.16</shortName>
    <title>Acetylene reduction and 15N2 uptake rates for Alnus tenuifolia and Alnus crispa in six different successional habitats</title>
    <creator>
      <individualName>
        <givenName>Roger</givenName>
        <givenName>W.</givenName>
        <surName>Ruess</surName>
      </individualName>
      <positionName>Senior Investigator</positionName>
      <address>
        <deliveryPoint>Institute of Arctic Biology  University of Alaska Fairbanks P.O. Box 757000</deliveryPoint>
        <city>Fairbanks</city>
        <administrativeArea>AK </administrativeArea>
        <postalCode>99775-0180</postalCode>
        <country>United States</country>
      </address>
      <phone phonetype="voice">(907) 474-7153</phone>
      <phone phonetype="fax">(907) 474-6967</phone>
      <electronicMailAddress>rwruess@alaska.edu</electronicMailAddress>
      <onlineUrl>http://www.iab.uaf.edu/~roger_ruess/</onlineUrl>
    </creator>
    <metadataProvider>
      <organizationName>Bonanza Creek LTER</organizationName>
      <positionName>Data Manager</positionName>
      <address>
        <deliveryPoint>Boreal Ecology Cooperative Research Unit </deliveryPoint>
        <deliveryPoint>University of Alaska Fairbanks</deliveryPoint>
        <deliveryPoint>P.O. Box 756780 </deliveryPoint>
        <city>Fairbanks</city>
        <administrativeArea>AK</administrativeArea>
        <postalCode>99775</postalCode>
        <country>USA</country>
      </address>
      <phone phonetype="voice">907-474-6364</phone>
      <phone phonetype="fax">907-474-6251</phone>
      <electronicMailAddress>uaf-bnz-im-team@alaska.edu</electronicMailAddress>
      <onlineUrl>http://www.lter.uaf.edu</onlineUrl>
    </metadataProvider>
    <associatedParty>
      <individualName>
        <givenName>Mike</givenName>
        <givenName>D</givenName>
        <surName>Anderson</surName>
      </individualName>
      <positionName>PhD Student</positionName>
      <address>
        <deliveryPoint>Olin-Rice Science Center, 115</deliveryPoint>
        <city>St. Paul</city>
        <administrativeArea>MN</administrativeArea>
        <postalCode>55105</postalCode>
        <country>United States</country>
      </address>
      <phone phonetype="voice">(651) 696-6230</phone>
      <phone phonetype="fax">(651) 696-6443</phone>
      <role>Associated investigator</role>
    </associatedParty>
    <pubDate>2005-11-20</pubDate>
    <abstract>
      <para>This study sought to determine the conversion factor between acetylene reduction and N-fixation rates by root nodules excised from naturally-occurring Alnus tenuifolia and Alnus crispa plants in 18 sites in the BNZ-LTER. N-fixation rate was measured via uptake of 15N2 by excised nodule tissue. Sites were chosen to represent three replicates of early, mid, and late successional habitats on the Tanana River floodplain and in surrounding upland areas. A. tenuifolia was sampled in floodplain sites, and A. crispa in uplands. Parameters measured: acetylene reduction rate, N2 fixation rate, ratio of acetylene reduced to N2 fixed, soil temperature, leaf del 15N, and specific leaf weight.

Most of the fixed nitrogen (N) that enters the N cycle in Alaskan forests is fixed biologically by alder (Alnus spp.) in symbiosis with the N-fixing bacterial genus Frankia. Estimates of gross N inputs resulting from this process ultimately rely on accurate measurement of N-fixation by nodule tissue. These rates are typically estimated by measuring rates of acetylene reduction by nodule tissue, then using an empirically determined conversion factor to obtain the corresponding N fixation rate. The purposes of this study were to determine: 1) the conversion factor(s) for Alnus tenuifolia and Alnus crispa in the Bonanza Creek Experimental Forest, and 2) whether the conversion factor varied between plants occurring in different successional habitats.</para>
    </abstract>
    <keywordSet>
      <keyword>acetylene reduction</keyword>
      <keyword>nitrogen-15</keyword>
      <keyword>Alnus tenuifolia</keyword>
      <keyword>Alnus crispa</keyword>
      <keyword>alder</keyword>
      <keyword>nitrogen fixer</keyword>
      <keyword>actinorhizal plants</keyword>
      <keyword>alnus</keyword>
      <keyword>frankia</keyword>
      <keyword>plants</keyword>
      <keyword>bacteria</keyword>
      <keywordThesaurus>Biogeochemistry</keywordThesaurus>
    </keywordSet>
    <intellectualRights>
      <section>
        <title>Access to Data</title>
        <para>While metadata will be freely available to those requesting it, the data manager will assure that any restrictions on access to data sets in the database will be enforced. Data will not be released without proper permission first being obtained from the investigator who generated the data. </para>
      </section>
      <section>
        <title>Use of data</title>
        <para> Researchers should receive adequate acknowledgment for the use of their data by others and should be provided with copies of publications using their data. Users of data from the data base must be aware that data is not to be sold or redistributed.</para>
      </section>
      <section>
        <title>Citing Bonanza Creek LTER Datasets</title>
        <para>It is considered a matter of professional ethics to acknowledge the work of other scientists. Thus, the Data User will properly cite the Data Set in any publications or in the metadata of any derived data products that were produced using the Data Set. </para>
      </section>
    </intellectualRights>
    <distribution id="distributionReference">
      <online>
        <url function="information">http://www.lter.uaf.edu/data_detail.cfm?datafile_pkey=50</url>
      </online>
    </distribution>
    <coverage>
      <geographicCoverage id="geoReference">
        <geographicDescription>Site information unavailable</geographicDescription>
        <boundingCoordinates>
          <westBoundingCoordinate>-148.3790685</westBoundingCoordinate>
          <eastBoundingCoordinate>-148.1435205</eastBoundingCoordinate>
          <northBoundingCoordinate>64.7666796</northBoundingCoordinate>
          <southBoundingCoordinate>64.66966</southBoundingCoordinate>
        </boundingCoordinates>
      </geographicCoverage>
      <temporalCoverage>
        <rangeOfDates>
          <beginDate>
            <calendarDate>2001-06-25</calendarDate>
          </beginDate>
          <endDate>
            <calendarDate>2001-08-10</calendarDate>
          </endDate>
        </rangeOfDates>
      </temporalCoverage>
    </coverage>
    <maintenance>
      <description>
        <section>
          <title>Status</title>
          <para>Completed</para>
        </section>
      </description>
    </maintenance>
    <contact>
      <organizationName>LTER Network Office</organizationName>
      <positionName>LNO Information Manager</positionName>
    </contact>
    <contact>
      <organizationName>Bonanza Creek LTER</organizationName>
      <positionName>Data Manager</positionName>
      <address>
        <deliveryPoint>Boreal Ecology Cooperative Research Unit </deliveryPoint>
        <deliveryPoint>University of Alaska Fairbanks</deliveryPoint>
        <deliveryPoint>P.O. Box 756780 </deliveryPoint>
        <city>Fairbanks</city>
        <administrativeArea>AK</administrativeArea>
        <postalCode>99775</postalCode>
        <country>USA</country>
      </address>
      <phone phonetype="voice">907-474-6364</phone>
      <phone phonetype="fax">907-474-6251</phone>
      <electronicMailAddress>uaf-bnz-im-team@alaska.edu</electronicMailAddress>
      <onlineUrl>http://www.lter.uaf.edu</onlineUrl>
    </contact>
    <publisher>
      <organizationName>Bonanza Creek LTER</organizationName>
      <address>
        <deliveryPoint>Boreal Ecology Cooperative Research Unit </deliveryPoint>
        <deliveryPoint>University of Alaska Fairbanks</deliveryPoint>
        <deliveryPoint>P.O. Box 756780 </deliveryPoint>
        <city>Fairbanks</city>
        <administrativeArea>AK</administrativeArea>
        <postalCode>99775</postalCode>
        <country>USA</country>
      </address>
      <phone phonetype="voice">907-474-6364</phone>
      <phone phonetype="fax">907-474-6251</phone>
    </publisher>
    <pubPlace>Bonanza Creek LTER</pubPlace>
    <methods>
      <methodStep>
        <description>
          <section>
            <title>Experimental Design</title>
            <para>At each site 10 alder plants were chosen haphazardly. Approximately 5 grams of nodule tissue was harvested from each plant, half of which was exposed to acetylene for 2.5 minutes, and half to 15N2 for 10 minutes. A sample of the 15N2 composition of the incubation atmosphere was also taken. Additionally, at each plant soil temperature was measured at a depth corresponding to that at which most nodules occurred, and five leaves were chosen for measurement of specific leaf weight and del 15N. Ethylene production resulting from acetylene reduction by nodules was quantified via gas chromatography. Nodule 15N2 uptake, incubation atmosphere composition, and leaf del 15N were measured via mass spectrometry.

Data were entered and double-checked by Mike Anderson. ARA conversion factors for each plant were calculated by dividing the acetylene reduction rate by the rate of N-fixation calculated from 15N2 uptake. 15N2 uptake was converted to an estimate of N-fixation rate by correcting for the 15N2 composition of the incubation atmosphere. Specific leaf weight was obtained by dividing the total area of circular punches taken from leaves by the dry mass of the punches. Leaf del 15N was obtained via mass spectrometry.</para>
          </section>
        </description>
      </methodStep>
      <sampling>
        <studyExtent>
          <coverage>
            <geographicCoverage>
              <references>geoReference</references>
            </geographicCoverage>
            <temporalCoverage>
              <rangeOfDates>
                <beginDate>
                  <calendarDate>2001-06-25</calendarDate>
                </beginDate>
                <endDate>
                  <calendarDate>2001-08-10</calendarDate>
                </endDate>
              </rangeOfDates>
            </temporalCoverage>
          </coverage>
        </studyExtent>
        <samplingDescription>
          <section>
            <title>Sampling Frequency</title>
            <para>Daily, 1 site (10 plants) per day</para>
          </section>
        </samplingDescription>
      </sampling>
    </methods>
    <dataTable>
      <entityName>226_2060_ARA15N2_ratios.txt</entityName>
      <entityDescription>Acetylene reduction values, 15N2 uptake rates, leaf del 15N, and specific leaf weights from Alnus tenuifolia in early, mid, and late succession on the Tanana floodplain and A. crispa in early, mid, and late succession in the surrounding uplands.</entityDescription>
      <physical>
        <objectName>226_2060_ARA15N2_ratios.txt</objectName>
        <dataFormat>
          <textFormat>
            <numHeaderLines>2</numHeaderLines>
            <recordDelimiter>\n</recordDelimiter>
            <physicalLineDelimiter>\n</physicalLineDelimiter>
            <attributeOrientation>column</attributeOrientation>
            <simpleDelimited>
              <fieldDelimiter>\t</fieldDelimiter>
            </simpleDelimited>
          </textFormat>
        </dataFormat>
        <distribution>
          <online>
            <url function="download">https://pasta.lternet.edu/package/data/eml/knb-lter-bnz/50/16/15f8c88b9d6a3e93a0886f62f3207ca8</url>
          </online>
        </distribution>
      </physical>
      <attributeList>
        <attribute>
          <attributeName>Land</attributeName>
          <attributeLabel>Land</attributeLabel>
          <attributeDefinition>Upland or Floodplain site</attributeDefinition>
          <storageType>string</storageType>
          <measurementScale>
            <nominal>
              <nonNumericDomain>
                <enumeratedDomain>
                  <codeDefinition>
                    <code>UP </code>
                    <definition> Upland</definition>
                  </codeDefinition>
                  <codeDefinition>
                    <code> FP </code>
                    <definition> Floodplain</definition>
                  </codeDefinition>
                </enumeratedDomain>
              </nonNumericDomain>
            </nominal>
          </measurementScale>
          <!--No missing value/character in database (datafilevarible/errorcode)-->
        </attribute>
        <attribute>
          <attributeName>Species</attributeName>
          <attributeLabel>Species</attributeLabel>
          <attributeDefinition>Species Code</attributeDefinition>
          <storageType>string</storageType>
          <measurementScale>
            <nominal>
              <nonNumericDomain>
                <enumeratedDomain>
                  <codeDefinition>
                    <code>AC </code>
                    <definition> A. crispa</definition>
                  </codeDefinition>
                  <codeDefinition>
                    <code> AT</code>
                    <definition>  A. tenuifolia</definition>
                  </codeDefinition>
                </enumeratedDomain>
              </nonNumericDomain>
            </nominal>
          </measurementScale>
          <!--No missing value/character in database (datafilevarible/errorcode)-->
        </attribute>
        <attribute>
          <attributeName>Stage</attributeName>
          <attributeLabel>Stage</attributeLabel>
          <attributeDefinition>Successional stage </attributeDefinition>
          <storageType>string</storageType>
          <measurementScale>
            <nominal>
              <nonNumericDomain>
                <textDomain>
                  <definition>Successional stage </definition>
                </textDomain>
              </nonNumericDomain>
            </nominal>
          </measurementScale>
          <!--No missing value/character in database (datafilevarible/errorcode)-->
        </attribute>
        <attribute>
          <attributeName>Repsite</attributeName>
          <attributeLabel>Repsite</attributeLabel>
          <attributeDefinition>Replicate site; 3 sites/stage/landscape </attributeDefinition>
          <storageType>integer</storageType>
          <measurementScale>
            <nominal>
              <nonNumericDomain>
                <textDomain>
                  <definition>Replicate site; 3 sites/stage/landscape </definition>
                </textDomain>
              </nonNumericDomain>
            </nominal>
          </measurementScale>
          <!--No missing value/character in database (datafilevarible/errorcode)-->
        </attribute>
        <attribute>
          <attributeName>PLNO </attributeName>
          <attributeLabel>PLNO </attributeLabel>
          <attributeDefinition>Plant number, 1-90 for each species </attributeDefinition>
          <storageType>integer</storageType>
          <measurementScale>
            <nominal>
              <nonNumericDomain>
                <textDomain>
                  <definition>Plant number, 1-90 for each species </definition>
                </textDomain>
              </nonNumericDomain>
            </nominal>
          </measurementScale>
          <!--No missing value/character in database (datafilevarible/errorcode)-->
        </attribute>
        <attribute>
          <attributeName>JULDAY</attributeName>
          <attributeLabel>JULDAY</attributeLabel>
          <attributeDefinition>Julian day of sampling</attributeDefinition>
          <storageType>integer</storageType>
          <measurementScale>
            <ratio>
              <unit>
                <customUnit>ddd</customUnit>
              </unit>
              <numericDomain>
                <numberType>real</numberType>
                <!--No minimum value recorded in database (datafilevaribles/minvalid)-->
              </numericDomain>
            </ratio>
          </measurementScale>
          <!--No missing value/character in database (datafilevarible/errorcode)-->
        </attribute>
        <attribute>
          <attributeName>Soiltemp</attributeName>
          <attributeLabel>Soiltemp</attributeLabel>
          <attributeDefinition>Soil temperature at sample degrees Celsius</attributeDefinition>
          <storageType>float</storageType>
          <measurementScale>
            <ratio>
              <unit>
                <standardUnit>celsius</standardUnit>
              </unit>
              <numericDomain>
                <numberType>real</numberType>
                <!--No minimum value recorded in database (datafilevaribles/minvalid)-->
              </numericDomain>
            </ratio>
          </measurementScale>
          <!--No missing value/character in database (datafilevarible/errorcode)-->
        </attribute>
        <attribute>
          <attributeName>ARA</attributeName>
          <attributeLabel>ARA</attributeLabel>
          <attributeDefinition>Acetylene reduction rate mol </attributeDefinition>
          <storageType>float</storageType>
          <measurementScale>
            <ratio>
              <unit>
                <customUnit>Moles</customUnit>
              </unit>
              <numericDomain>
                <numberType>real</numberType>
                <!--No minimum value recorded in database (datafilevaribles/minvalid)-->
              </numericDomain>
            </ratio>
          </measurementScale>
          <!--No missing value/character in database (datafilevarible/errorcode)-->
        </attribute>
        <attribute>
          <attributeName>PERNODN</attributeName>
          <attributeLabel>PERNODN</attributeLabel>
          <attributeDefinition>Nodule percent nitrogen by mass proportion</attributeDefinition>
          <storageType>float</storageType>
          <measurementScale>
            <ratio>
              <unit>
                <standardUnit>dimensionless</standardUnit>
              </unit>
              <numericDomain>
                <numberType>real</numberType>
                <!--No minimum value recorded in database (datafilevaribles/minvalid)-->
              </numericDomain>
            </ratio>
          </measurementScale>
          <!--No missing value/character in database (datafilevarible/errorcode)-->
        </attribute>
        <attribute>
          <attributeName>N2FIX</attributeName>
          <attributeLabel>N2FIX</attributeLabel>
          <attributeDefinition>Nitrogen fixation rate from 15N uptake assay mol N2 fixed per gram nodule per hr </attributeDefinition>
          <storageType>float</storageType>
          <measurementScale>
            <ratio>
              <unit>
                <customUnit>gramnoduleperhr</customUnit>
              </unit>
              <numericDomain>
                <numberType>real</numberType>
                <!--No minimum value recorded in database (datafilevaribles/minvalid)-->
              </numericDomain>
            </ratio>
          </measurementScale>
          <!--No missing value/character in database (datafilevarible/errorcode)-->
        </attribute>
        <attribute>
          <attributeName>Ratio </attributeName>
          <attributeLabel>Ratio </attributeLabel>
          <attributeDefinition>RATIO of Acetylene reduction rate/Nitrogen fixation rate </attributeDefinition>
          <storageType>float</storageType>
          <measurementScale>
            <ratio>
              <unit>
                <standardUnit>dimensionless</standardUnit>
              </unit>
              <numericDomain>
                <numberType>real</numberType>
                <!--No minimum value recorded in database (datafilevaribles/minvalid)-->
              </numericDomain>
            </ratio>
          </measurementScale>
          <!--No missing value/character in database (datafilevarible/errorcode)-->
        </attribute>
        <attribute>
          <attributeName>DEL15N</attributeName>
          <attributeLabel>DEL15N</attributeLabel>
          <attributeDefinition>Leaf del 15N value </attributeDefinition>
          <storageType>float</storageType>
          <measurementScale>
            <ratio>
              <unit>
                <standardUnit>dimensionless</standardUnit>
              </unit>
              <numericDomain>
                <numberType>real</numberType>
                <!--No minimum value recorded in database (datafilevaribles/minvalid)-->
              </numericDomain>
            </ratio>
          </measurementScale>
          <!--No missing value/character in database (datafilevarible/errorcode)-->
        </attribute>
        <attribute>
          <attributeName>NA SLW </attributeName>
          <attributeLabel>NA SLW </attributeLabel>
          <attributeDefinition>Specific leaf weight cm^2 per gram</attributeDefinition>
          <storageType>float</storageType>
          <measurementScale>
            <ratio>
              <unit>
                <customUnit>cm^2pergram</customUnit>
              </unit>
              <numericDomain>
                <numberType>real</numberType>
                <!--No minimum value recorded in database (datafilevaribles/minvalid)-->
              </numericDomain>
            </ratio>
          </measurementScale>
          <!--No missing value/character in database (datafilevarible/errorcode)-->
        </attribute>
      </attributeList>
    </dataTable>
  </dataset>
  <additionalMetadata>
    <metadata>
      <unitList>
        <unit id="Moles"/>
        <unit id="cm^2pergram"/>
        <unit id="ddd"/>
        <unit id="gramnoduleperhr"/>
      </unitList>
    </metadata>
  </additionalMetadata>
</eml:eml>
