<?xml version="1.0" encoding="UTF-8"?>
<eml:eml packageId="knb-lter-bnz.500.6" scope="system"
  system="https://pasta.lternet.edu"
  xmlns:ds="eml://ecoinformatics.org/dataset-2.1.0"
  xmlns:eml="eml://ecoinformatics.org/eml-2.1.1"
  xmlns:stmml="http://www.xml-cml.org/schema/stmml-1.1"
  xmlns:xsi="http://www.w3.org/2001/XMLSchema-instance" xsi:schemaLocation="eml://ecoinformatics.org/eml-2.1.0&#xa;&#x9;&#x9;&#x9;&#x9;http://nis.lternet.edu/schemas/EML/eml-2.1.0/eml.xsd">
  <access authSystem="https://pasta.lternet.edu/authentication"
    order="allowFirst" scope="document" system="https://pasta.lternet.edu">
    <allow>
      <principal>uid=BNZ,o=lter,dc=ecoinformatics,dc=org</principal>
      <permission>all</permission>
    </allow>
    <allow>
      <principal>public</principal>
      <permission>read</permission>
    </allow>
  </access>
  <dataset>
    <shortName>knb-lter-bnz.500.6</shortName>
    <title>The impact of warming on ecosystem carbon balance: CN from senescent leaves at the Carbon in Permafrost Experimental Heating Research (CiPEHR) project, 2009-2010</title>
    <creator>
      <individualName>
        <givenName>Edward</givenName>
        <givenName>A.G.</givenName>
        <surName>Schuur</surName>
      </individualName>
      <positionName>Senior Investigator</positionName>
      <address>
        <deliveryPoint>University of Florida Department of Botany 220 Bartram Hall</deliveryPoint>
        <city>Gainesville</city>
        <administrativeArea>FL</administrativeArea>
        <postalCode>32611</postalCode>
        <country>United States</country>
      </address>
      <phone phonetype="voice">(352) 392-7913</phone>
      <phone phonetype="fax">(352) 392-3993</phone>
      <electronicMailAddress>tschuur@ufl.edu</electronicMailAddress>
      <onlineUrl>http://www.biology.ufl.edu/People/faculty/tschuur.aspx</onlineUrl>
    </creator>
    <metadataProvider>
      <organizationName>Bonanza Creek LTER</organizationName>
      <positionName>Data Manager</positionName>
      <address>
        <deliveryPoint>Boreal Ecology Cooperative Research Unit </deliveryPoint>
        <deliveryPoint>University of Alaska Fairbanks</deliveryPoint>
        <deliveryPoint>P.O. Box 756780 </deliveryPoint>
        <city>Fairbanks</city>
        <administrativeArea>AK</administrativeArea>
        <postalCode>99775</postalCode>
        <country>USA</country>
      </address>
      <phone phonetype="voice">907-474-6364</phone>
      <phone phonetype="fax">907-474-6251</phone>
      <electronicMailAddress>uaf-bnz-im-team@alaska.edu</electronicMailAddress>
      <onlineUrl>http://www.lter.uaf.edu</onlineUrl>
    </metadataProvider>
    <associatedParty>
      <individualName>
        <givenName>Susan</givenName>
        <surName>Natali</surName>
      </individualName>
      <positionName>Assistant Scientist</positionName>
      <address>
        <deliveryPoint>Woods Hole Research Center,  149 Woods Hole Road</deliveryPoint>
        <city>Falmouth</city>
        <administrativeArea>MA</administrativeArea>
        <postalCode>02540</postalCode>
        <country>United States</country>
      </address>
      <phone phonetype="voice">(508) 444-1560</phone>
      <phone phonetype="fax">(508) 444-1860</phone>
      <role>Associated investigator</role>
    </associatedParty>
    <pubDate>2012-09-01</pubDate>
    <abstract>
      <para>The Carbon in Permafrost Experimental Heating Research (CiPEHR) project addresses the following questions:  1) Does ecosystem warming cause a net release of C from the ecosystem to the atmosphere?, 2) Does the decomposition of old C that comprises the bulk of the soil C pool influence ecosystem C loss?, and 3) How do winter and summer warming alone, and in combination, affect ecosystem C exchange?   We are answering these questions using a combination of field and laboratory experiments to measure ecosystem carbon balance and radiocarbon isotope ratios at a warming experiment located in an upland tundra field site near Healy, Alaska in the foothills of the Alaska Range.  This data set includescarbon (C) and nitrogen (N)  content of senescent leaves from winter warming, summer warming, and control treatment plots at CiPEHR.</para>
    </abstract>
    <keywordSet>
      <keyword>carbon</keyword>
      <keyword>nitrogen</keyword>
      <keyword>warming</keyword>
      <keyword>permafrost</keyword>
      <keyword>tundra</keyword>
      <keyword>snowfences</keyword>
      <keyword>open top chamber</keyword>
      <keyword>foliage</keyword>
      <keyword>vascular plants</keyword>
      <keyword>senescent leaves</keyword>
      <keywordThesaurus>Biogeochemistry</keywordThesaurus>
    </keywordSet>
    <intellectualRights>
      <section>
        <title>Access to Data</title>
        <para>While metadata will be freely available to those requesting it, the data manager will assure that any restrictions on access to data sets in the database will be enforced. Data will not be released without proper permission first being obtained from the investigator who generated the data. </para>
      </section>
      <section>
        <title>Use of data</title>
        <para> Researchers should receive adequate acknowledgment for the use of their data by others and should be provided with copies of publications using their data. Users of data from the data base must be aware that data is not to be sold or redistributed.</para>
      </section>
      <section>
        <title>Citing Bonanza Creek LTER Datasets</title>
        <para>It is considered a matter of professional ethics to acknowledge the work of other scientists. Thus, the Data User will properly cite the Data Set in any publications or in the metadata of any derived data products that were produced using the Data Set. </para>
      </section>
    </intellectualRights>
    <distribution id="distributionReference">
      <online>
        <url function="information">http://www.lter.uaf.edu/data_detail.cfm?datafile_pkey=500</url>
      </online>
    </distribution>
    <coverage>
      <geographicCoverage id="geoReference">
        <geographicDescription>Site information unavailable</geographicDescription>
        <boundingCoordinates>
          <westBoundingCoordinate>149.2535833</westBoundingCoordinate>
          <eastBoundingCoordinate>149.2535833</eastBoundingCoordinate>
          <northBoundingCoordinate>63.87836111</northBoundingCoordinate>
          <southBoundingCoordinate>63.87836111</southBoundingCoordinate>
        </boundingCoordinates>
      </geographicCoverage>
      <temporalCoverage>
        <rangeOfDates>
          <beginDate>
            <calendarDate>2009-09-15</calendarDate>
          </beginDate>
          <endDate>
            <calendarDate>2010-09-30</calendarDate>
          </endDate>
        </rangeOfDates>
      </temporalCoverage>
    </coverage>
    <maintenance>
      <description>
        <section>
          <title>Status</title>
          <para>Ongoing</para>
        </section>
      </description>
    </maintenance>
    <contact>
      <organizationName>LTER Network Office</organizationName>
      <positionName>LNO Information Manager</positionName>
    </contact>
    <contact>
      <organizationName>Bonanza Creek LTER</organizationName>
      <positionName>Data Manager</positionName>
      <address>
        <deliveryPoint>Boreal Ecology Cooperative Research Unit </deliveryPoint>
        <deliveryPoint>University of Alaska Fairbanks</deliveryPoint>
        <deliveryPoint>P.O. Box 756780 </deliveryPoint>
        <city>Fairbanks</city>
        <administrativeArea>AK</administrativeArea>
        <postalCode>99775</postalCode>
        <country>USA</country>
      </address>
      <phone phonetype="voice">907-474-6364</phone>
      <phone phonetype="fax">907-474-6251</phone>
      <electronicMailAddress>uaf-bnz-im-team@alaska.edu</electronicMailAddress>
      <onlineUrl>http://www.lter.uaf.edu</onlineUrl>
    </contact>
    <publisher>
      <organizationName>Bonanza Creek LTER</organizationName>
      <address>
        <deliveryPoint>Boreal Ecology Cooperative Research Unit </deliveryPoint>
        <deliveryPoint>University of Alaska Fairbanks</deliveryPoint>
        <deliveryPoint>P.O. Box 756780 </deliveryPoint>
        <city>Fairbanks</city>
        <administrativeArea>AK</administrativeArea>
        <postalCode>99775</postalCode>
        <country>USA</country>
      </address>
      <phone phonetype="voice">907-474-6364</phone>
      <phone phonetype="fax">907-474-6251</phone>
    </publisher>
    <pubPlace>Bonanza Creek LTER</pubPlace>
    <methods>
      <methodStep>
        <description>
          <section>
            <title>Experimental Design</title>
            <para> The study site at the Eight Mile Lake (EML) watershed is located in the northern foothills of the Alaska Range.  Permafrost temperature has been monitored annually on a gentle north-facing slope at this site in a 30-m-deep borehole that was installed in 1985 before the permafrost started to thaw.  While permafrost thaw can sometimes result in water ponding depending on local topography, this landscape consists largely of relatively well-drained uplands.  There are two experimental warming treatments at the CiPEHR project: Winter warming (WW) increases soil temperature and ground thaw using snow fences; Summer warming (SW) increases growing season air temperature using open top chambers</para>
          </section>
          <section>
            <title>Methods</title>
            <para>FIELD:  Leaves were collected from all treatment plots during the second and third week of September.  Samples from replicate treatments within a snow fence were pooled for chemical analysis. We collected senescent leaves from five deciduous vascular plants found across plots (B. nana, C. bigelowii, E. vaginatum, R. chamaemorus, and V. uliginosum).  We collected a minimum of three leaves from 2-3 individuals in each plot. In 2009 only leaves from B. nana, E. vaginatum, V. uliginosum and from winter warming and control plots (not from summer warming plots) were collected.  LAB:  Leaves were dried at 60° C, finely ground, and analyzed on a  Costech elemental analyzer. </para>
          </section>
        </description>
      </methodStep>
      <sampling>
        <studyExtent>
          <coverage>
            <geographicCoverage>
              <references>geoReference</references>
            </geographicCoverage>
            <temporalCoverage>
              <rangeOfDates>
                <beginDate>
                  <calendarDate>2009-09-15</calendarDate>
                </beginDate>
                <endDate>
                  <calendarDate>2010-09-30</calendarDate>
                </endDate>
              </rangeOfDates>
            </temporalCoverage>
          </coverage>
        </studyExtent>
        <samplingDescription>
          <section>
            <title>Sampling Frequency</title>
            <para>Annually</para>
          </section>
        </samplingDescription>
      </sampling>
    </methods>
    <dataTable>
      <entityName>500_EML_AK_CiPEHR_senescent_CN_2009-2010.txt</entityName>
      <!--No data table description found (df_loc/df_desc)-->
      <physical>
        <objectName>500_EML_AK_CiPEHR_senescent_CN_2009-2010.txt</objectName>
        <dataFormat>
          <textFormat>
            <numHeaderLines>1</numHeaderLines>
            <recordDelimiter>\n</recordDelimiter>
            <physicalLineDelimiter>\n</physicalLineDelimiter>
            <attributeOrientation>column</attributeOrientation>
            <simpleDelimited>
              <fieldDelimiter>\t</fieldDelimiter>
            </simpleDelimited>
          </textFormat>
        </dataFormat>
        <distribution>
          <online>
            <url function="download">https://pasta.lternet.edu/package/data/eml/knb-lter-bnz/500/6/a6d853bfe22aa3846f3541e4cabe9f2e</url>
          </online>
        </distribution>
      </physical>
      <attributeList>
        <attribute>
          <attributeName>Year</attributeName>
          <attributeLabel>Year</attributeLabel>
          <attributeDefinition>Year sample collected</attributeDefinition>
          <storageType>integer</storageType>
          <measurementScale>
            <ratio>
              <unit>
                <customUnit>yyyy</customUnit>
              </unit>
              <numericDomain>
                <numberType>real</numberType>
                <!--No minimum value recorded in database (datafilevaribles/minvalid)-->
              </numericDomain>
            </ratio>
          </measurementScale>
          <!--No missing value/character in database (datafilevarible/errorcode)-->
        </attribute>
        <attribute>
          <attributeName>Block</attributeName>
          <attributeLabel>Block</attributeLabel>
          <attributeDefinition>Experimenal block (spatially determined)</attributeDefinition>
          <storageType>integer</storageType>
          <measurementScale>
            <nominal>
              <nonNumericDomain>
                <textDomain>
                  <definition>Experimenal block (spatially determined)</definition>
                </textDomain>
              </nonNumericDomain>
            </nominal>
          </measurementScale>
          <!--No missing value/character in database (datafilevarible/errorcode)-->
        </attribute>
        <attribute>
          <attributeName>Fence</attributeName>
          <attributeLabel>Fence</attributeLabel>
          <attributeDefinition>snow fence #</attributeDefinition>
          <storageType>integer</storageType>
          <measurementScale>
            <nominal>
              <nonNumericDomain>
                <textDomain>
                  <definition>snow fence #</definition>
                </textDomain>
              </nonNumericDomain>
            </nominal>
          </measurementScale>
          <!--No missing value/character in database (datafilevarible/errorcode)-->
        </attribute>
        <attribute>
          <attributeName>WW</attributeName>
          <attributeLabel>WW</attributeLabel>
          <attributeDefinition>winter warming treatment</attributeDefinition>
          <storageType>string</storageType>
          <measurementScale>
            <nominal>
              <nonNumericDomain>
                <enumeratedDomain>
                  <codeDefinition>
                    <code>WW </code>
                    <definition> winter warming; C = control</definition>
                  </codeDefinition>
                </enumeratedDomain>
              </nonNumericDomain>
            </nominal>
          </measurementScale>
          <!--No missing value/character in database (datafilevarible/errorcode)-->
        </attribute>
        <attribute>
          <attributeName>SW</attributeName>
          <attributeLabel>SW</attributeLabel>
          <attributeDefinition>summer warming treatment</attributeDefinition>
          <storageType>string</storageType>
          <measurementScale>
            <nominal>
              <nonNumericDomain>
                <enumeratedDomain>
                  <codeDefinition>
                    <code>SW </code>
                    <definition> summer warming; C = control</definition>
                  </codeDefinition>
                </enumeratedDomain>
              </nonNumericDomain>
            </nominal>
          </measurementScale>
          <!--No missing value/character in database (datafilevarible/errorcode)-->
        </attribute>
        <attribute>
          <attributeName>species</attributeName>
          <attributeLabel>species</attributeLabel>
          <attributeDefinition>abbreviation of plant species</attributeDefinition>
          <storageType>string</storageType>
          <measurementScale>
            <nominal>
              <nonNumericDomain>
                <enumeratedDomain>
                  <codeDefinition>
                    <code>BN </code>
                    <definition> Betula nana; CX = Carex bigelowii; EV = Eriophorum vaginatum; RC = Rubus chamaemorus; VUG = Vaccinium uliginosum</definition>
                  </codeDefinition>
                </enumeratedDomain>
              </nonNumericDomain>
            </nominal>
          </measurementScale>
          <!--No missing value/character in database (datafilevarible/errorcode)-->
        </attribute>
        <attribute>
          <attributeName>N%</attributeName>
          <attributeLabel>N%</attributeLabel>
          <attributeDefinition>% nitrogen in leaves</attributeDefinition>
          <storageType>float</storageType>
          <measurementScale>
            <ratio>
              <unit>
                <standardUnit>dimensionless</standardUnit>
              </unit>
              <numericDomain>
                <numberType>real</numberType>
                <!--No minimum value recorded in database (datafilevaribles/minvalid)-->
              </numericDomain>
            </ratio>
          </measurementScale>
          <!--No missing value/character in database (datafilevarible/errorcode)-->
        </attribute>
        <attribute>
          <attributeName>C%</attributeName>
          <attributeLabel>C%</attributeLabel>
          <attributeDefinition>%carbon in leaves</attributeDefinition>
          <storageType>float</storageType>
          <measurementScale>
            <ratio>
              <unit>
                <standardUnit>dimensionless</standardUnit>
              </unit>
              <numericDomain>
                <numberType>real</numberType>
                <!--No minimum value recorded in database (datafilevaribles/minvalid)-->
              </numericDomain>
            </ratio>
          </measurementScale>
          <!--No missing value/character in database (datafilevarible/errorcode)-->
        </attribute>
      </attributeList>
    </dataTable>
  </dataset>
  <additionalMetadata>
    <metadata>
      <unitList>
        <unit id="yyyy"/>
      </unitList>
    </metadata>
  </additionalMetadata>
</eml:eml>
