<?xml version="1.0" encoding="UTF-8"?>
<eml:eml packageId="knb-lter-bnz.502.6" scope="system"
  system="https://pasta.lternet.edu"
  xmlns:ds="eml://ecoinformatics.org/dataset-2.1.0"
  xmlns:eml="eml://ecoinformatics.org/eml-2.1.1"
  xmlns:stmml="http://www.xml-cml.org/schema/stmml-1.1"
  xmlns:xsi="http://www.w3.org/2001/XMLSchema-instance" xsi:schemaLocation="eml://ecoinformatics.org/eml-2.1.0&#xa;&#x9;&#x9;&#x9;&#x9;http://nis.lternet.edu/schemas/EML/eml-2.1.0/eml.xsd">
  <access authSystem="https://pasta.lternet.edu/authentication"
    order="allowFirst" scope="document" system="https://pasta.lternet.edu">
    <allow>
      <principal>uid=BNZ,o=lter,dc=ecoinformatics,dc=org</principal>
      <permission>all</permission>
    </allow>
    <allow>
      <principal>public</principal>
      <permission>read</permission>
    </allow>
  </access>
  <dataset>
    <shortName>knb-lter-bnz.502.6</shortName>
    <title>The impact of drying and warming on ecosystem carbon balance: aboveground plant biomass from the DryPEHR project, 2011</title>
    <creator>
      <individualName>
        <givenName>Edward</givenName>
        <givenName>A.G.</givenName>
        <surName>Schuur</surName>
      </individualName>
      <positionName>Senior Investigator</positionName>
      <address>
        <deliveryPoint>University of Florida Department of Botany 220 Bartram Hall</deliveryPoint>
        <city>Gainesville</city>
        <administrativeArea>FL</administrativeArea>
        <postalCode>32611</postalCode>
        <country>United States</country>
      </address>
      <phone phonetype="voice">(352) 392-7913</phone>
      <phone phonetype="fax">(352) 392-3993</phone>
      <electronicMailAddress>tschuur@ufl.edu</electronicMailAddress>
      <onlineUrl>http://www.biology.ufl.edu/People/faculty/tschuur.aspx</onlineUrl>
    </creator>
    <metadataProvider>
      <organizationName>Bonanza Creek LTER</organizationName>
      <positionName>Data Manager</positionName>
      <address>
        <deliveryPoint>Boreal Ecology Cooperative Research Unit </deliveryPoint>
        <deliveryPoint>University of Alaska Fairbanks</deliveryPoint>
        <deliveryPoint>P.O. Box 756780 </deliveryPoint>
        <city>Fairbanks</city>
        <administrativeArea>AK</administrativeArea>
        <postalCode>99775</postalCode>
        <country>USA</country>
      </address>
      <phone phonetype="voice">907-474-6364</phone>
      <phone phonetype="fax">907-474-6251</phone>
      <electronicMailAddress>uaf-bnz-im-team@alaska.edu</electronicMailAddress>
      <onlineUrl>http://www.lter.uaf.edu</onlineUrl>
    </metadataProvider>
    <associatedParty>
      <individualName>
        <givenName>Susan</givenName>
        <surName>Natali</surName>
      </individualName>
      <positionName>Assistant Scientist</positionName>
      <address>
        <deliveryPoint>Woods Hole Research Center,  149 Woods Hole Road</deliveryPoint>
        <city>Falmouth</city>
        <administrativeArea>MA</administrativeArea>
        <postalCode>02540</postalCode>
        <country>United States</country>
      </address>
      <phone phonetype="voice">(508) 444-1560</phone>
      <phone phonetype="fax">(508) 444-1860</phone>
      <role>Associated investigator</role>
    </associatedParty>
    <pubDate>2012-09-01</pubDate>
    <abstract>
      <para>This drying and warming experiment addresses the following questions:  1) Does ecosystem drying, warming and permafrost thaw cause a net release or uptake of C from the ecosystem to the atmosphere?, 2) Does the decomposition of old C that comprises the bulk of the soil C pool influence ecosystem C loss?  3) How do drying and warming affect plant communities and ecosystem properties?  We are answering these questions using a combined warming and drying  experiment (DryPEHR), which is situated with the Carbon in Permafrost Experimental Heating Research (CiPEHR) project and located in an upland tundra field site near Healy, Alaska in the foothills of the Alaska Range.  Warming treatment here refers to growing season air temperature warming (~1C) using open top chambers (OTC) combined with soil insulation using snow fences during the snow covered months.  Drying is achieve using an automated pumping system that lowers the water table in the dry plots.  Soil warming began in 2008; OTCs and drying in 2011. This data set includes aboveground plant biomass from warming, drying, and control treatment plots.</para>
    </abstract>
    <keywordSet>
      <keyword>biomass</keyword>
      <keyword>warming</keyword>
      <keyword>permafrost</keyword>
      <keyword>tundra</keyword>
      <keyword>snowfences</keyword>
      <keyword>open top chamber</keyword>
      <keyword>plants</keyword>
      <keyword>pointframe</keyword>
      <keyword>drying</keyword>
      <keywordThesaurus>Biogeochemistry</keywordThesaurus>
    </keywordSet>
    <intellectualRights>
      <section>
        <title>Access to Data</title>
        <para>While metadata will be freely available to those requesting it, the data manager will assure that any restrictions on access to data sets in the database will be enforced. Data will not be released without proper permission first being obtained from the investigator who generated the data. </para>
      </section>
      <section>
        <title>Use of data</title>
        <para> Researchers should receive adequate acknowledgment for the use of their data by others and should be provided with copies of publications using their data. Users of data from the data base must be aware that data is not to be sold or redistributed.</para>
      </section>
      <section>
        <title>Citing Bonanza Creek LTER Datasets</title>
        <para>It is considered a matter of professional ethics to acknowledge the work of other scientists. Thus, the Data User will properly cite the Data Set in any publications or in the metadata of any derived data products that were produced using the Data Set. </para>
      </section>
    </intellectualRights>
    <distribution id="distributionReference">
      <online>
        <url function="information">http://www.lter.uaf.edu/data_detail.cfm?datafile_pkey=502</url>
      </online>
    </distribution>
    <coverage>
      <geographicCoverage id="geoReference">
        <geographicDescription>Site information unavailable</geographicDescription>
        <boundingCoordinates>
          <westBoundingCoordinate>149.2535833</westBoundingCoordinate>
          <eastBoundingCoordinate>149.2535833</eastBoundingCoordinate>
          <northBoundingCoordinate>63.87836111</northBoundingCoordinate>
          <southBoundingCoordinate>63.87836111</southBoundingCoordinate>
        </boundingCoordinates>
      </geographicCoverage>
      <temporalCoverage>
        <rangeOfDates>
          <beginDate>
            <calendarDate>2011-07-15</calendarDate>
          </beginDate>
          <endDate>
            <calendarDate>2011-07-30</calendarDate>
          </endDate>
        </rangeOfDates>
      </temporalCoverage>
    </coverage>
    <maintenance>
      <description>
        <section>
          <title>Status</title>
          <para>Ongoing</para>
        </section>
      </description>
    </maintenance>
    <contact>
      <organizationName>LTER Network Office</organizationName>
      <positionName>LNO Information Manager</positionName>
    </contact>
    <contact>
      <organizationName>Bonanza Creek LTER</organizationName>
      <positionName>Data Manager</positionName>
      <address>
        <deliveryPoint>Boreal Ecology Cooperative Research Unit </deliveryPoint>
        <deliveryPoint>University of Alaska Fairbanks</deliveryPoint>
        <deliveryPoint>P.O. Box 756780 </deliveryPoint>
        <city>Fairbanks</city>
        <administrativeArea>AK</administrativeArea>
        <postalCode>99775</postalCode>
        <country>USA</country>
      </address>
      <phone phonetype="voice">907-474-6364</phone>
      <phone phonetype="fax">907-474-6251</phone>
      <electronicMailAddress>uaf-bnz-im-team@alaska.edu</electronicMailAddress>
      <onlineUrl>http://www.lter.uaf.edu</onlineUrl>
    </contact>
    <publisher>
      <organizationName>Bonanza Creek LTER</organizationName>
      <address>
        <deliveryPoint>Boreal Ecology Cooperative Research Unit </deliveryPoint>
        <deliveryPoint>University of Alaska Fairbanks</deliveryPoint>
        <deliveryPoint>P.O. Box 756780 </deliveryPoint>
        <city>Fairbanks</city>
        <administrativeArea>AK</administrativeArea>
        <postalCode>99775</postalCode>
        <country>USA</country>
      </address>
      <phone phonetype="voice">907-474-6364</phone>
      <phone phonetype="fax">907-474-6251</phone>
    </publisher>
    <pubPlace>Bonanza Creek LTER</pubPlace>
    <methods>
      <methodStep>
        <description>
          <section>
            <title>Experimental Design</title>
            <para>The DryPEHR project is adjacent to the Eight Mile Lake (EML) watershed and EML natural thaw gradient, and is situated in the northern foothills of the Alaska Range.  Permafrost temperature has been monitored annually on a gentle north-facing slope at this site in a 30-m-deep borehole that was installed in 1985.  Warming treatment here refers to growing season air temperature warming using open top chambers (OTC) combined with soil insulation using snow fences during the snow covered months.  Drying is achieve using an automated pumping system that lowers the water table in the dry plots.  Soil warming began in 2008; OTCs and drying in 2011. </para>
          </section>
          <section>
            <title>Methods</title>
            <para>FIELD:  Aboveground biomass was determined using a 60 x 60 cm point frame with a fishing line grid size of 8 x 8 cm for a total of 49 points per plot.  At each intersection of the grid a 1 mm diameter metal rod was inserted vertically into the plant canopy, and we recorded the number of times plant tissue came in contact with the rod.  </para>
          </section>
        </description>
      </methodStep>
      <sampling>
        <studyExtent>
          <coverage>
            <geographicCoverage>
              <references>geoReference</references>
            </geographicCoverage>
            <temporalCoverage>
              <rangeOfDates>
                <beginDate>
                  <calendarDate>2011-07-15</calendarDate>
                </beginDate>
                <endDate>
                  <calendarDate>2011-07-30</calendarDate>
                </endDate>
              </rangeOfDates>
            </temporalCoverage>
          </coverage>
        </studyExtent>
        <samplingDescription>
          <section>
            <title>Sampling Frequency</title>
            <para>Annually</para>
          </section>
        </samplingDescription>
      </sampling>
    </methods>
    <dataTable>
      <entityName>502_EML_AK_DryPEHR_biomass_2011.txt</entityName>
      <!--No data table description found (df_loc/df_desc)-->
      <physical>
        <objectName>502_EML_AK_DryPEHR_biomass_2011.txt</objectName>
        <dataFormat>
          <textFormat>
            <numHeaderLines>1</numHeaderLines>
            <recordDelimiter>\n</recordDelimiter>
            <physicalLineDelimiter>\n</physicalLineDelimiter>
            <attributeOrientation>column</attributeOrientation>
            <simpleDelimited>
              <fieldDelimiter>\t</fieldDelimiter>
            </simpleDelimited>
          </textFormat>
        </dataFormat>
        <distribution>
          <online>
            <url function="download">https://pasta.lternet.edu/package/data/eml/knb-lter-bnz/502/6/a9142423d58d35f887b7d10c2f62a16e</url>
          </online>
        </distribution>
      </physical>
      <attributeList>
        <attribute>
          <attributeName>Year</attributeName>
          <attributeLabel>Year</attributeLabel>
          <attributeDefinition>Year sample collected</attributeDefinition>
          <storageType>integer</storageType>
          <measurementScale>
            <ratio>
              <unit>
                <customUnit>yyyy</customUnit>
              </unit>
              <numericDomain>
                <numberType>real</numberType>
                <!--No minimum value recorded in database (datafilevaribles/minvalid)-->
              </numericDomain>
            </ratio>
          </measurementScale>
          <!--No missing value/character in database (datafilevarible/errorcode)-->
        </attribute>
        <attribute>
          <attributeName>Block</attributeName>
          <attributeLabel>Block</attributeLabel>
          <attributeDefinition>Experimenal block (spatially determined)</attributeDefinition>
          <storageType>integer</storageType>
          <measurementScale>
            <nominal>
              <nonNumericDomain>
                <textDomain>
                  <definition>Experimenal block (spatially determined)</definition>
                </textDomain>
              </nonNumericDomain>
            </nominal>
          </measurementScale>
          <!--No missing value/character in database (datafilevarible/errorcode)-->
        </attribute>
        <attribute>
          <attributeName>Fence</attributeName>
          <attributeLabel>Fence</attributeLabel>
          <attributeDefinition>snow fence #</attributeDefinition>
          <storageType>integer</storageType>
          <measurementScale>
            <nominal>
              <nonNumericDomain>
                <textDomain>
                  <definition>snow fence #</definition>
                </textDomain>
              </nonNumericDomain>
            </nominal>
          </measurementScale>
          <!--No missing value/character in database (datafilevarible/errorcode)-->
        </attribute>
        <attribute>
          <attributeName>warm</attributeName>
          <attributeLabel>warm</attributeLabel>
          <attributeDefinition>air and soil warming</attributeDefinition>
          <storageType>string</storageType>
          <measurementScale>
            <nominal>
              <nonNumericDomain>
                <enumeratedDomain>
                  <codeDefinition>
                    <code>W </code>
                    <definition> warm; C=control</definition>
                  </codeDefinition>
                </enumeratedDomain>
              </nonNumericDomain>
            </nominal>
          </measurementScale>
          <!--No missing value/character in database (datafilevarible/errorcode)-->
        </attribute>
        <attribute>
          <attributeName>dry</attributeName>
          <attributeLabel>dry</attributeLabel>
          <attributeDefinition>soil drying</attributeDefinition>
          <storageType>string</storageType>
          <measurementScale>
            <nominal>
              <nonNumericDomain>
                <enumeratedDomain>
                  <codeDefinition>
                    <code>D </code>
                    <definition> dry; C=control</definition>
                  </codeDefinition>
                </enumeratedDomain>
              </nonNumericDomain>
            </nominal>
          </measurementScale>
          <!--No missing value/character in database (datafilevarible/errorcode)-->
        </attribute>
        <attribute>
          <attributeName>species</attributeName>
          <attributeLabel>species</attributeLabel>
          <attributeDefinition>Name of plant species</attributeDefinition>
          <storageType>string</storageType>
          <measurementScale>
            <nominal>
              <nonNumericDomain>
                <enumeratedDomain>
                  <codeDefinition>
                    <code>AMS </code>
                    <definition> all moss species; AND = Andromeda polifolia; BN = Betula nana; CX = Carex bigelowii; EN = Empetrum nigrum; EV = Eriophorum vaginatum; LED = Ledum decumbens (Rhododendron subarcticum); LIC = lichen; OXY = oxycoccus microcarpus;  RC = Rubus chamaemoru</definition>
                  </codeDefinition>
                </enumeratedDomain>
              </nonNumericDomain>
            </nominal>
          </measurementScale>
          <!--No missing value/character in database (datafilevarible/errorcode)-->
        </attribute>
        <attribute>
          <attributeName>hits</attributeName>
          <attributeLabel>hits</attributeLabel>
          <attributeDefinition>average number of hits for each interction on the pointframe grid (49 intersecting points per plot)</attributeDefinition>
          <storageType>float</storageType>
          <measurementScale>
            <ratio>
              <unit>
                <standardUnit>dimensionless</standardUnit>
              </unit>
              <numericDomain>
                <numberType>real</numberType>
                <!--No minimum value recorded in database (datafilevaribles/minvalid)-->
              </numericDomain>
            </ratio>
          </measurementScale>
          <!--No missing value/character in database (datafilevarible/errorcode)-->
        </attribute>
        <attribute>
          <attributeName>biomass</attributeName>
          <attributeLabel>biomass</attributeLabel>
          <attributeDefinition>aboveground biomass</attributeDefinition>
          <storageType>float</storageType>
          <measurementScale>
            <ratio>
              <unit>
                <customUnit>gbiomassm-2</customUnit>
              </unit>
              <numericDomain>
                <numberType>real</numberType>
                <!--No minimum value recorded in database (datafilevaribles/minvalid)-->
              </numericDomain>
            </ratio>
          </measurementScale>
          <!--No missing value/character in database (datafilevarible/errorcode)-->
        </attribute>
      </attributeList>
    </dataTable>
  </dataset>
  <additionalMetadata>
    <metadata>
      <unitList>
        <unit id="gbiomassm-2"/>
        <unit id="yyyy"/>
      </unitList>
    </metadata>
  </additionalMetadata>
</eml:eml>
