<?xml version="1.0" encoding="UTF-8"?>
<eml:eml packageId="knb-lter-bnz.506.6" scope="system"
  system="https://pasta.lternet.edu"
  xmlns:ds="eml://ecoinformatics.org/dataset-2.1.0"
  xmlns:eml="eml://ecoinformatics.org/eml-2.1.1"
  xmlns:stmml="http://www.xml-cml.org/schema/stmml-1.1"
  xmlns:xsi="http://www.w3.org/2001/XMLSchema-instance" xsi:schemaLocation="eml://ecoinformatics.org/eml-2.1.0&#xa;&#x9;&#x9;&#x9;&#x9;http://nis.lternet.edu/schemas/EML/eml-2.1.0/eml.xsd">
  <access authSystem="https://pasta.lternet.edu/authentication"
    order="allowFirst" scope="document" system="https://pasta.lternet.edu">
    <allow>
      <principal>uid=BNZ,o=lter,dc=ecoinformatics,dc=org</principal>
      <permission>all</permission>
    </allow>
    <allow>
      <principal>public</principal>
      <permission>read</permission>
    </allow>
  </access>
  <dataset>
    <shortName>knb-lter-bnz.506.6</shortName>
    <title>The impact of warming on ecosystem carbon balance: Annual and growing season decomposition  at the Carbon in Permafrost Experimental Heating Research (CiPEHR) project, 2008-2013</title>
    <creator>
      <individualName>
        <givenName>Edward</givenName>
        <givenName>A.G.</givenName>
        <surName>Schuur</surName>
      </individualName>
      <positionName>Senior Investigator</positionName>
      <address>
        <deliveryPoint>University of Florida Department of Botany 220 Bartram Hall</deliveryPoint>
        <city>Gainesville</city>
        <administrativeArea>FL</administrativeArea>
        <postalCode>32611</postalCode>
        <country>United States</country>
      </address>
      <phone phonetype="voice">(352) 392-7913</phone>
      <phone phonetype="fax">(352) 392-3993</phone>
      <electronicMailAddress>tschuur@ufl.edu</electronicMailAddress>
      <onlineUrl>http://www.biology.ufl.edu/People/faculty/tschuur.aspx</onlineUrl>
    </creator>
    <metadataProvider>
      <organizationName>Bonanza Creek LTER</organizationName>
      <positionName>Data Manager</positionName>
      <address>
        <deliveryPoint>Boreal Ecology Cooperative Research Unit </deliveryPoint>
        <deliveryPoint>University of Alaska Fairbanks</deliveryPoint>
        <deliveryPoint>P.O. Box 756780 </deliveryPoint>
        <city>Fairbanks</city>
        <administrativeArea>AK</administrativeArea>
        <postalCode>99775</postalCode>
        <country>USA</country>
      </address>
      <phone phonetype="voice">907-474-6364</phone>
      <phone phonetype="fax">907-474-6251</phone>
      <electronicMailAddress>uaf-bnz-im-team@alaska.edu</electronicMailAddress>
      <onlineUrl>http://www.lter.uaf.edu</onlineUrl>
    </metadataProvider>
    <associatedParty>
      <individualName>
        <givenName>Caitlin</givenName>
        <givenName>Elizabeth</givenName>
        <surName>Pries-Hicks</surName>
      </individualName>
      <positionName>PhD Student in the Schuur Lab
</positionName>
      <address>
        <deliveryPoint>Department of Biology, University of Florida, PO Box 118526, 217 Bartram Hall</deliveryPoint>
        <city>Gainesville</city>
        <administrativeArea>FL</administrativeArea>
        <postalCode>32611</postalCode>
        <country>United States</country>
      </address>
      <phone phonetype="voice">(413) 530-8481</phone>
      <!--No fax info on file for this person-->
      <role>Associated investigator</role>
    </associatedParty>
    <associatedParty>
      <individualName>
        <givenName>Susan</givenName>
        <surName>Natali</surName>
      </individualName>
      <positionName>Assistant Scientist</positionName>
      <address>
        <deliveryPoint>Woods Hole Research Center,  149 Woods Hole Road</deliveryPoint>
        <city>Falmouth</city>
        <administrativeArea>MA</administrativeArea>
        <postalCode>02540</postalCode>
        <country>United States</country>
      </address>
      <phone phonetype="voice">(508) 444-1560</phone>
      <phone phonetype="fax">(508) 444-1860</phone>
      <role>Associated investigator</role>
    </associatedParty>
    <associatedParty>
      <individualName>
        <givenName>Elaine</givenName>
        <givenName>F.</givenName>
        <surName>Pegoraro</surName>
      </individualName>
      <positionName>Lab technician in the Schuur Lab</positionName>
      <address>
        <deliveryPoint>220 Bartram Hall; Department of Biology; University of Florida</deliveryPoint>
        <city>Gainesville</city>
        <administrativeArea>FL</administrativeArea>
        <postalCode>32611</postalCode>
        <country>United States</country>
      </address>
      <phone phonetype="voice">407-412-8881</phone>
      <!--No fax info on file for this person-->
      <role>Associated investigator</role>
    </associatedParty>
    <pubDate>2012-11-15</pubDate>
    <abstract>
      <para>The Carbon in Permafrost Experimental Heating Research (CiPEHR) project addresses the following questions:  1) Does ecosystem warming cause a net release of C from the ecosystem to the atmosphere?, 2) Does the decomposition of old C that comprises the bulk of the soil C pool influence ecosystem C loss?, and 3) How do winter and summer warming alone, and in combination, affect ecosystem C exchange?   We are answering these questions using a combination of field and laboratory experiments to measure ecosystem carbon balance and radiocarbon isotope ratios at a warming experiment located in an upland tundra field site near Healy, Alaska in the foothills of the Alaska Range.   This data set is annual (September through September) and growing season (May through September) mass loss of cellulose filter paper at 0-10 cm and 10-20 cm (annual only) depths in the soil profile. Annual data is from September 2008 through September 2012 (4 years) and growing season data is from May through September in 2010 and 2011.</para>
    </abstract>
    <keywordSet>
      <keyword>carbon</keyword>
      <keyword>decomposition</keyword>
      <keyword>warming</keyword>
      <keyword>permafrost</keyword>
      <keyword>tundra</keyword>
      <keyword>snowfences</keyword>
      <keyword>open top chamber</keyword>
      <keywordThesaurus>Decomposition</keywordThesaurus>
    </keywordSet>
    <intellectualRights>
      <section>
        <title>Access to Data</title>
        <para>While metadata will be freely available to those requesting it, the data manager will assure that any restrictions on access to data sets in the database will be enforced. Data will not be released without proper permission first being obtained from the investigator who generated the data. </para>
      </section>
      <section>
        <title>Use of data</title>
        <para> Researchers should receive adequate acknowledgment for the use of their data by others and should be provided with copies of publications using their data. Users of data from the data base must be aware that data is not to be sold or redistributed.</para>
      </section>
      <section>
        <title>Citing Bonanza Creek LTER Datasets</title>
        <para>It is considered a matter of professional ethics to acknowledge the work of other scientists. Thus, the Data User will properly cite the Data Set in any publications or in the metadata of any derived data products that were produced using the Data Set. </para>
      </section>
    </intellectualRights>
    <distribution id="distributionReference">
      <online>
        <url function="information">http://www.lter.uaf.edu/data_detail.cfm?datafile_pkey=506</url>
      </online>
    </distribution>
    <coverage>
      <geographicCoverage id="geoReference">
        <geographicDescription>Site information unavailable</geographicDescription>
        <boundingCoordinates>
          <westBoundingCoordinate>-149.2535833</westBoundingCoordinate>
          <eastBoundingCoordinate>-149.2535833</eastBoundingCoordinate>
          <northBoundingCoordinate>63.87836111</northBoundingCoordinate>
          <southBoundingCoordinate>63.87836111</southBoundingCoordinate>
        </boundingCoordinates>
      </geographicCoverage>
      <temporalCoverage>
        <rangeOfDates>
          <beginDate>
            <calendarDate>2008-09-01</calendarDate>
          </beginDate>
          <endDate>
            <calendarDate>2013-09-01</calendarDate>
          </endDate>
        </rangeOfDates>
      </temporalCoverage>
    </coverage>
    <maintenance>
      <description>
        <section>
          <title>corrections</title>
          <para>Each percent mass loss number is an average of the mass loss of two horizontally adjacent 5 x 7.5 cm filters.</para>
        </section>
        <section>
          <title>Status</title>
          <para>Ongoing</para>
        </section>
      </description>
    </maintenance>
    <contact>
      <positionName>Information Manager</positionName>
      <organizationName>LTER Network Office</organizationName>
      <address>
        <deliveryPoint>UNM Biology Department, MSC03-2020</deliveryPoint>
        <deliveryPoint>1 University of New Mexico</deliveryPoint>
        <city>Albuquerque</city>
        <administrativeArea>NM</administrativeArea>
        <postalCode>87131-0001</postalCode>
        <country>USA</country>
      </address>
      <phone phonetype="voice">505 277-2535</phone>
      <phone phonetype="fax">505 277-2541</phone>
      <electronicMailAddress>tech-support@lternet.edu</electronicMailAddress>
      <onlineUrl>http://www.lternet.edu</onlineUrl>
    </contact>
    <contact>
      <organizationName>Bonanza Creek LTER</organizationName>
      <positionName>Data Manager</positionName>
      <address>
        <deliveryPoint>Boreal Ecology Cooperative Research Unit </deliveryPoint>
        <deliveryPoint>University of Alaska Fairbanks</deliveryPoint>
        <deliveryPoint>P.O. Box 756780 </deliveryPoint>
        <city>Fairbanks</city>
        <administrativeArea>AK</administrativeArea>
        <postalCode>99775</postalCode>
        <country>USA</country>
      </address>
      <phone phonetype="voice">907-474-6364</phone>
      <phone phonetype="fax">907-474-6251</phone>
      <electronicMailAddress>uaf-bnz-im-team@alaska.edu</electronicMailAddress>
      <onlineUrl>http://www.lter.uaf.edu</onlineUrl>
    </contact>
    <publisher>
      <organizationName>Bonanza Creek LTER</organizationName>
      <address>
        <deliveryPoint>Boreal Ecology Cooperative Research Unit </deliveryPoint>
        <deliveryPoint>University of Alaska Fairbanks</deliveryPoint>
        <deliveryPoint>P.O. Box 756780 </deliveryPoint>
        <city>Fairbanks</city>
        <administrativeArea>AK</administrativeArea>
        <postalCode>99775</postalCode>
        <country>USA</country>
      </address>
      <phone phonetype="voice">907-474-6364</phone>
      <phone phonetype="fax">907-474-6251</phone>
    </publisher>
    <pubPlace>Bonanza Creek LTER</pubPlace>
    <methods>
      <methodStep>
        <description>
          <section>
            <title>Experimental Design</title>
            <para>The study site at the Eight Mile Lake (EML) watershed is located in the northern foothills of the Alaska Range.  Permafrost temperature has been monitored annually on a gentle north-facing slope at this site in a 30-m-deep borehole that was installed in 1985 before the permafrost started to thaw.  While permafrost thaw can sometimes result in water ponding depending on local topography, this landscape consists largely of relatively well-drained uplands.  There are two experimental warming treatments at the CiPEHR project: Winter warming (WW) increases soil temperature and ground thaw using snow fences; Summer warming (SW) increases growing season air temperature using open top chambers. Six annual and six growing season decomposition bags were incubated per treatment in each year.</para>
          </section>
          <section>
            <title>Methods</title>
            <para>FIELD:  Four individually-weighed 5 by 7.5 cm squares of cellulose filter paper (Fisher brand P8 09-802-1B) were placed into 21 by 13.5  cm fiberglass mesh bags. The bags were designed to measure decomposition at 0-10 cm and from 10-20 cm. Annual decomposition bags were placed into the soil vertically in September into a slit cut with a bread knife. They were left to incubate in the soil for a year and collected the following September. Growing season bags only consisted of the 0-10 cm depth and were also placed into the soil vertically but only from May through September. Each of the four treatments had six bags each year. The annual incubations started in September 2008 and are continuing. This dataset includes 2008 through September 2013.   LAB:  After the incubation, the bags were rinsed, dried at 60 degrees C and each filter was cleaned of debris with paintbrushes and tweezers before measuring its final weight. For each filter paper, we calculated a percent mass loss by subtracting the final from the initial weight and dividing by 100. Mass loss of the two horizontally adjacent filters was averaged to get one number per depth per bag.</para>
          </section>
        </description>
      </methodStep>
      <sampling>
        <studyExtent>
          <coverage>
            <geographicCoverage>
              <references>geoReference</references>
            </geographicCoverage>
            <temporalCoverage>
              <rangeOfDates>
                <beginDate>
                  <calendarDate>2008-09-01</calendarDate>
                </beginDate>
                <endDate>
                  <calendarDate>2013-09-01</calendarDate>
                </endDate>
              </rangeOfDates>
            </temporalCoverage>
          </coverage>
        </studyExtent>
        <samplingDescription>
          <section>
            <title>Sampling Frequency</title>
            <para>Annually</para>
          </section>
        </samplingDescription>
      </sampling>
    </methods>
    <dataTable>
      <entityName>506_CiPEHR_decomp.txt</entityName>
      <entityDescription>This data set is annual (September through September) and growing season (May through September) mass loss of cellulose filter paper at 0-10 cm and 10-20 cm (annual only) depths in the soil profile.</entityDescription>
      <physical>
        <objectName>506_CiPEHR_decomp.txt</objectName>
        <dataFormat>
          <textFormat>
            <numHeaderLines>1</numHeaderLines>
            <recordDelimiter>\n</recordDelimiter>
            <physicalLineDelimiter>\n</physicalLineDelimiter>
            <attributeOrientation>column</attributeOrientation>
            <simpleDelimited>
              <fieldDelimiter>,</fieldDelimiter>
            </simpleDelimited>
          </textFormat>
        </dataFormat>
        <distribution>
          <online>
            <url function="download">https://pasta.lternet.edu/package/data/eml/knb-lter-bnz/506/6/e076e7c96cd9af2c416591c94d34d017</url>
          </online>
        </distribution>
      </physical>
      <attributeList>
        <attribute>
          <attributeName>Type</attributeName>
          <attributeLabel>Type</attributeLabel>
          <attributeDefinition>Whether an annual or growing season incubation of the filter paper</attributeDefinition>
          <storageType>string</storageType>
          <measurementScale>
            <nominal>
              <nonNumericDomain>
                <enumeratedDomain>
                  <codeDefinition>
                    <code>GS</code>
                    <definition>growing season</definition>
                  </codeDefinition>
                </enumeratedDomain>
              </nonNumericDomain>
            </nominal>
          </measurementScale>
          <!--No missing value/character in database (datafilevarible/errorcode)-->
        </attribute>
        <attribute>
          <attributeName>Date</attributeName>
          <attributeLabel>Date</attributeLabel>
          <attributeDefinition>The year the decomposition bags were incubated (Sept to Sept for annual or growing season year)</attributeDefinition>
          <storageType>string</storageType>
          <measurementScale>
            <nominal>
              <nonNumericDomain>
                <textDomain>
                  <definition>The year the decomposition bags were incubated (Sept to Sept for annual or growing season year)</definition>
                </textDomain>
              </nonNumericDomain>
            </nominal>
          </measurementScale>
          <!--No missing value/character in database (datafilevarible/errorcode)-->
        </attribute>
        <attribute>
          <attributeName>Winter_treatment</attributeName>
          <attributeLabel>Winter_treatment</attributeLabel>
          <attributeDefinition>The winter treatment (either warming with the snowfence or control)</attributeDefinition>
          <storageType>string</storageType>
          <measurementScale>
            <nominal>
              <nonNumericDomain>
                <enumeratedDomain>
                  <codeDefinition>
                    <code>WC</code>
                    <definition>Winter control</definition>
                  </codeDefinition>
                  <codeDefinition>
                    <code> WW</code>
                    <definition>winter warming</definition>
                  </codeDefinition>
                </enumeratedDomain>
              </nonNumericDomain>
            </nominal>
          </measurementScale>
          <!--No missing value/character in database (datafilevarible/errorcode)-->
        </attribute>
        <attribute>
          <attributeName>Summer_treatment</attributeName>
          <attributeLabel>Summer_treatment</attributeLabel>
          <attributeDefinition>The summer warming treatment (either warming with open-top chambers or control)</attributeDefinition>
          <storageType>string</storageType>
          <measurementScale>
            <nominal>
              <nonNumericDomain>
                <enumeratedDomain>
                  <codeDefinition>
                    <code>SC</code>
                    <definition>Winter control</definition>
                  </codeDefinition>
                  <codeDefinition>
                    <code> SW</code>
                    <definition>winter warming</definition>
                  </codeDefinition>
                </enumeratedDomain>
              </nonNumericDomain>
            </nominal>
          </measurementScale>
          <!--No missing value/character in database (datafilevarible/errorcode)-->
        </attribute>
        <attribute>
          <attributeName>Fence</attributeName>
          <attributeLabel>Fence</attributeLabel>
          <attributeDefinition>The number of the snowfence the bags were incubated at</attributeDefinition>
          <storageType>integer</storageType>
          <measurementScale>
            <nominal>
              <nonNumericDomain>
                <textDomain>
                  <definition>The number of the snowfence the bags were incubated at</definition>
                </textDomain>
              </nonNumericDomain>
            </nominal>
          </measurementScale>
          <!--No missing value/character in database (datafilevarible/errorcode)-->
        </attribute>
        <attribute>
          <attributeName>Plot</attributeName>
          <attributeLabel>Plot</attributeLabel>
          <attributeDefinition>The number of the plot the bags were incubated at</attributeDefinition>
          <storageType>integer</storageType>
          <measurementScale>
            <nominal>
              <nonNumericDomain>
                <textDomain>
                  <definition>The number of the plot the bags were incubated at</definition>
                </textDomain>
              </nonNumericDomain>
            </nominal>
          </measurementScale>
          <!--No missing value/character in database (datafilevarible/errorcode)-->
        </attribute>
        <attribute>
          <attributeName>Depth</attributeName>
          <attributeLabel>Depth</attributeLabel>
          <attributeDefinition>The depth the filter paper was incubated at in the soil profile</attributeDefinition>
          <storageType>string</storageType>
          <measurementScale>
            <nominal>
              <nonNumericDomain>
                <textDomain>
                  <definition>The depth the filter paper was incubated at in the soil profile</definition>
                </textDomain>
              </nonNumericDomain>
            </nominal>
          </measurementScale>
          <!--No missing value/character in database (datafilevarible/errorcode)-->
        </attribute>
        <attribute>
          <attributeName>Mass_loss</attributeName>
          <attributeLabel>Mass_loss</attributeLabel>
          <attributeDefinition>The percent of mass that was lost from the filter paper during the incubation</attributeDefinition>
          <storageType>float</storageType>
          <measurementScale>
            <ratio>
              <unit>
                <customUnit>percent</customUnit>
              </unit>
              <numericDomain>
                <numberType>real</numberType>
                <!--No minimum value recorded in database (datafilevaribles/minvalid)-->
              </numericDomain>
            </ratio>
          </measurementScale>
          <!--No missing value/character in database (datafilevarible/errorcode)-->
        </attribute>
      </attributeList>
    </dataTable>
  </dataset>
  <additionalMetadata>
    <metadata>
      <unitList>
        <unit id="percent"/>
      </unitList>
    </metadata>
  </additionalMetadata>
</eml:eml>
