<?xml version="1.0" encoding="UTF-8"?>
<eml:eml packageId="knb-lter-bnz.52.17" scope="system"
  system="https://pasta.lternet.edu"
  xmlns:ds="eml://ecoinformatics.org/dataset-2.1.0"
  xmlns:eml="eml://ecoinformatics.org/eml-2.1.1"
  xmlns:stmml="http://www.xml-cml.org/schema/stmml-1.1"
  xmlns:xsi="http://www.w3.org/2001/XMLSchema-instance" xsi:schemaLocation="eml://ecoinformatics.org/eml-2.1.0&#xa;&#x9;&#x9;&#x9;&#x9;http://nis.lternet.edu/schemas/EML/eml-2.1.0/eml.xsd">
  <access authSystem="https://pasta.lternet.edu/authentication"
    order="allowFirst" scope="document" system="https://pasta.lternet.edu">
    <allow>
      <principal>uid=BNZ,o=lter,dc=ecoinformatics,dc=org</principal>
      <permission>all</permission>
    </allow>
    <allow>
      <principal>public</principal>
      <permission>read</permission>
    </allow>
  </access>
  <dataset>
    <shortName>knb-lter-bnz.52.17</shortName>
    <title>Soil DOC and moisture measurements  along climate and black spruce productivity gradients in interior Alaska</title>
    <creator>
      <individualName>
        <givenName>Evan</givenName>
        <givenName>S.</givenName>
        <surName>Kane</surName>
      </individualName>
      <positionName>Affiliate Scientist</positionName>
      <address>
        <deliveryPoint>Michigan State University
Dept. of Plant Biology</deliveryPoint>
        <city>East Lansing</city>
        <administrativeArea>MI</administrativeArea>
        <postalCode>48824</postalCode>
        <country>United States</country>
      </address>
      <phone phonetype="voice">(907) 474-7471</phone>
      <!--No fax info present in Database  ( pers/fax when lead_contact=1 )-->
      <electronicMailAddress>citezenkane@gmail.com</electronicMailAddress>
      <!--No personal web address info on file-->
    </creator>
    <metadataProvider>
      <organizationName>Bonanza Creek LTER</organizationName>
      <positionName>Data Manager</positionName>
      <address>
        <deliveryPoint>Boreal Ecology Cooperative Research Unit </deliveryPoint>
        <deliveryPoint>University of Alaska Fairbanks</deliveryPoint>
        <deliveryPoint>P.O. Box 756780 </deliveryPoint>
        <city>Fairbanks</city>
        <administrativeArea>AK</administrativeArea>
        <postalCode>99775</postalCode>
        <country>USA</country>
      </address>
      <phone phonetype="voice">907-474-6364</phone>
      <phone phonetype="fax">907-474-6251</phone>
      <electronicMailAddress>uaf-bnz-im-team@alaska.edu</electronicMailAddress>
      <onlineUrl>http://www.lter.uaf.edu</onlineUrl>
    </metadataProvider>
    <!--No other people associated with this dataset found on file (pers/lastname/lead_contact=0)-->
    <pubDate>2005-11-11</pubDate>
    <abstract>
      <para>water-soluble organic carbon extracted from organic and mineral soils along gradients in stand productivity and soil temperature throughout 2004.

200g of organic soil or 400g of mineral (5 cm) soil were used. Values should be corrected for oven dry moisture percent of soil (also included in data set).

Nine soil cores were obtained randomly on a 20 x 20 m sampling grid at each site in May, June-July, and again in September 2004. Cores were parsed in the field into organic (Oi+Oe+Oa) and mineral soil (5 cm, A+B). All cores were immediately sealed in polyethylene bags and were kept on ice in an insulated cooler while being transported to laboratory refrigerators kept at approximately 4 °C. All organic soil samples were extracted for WSOC content within 24 hours, and mineral soils were extracted within 48 hours. Water-soluble organic C concentrations from subsets of mineral soils extracted 24 and 48 hours after collection did not significantly differ (p = 0.30, ? 5.3 mg C l-1).
The method for extracting WSOC from the soil followed Huang and Schoenau (1996), which was modified from McGill et al. (1986). Briefly, field moist soil samples were homogenized on a tray and roots &gt;2 mm were removed. Then 20 g of organic soil or 40 g of mineral soil were gently shaken on a rotary table with 100 ml (n = 9 per horizon per date) of deionized water for 1 hour, filtered through a Whatman GF/A filter, and then passed through a Whatman 0.45 µm membrane filter. Soil extracts were preserved at pH 2 using H3PO4 and refrigerated at 4 °C prior to analysis. Each field moist soil sample was subsampled to determine moisture content (gravimetrically) and WSOC was adjusted to an oven-dry basis. Bulk density and depth measurements for each soil horizon were used to relate mg WSOC kg oven dry soil-1 on an area basis at each site (g WSOC m-2).
Three zero-tension lysimeters (85 x 19 cm) were installed perpendicular to slope at the organic-mineral soil interface at the end of the growing season in 2003 at the PL, PM, and PH sites. Water was harvested from these, and standing soil water was obtained where available, throughout May 2004. Three first order streams adjacent to upland sampling points were also sampled. These samples were filtered (0.45?) and WSOC concentrations were compared to DI H2O extracted WSOC from complementary soil cores obtained nearby (&lt; 10m, n = 9).
Water-soluble organic C fractions were determined in soil extracts obtained from the PL, PM, and PH sites. Three replicate samples (bulk product of 9-12 cores each) of organic and mineral soil were obtained at each site in September 2004. These soils were collected and prepared as previously described. We equilibrated 200 g of organic soil and 400 g of mineral soil (field moist) with 1 l of deionized water for ~12 hours. Samples were filtered through a 0.45 µm polysulfanone filter and concentrations of each WSOC fraction were determined on tandem XAD8-XAD4 resin columns described by Ping et al. (2001), following Malcolm (1992). In this study WSOC was separated based on sorption to and desorption from the exchange resins and sequential acid and base treatments, into four fractions (HA, soluble C at pH = 1; FA, eluted from XAD8 resin; HiN, soluble C passing XAD4; and LMWFA, eluted from XAD4 resin). Total Ho and Hi organic matter were determined by retention on XAD8 and XAD4 resins, respectively. Total WSOC and concentrations in different fractions were determined on an OI model 700 total organic carbon analyzer (OI Analytical, College Station, Texas).</para>
    </abstract>
    <keywordSet>
      <keyword>dissolved organic carbon</keyword>
      <keyword>soil processes</keyword>
      <keyword>stand productivity</keyword>
      <keyword>temperature</keyword>
      <keyword>water soluble</keyword>
      <keywordThesaurus>Primary Production</keywordThesaurus>
    </keywordSet>
    <intellectualRights>
      <section>
        <title>Access to Data</title>
        <para>While metadata will be freely available to those requesting it, the data manager will assure that any restrictions on access to data sets in the database will be enforced. Data will not be released without proper permission first being obtained from the investigator who generated the data. </para>
      </section>
      <section>
        <title>Use of data</title>
        <para> Researchers should receive adequate acknowledgment for the use of their data by others and should be provided with copies of publications using their data. Users of data from the data base must be aware that data is not to be sold or redistributed.</para>
      </section>
      <section>
        <title>Citing Bonanza Creek LTER Datasets</title>
        <para>It is considered a matter of professional ethics to acknowledge the work of other scientists. Thus, the Data User will properly cite the Data Set in any publications or in the metadata of any derived data products that were produced using the Data Set. </para>
      </section>
    </intellectualRights>
    <distribution id="distributionReference">
      <online>
        <url function="information">http://www.lter.uaf.edu/data_detail.cfm?datafile_pkey=52</url>
      </online>
    </distribution>
    <coverage>
      <geographicCoverage id="geoReference">
        <geographicDescription>Site information unavailable</geographicDescription>
        <boundingCoordinates>
          <westBoundingCoordinate>-148.2742199</westBoundingCoordinate>
          <eastBoundingCoordinate>-142.2897558</eastBoundingCoordinate>
          <northBoundingCoordinate>65.10813965</northBoundingCoordinate>
          <southBoundingCoordinate>63.39671501</southBoundingCoordinate>
        </boundingCoordinates>
      </geographicCoverage>
      <temporalCoverage>
        <rangeOfDates>
          <beginDate>
            <calendarDate>2004-05-01</calendarDate>
          </beginDate>
          <endDate>
            <calendarDate>2004-09-01</calendarDate>
          </endDate>
        </rangeOfDates>
      </temporalCoverage>
    </coverage>
    <maintenance>
      <description>
        <section>
          <title>Status</title>
          <para>Completed</para>
        </section>
      </description>
    </maintenance>
    <contact>
      <positionName>Information Manager</positionName>
      <organizationName>LTER Network Office</organizationName>
      <address>
        <deliveryPoint>UNM Biology Department, MSC03-2020</deliveryPoint>
        <deliveryPoint>1 University of New Mexico</deliveryPoint>
        <city>Albuquerque</city>
        <administrativeArea>NM</administrativeArea>
        <postalCode>87131-0001</postalCode>
        <country>USA</country>
      </address>
      <phone phonetype="voice">505 277-2535</phone>
      <phone phonetype="fax">505 277-2541</phone>
      <electronicMailAddress>tech-support@lternet.edu</electronicMailAddress>
      <onlineUrl>http://www.lternet.edu</onlineUrl>
    </contact>
    <contact>
      <organizationName>Bonanza Creek LTER</organizationName>
      <positionName>Data Manager</positionName>
      <address>
        <deliveryPoint>Boreal Ecology Cooperative Research Unit </deliveryPoint>
        <deliveryPoint>University of Alaska Fairbanks</deliveryPoint>
        <deliveryPoint>P.O. Box 756780 </deliveryPoint>
        <city>Fairbanks</city>
        <administrativeArea>AK</administrativeArea>
        <postalCode>99775</postalCode>
        <country>USA</country>
      </address>
      <phone phonetype="voice">907-474-6364</phone>
      <phone phonetype="fax">907-474-6251</phone>
      <electronicMailAddress>uaf-bnz-im-team@alaska.edu</electronicMailAddress>
      <onlineUrl>http://www.lter.uaf.edu</onlineUrl>
    </contact>
    <publisher>
      <organizationName>Bonanza Creek LTER</organizationName>
      <address>
        <deliveryPoint>Boreal Ecology Cooperative Research Unit </deliveryPoint>
        <deliveryPoint>University of Alaska Fairbanks</deliveryPoint>
        <deliveryPoint>P.O. Box 756780 </deliveryPoint>
        <city>Fairbanks</city>
        <administrativeArea>AK</administrativeArea>
        <postalCode>99775</postalCode>
        <country>USA</country>
      </address>
      <phone phonetype="voice">907-474-6364</phone>
      <phone phonetype="fax">907-474-6251</phone>
    </publisher>
    <pubPlace>Bonanza Creek LTER</pubPlace>
    <methods>
      <methodStep>
        <description>
          <section>
            <title>Experimental Design</title>
            <para>Site establishment, temperature records, and soil profile and stand descriptions and analyses in this study were previously described in detail by Kane et al. (2005). Briefly, four replicate gradients in black spruce (Picea mariana (Mill.) B.S.P.) productivity and soil temperature were established across interior Alaska, ranging in latitude from 63°-65°N (~365 km) and in longitude from 142°-148°W (~550 km) (Figure 1). Study areas were named for the roads used to access them and were established (from west to east) off of the Parks Highway (P), Murphy Dome Rd. (M), the Elliott Highway (E), and the Taylor Highway (T). Each study area consisted of three sites differentiated by their relative level of stand production, or Site Index. Site Index (SI) is defined as the height of stand dominants attained after 50 years, and sites with low (L, 2.5-4.6 m), medium (M, 4.6-7.5 m), or high (H, 8.1-12.5 m) SI values occur within each study area. Each site in this study is denoted by its location and productivity level (e.g., Parks Highway, low-productivity (PL)). Site Index equations had been developed from 292 trees harvested from 33 sites across interior Alaska (Rosner 2004), of which four sites have been incorporated into this study.</para>
          </section>
          <section>
            <title>Methods</title>
            <para>We measured soil respiration using an infra red gas analyzer at 10 sites across interior Alaska. Concurrently, we measured soil moisture (gravimetric), soil temperatures (both at the soil respiration collar, n=18, and continuously via. portable recorders).</para>
          </section>
        </description>
      </methodStep>
      <sampling>
        <studyExtent>
          <coverage>
            <geographicCoverage>
              <references>geoReference</references>
            </geographicCoverage>
            <temporalCoverage>
              <rangeOfDates>
                <beginDate>
                  <calendarDate>2004-05-01</calendarDate>
                </beginDate>
                <endDate>
                  <calendarDate>2004-09-01</calendarDate>
                </endDate>
              </rangeOfDates>
            </temporalCoverage>
          </coverage>
        </studyExtent>
        <samplingDescription>
          <section>
            <title>Sampling Frequency</title>
            <para>approximately bi-weekly</para>
          </section>
        </samplingDescription>
      </sampling>
    </methods>
    <dataTable>
      <entityName>216_2029_soil_DOC_all_sites_moisture.txt</entityName>
      <entityDescription>Water-soluble organic carbon extracted from organic and mineral soils</entityDescription>
      <physical>
        <objectName>216_2029_soil_DOC_all_sites_moisture.txt</objectName>
        <dataFormat>
          <textFormat>
            <numHeaderLines>1</numHeaderLines>
            <recordDelimiter>\n</recordDelimiter>
            <physicalLineDelimiter>\n</physicalLineDelimiter>
            <attributeOrientation>column</attributeOrientation>
            <simpleDelimited>
              <fieldDelimiter>,</fieldDelimiter>
            </simpleDelimited>
          </textFormat>
        </dataFormat>
        <distribution>
          <online>
            <url function="download">https://pasta.lternet.edu/package/data/eml/knb-lter-bnz/52/17/d1e7423207b28b622ed6c58b7769dc4a</url>
          </online>
        </distribution>
      </physical>
      <attributeList>
        <attribute>
          <attributeName>Site</attributeName>
          <attributeLabel>Site</attributeLabel>
          <attributeDefinition>site code</attributeDefinition>
          <storageType>string</storageType>
          <measurementScale>
            <nominal>
              <nonNumericDomain>
                <textDomain>
                  <definition>site code</definition>
                </textDomain>
              </nonNumericDomain>
            </nominal>
          </measurementScale>
          <!--No missing value/character in database (datafilevarible/errorcode)-->
        </attribute>
        <attribute>
          <attributeName>Horizon</attributeName>
          <attributeLabel>Horizon</attributeLabel>
          <attributeDefinition>Soil horizon layer</attributeDefinition>
          <storageType>string</storageType>
          <measurementScale>
            <nominal>
              <nonNumericDomain>
                <textDomain>
                  <definition>Soil horizon layer</definition>
                </textDomain>
              </nonNumericDomain>
            </nominal>
          </measurementScale>
          <!--No missing value/character in database (datafilevarible/errorcode)-->
        </attribute>
        <attribute>
          <attributeName>Date2004</attributeName>
          <attributeLabel>Date2004</attributeLabel>
          <attributeDefinition>Date in 2004</attributeDefinition>
          <storageType>string</storageType>
          <measurementScale>
            <dateTime>
              <formatString>mm/dd</formatString>
            </dateTime>
          </measurementScale>
          <!--No missing value/character in database (datafilevarible/errorcode)-->
        </attribute>
        <attribute>
          <attributeName>soil_DOC_mg/L</attributeName>
          <attributeLabel>soil_DOC_mg/L</attributeLabel>
          <attributeDefinition>Dissolved organic Carbon</attributeDefinition>
          <storageType>float</storageType>
          <measurementScale>
            <ratio>
              <unit>
                <customUnit>mg/l</customUnit>
              </unit>
              <numericDomain>
                <numberType>real</numberType>
                <!--No minimum value recorded in database (datafilevaribles/minvalid)-->
              </numericDomain>
            </ratio>
          </measurementScale>
          <!--No missing value/character in database (datafilevarible/errorcode)-->
        </attribute>
        <attribute>
          <attributeName>Soil_Moisture%</attributeName>
          <attributeLabel>Soil_Moisture%</attributeLabel>
          <attributeDefinition>Percent Soil Moisture</attributeDefinition>
          <storageType>float</storageType>
          <measurementScale>
            <ratio>
              <unit>
                <customUnit>percent</customUnit>
              </unit>
              <numericDomain>
                <numberType>real</numberType>
                <!--No minimum value recorded in database (datafilevaribles/minvalid)-->
              </numericDomain>
            </ratio>
          </measurementScale>
          <!--No missing value/character in database (datafilevarible/errorcode)-->
        </attribute>
      </attributeList>
    </dataTable>
  </dataset>
  <additionalMetadata>
    <metadata>
      <unitList>
        <unit id="mg/l"/>
        <unit id="mm/dd"/>
        <unit id="percent"/>
      </unitList>
    </metadata>
  </additionalMetadata>
</eml:eml>
