<?xml version="1.0" encoding="UTF-8"?>
<eml:eml packageId="knb-lter-bnz.526.7" scope="system"
  system="https://pasta.lternet.edu"
  xmlns:ds="eml://ecoinformatics.org/dataset-2.1.0"
  xmlns:eml="eml://ecoinformatics.org/eml-2.1.1"
  xmlns:stmml="http://www.xml-cml.org/schema/stmml-1.1"
  xmlns:xsi="http://www.w3.org/2001/XMLSchema-instance" xsi:schemaLocation="eml://ecoinformatics.org/eml-2.1.0&#xa;&#x9;&#x9;&#x9;&#x9;http://nis.lternet.edu/schemas/EML/eml-2.1.0/eml.xsd">
  <access authSystem="https://pasta.lternet.edu/authentication"
    order="allowFirst" scope="document" system="https://pasta.lternet.edu">
    <allow>
      <principal>uid=BNZ,o=lter,dc=ecoinformatics,dc=org</principal>
      <permission>all</permission>
    </allow>
    <allow>
      <principal>public</principal>
      <permission>read</permission>
    </allow>
  </access>
  <dataset>
    <shortName>knb-lter-bnz.526.7</shortName>
    <title>Consequences of aspen leaf miner outbreak for plant performance</title>
    <creator>
      <individualName>
        <givenName>Diane</givenName>
        <surName>Wagner</surName>
      </individualName>
      <positionName>Affiliate Scientist</positionName>
      <address>
        <deliveryPoint>Arctic Health Research PO Box 757000 University of Alaska Fairbanks</deliveryPoint>
        <city>Fairbanks</city>
        <administrativeArea>AK</administrativeArea>
        <postalCode>99775</postalCode>
        <country>United States</country>
      </address>
      <phone phonetype="voice">(907) 474-5227</phone>
      <phone phonetype="fax">(907) 474-7666
</phone>
      <electronicMailAddress>diane.wagner@alaska.edu</electronicMailAddress>
      <onlineUrl>http://mercury2.iab.uaf.edu/diane_wagner/</onlineUrl>
    </creator>
    <creator>
      <individualName>
        <givenName>Patricia</givenName>
        <surName>Doak</surName>
      </individualName>
      <positionName>Affiliate Scientist</positionName>
      <address>
        <deliveryPoint>Institute of Arctic Biology  University of Alaska Fairbanks P.O. Box 757000</deliveryPoint>
        <city>Fairbanks</city>
        <administrativeArea>AK </administrativeArea>
        <postalCode>99775</postalCode>
        <country>United States</country>
      </address>
      <phone phonetype="voice">(907) 474-6449</phone>
      <!--No fax info present in Database  ( pers/fax when lead_contact=1 )-->
      <electronicMailAddress>pdoak@alaska.edu</electronicMailAddress>
      <onlineUrl>http://mercury2.iab.uaf.edu/pat_doak/</onlineUrl>
    </creator>
    <creator>
      <organizationName>Bonanza Creek LTER</organizationName>
      <address>
        <deliveryPoint>Boreal Ecology Cooperative Research Unit </deliveryPoint>
        <deliveryPoint>University of Alaska Fairbanks</deliveryPoint>
        <deliveryPoint>P.O. Box 756780 </deliveryPoint>
        <city>Fairbanks</city>
        <administrativeArea>AK</administrativeArea>
        <postalCode>99775</postalCode>
        <country>USA</country>
      </address>
      <phone phonetype="voice">907-474-6364</phone>
      <phone phonetype="fax">907-474-6251</phone>
      <electronicMailAddress>uaf-bnz-im-team@alaska.edu</electronicMailAddress>
      <onlineUrl>http://www.lter.uaf.edu</onlineUrl>
    </creator>
    <metadataProvider>
      <organizationName>Bonanza Creek LTER</organizationName>
      <positionName>Data Manager</positionName>
      <address>
        <deliveryPoint>Boreal Ecology Cooperative Research Unit </deliveryPoint>
        <deliveryPoint>University of Alaska Fairbanks</deliveryPoint>
        <deliveryPoint>P.O. Box 756780 </deliveryPoint>
        <city>Fairbanks</city>
        <administrativeArea>AK</administrativeArea>
        <postalCode>99775</postalCode>
        <country>USA</country>
      </address>
      <phone phonetype="voice">907-474-6364</phone>
      <phone phonetype="fax">907-474-6251</phone>
      <electronicMailAddress>uaf-bnz-im-team@alaska.edu</electronicMailAddress>
      <onlineUrl>http://www.lter.uaf.edu</onlineUrl>
    </metadataProvider>
    <!--No other people associated with this dataset found on file (pers/lastname/lead_contact=0)-->
    <pubDate>2013-01-28</pubDate>
    <abstract>
      <para>This dataset represents the results of experimental suppression of herbivory by the aspen leaf miner, Phyllocnistis populiella, over a period of three years, 2005 to 2007.  There were two study sites, one at Bonanza Creek LTER and the other near the summit of Ester Dome.  Reported here are herbivory and growth of aspen ramets.</para>
    </abstract>
    <keywordSet>
      <keyword>aspen</keyword>
      <keyword>Populus tremuloides</keyword>
      <keyword>leaf miners</keyword>
      <keyword>Phyllocnistis populiella</keyword>
      <keyword>herbivory</keyword>
      <keyword>insects</keyword>
      <keyword>outbreaks</keyword>
      <keyword>plant performance</keyword>
      <keyword>growth</keyword>
      <keywordThesaurus>Trophic Interactions</keywordThesaurus>
    </keywordSet>
    <intellectualRights>
      <section>
        <title>Access to Data</title>
        <para>While metadata will be freely available to those requesting it, the data manager will assure that any restrictions on access to data sets in the database will be enforced. Data will not be released without proper permission first being obtained from the investigator who generated the data. </para>
      </section>
      <section>
        <title>Use of data</title>
        <para> Researchers should receive adequate acknowledgment for the use of their data by others and should be provided with copies of publications using their data. Users of data from the data base must be aware that data is not to be sold or redistributed.</para>
      </section>
      <section>
        <title>Citing Bonanza Creek LTER Datasets</title>
        <para>It is considered a matter of professional ethics to acknowledge the work of other scientists. Thus, the Data User will properly cite the Data Set in any publications or in the metadata of any derived data products that were produced using the Data Set. </para>
      </section>
    </intellectualRights>
    <distribution id="distributionReference">
      <online>
        <url function="information">http://www.lter.uaf.edu/data_detail.cfm?datafile_pkey=526</url>
      </online>
    </distribution>
    <coverage>
      <geographicCoverage id="geoReference">
        <geographicDescription>Site information unavailable</geographicDescription>
        <boundingCoordinates>
          <westBoundingCoordinate>-148.3243</westBoundingCoordinate>
          <eastBoundingCoordinate>-148.0634</eastBoundingCoordinate>
          <northBoundingCoordinate>64.8763</northBoundingCoordinate>
          <southBoundingCoordinate>64.7087</southBoundingCoordinate>
        </boundingCoordinates>
      </geographicCoverage>
      <temporalCoverage>
        <rangeOfDates>
          <beginDate>
            <calendarDate>2005-05-15</calendarDate>
          </beginDate>
          <endDate>
            <calendarDate>2007-08-15</calendarDate>
          </endDate>
        </rangeOfDates>
      </temporalCoverage>
    </coverage>
    <maintenance>
      <description>
        <section>
          <title>Status</title>
          <para>Completed</para>
        </section>
      </description>
    </maintenance>
    <contact>
      <positionName>Information Manager</positionName>
      <organizationName>LTER Network Office</organizationName>
      <address>
        <deliveryPoint>UNM Biology Department, MSC03-2020</deliveryPoint>
        <deliveryPoint>1 University of New Mexico</deliveryPoint>
        <city>Albuquerque</city>
        <administrativeArea>NM</administrativeArea>
        <postalCode>87131-0001</postalCode>
        <country>USA</country>
      </address>
      <phone phonetype="voice">505 277-2535</phone>
      <phone phonetype="fax">505 277-2541</phone>
      <electronicMailAddress>tech-support@lternet.edu</electronicMailAddress>
      <onlineUrl>http://www.lternet.edu</onlineUrl>
    </contact>
    <contact>
      <organizationName>Bonanza Creek LTER</organizationName>
      <positionName>Data Manager</positionName>
      <address>
        <deliveryPoint>Boreal Ecology Cooperative Research Unit </deliveryPoint>
        <deliveryPoint>University of Alaska Fairbanks</deliveryPoint>
        <deliveryPoint>P.O. Box 756780 </deliveryPoint>
        <city>Fairbanks</city>
        <administrativeArea>AK</administrativeArea>
        <postalCode>99775</postalCode>
        <country>USA</country>
      </address>
      <phone phonetype="voice">907-474-6364</phone>
      <phone phonetype="fax">907-474-6251</phone>
      <electronicMailAddress>uaf-bnz-im-team@alaska.edu</electronicMailAddress>
      <onlineUrl>http://www.lter.uaf.edu</onlineUrl>
    </contact>
    <publisher>
      <organizationName>Bonanza Creek LTER</organizationName>
      <address>
        <deliveryPoint>Boreal Ecology Cooperative Research Unit </deliveryPoint>
        <deliveryPoint>University of Alaska Fairbanks</deliveryPoint>
        <deliveryPoint>P.O. Box 756780 </deliveryPoint>
        <city>Fairbanks</city>
        <administrativeArea>AK</administrativeArea>
        <postalCode>99775</postalCode>
        <country>USA</country>
      </address>
      <phone phonetype="voice">907-474-6364</phone>
      <phone phonetype="fax">907-474-6251</phone>
    </publisher>
    <pubPlace>Bonanza Creek LTER</pubPlace>
    <methods>
      <methodStep>
        <description>
          <section>
            <title>Methods</title>
            <para>FIELD:  In May 2005, we haphazardly chose 40 aspen ramets 0.5-2 m high at each site.  Half of the ramets at each site were assigned at random to receive annual insecticide treatments.  Our goal in the experiment was to reduce P. populiella mining damage without suppressing other species of arthropod herbivores or predators.  Since P. populiella is one of the earliest arthropods to attack aspen in the spring, we applied insecticide as early as possible following bud break.  In May of each year, when small P. populiella leaf mines were observed and the rate of oviposition had slowed, we sprayed treated plants to run-off with the insecticide spinosad (Conserve; Dow AgroSciences, Indianapolis, Indiana, USA; 1.56 ml l-1) using a hand-powered pump sprayer.  In 2005 and 2006, the insecticide was re-applied 3-7 days later; in 2007 ramets received only a single application of insecticide per year in order to further minimize non-target effects.  When treated aspen ramets were sprayed with insecticide, control ramets were sprayed with an equal amount of water. Leaf damage on experimental trees was assessed between mid-July and mid-August of 2005-2007, after leaf miner larvae had ceased to feed. Herbivory was scored on the seven most proximal (oldest) leaf positions of two shoots per plant in 2005 and three shoots per plant in 2006 and 2007. We visually estimated the percent bottom mining, percent top mining, and the percent of leaf tissue missing and damaged by other herbivores. Our visual estimates of mining damage correlate well with measurements made with image analysis software (Scion Image, Fredrick, Md.; R2 greater than 0.9). Initial measurements of size were taken in May 2005. The initial height of experimental trees ranged from 110-186 cm at BNZ and 55-183 cm at ED. Initial diameter was assessed by taking two orthogonal measurements of the trunk at 20-cm height using calipers. Permanent ink was used to draw a ring on the trunk at 20-cm height to ensure that all measurements were made at the same position.  Over the 3 years of the insecticide application experiment, a subset of ramets ceased to produce new leaf tissue above the 20-cm-high ink ring, although some sent out new shoots from the base near the surface of the soil.</para>
          </section>
        </description>
      </methodStep>
      <sampling>
        <studyExtent>
          <coverage>
            <geographicCoverage>
              <references>geoReference</references>
            </geographicCoverage>
            <temporalCoverage>
              <rangeOfDates>
                <beginDate>
                  <calendarDate>2005-05-15</calendarDate>
                </beginDate>
                <endDate>
                  <calendarDate>2007-08-15</calendarDate>
                </endDate>
              </rangeOfDates>
            </temporalCoverage>
          </coverage>
        </studyExtent>
        <samplingDescription>
          <section>
            <title>Sampling Frequency</title>
            <para>Data collected twice annually </para>
          </section>
        </samplingDescription>
      </sampling>
    </methods>
    <dataTable>
      <entityName>526_Aspen_herbivory_suppression_growth.txt</entityName>
      <entityDescription>This dataset represents the results of experimental suppression of herbivory by the aspen leaf miner.</entityDescription>
      <physical>
        <objectName>526_Aspen_herbivory_suppression_growth.txt</objectName>
        <dataFormat>
          <textFormat>
            <numHeaderLines>1</numHeaderLines>
            <recordDelimiter>\n</recordDelimiter>
            <physicalLineDelimiter>\n</physicalLineDelimiter>
            <attributeOrientation>column</attributeOrientation>
            <simpleDelimited>
              <fieldDelimiter>\t</fieldDelimiter>
            </simpleDelimited>
          </textFormat>
        </dataFormat>
        <distribution>
          <online>
            <url function="download">https://pasta.lternet.edu/package/data/eml/knb-lter-bnz/526/7/dddbaaa0f2adb195ac7ab0071b0e0016</url>
          </online>
        </distribution>
      </physical>
      <attributeList>
        <attribute>
          <attributeName>Site</attributeName>
          <attributeLabel>Site</attributeLabel>
          <attributeDefinition>Name of site for measurement.</attributeDefinition>
          <storageType>string</storageType>
          <measurementScale>
            <nominal>
              <nonNumericDomain>
                <enumeratedDomain>
                  <codeDefinition>
                    <code>BS </code>
                    <definition> Bonanza Creek LTER</definition>
                  </codeDefinition>
                  <codeDefinition>
                    <code> ED </code>
                    <definition> Ester Dome</definition>
                  </codeDefinition>
                </enumeratedDomain>
              </nonNumericDomain>
            </nominal>
          </measurementScale>
          <!--No missing value/character in database (datafilevarible/errorcode)-->
        </attribute>
        <attribute>
          <attributeName>TreeID</attributeName>
          <attributeLabel>TreeID</attributeLabel>
          <attributeDefinition>Code for individual aspen ramet</attributeDefinition>
          <storageType>integer</storageType>
          <measurementScale>
            <nominal>
              <nonNumericDomain>
                <textDomain>
                  <definition>Code for individual aspen ramet</definition>
                </textDomain>
              </nonNumericDomain>
            </nominal>
          </measurementScale>
          <!--No missing value/character in database (datafilevarible/errorcode)-->
        </attribute>
        <attribute>
          <attributeName>Treatment</attributeName>
          <attributeLabel>Treatment</attributeLabel>
          <attributeDefinition>Experimental treatment applied</attributeDefinition>
          <storageType>string</storageType>
          <measurementScale>
            <nominal>
              <nonNumericDomain>
                <enumeratedDomain>
                  <codeDefinition>
                    <code>R</code>
                    <definition>sprayed with insecticide annually</definition>
                  </codeDefinition>
                  <codeDefinition>
                    <code> C </code>
                    <definition> control</definition>
                  </codeDefinition>
                </enumeratedDomain>
              </nonNumericDomain>
            </nominal>
          </measurementScale>
          <!--No missing value/character in database (datafilevarible/errorcode)-->
        </attribute>
        <attribute>
          <attributeName>%MiningAdaxial2005</attributeName>
          <attributeLabel>%MiningAdaxial2005</attributeLabel>
          <attributeDefinition>% of adaxial (upper) leaf surface mined in year 2005</attributeDefinition>
          <storageType>integer</storageType>
          <measurementScale>
            <ratio>
              <unit>
                <standardUnit>dimensionless</standardUnit>
              </unit>
              <numericDomain>
                <numberType>real</numberType>
                <bounds>
                  <minimum exclusive="false">0.000</minimum>
                  <maximum exclusive="false">100.000</maximum>
                </bounds>
              </numericDomain>
            </ratio>
          </measurementScale>
          <!--No missing value/character in database (datafilevarible/errorcode)-->
        </attribute>
        <attribute>
          <attributeName>%MiningAdaxial2006</attributeName>
          <attributeLabel>%MiningAdaxial2006</attributeLabel>
          <attributeDefinition>% of adaxial (upper) leaf surface mined in year 2006</attributeDefinition>
          <storageType>integer</storageType>
          <measurementScale>
            <ratio>
              <unit>
                <standardUnit>dimensionless</standardUnit>
              </unit>
              <numericDomain>
                <numberType>real</numberType>
                <bounds>
                  <minimum exclusive="false">0.000</minimum>
                  <maximum exclusive="false">100.000</maximum>
                </bounds>
              </numericDomain>
            </ratio>
          </measurementScale>
          <!--No missing value/character in database (datafilevarible/errorcode)-->
        </attribute>
        <attribute>
          <attributeName>%MiningAdaxial2007</attributeName>
          <attributeLabel>%MiningAdaxial2007</attributeLabel>
          <attributeDefinition>% of adaxial (upper) leaf surface mined in year 2007</attributeDefinition>
          <storageType>integer</storageType>
          <measurementScale>
            <ratio>
              <unit>
                <standardUnit>dimensionless</standardUnit>
              </unit>
              <numericDomain>
                <numberType>real</numberType>
                <bounds>
                  <minimum exclusive="false">0.000</minimum>
                  <maximum exclusive="false">100.000</maximum>
                </bounds>
              </numericDomain>
            </ratio>
          </measurementScale>
          <!--No missing value/character in database (datafilevarible/errorcode)-->
        </attribute>
        <attribute>
          <attributeName>%MiningAbaxial2005</attributeName>
          <attributeLabel>%MiningAbaxial2005</attributeLabel>
          <attributeDefinition>% of abaxial (lower) leaf surface mined in year 2005</attributeDefinition>
          <storageType>integer</storageType>
          <measurementScale>
            <ratio>
              <unit>
                <standardUnit>dimensionless</standardUnit>
              </unit>
              <numericDomain>
                <numberType>real</numberType>
                <bounds>
                  <minimum exclusive="false">0.000</minimum>
                  <maximum exclusive="false">100.000</maximum>
                </bounds>
              </numericDomain>
            </ratio>
          </measurementScale>
          <!--No missing value/character in database (datafilevarible/errorcode)-->
        </attribute>
        <attribute>
          <attributeName>%MiningAbaxial2006</attributeName>
          <attributeLabel>%MiningAbaxial2006</attributeLabel>
          <attributeDefinition>% of abaxial (lower) leaf surface mined in year 2006</attributeDefinition>
          <storageType>integer</storageType>
          <measurementScale>
            <ratio>
              <unit>
                <standardUnit>dimensionless</standardUnit>
              </unit>
              <numericDomain>
                <numberType>real</numberType>
                <bounds>
                  <minimum exclusive="false">0.000</minimum>
                  <maximum exclusive="false">100.000</maximum>
                </bounds>
              </numericDomain>
            </ratio>
          </measurementScale>
          <!--No missing value/character in database (datafilevarible/errorcode)-->
        </attribute>
        <attribute>
          <attributeName>%MiningAbaxial2007</attributeName>
          <attributeLabel>%MiningAbaxial2007</attributeLabel>
          <attributeDefinition>% of abaxial (lower) leaf surface mined in year 2007</attributeDefinition>
          <storageType>integer</storageType>
          <measurementScale>
            <ratio>
              <unit>
                <standardUnit>dimensionless</standardUnit>
              </unit>
              <numericDomain>
                <numberType>real</numberType>
                <bounds>
                  <minimum exclusive="false">0.000</minimum>
                  <maximum exclusive="false">100.000</maximum>
                </bounds>
              </numericDomain>
            </ratio>
          </measurementScale>
          <!--No missing value/character in database (datafilevarible/errorcode)-->
        </attribute>
        <attribute>
          <attributeName>%OtherDamage2005</attributeName>
          <attributeLabel>%OtherDamage2005</attributeLabel>
          <attributeDefinition>% of leaf missing due to chewing herbivory in year indicated</attributeDefinition>
          <storageType>float</storageType>
          <measurementScale>
            <ratio>
              <unit>
                <standardUnit>dimensionless</standardUnit>
              </unit>
              <numericDomain>
                <numberType>real</numberType>
                <bounds>
                  <minimum exclusive="false">0.000</minimum>
                  <maximum exclusive="false">100.000</maximum>
                </bounds>
              </numericDomain>
            </ratio>
          </measurementScale>
          <!--No missing value/character in database (datafilevarible/errorcode)-->
        </attribute>
        <attribute>
          <attributeName>%OtherDamage2006</attributeName>
          <attributeLabel>%OtherDamage2006</attributeLabel>
          <attributeDefinition>% of leaf missing due to chewing herbivory in year indicated</attributeDefinition>
          <storageType>float</storageType>
          <measurementScale>
            <ratio>
              <unit>
                <standardUnit>dimensionless</standardUnit>
              </unit>
              <numericDomain>
                <numberType>real</numberType>
                <bounds>
                  <minimum exclusive="false">0.000</minimum>
                  <maximum exclusive="false">100.000</maximum>
                </bounds>
              </numericDomain>
            </ratio>
          </measurementScale>
          <!--No missing value/character in database (datafilevarible/errorcode)-->
        </attribute>
        <attribute>
          <attributeName>%OtherDamage2007</attributeName>
          <attributeLabel>%OtherDamage2007</attributeLabel>
          <attributeDefinition>% of leaf missing due to chewing herbivory in year indicated</attributeDefinition>
          <storageType>float</storageType>
          <measurementScale>
            <ratio>
              <unit>
                <standardUnit>dimensionless</standardUnit>
              </unit>
              <numericDomain>
                <numberType>real</numberType>
                <bounds>
                  <minimum exclusive="false">0.000</minimum>
                  <maximum exclusive="false">100.000</maximum>
                </bounds>
              </numericDomain>
            </ratio>
          </measurementScale>
          <!--No missing value/character in database (datafilevarible/errorcode)-->
        </attribute>
        <attribute>
          <attributeName>LfWid(mm)2005</attributeName>
          <attributeLabel>LfWid(mm)2005</attributeLabel>
          <attributeDefinition>Width of leaf at widest point in mm in indicated year</attributeDefinition>
          <storageType>float</storageType>
          <measurementScale>
            <ratio>
              <unit>
                <standardUnit>millimeter</standardUnit>
              </unit>
              <numericDomain>
                <numberType>real</numberType>
                <bounds>
                  <minimum exclusive="false">0.000</minimum>
                  <maximum exclusive="false">100.000</maximum>
                </bounds>
              </numericDomain>
            </ratio>
          </measurementScale>
          <!--No missing value/character in database (datafilevarible/errorcode)-->
        </attribute>
        <attribute>
          <attributeName>LfWid(mm)2006</attributeName>
          <attributeLabel>LfWid(mm)2006</attributeLabel>
          <attributeDefinition>Width of leaf at widest point in mm in indicated year</attributeDefinition>
          <storageType>float</storageType>
          <measurementScale>
            <ratio>
              <unit>
                <standardUnit>millimeter</standardUnit>
              </unit>
              <numericDomain>
                <numberType>real</numberType>
                <bounds>
                  <minimum exclusive="false">0.000</minimum>
                  <maximum exclusive="false">100.000</maximum>
                </bounds>
              </numericDomain>
            </ratio>
          </measurementScale>
          <!--No missing value/character in database (datafilevarible/errorcode)-->
        </attribute>
        <attribute>
          <attributeName>LfWid(mm)2007</attributeName>
          <attributeLabel>LfWid(mm)2007</attributeLabel>
          <attributeDefinition>Width of leaf at widest point in mm in indicated year</attributeDefinition>
          <storageType>float</storageType>
          <measurementScale>
            <ratio>
              <unit>
                <standardUnit>millimeter</standardUnit>
              </unit>
              <numericDomain>
                <numberType>real</numberType>
                <bounds>
                  <minimum exclusive="false">0.000</minimum>
                  <maximum exclusive="false">100.000</maximum>
                </bounds>
              </numericDomain>
            </ratio>
          </measurementScale>
          <!--No missing value/character in database (datafilevarible/errorcode)-->
        </attribute>
        <attribute>
          <attributeName>FreqEFNs2005</attributeName>
          <attributeLabel>FreqEFNs2005</attributeLabel>
          <attributeDefinition>Frequency of EFN expression on leaves in year indicated</attributeDefinition>
          <storageType>float</storageType>
          <measurementScale>
            <ratio>
              <unit>
                <customUnit>proportion</customUnit>
              </unit>
              <numericDomain>
                <numberType>real</numberType>
                <bounds>
                  <minimum exclusive="false">0.000</minimum>
                  <maximum exclusive="false">1.000</maximum>
                </bounds>
              </numericDomain>
            </ratio>
          </measurementScale>
          <!--No missing value/character in database (datafilevarible/errorcode)-->
        </attribute>
        <attribute>
          <attributeName>FreqEFNs2006</attributeName>
          <attributeLabel>FreqEFNs2006</attributeLabel>
          <attributeDefinition>Frequency of EFN expression on leaves in year indicated</attributeDefinition>
          <storageType>float</storageType>
          <measurementScale>
            <ratio>
              <unit>
                <customUnit>proportion</customUnit>
              </unit>
              <numericDomain>
                <numberType>real</numberType>
                <bounds>
                  <minimum exclusive="false">0.000</minimum>
                  <maximum exclusive="false">1.000</maximum>
                </bounds>
              </numericDomain>
            </ratio>
          </measurementScale>
          <!--No missing value/character in database (datafilevarible/errorcode)-->
        </attribute>
        <attribute>
          <attributeName>FreqEFNs2007</attributeName>
          <attributeLabel>FreqEFNs2007</attributeLabel>
          <attributeDefinition>Frequency of EFN expression on leaves in year indicated</attributeDefinition>
          <storageType>float</storageType>
          <measurementScale>
            <ratio>
              <unit>
                <customUnit>proportion</customUnit>
              </unit>
              <numericDomain>
                <numberType>real</numberType>
                <bounds>
                  <minimum exclusive="false">0.000</minimum>
                  <maximum exclusive="false">1.000</maximum>
                </bounds>
              </numericDomain>
            </ratio>
          </measurementScale>
          <!--No missing value/character in database (datafilevarible/errorcode)-->
        </attribute>
        <attribute>
          <attributeName>Ht(cm)2005_initial</attributeName>
          <attributeLabel>Ht(cm)2005_initial</attributeLabel>
          <attributeDefinition>Height of living tissue in May of year indicated</attributeDefinition>
          <storageType>float</storageType>
          <measurementScale>
            <ratio>
              <unit>
                <standardUnit>centimeter</standardUnit>
              </unit>
              <numericDomain>
                <numberType>real</numberType>
                <bounds>
                  <minimum exclusive="false">50.000</minimum>
                  <maximum exclusive="false">200.000</maximum>
                </bounds>
              </numericDomain>
            </ratio>
          </measurementScale>
          <!--No missing value/character in database (datafilevarible/errorcode)-->
        </attribute>
        <attribute>
          <attributeName>Ht(cm)2005Final</attributeName>
          <attributeLabel>Ht(cm)2005Final</attributeLabel>
          <attributeDefinition>Height of living tissue in August of year indicated</attributeDefinition>
          <storageType>float</storageType>
          <measurementScale>
            <ratio>
              <unit>
                <standardUnit>centimeter</standardUnit>
              </unit>
              <numericDomain>
                <numberType>real</numberType>
                <bounds>
                  <minimum exclusive="false">50.000</minimum>
                  <maximum exclusive="false">300.000</maximum>
                </bounds>
              </numericDomain>
            </ratio>
          </measurementScale>
          <!--No missing value/character in database (datafilevarible/errorcode)-->
        </attribute>
        <attribute>
          <attributeName>Ht(cm)2006Final</attributeName>
          <attributeLabel>Ht(cm)2006Final</attributeLabel>
          <attributeDefinition>Height of living tissue in August of year indicated</attributeDefinition>
          <storageType>float</storageType>
          <measurementScale>
            <ratio>
              <unit>
                <standardUnit>centimeter</standardUnit>
              </unit>
              <numericDomain>
                <numberType>real</numberType>
                <bounds>
                  <minimum exclusive="false">50.000</minimum>
                  <maximum exclusive="false">300.000</maximum>
                </bounds>
              </numericDomain>
            </ratio>
          </measurementScale>
          <!--No missing value/character in database (datafilevarible/errorcode)-->
        </attribute>
        <attribute>
          <attributeName>ShtLen(cm)2005</attributeName>
          <attributeLabel>ShtLen(cm)2005</attributeLabel>
          <attributeDefinition>Shoot length in year indicated</attributeDefinition>
          <storageType>float</storageType>
          <measurementScale>
            <ratio>
              <unit>
                <standardUnit>centimeter</standardUnit>
              </unit>
              <numericDomain>
                <numberType>real</numberType>
                <bounds>
                  <minimum exclusive="false">0.000</minimum>
                  <maximum exclusive="false">300.000</maximum>
                </bounds>
              </numericDomain>
            </ratio>
          </measurementScale>
          <!--No missing value/character in database (datafilevarible/errorcode)-->
        </attribute>
        <attribute>
          <attributeName>ShtLen(cm)2006</attributeName>
          <attributeLabel>ShtLen(cm)2006</attributeLabel>
          <attributeDefinition>Shoot length in year indicated</attributeDefinition>
          <storageType>float</storageType>
          <measurementScale>
            <ratio>
              <unit>
                <standardUnit>centimeter</standardUnit>
              </unit>
              <numericDomain>
                <numberType>real</numberType>
                <bounds>
                  <minimum exclusive="false">0.000</minimum>
                  <maximum exclusive="false">300.000</maximum>
                </bounds>
              </numericDomain>
            </ratio>
          </measurementScale>
          <!--No missing value/character in database (datafilevarible/errorcode)-->
        </attribute>
        <attribute>
          <attributeName>ShtLen(cm)2007</attributeName>
          <attributeLabel>ShtLen(cm)2007</attributeLabel>
          <attributeDefinition>Shoot length in year indicated</attributeDefinition>
          <storageType>float</storageType>
          <measurementScale>
            <ratio>
              <unit>
                <standardUnit>centimeter</standardUnit>
              </unit>
              <numericDomain>
                <numberType>real</numberType>
                <bounds>
                  <minimum exclusive="false">0.000</minimum>
                  <maximum exclusive="false">300.000</maximum>
                </bounds>
              </numericDomain>
            </ratio>
          </measurementScale>
          <!--No missing value/character in database (datafilevarible/errorcode)-->
        </attribute>
      </attributeList>
    </dataTable>
  </dataset>
  <additionalMetadata>
    <metadata>
      <unitList>
        <unit id="proportion"/>
      </unitList>
    </metadata>
  </additionalMetadata>
</eml:eml>
