<?xml version="1.0" encoding="UTF-8"?>
<eml:eml packageId="knb-lter-bnz.605.2" scope="system"
  system="https://pasta.lternet.edu"
  xmlns:ds="eml://ecoinformatics.org/dataset-2.1.0"
  xmlns:eml="eml://ecoinformatics.org/eml-2.1.1"
  xmlns:stmml="http://www.xml-cml.org/schema/stmml-1.1"
  xmlns:xsi="http://www.w3.org/2001/XMLSchema-instance" xsi:schemaLocation="eml://ecoinformatics.org/eml-2.1.0&#xa;&#x9;&#x9;&#x9;&#x9;http://nis.lternet.edu/schemas/EML/eml-2.1.0/eml.xsd">
  <access authSystem="https://pasta.lternet.edu/authentication"
    order="allowFirst" scope="document" system="https://pasta.lternet.edu">
    <allow>
      <principal>uid=BNZ,o=lter,dc=ecoinformatics,dc=org</principal>
      <permission>all</permission>
    </allow>
    <allow>
      <principal>public</principal>
      <permission>read</permission>
    </allow>
  </access>
  <dataset>
    <shortName>knb-lter-bnz.605.2</shortName>
    <title>Active Layer Depth or Permafrost Presence for the Regional Site Network. </title>
    <creator>
      <individualName>
        <givenName>Roger</givenName>
        <givenName>W.</givenName>
        <surName>Ruess</surName>
      </individualName>
      <positionName>Primary Investigator</positionName>
      <address>
        <deliveryPoint>Institute of Arctic Biology  University of Alaska Fairbanks P.O. Box 757000</deliveryPoint>
        <city>Fairbanks</city>
        <administrativeArea>AK </administrativeArea>
        <postalCode>99775-0180</postalCode>
        <country>United States</country>
      </address>
      <phone phonetype="voice">(907) 474-7153</phone>
      <phone phonetype="fax">(907) 474-6967</phone>
      <electronicMailAddress>rwruess@alaska.edu</electronicMailAddress>
      <onlineUrl>http://www.iab.uaf.edu/~roger_ruess/</onlineUrl>
    </creator>
    <creator>
      <individualName>
        <givenName>Teresa</givenName>
        <givenName>Nettleton</givenName>
        <surName>Hollingsworth</surName>
      </individualName>
      <positionName>Co-Principal Investigator</positionName>
      <address>
        <deliveryPoint>Boreal Ecology Cooperative Research Unit, PNW Research Station, USDA Forest Service, P.O. Box 756780,University of Alaska Fairbanks</deliveryPoint>
        <city>Fairbanks</city>
        <administrativeArea>AK </administrativeArea>
        <postalCode>99775</postalCode>
        <country>United States</country>
      </address>
      <phone phonetype="voice">(907) 474-2424</phone>
      <phone phonetype="fax">(907) 474-6251</phone>
      <electronicMailAddress>thollingsworth@fs.fed.us</electronicMailAddress>
      <onlineUrl>http://www.becru.uaf.edu/personnel/Teresa.htm</onlineUrl>
    </creator>
    <creator>
      <organizationName>Bonanza Creek LTER</organizationName>
      <address>
        <deliveryPoint>Boreal Ecology Cooperative Research Unit </deliveryPoint>
        <deliveryPoint>University of Alaska Fairbanks</deliveryPoint>
        <deliveryPoint>P.O. Box 756780 </deliveryPoint>
        <city>Fairbanks</city>
        <administrativeArea>AK</administrativeArea>
        <postalCode>99775</postalCode>
        <country>USA</country>
      </address>
      <phone phonetype="voice">907-474-6364</phone>
      <phone phonetype="fax">907-474-6251</phone>
      <electronicMailAddress>uaf-bnz-im-team@alaska.edu</electronicMailAddress>
      <onlineUrl>http://www.lter.uaf.edu</onlineUrl>
    </creator>
    <metadataProvider>
      <organizationName>Bonanza Creek LTER</organizationName>
      <positionName>Data Manager</positionName>
      <address>
        <deliveryPoint>Boreal Ecology Cooperative Research Unit </deliveryPoint>
        <deliveryPoint>University of Alaska Fairbanks</deliveryPoint>
        <deliveryPoint>P.O. Box 756780 </deliveryPoint>
        <city>Fairbanks</city>
        <administrativeArea>AK</administrativeArea>
        <postalCode>99775</postalCode>
        <country>USA</country>
      </address>
      <phone phonetype="voice">907-474-6364</phone>
      <phone phonetype="fax">907-474-6251</phone>
      <electronicMailAddress>uaf-bnz-im-team@alaska.edu</electronicMailAddress>
      <onlineUrl>http://www.lter.uaf.edu</onlineUrl>
    </metadataProvider>
    <associatedParty>
      <individualName>
        <givenName>Shalane</givenName>
        <surName>Frost</surName>
      </individualName>
      <!--No position or title info on file for this person (pers/title when lead_contact=0)-->
      <address>
        <deliveryPoint>Boreal Ecology Cooperative Research Unit;  University of Alaska Fairbanks;  901 S. Koyukuk Dr.;  193 Arctic Health Research Bldg.;  PO Box 756780</deliveryPoint>
        <city>Fairbanks</city>
        <administrativeArea>AK</administrativeArea>
        <postalCode>99775</postalCode>
        <country>United States</country>
      </address>
      <phone phonetype="voice">(907) 474-5435</phone>
      <!--No fax info on file for this person-->
      <role>Associated investigator</role>
    </associatedParty>
    <associatedParty>
      <individualName>
        <givenName>Jamie</givenName>
        <surName>Hollingsworth</surName>
      </individualName>
      <positionName>Bonanza Creek LTER Site Manager</positionName>
      <address>
        <deliveryPoint>Boreal Ecology Cooperative Research Unit University of Alaska Fairbanks  School of Agriculture and Land Resources Management P.O. Box 756780</deliveryPoint>
        <city>Fairbanks</city>
        <administrativeArea>AK </administrativeArea>
        <postalCode>99775</postalCode>
        <country>United States</country>
      </address>
      <phone phonetype="voice">(907) 474-7470</phone>
      <phone phonetype="fax">(907) 474-6251</phone>
      <role>Associated investigator</role>
    </associatedParty>
    <associatedParty>
      <individualName>
        <givenName>Karl</givenName>
        <surName>Olson</surName>
      </individualName>
      <positionName>Technician</positionName>
      <address>
        <deliveryPoint>Institute of Arctic Biology  University of Alaska Fairbanks P.O. Box 757000</deliveryPoint>
        <city>Fairbanks</city>
        <administrativeArea>AK </administrativeArea>
        <postalCode>99775</postalCode>
        <country>United States</country>
      </address>
      <phone phonetype="voice">(907) 474-5540</phone>
      <!--No fax info on file for this person-->
      <role>Associated investigator</role>
    </associatedParty>
    <associatedParty>
      <individualName>
        <givenName>Vladimir</givenName>
        <givenName>E.</givenName>
        <surName>Romanovsky</surName>
      </individualName>
      <positionName>Assoc Prof, Snow, Ice and Permafrost</positionName>
      <address>
        <deliveryPoint>Geophysical Institute  University of Alaska Fairbanks PO Box 757320</deliveryPoint>
        <city>Fairbanks</city>
        <administrativeArea>AK </administrativeArea>
        <postalCode>99775</postalCode>
        <country>United States</country>
      </address>
      <phone phonetype="voice">(907) 474-7459</phone>
      <phone phonetype="fax">(907) 474-7290</phone>
      <role>Associated investigator</role>
    </associatedParty>
    <pubDate>2015-12-16</pubDate>
    <abstract>
      <para>Between 2011 and 2015, maximum active layer depth was measured during the fall at the majority of the sites in the Regional Site Network (RSN). Efforts were focused mainly on identifying which sites did and did not have frozen ground. To augment this dataset, older measurements were included for some mature sites at which the maximum active layer depths can be assumed to be fairly static.  Due to time constraints, sites which we were confident had no frozen ground were not probed.  </para>
    </abstract>
    <keywordSet>
      <keyword>active layer</keyword>
      <keyword>permafrost</keyword>
      <keyword>thaw</keyword>
      <keywordThesaurus>Soils</keywordThesaurus>
    </keywordSet>
    <intellectualRights>
      <section>
        <title>Access to Data</title>
        <para>While metadata will be freely available to those requesting it, the data manager will assure that any restrictions on access to data sets in the database will be enforced. Data will not be released without proper permission first being obtained from the investigator who generated the data. </para>
      </section>
      <section>
        <title>Use of data</title>
        <para>Researchers should receive adequate acknowledgment for the use of their data by others and should be provided with copies of publications using their data. Users of data from the data base must be aware that data is not to be sold or redistributed.</para>
      </section>
      <section>
        <title>Citing Bonanza Creek LTER Datasets</title>
        <para>It is considered a matter of professional ethics to acknowledge the work of other scientists. Thus, the Data User will properly cite the Data Set in any publications or in the metadata of any derived data products that were produced using the Data Set. </para>
      </section>
    </intellectualRights>
    <distribution id="distributionReference">
      <online>
        <url function="information">http://www.lter.uaf.edu/data_detail.cfm?datafile_pkey=605</url>
      </online>
    </distribution>
    <coverage>
      <geographicCoverage id="geoReference">
        <geographicDescription>Dataset geographic description information is unavailable. {datafile/e_long is not empty}</geographicDescription>
        <boundingCoordinates>
          <westBoundingCoordinate>-150.4031</westBoundingCoordinate>
          <eastBoundingCoordinate>-144.332</eastBoundingCoordinate>
          <northBoundingCoordinate>66.2655</northBoundingCoordinate>
          <southBoundingCoordinate>63.6958</southBoundingCoordinate>
        </boundingCoordinates>
      </geographicCoverage>
      <temporalCoverage>
        <rangeOfDates>
          <beginDate>
            <calendarDate>2000-10-06</calendarDate>
          </beginDate>
          <endDate>
            <calendarDate>2015-10-28</calendarDate>
          </endDate>
        </rangeOfDates>
      </temporalCoverage>
    </coverage>
    <maintenance>
      <description>
        <section>
          <title>Status</title>
          <para>Completed</para>
        </section>
      </description>
    </maintenance>
    <contact>
      <positionName>Information Manager</positionName>
      <organizationName>LTER Network Office</organizationName>
      <address>
        <deliveryPoint>UNM Biology Department, MSC03-2020</deliveryPoint>
        <deliveryPoint>1 University of New Mexico</deliveryPoint>
        <city>Albuquerque</city>
        <administrativeArea>NM</administrativeArea>
        <postalCode>87131-0001</postalCode>
        <country>USA</country>
      </address>
      <phone phonetype="voice">505 277-2535</phone>
      <phone phonetype="fax">505 277-2541</phone>
      <electronicMailAddress>tech-support@lternet.edu</electronicMailAddress>
      <onlineUrl>http://www.lternet.edu</onlineUrl>
    </contact>
    <contact>
      <organizationName>Bonanza Creek LTER</organizationName>
      <positionName>Data Manager</positionName>
      <address>
        <deliveryPoint>Boreal Ecology Cooperative Research Unit </deliveryPoint>
        <deliveryPoint>University of Alaska Fairbanks</deliveryPoint>
        <deliveryPoint>P.O. Box 756780 </deliveryPoint>
        <city>Fairbanks</city>
        <administrativeArea>AK</administrativeArea>
        <postalCode>99775</postalCode>
        <country>USA</country>
      </address>
      <phone phonetype="voice">907-474-6364</phone>
      <phone phonetype="fax">907-474-6251</phone>
      <electronicMailAddress>uaf-bnz-im-team@alaska.edu</electronicMailAddress>
      <onlineUrl>http://www.lter.uaf.edu</onlineUrl>
    </contact>
    <publisher>
      <organizationName>Bonanza Creek LTER</organizationName>
      <address>
        <deliveryPoint>Boreal Ecology Cooperative Research Unit </deliveryPoint>
        <deliveryPoint>University of Alaska Fairbanks</deliveryPoint>
        <deliveryPoint>P.O. Box 756780 </deliveryPoint>
        <city>Fairbanks</city>
        <administrativeArea>AK</administrativeArea>
        <postalCode>99775</postalCode>
        <country>USA</country>
      </address>
      <phone phonetype="voice">907-474-6364</phone>
      <phone phonetype="fax">907-474-6251</phone>
    </publisher>
    <pubPlace>Bonanza Creek LTER</pubPlace>
    <methods>
      <methodStep>
        <description>
          <section>
            <title>Experimental Design</title>
            <para>The goal of this field campain was to define which sites in the regional site network do and do not have permafrost within 2.5m of the surface. Efforts were focused mainly on sites where this was not easily deduced. </para>
          </section>
        </description>
      </methodStep>
      <sampling>
        <studyExtent>
          <coverage>
            <geographicCoverage>
              <geographicDescription>BCEFM2 -- This is a lowland black spruce site. .  Site alternate names:  Apex Beta</geographicDescription>
              <boundingCoordinates>
                <westBoundingCoordinate>-148.32324</westBoundingCoordinate>
                <eastBoundingCoordinate>-148.32324</eastBoundingCoordinate>
                <northBoundingCoordinate>64.69516</northBoundingCoordinate>
                <southBoundingCoordinate>64.69516</southBoundingCoordinate>
              </boundingCoordinates>
            </geographicCoverage>
            <geographicCoverage>
              <geographicDescription>BDI1 -- In 1969 this site burned in the Big Denver fire. It is now a birch stand. .  Site alternate names:  BD-6</geographicDescription>
              <boundingCoordinates>
                <westBoundingCoordinate>-150.403119</westBoundingCoordinate>
                <eastBoundingCoordinate>-150.403119</eastBoundingCoordinate>
                <northBoundingCoordinate>65.063454</northBoundingCoordinate>
                <southBoundingCoordinate>65.063454</southBoundingCoordinate>
              </boundingCoordinates>
            </geographicCoverage>
            <geographicCoverage>
              <geographicDescription>BDI2 -- In 1969 this site burned in the Big Denver fire. It is now a birch stand with a thick black spruce understory..  Site alternate names:  BD-10</geographicDescription>
              <boundingCoordinates>
                <westBoundingCoordinate>-150.368877</westBoundingCoordinate>
                <eastBoundingCoordinate>-150.368877</eastBoundingCoordinate>
                <northBoundingCoordinate>65.070412</northBoundingCoordinate>
                <southBoundingCoordinate>65.070412</southBoundingCoordinate>
              </boundingCoordinates>
            </geographicCoverage>
            <geographicCoverage>
              <geographicDescription>BDI3 -- In 1969 this site burned in the Big Denver fire. It is now a mixed stand comprised of aspen and black spruce..  Site alternate names:  BD-9</geographicDescription>
              <boundingCoordinates>
                <westBoundingCoordinate>-150.349093</westBoundingCoordinate>
                <eastBoundingCoordinate>-150.349093</eastBoundingCoordinate>
                <northBoundingCoordinate>65.073548</northBoundingCoordinate>
                <southBoundingCoordinate>65.073548</southBoundingCoordinate>
              </boundingCoordinates>
            </geographicCoverage>
            <geographicCoverage>
              <geographicDescription>BDI4 -- In 1969 this site burned in the Big Denver fire. It is now an aspen stand. .  Site alternate names:  BD-11</geographicDescription>
              <boundingCoordinates>
                <westBoundingCoordinate>-150.325606</westBoundingCoordinate>
                <eastBoundingCoordinate>-150.325606</eastBoundingCoordinate>
                <northBoundingCoordinate>65.078379</northBoundingCoordinate>
                <southBoundingCoordinate>65.078379</southBoundingCoordinate>
              </boundingCoordinates>
            </geographicCoverage>
            <geographicCoverage>
              <geographicDescription>BDI5 -- In 2015 this site burned in the Baker fire. Prior to the fire, it was a mixed stand dominated by aspen with some black spruce. .  Site alternate names:  BD-7</geographicDescription>
              <boundingCoordinates>
                <westBoundingCoordinate>-150.282723</westBoundingCoordinate>
                <eastBoundingCoordinate>-150.282723</eastBoundingCoordinate>
                <northBoundingCoordinate>65.095197</northBoundingCoordinate>
                <southBoundingCoordinate>65.095197</southBoundingCoordinate>
              </boundingCoordinates>
            </geographicCoverage>
            <geographicCoverage>
              <geographicDescription>BDI6 -- In 2015 this site burned in the Baker fire. Prior to the fire it was an open black spruce stand. .  Site alternate names:  BD-5</geographicDescription>
              <boundingCoordinates>
                <westBoundingCoordinate>-150.269876</westBoundingCoordinate>
                <eastBoundingCoordinate>-150.269876</eastBoundingCoordinate>
                <northBoundingCoordinate>65.10084</northBoundingCoordinate>
                <southBoundingCoordinate>65.10084</southBoundingCoordinate>
              </boundingCoordinates>
            </geographicCoverage>
            <geographicCoverage>
              <geographicDescription>BDI7 -- In 1969 this site burned in the Big Denver fire. It is now a birch stand. .  Site alternate names:  BD-2</geographicDescription>
              <boundingCoordinates>
                <westBoundingCoordinate>-150.063616</westBoundingCoordinate>
                <eastBoundingCoordinate>-150.063616</eastBoundingCoordinate>
                <northBoundingCoordinate>65.161836</northBoundingCoordinate>
                <southBoundingCoordinate>65.161836</southBoundingCoordinate>
              </boundingCoordinates>
            </geographicCoverage>
            <geographicCoverage>
              <geographicDescription>BDI8 -- In 1969 this site burned in the Big Denver fire. It is now a mixed stand with birch and black spruce. .  Site alternate names:  BD-1</geographicDescription>
              <boundingCoordinates>
                <westBoundingCoordinate>-150.049912</westBoundingCoordinate>
                <eastBoundingCoordinate>-150.049912</eastBoundingCoordinate>
                <northBoundingCoordinate>65.163552</northBoundingCoordinate>
                <southBoundingCoordinate>65.163552</southBoundingCoordinate>
              </boundingCoordinates>
            </geographicCoverage>
            <geographicCoverage>
              <geographicDescription>BDM1 -- This is a mesic, black spruce site..  Site alternate names:  </geographicDescription>
              <boundingCoordinates>
                <westBoundingCoordinate>-150.13574</westBoundingCoordinate>
                <eastBoundingCoordinate>-150.13574</eastBoundingCoordinate>
                <northBoundingCoordinate>65.15799</northBoundingCoordinate>
                <southBoundingCoordinate>65.15799</southBoundingCoordinate>
              </boundingCoordinates>
            </geographicCoverage>
            <geographicCoverage>
              <geographicDescription>BFY1 -- In 2004 this site burned in the Boundary fire..  Site alternate names:  </geographicDescription>
              <boundingCoordinates>
                <westBoundingCoordinate>-147.429158</westBoundingCoordinate>
                <eastBoundingCoordinate>-147.429158</eastBoundingCoordinate>
                <northBoundingCoordinate>65.119979</northBoundingCoordinate>
                <southBoundingCoordinate>65.119979</southBoundingCoordinate>
              </boundingCoordinates>
            </geographicCoverage>
            <geographicCoverage>
              <geographicDescription>BFY10 -- In 2004 this site burned in the Boundary fire..  Site alternate names:  </geographicDescription>
              <boundingCoordinates>
                <westBoundingCoordinate>-147.449411</westBoundingCoordinate>
                <eastBoundingCoordinate>-147.449411</eastBoundingCoordinate>
                <northBoundingCoordinate>65.118669</northBoundingCoordinate>
                <southBoundingCoordinate>65.118669</southBoundingCoordinate>
              </boundingCoordinates>
            </geographicCoverage>
            <geographicCoverage>
              <geographicDescription>BFY11 -- In 2004 this site burned in the Boundary fire. In its last inventory (2014), the site was dominated by sapling birch. .  Site alternate names:  </geographicDescription>
              <boundingCoordinates>
                <westBoundingCoordinate>-147.471686</westBoundingCoordinate>
                <eastBoundingCoordinate>-147.471686</eastBoundingCoordinate>
                <northBoundingCoordinate>65.148476</northBoundingCoordinate>
                <southBoundingCoordinate>65.148476</southBoundingCoordinate>
              </boundingCoordinates>
            </geographicCoverage>
            <geographicCoverage>
              <geographicDescription>BFY12 -- In 2004 this site burned in the Boundary fire. In its last inventory (2014), the site was dominated by sapling birch. .  Site alternate names:  </geographicDescription>
              <boundingCoordinates>
                <westBoundingCoordinate>-147.470284</westBoundingCoordinate>
                <eastBoundingCoordinate>-147.470284</eastBoundingCoordinate>
                <northBoundingCoordinate>65.147741</northBoundingCoordinate>
                <southBoundingCoordinate>65.147741</southBoundingCoordinate>
              </boundingCoordinates>
            </geographicCoverage>
            <geographicCoverage>
              <geographicDescription>BFY13 -- In 2004 this site burned in the Boundary fire. In its last inventory (2014), the site was dominated by sapling birch. .  Site alternate names:  BF99</geographicDescription>
              <boundingCoordinates>
                <westBoundingCoordinate>-147.460553</westBoundingCoordinate>
                <eastBoundingCoordinate>-147.460553</eastBoundingCoordinate>
                <northBoundingCoordinate>65.143817</northBoundingCoordinate>
                <southBoundingCoordinate>65.143817</southBoundingCoordinate>
              </boundingCoordinates>
            </geographicCoverage>
            <geographicCoverage>
              <geographicDescription>BFY4 -- In 2004 this site burned in the Boundary fire. In its last inventory (2014), the site was dominated by sapling birch. .  Site alternate names:  </geographicDescription>
              <boundingCoordinates>
                <westBoundingCoordinate>-147.47274</westBoundingCoordinate>
                <eastBoundingCoordinate>-147.47274</eastBoundingCoordinate>
                <northBoundingCoordinate>65.14981</northBoundingCoordinate>
                <southBoundingCoordinate>65.14981</southBoundingCoordinate>
              </boundingCoordinates>
            </geographicCoverage>
            <geographicCoverage>
              <geographicDescription>BFY6 -- In 2004 this site burned in the Boundary fire. In its last inventory (2014), the site was dominated by sapling birch. .  Site alternate names:  </geographicDescription>
              <boundingCoordinates>
                <westBoundingCoordinate>-147.477168</westBoundingCoordinate>
                <eastBoundingCoordinate>-147.477168</eastBoundingCoordinate>
                <northBoundingCoordinate>65.130069</northBoundingCoordinate>
                <southBoundingCoordinate>65.130069</southBoundingCoordinate>
              </boundingCoordinates>
            </geographicCoverage>
            <geographicCoverage>
              <geographicDescription>BFY7 -- In 2004 this site burned in the Boundary fire..  Site alternate names:  </geographicDescription>
              <boundingCoordinates>
                <westBoundingCoordinate>-147.47723</westBoundingCoordinate>
                <eastBoundingCoordinate>-147.47723</eastBoundingCoordinate>
                <northBoundingCoordinate>65.153652</northBoundingCoordinate>
                <southBoundingCoordinate>65.153652</southBoundingCoordinate>
              </boundingCoordinates>
            </geographicCoverage>
            <geographicCoverage>
              <geographicDescription>BFY8 -- In 2004 this site burned in the Boundary fire..  Site alternate names:  </geographicDescription>
              <boundingCoordinates>
                <westBoundingCoordinate>-146.667829</westBoundingCoordinate>
                <eastBoundingCoordinate>-146.667829</eastBoundingCoordinate>
                <northBoundingCoordinate>65.349339</northBoundingCoordinate>
                <southBoundingCoordinate>65.349339</southBoundingCoordinate>
              </boundingCoordinates>
            </geographicCoverage>
            <geographicCoverage>
              <geographicDescription>BFY9 -- In 2004 this site burned in the Boundary fire. It is currently a black spruce stand. Many relic trees exist. .  Site alternate names:  </geographicDescription>
              <boundingCoordinates>
                <westBoundingCoordinate>-146.675377</westBoundingCoordinate>
                <eastBoundingCoordinate>-146.675377</eastBoundingCoordinate>
                <northBoundingCoordinate>65.353058</northBoundingCoordinate>
                <southBoundingCoordinate>65.353058</southBoundingCoordinate>
              </boundingCoordinates>
            </geographicCoverage>
            <geographicCoverage>
              <geographicDescription>DCM1 -- This is a mixed stand, composed mainly of black spruce with some white spruce..  Site alternate names:  Dalton</geographicDescription>
              <boundingCoordinates>
                <westBoundingCoordinate>-150.312493</westBoundingCoordinate>
                <eastBoundingCoordinate>-150.312493</eastBoundingCoordinate>
                <northBoundingCoordinate>66.240395</northBoundingCoordinate>
                <southBoundingCoordinate>66.240395</southBoundingCoordinate>
              </boundingCoordinates>
            </geographicCoverage>
            <geographicCoverage>
              <geographicDescription>DCY1 -- In 2004 this site burned in the Dall City fire..  Site alternate names:  </geographicDescription>
              <boundingCoordinates>
                <westBoundingCoordinate>-149.77952</westBoundingCoordinate>
                <eastBoundingCoordinate>-149.77952</eastBoundingCoordinate>
                <northBoundingCoordinate>65.910596</northBoundingCoordinate>
                <southBoundingCoordinate>65.910596</southBoundingCoordinate>
              </boundingCoordinates>
            </geographicCoverage>
            <geographicCoverage>
              <geographicDescription>DCY10 -- In 2004 this site burned in the Dall City fire..  Site alternate names:  </geographicDescription>
              <boundingCoordinates>
                <westBoundingCoordinate>-150.236443</westBoundingCoordinate>
                <eastBoundingCoordinate>-150.236443</eastBoundingCoordinate>
                <northBoundingCoordinate>66.207444</northBoundingCoordinate>
                <southBoundingCoordinate>66.207444</southBoundingCoordinate>
              </boundingCoordinates>
            </geographicCoverage>
            <geographicCoverage>
              <geographicDescription>DCY12 -- In 2004 this site burned in the Dall City fire..  Site alternate names:  </geographicDescription>
              <boundingCoordinates>
                <westBoundingCoordinate>-150.333539</westBoundingCoordinate>
                <eastBoundingCoordinate>-150.333539</eastBoundingCoordinate>
                <northBoundingCoordinate>66.265542</northBoundingCoordinate>
                <southBoundingCoordinate>66.265542</southBoundingCoordinate>
              </boundingCoordinates>
            </geographicCoverage>
            <geographicCoverage>
              <geographicDescription>DCY13 -- In 2004 this site burned in the Dall City fire..  Site alternate names:  </geographicDescription>
              <boundingCoordinates>
                <westBoundingCoordinate>-150.184437</westBoundingCoordinate>
                <eastBoundingCoordinate>-150.184437</eastBoundingCoordinate>
                <northBoundingCoordinate>66.15537</northBoundingCoordinate>
                <southBoundingCoordinate>66.15537</southBoundingCoordinate>
              </boundingCoordinates>
            </geographicCoverage>
            <geographicCoverage>
              <geographicDescription>DCY14 -- In 2004 this site burned in the Dall City fire.  Site alternate names:  </geographicDescription>
              <boundingCoordinates>
                <westBoundingCoordinate>-150.1632</westBoundingCoordinate>
                <eastBoundingCoordinate>-150.1632</eastBoundingCoordinate>
                <northBoundingCoordinate>66.120336</northBoundingCoordinate>
                <southBoundingCoordinate>66.120336</southBoundingCoordinate>
              </boundingCoordinates>
            </geographicCoverage>
            <geographicCoverage>
              <geographicDescription>DCY15 -- In 2004 this site burned in the Dall City fire..  Site alternate names:  </geographicDescription>
              <boundingCoordinates>
                <westBoundingCoordinate>-150.155465</westBoundingCoordinate>
                <eastBoundingCoordinate>-150.155465</eastBoundingCoordinate>
                <northBoundingCoordinate>66.109119</northBoundingCoordinate>
                <southBoundingCoordinate>66.109119</southBoundingCoordinate>
              </boundingCoordinates>
            </geographicCoverage>
            <geographicCoverage>
              <geographicDescription>DCY16 -- In 2004 this site burned in the Dall City fire..  Site alternate names:  </geographicDescription>
              <boundingCoordinates>
                <westBoundingCoordinate>-150.168267</westBoundingCoordinate>
                <eastBoundingCoordinate>-150.168267</eastBoundingCoordinate>
                <northBoundingCoordinate>66.073353</northBoundingCoordinate>
                <southBoundingCoordinate>66.073353</southBoundingCoordinate>
              </boundingCoordinates>
            </geographicCoverage>
            <geographicCoverage>
              <geographicDescription>DCY17 -- In 2004 this site burned in the Dall City fire..  Site alternate names:  </geographicDescription>
              <boundingCoordinates>
                <westBoundingCoordinate>-149.752832</westBoundingCoordinate>
                <eastBoundingCoordinate>-149.752832</eastBoundingCoordinate>
                <northBoundingCoordinate>65.896067</northBoundingCoordinate>
                <southBoundingCoordinate>65.896067</southBoundingCoordinate>
              </boundingCoordinates>
            </geographicCoverage>
            <geographicCoverage>
              <geographicDescription>DCY2 -- In 2004 this site burned in the Dall City fire..  Site alternate names:  </geographicDescription>
              <boundingCoordinates>
                <westBoundingCoordinate>-150.257716</westBoundingCoordinate>
                <eastBoundingCoordinate>-150.257716</eastBoundingCoordinate>
                <northBoundingCoordinate>66.215182</northBoundingCoordinate>
                <southBoundingCoordinate>66.215182</southBoundingCoordinate>
              </boundingCoordinates>
            </geographicCoverage>
            <geographicCoverage>
              <geographicDescription>DCY3 -- In 2004 this site burned in the Dall City fire..  Site alternate names:  </geographicDescription>
              <boundingCoordinates>
                <westBoundingCoordinate>-150.167891</westBoundingCoordinate>
                <eastBoundingCoordinate>-150.167891</eastBoundingCoordinate>
                <northBoundingCoordinate>66.072254</northBoundingCoordinate>
                <southBoundingCoordinate>66.072254</southBoundingCoordinate>
              </boundingCoordinates>
            </geographicCoverage>
            <geographicCoverage>
              <geographicDescription>DCY4 -- In 2004 this site burned in the Dall City fire..  Site alternate names:  </geographicDescription>
              <boundingCoordinates>
                <westBoundingCoordinate>-150.151326</westBoundingCoordinate>
                <eastBoundingCoordinate>-150.151326</eastBoundingCoordinate>
                <northBoundingCoordinate>66.105262</northBoundingCoordinate>
                <southBoundingCoordinate>66.105262</southBoundingCoordinate>
              </boundingCoordinates>
            </geographicCoverage>
            <geographicCoverage>
              <geographicDescription>DCY5 -- In 2004 this site burned in the Dall City fire..  Site alternate names:  </geographicDescription>
              <boundingCoordinates>
                <westBoundingCoordinate>-150.156852</westBoundingCoordinate>
                <eastBoundingCoordinate>-150.156852</eastBoundingCoordinate>
                <northBoundingCoordinate>66.109679</northBoundingCoordinate>
                <southBoundingCoordinate>66.109679</southBoundingCoordinate>
              </boundingCoordinates>
            </geographicCoverage>
            <geographicCoverage>
              <geographicDescription>DCY6 -- In 2004 this site burned in the Dall City fire..  Site alternate names:  </geographicDescription>
              <boundingCoordinates>
                <westBoundingCoordinate>-150.170408</westBoundingCoordinate>
                <eastBoundingCoordinate>-150.170408</eastBoundingCoordinate>
                <northBoundingCoordinate>66.140521</northBoundingCoordinate>
                <southBoundingCoordinate>66.140521</southBoundingCoordinate>
              </boundingCoordinates>
            </geographicCoverage>
            <geographicCoverage>
              <geographicDescription>DCY7 -- In 2004 this site burned in the Dall City fire..  Site alternate names:  </geographicDescription>
              <boundingCoordinates>
                <westBoundingCoordinate>-150.179563</westBoundingCoordinate>
                <eastBoundingCoordinate>-150.179563</eastBoundingCoordinate>
                <northBoundingCoordinate>66.151718</northBoundingCoordinate>
                <southBoundingCoordinate>66.151718</southBoundingCoordinate>
              </boundingCoordinates>
            </geographicCoverage>
            <geographicCoverage>
              <geographicDescription>DCY8 -- In 2004 this site burned in the Dall City fire..  Site alternate names:  </geographicDescription>
              <boundingCoordinates>
                <westBoundingCoordinate>-150.203584</westBoundingCoordinate>
                <eastBoundingCoordinate>-150.203584</eastBoundingCoordinate>
                <northBoundingCoordinate>66.163658</northBoundingCoordinate>
                <southBoundingCoordinate>66.163658</southBoundingCoordinate>
              </boundingCoordinates>
            </geographicCoverage>
            <geographicCoverage>
              <geographicDescription>DCY9 -- In 2004 this site burned in the Dall City fire..  Site alternate names:  </geographicDescription>
              <boundingCoordinates>
                <westBoundingCoordinate>-150.20114</westBoundingCoordinate>
                <eastBoundingCoordinate>-150.20114</eastBoundingCoordinate>
                <northBoundingCoordinate>66.168628</northBoundingCoordinate>
                <southBoundingCoordinate>66.168628</southBoundingCoordinate>
              </boundingCoordinates>
            </geographicCoverage>
            <geographicCoverage>
              <geographicDescription>DDM1 -- This is a mesic-subhygric, black spruce site..  Site alternate names:  </geographicDescription>
              <boundingCoordinates>
                <westBoundingCoordinate>-145.723333</westBoundingCoordinate>
                <eastBoundingCoordinate>-145.723333</eastBoundingCoordinate>
                <northBoundingCoordinate>63.84662</northBoundingCoordinate>
                <southBoundingCoordinate>63.84662</southBoundingCoordinate>
              </boundingCoordinates>
            </geographicCoverage>
            <geographicCoverage>
              <geographicDescription>DDM2 -- This is a xeric, black spruce site..  Site alternate names:  </geographicDescription>
              <boundingCoordinates>
                <westBoundingCoordinate>-145.74101</westBoundingCoordinate>
                <eastBoundingCoordinate>-145.74101</eastBoundingCoordinate>
                <northBoundingCoordinate>63.89178</northBoundingCoordinate>
                <southBoundingCoordinate>63.89178</southBoundingCoordinate>
              </boundingCoordinates>
            </geographicCoverage>
            <geographicCoverage>
              <geographicDescription>FP5A -- This is a subxeric-mesic, black spruce site on the Tanana River floodplain..  Site alternate names:  251, BCEFM1</geographicDescription>
              <boundingCoordinates>
                <westBoundingCoordinate>-148.2490622</westBoundingCoordinate>
                <eastBoundingCoordinate>-148.2490622</eastBoundingCoordinate>
                <northBoundingCoordinate>64.68147876</northBoundingCoordinate>
                <southBoundingCoordinate>64.68147876</southBoundingCoordinate>
              </boundingCoordinates>
            </geographicCoverage>
            <geographicCoverage>
              <geographicDescription>FP5C -- FP5C is located on an older terrace of the Tanana River on the south side of the river opposite Sam Charley Island.  The climate station and neighboring research plots were burned in August of 2010 by the Willow Creek Wildfire..  Site alternate names:  253, BCEFY3</geographicDescription>
              <boundingCoordinates>
                <westBoundingCoordinate>-148.1472629</westBoundingCoordinate>
                <eastBoundingCoordinate>-148.1472629</eastBoundingCoordinate>
                <northBoundingCoordinate>64.71361404</northBoundingCoordinate>
                <southBoundingCoordinate>64.71361404</southBoundingCoordinate>
              </boundingCoordinates>
            </geographicCoverage>
            <geographicCoverage>
              <geographicDescription>FP5D -- This is a mesic, black spruce site on the Tanana River floodplain..  Site alternate names:  254, BCEFM3</geographicDescription>
              <boundingCoordinates>
                <westBoundingCoordinate>-148.19274</westBoundingCoordinate>
                <eastBoundingCoordinate>-148.19274</eastBoundingCoordinate>
                <northBoundingCoordinate>64.72541</northBoundingCoordinate>
                <southBoundingCoordinate>64.72541</southBoundingCoordinate>
              </boundingCoordinates>
            </geographicCoverage>
            <geographicCoverage>
              <geographicDescription>GRI1 -- In 1947 this site burned in the Gerstle River fire. It is now an open black spruce stand with some birch. Permafrost is currently present at this site..  Site alternate names:  GR-9</geographicDescription>
              <boundingCoordinates>
                <westBoundingCoordinate>-145.079202</westBoundingCoordinate>
                <eastBoundingCoordinate>-145.079202</eastBoundingCoordinate>
                <northBoundingCoordinate>63.772116</northBoundingCoordinate>
                <southBoundingCoordinate>63.772116</southBoundingCoordinate>
              </boundingCoordinates>
            </geographicCoverage>
            <geographicCoverage>
              <geographicDescription>GRI2 -- In 1947 this site burned in the Gerstle River fire. It is now dominated by aspen with an understory of black spruce. .  Site alternate names:  GR-2</geographicDescription>
              <boundingCoordinates>
                <westBoundingCoordinate>-145.055334</westBoundingCoordinate>
                <eastBoundingCoordinate>-145.055334</eastBoundingCoordinate>
                <northBoundingCoordinate>63.787588</northBoundingCoordinate>
                <southBoundingCoordinate>63.787588</southBoundingCoordinate>
              </boundingCoordinates>
            </geographicCoverage>
            <geographicCoverage>
              <geographicDescription>GRI3 -- In 1947 this site burned in the Gerstle River fire. It is now comprised mainly of black spruce with some aspen. .  Site alternate names:  GR-1</geographicDescription>
              <boundingCoordinates>
                <westBoundingCoordinate>-145.041859</westBoundingCoordinate>
                <eastBoundingCoordinate>-145.041859</eastBoundingCoordinate>
                <northBoundingCoordinate>63.791346</northBoundingCoordinate>
                <southBoundingCoordinate>63.791346</southBoundingCoordinate>
              </boundingCoordinates>
            </geographicCoverage>
            <geographicCoverage>
              <geographicDescription>GRI4 -- In 1947 this site burned in the Gerstle River fire. It is now a mixed stand comprised of black spruce and birch..  Site alternate names:  GR-6</geographicDescription>
              <boundingCoordinates>
                <westBoundingCoordinate>-145.054202</westBoundingCoordinate>
                <eastBoundingCoordinate>-145.054202</eastBoundingCoordinate>
                <northBoundingCoordinate>63.793417</northBoundingCoordinate>
                <southBoundingCoordinate>63.793417</southBoundingCoordinate>
              </boundingCoordinates>
            </geographicCoverage>
            <geographicCoverage>
              <geographicDescription>GRI5 -- In 1947 this site burned in the Gerstle River fire. Its overstory is now dominated by aspen and its understory by black spruce..  Site alternate names:  GR-5</geographicDescription>
              <boundingCoordinates>
                <westBoundingCoordinate>-145.076628</westBoundingCoordinate>
                <eastBoundingCoordinate>-145.076628</eastBoundingCoordinate>
                <northBoundingCoordinate>63.795019</northBoundingCoordinate>
                <southBoundingCoordinate>63.795019</southBoundingCoordinate>
              </boundingCoordinates>
            </geographicCoverage>
            <geographicCoverage>
              <geographicDescription>GRI6 -- In 1947 this site burned in the Gerstle River fire. It is now a mixed stand of black spruce and aspen. .  Site alternate names:  GR-3</geographicDescription>
              <boundingCoordinates>
                <westBoundingCoordinate>-145.055548</westBoundingCoordinate>
                <eastBoundingCoordinate>-145.055548</eastBoundingCoordinate>
                <northBoundingCoordinate>63.800401</northBoundingCoordinate>
                <southBoundingCoordinate>63.800401</southBoundingCoordinate>
              </boundingCoordinates>
            </geographicCoverage>
            <geographicCoverage>
              <geographicDescription>GRI7 -- In 1947 this site burned in the Gerstle River fire. Its overstory is now dominated by aspen, and it has an open black spruce understory. .  Site alternate names:  GR-4</geographicDescription>
              <boundingCoordinates>
                <westBoundingCoordinate>-145.061443</westBoundingCoordinate>
                <eastBoundingCoordinate>-145.061443</eastBoundingCoordinate>
                <northBoundingCoordinate>63.801791</northBoundingCoordinate>
                <southBoundingCoordinate>63.801791</southBoundingCoordinate>
              </boundingCoordinates>
            </geographicCoverage>
            <geographicCoverage>
              <geographicDescription>GRM1 -- This is a mesic, black spruce site..  Site alternate names:  </geographicDescription>
              <boundingCoordinates>
                <westBoundingCoordinate>-144.3317838</westBoundingCoordinate>
                <eastBoundingCoordinate>-144.3317838</eastBoundingCoordinate>
                <northBoundingCoordinate>63.69577185</northBoundingCoordinate>
                <southBoundingCoordinate>63.69577185</southBoundingCoordinate>
              </boundingCoordinates>
            </geographicCoverage>
            <geographicCoverage>
              <geographicDescription>GRM3 -- This is a mesic-subhygric, black spruce site..  Site alternate names:  </geographicDescription>
              <boundingCoordinates>
                <westBoundingCoordinate>-144.95382471</westBoundingCoordinate>
                <eastBoundingCoordinate>-144.95382471</eastBoundingCoordinate>
                <northBoundingCoordinate>63.81365346</northBoundingCoordinate>
                <southBoundingCoordinate>63.81365346</southBoundingCoordinate>
              </boundingCoordinates>
            </geographicCoverage>
            <geographicCoverage>
              <geographicDescription>GRM4 -- This is a subxeric-mesic, black spruce site..  Site alternate names:  </geographicDescription>
              <boundingCoordinates>
                <westBoundingCoordinate>-144.95546709</westBoundingCoordinate>
                <eastBoundingCoordinate>-144.95546709</eastBoundingCoordinate>
                <northBoundingCoordinate>63.81513074</northBoundingCoordinate>
                <southBoundingCoordinate>63.81513074</southBoundingCoordinate>
              </boundingCoordinates>
            </geographicCoverage>
            <geographicCoverage>
              <geographicDescription>GSI1 -- In 1966 this site burned in the Goldstream fire. It is now a black spruce stand. .  Site alternate names:  GS-3</geographicDescription>
              <boundingCoordinates>
                <westBoundingCoordinate>-148.41375</westBoundingCoordinate>
                <eastBoundingCoordinate>-148.41375</eastBoundingCoordinate>
                <northBoundingCoordinate>64.80004</northBoundingCoordinate>
                <southBoundingCoordinate>64.80004</southBoundingCoordinate>
              </boundingCoordinates>
            </geographicCoverage>
            <geographicCoverage>
              <geographicDescription>GSI2 -- In 1966 this site burned in the Goldstream fire. It is now an open black spruce stand. .  Site alternate names:  GS-2</geographicDescription>
              <boundingCoordinates>
                <westBoundingCoordinate>-148.42039</westBoundingCoordinate>
                <eastBoundingCoordinate>-148.42039</eastBoundingCoordinate>
                <northBoundingCoordinate>64.80255</northBoundingCoordinate>
                <southBoundingCoordinate>64.80255</southBoundingCoordinate>
              </boundingCoordinates>
            </geographicCoverage>
            <geographicCoverage>
              <geographicDescription>GSI3 -- In 1966 this site burned in the Goldstream fire. It is now a black spruce stand. .  Site alternate names:  GS-1</geographicDescription>
              <boundingCoordinates>
                <westBoundingCoordinate>-148.49298</westBoundingCoordinate>
                <eastBoundingCoordinate>-148.49298</eastBoundingCoordinate>
                <northBoundingCoordinate>64.80951</northBoundingCoordinate>
                <southBoundingCoordinate>64.80951</southBoundingCoordinate>
              </boundingCoordinates>
            </geographicCoverage>
            <geographicCoverage>
              <geographicDescription>GSM1 -- This is a lowland black spruce site. .  Site alternate names:  TKN0131L</geographicDescription>
              <boundingCoordinates>
                <westBoundingCoordinate>-148.31676</westBoundingCoordinate>
                <eastBoundingCoordinate>-148.31676</eastBoundingCoordinate>
                <northBoundingCoordinate>64.80258</northBoundingCoordinate>
                <southBoundingCoordinate>64.80258</southBoundingCoordinate>
              </boundingCoordinates>
            </geographicCoverage>
            <geographicCoverage>
              <geographicDescription>GSM2 -- This is a xeric, black spruce site..  Site alternate names:  </geographicDescription>
              <boundingCoordinates>
                <westBoundingCoordinate>-148.31574</westBoundingCoordinate>
                <eastBoundingCoordinate>-148.31574</eastBoundingCoordinate>
                <northBoundingCoordinate>64.80334</northBoundingCoordinate>
                <southBoundingCoordinate>64.80334</southBoundingCoordinate>
              </boundingCoordinates>
            </geographicCoverage>
            <geographicCoverage>
              <geographicDescription>GSM3 -- This is a subhygric, black spruce site. The organic layer at this here is over 3.5m deep. .  Site alternate names:  </geographicDescription>
              <boundingCoordinates>
                <westBoundingCoordinate>-147.832248</westBoundingCoordinate>
                <eastBoundingCoordinate>-147.832248</eastBoundingCoordinate>
                <northBoundingCoordinate>64.916152</northBoundingCoordinate>
                <southBoundingCoordinate>64.916152</southBoundingCoordinate>
              </boundingCoordinates>
            </geographicCoverage>
            <geographicCoverage>
              <geographicDescription>GSM4 -- This is a subxeric-mesic, black spruce site..  Site alternate names:  </geographicDescription>
              <boundingCoordinates>
                <westBoundingCoordinate>-148.25307</westBoundingCoordinate>
                <eastBoundingCoordinate>-148.25307</eastBoundingCoordinate>
                <northBoundingCoordinate>64.942214</northBoundingCoordinate>
                <southBoundingCoordinate>64.942214</southBoundingCoordinate>
              </boundingCoordinates>
            </geographicCoverage>
            <geographicCoverage>
              <geographicDescription>GSM5 -- This is a subxeric, black spruce site..  Site alternate names:  </geographicDescription>
              <boundingCoordinates>
                <westBoundingCoordinate>-147.65685</westBoundingCoordinate>
                <eastBoundingCoordinate>-147.65685</eastBoundingCoordinate>
                <northBoundingCoordinate>64.9985625</northBoundingCoordinate>
                <southBoundingCoordinate>64.9985625</southBoundingCoordinate>
              </boundingCoordinates>
            </geographicCoverage>
            <geographicCoverage>
              <geographicDescription>HR1A -- This is a meteorological site near the crest of Helmer's Ridge, just west of the C4 basin, and at an elevation of approximately 610 meters.  Site alternate names:  Helmer's Ridge, Helmer's, Helmers, HELM, 400, HR1, CPCRWY1</geographicDescription>
              <boundingCoordinates>
                <westBoundingCoordinate>-147.5435743</westBoundingCoordinate>
                <eastBoundingCoordinate>-147.5435743</eastBoundingCoordinate>
                <northBoundingCoordinate>65.17091866</northBoundingCoordinate>
                <southBoundingCoordinate>65.17091866</southBoundingCoordinate>
              </boundingCoordinates>
            </geographicCoverage>
            <geographicCoverage>
              <geographicDescription>LGI1 -- In 1958 this site burned in the Livengood fire. It is now an open, mixed stand of black and white spruce. .  Site alternate names:  LG-2</geographicDescription>
              <boundingCoordinates>
                <westBoundingCoordinate>-148.86419</westBoundingCoordinate>
                <eastBoundingCoordinate>-148.86419</eastBoundingCoordinate>
                <northBoundingCoordinate>65.42936</northBoundingCoordinate>
                <southBoundingCoordinate>65.42936</southBoundingCoordinate>
              </boundingCoordinates>
            </geographicCoverage>
            <geographicCoverage>
              <geographicDescription>LGI2 -- In 1958 this site burned in the Livengood fire. It is now a mixed stand composed mainly of black spruce, with some birch and white spruce. .  Site alternate names:  LG-3</geographicDescription>
              <boundingCoordinates>
                <westBoundingCoordinate>-148.7609</westBoundingCoordinate>
                <eastBoundingCoordinate>-148.7609</eastBoundingCoordinate>
                <northBoundingCoordinate>65.44649</northBoundingCoordinate>
                <southBoundingCoordinate>65.44649</southBoundingCoordinate>
              </boundingCoordinates>
            </geographicCoverage>
            <geographicCoverage>
              <geographicDescription>MDI1 -- In 1958 this site burned in the Murphy Dome fire. It is now a black spruce stand with a birch component. .  Site alternate names:  MD-5</geographicDescription>
              <boundingCoordinates>
                <westBoundingCoordinate>-148.381474</westBoundingCoordinate>
                <eastBoundingCoordinate>-148.381474</eastBoundingCoordinate>
                <northBoundingCoordinate>64.879074</northBoundingCoordinate>
                <southBoundingCoordinate>64.879074</southBoundingCoordinate>
              </boundingCoordinates>
            </geographicCoverage>
            <geographicCoverage>
              <geographicDescription>MDI2 -- In 1958 this site burned in the Murphy Dome fire. It is now a mixed black spruce / birch stand. .  Site alternate names:  MD-7</geographicDescription>
              <boundingCoordinates>
                <westBoundingCoordinate>-148.389008</westBoundingCoordinate>
                <eastBoundingCoordinate>-148.389008</eastBoundingCoordinate>
                <northBoundingCoordinate>64.879249</northBoundingCoordinate>
                <southBoundingCoordinate>64.879249</southBoundingCoordinate>
              </boundingCoordinates>
            </geographicCoverage>
            <geographicCoverage>
              <geographicDescription>MDI3 -- In 1958 this site burned in the Murphy Dome fire. It is now a birch stand with black spruce component. .  Site alternate names:  MD-6</geographicDescription>
              <boundingCoordinates>
                <westBoundingCoordinate>-148.382724</westBoundingCoordinate>
                <eastBoundingCoordinate>-148.382724</eastBoundingCoordinate>
                <northBoundingCoordinate>64.880388</northBoundingCoordinate>
                <southBoundingCoordinate>64.880388</southBoundingCoordinate>
              </boundingCoordinates>
            </geographicCoverage>
            <geographicCoverage>
              <geographicDescription>MDI4 -- In 1958 this site burned in the Murphy Dome fire. It is now a dense, mixed stand composed mainly of black spruce with some birch and aspen.  .  Site alternate names:  MD-2</geographicDescription>
              <boundingCoordinates>
                <westBoundingCoordinate>-148.355499</westBoundingCoordinate>
                <eastBoundingCoordinate>-148.355499</eastBoundingCoordinate>
                <northBoundingCoordinate>64.882718</northBoundingCoordinate>
                <southBoundingCoordinate>64.882718</southBoundingCoordinate>
              </boundingCoordinates>
            </geographicCoverage>
            <geographicCoverage>
              <geographicDescription>MDI5 -- In 1958 this site burned in the Murphy Dome fire. It is now an open black spruce stand. .  Site alternate names:  MD-8</geographicDescription>
              <boundingCoordinates>
                <westBoundingCoordinate>-148.398187</westBoundingCoordinate>
                <eastBoundingCoordinate>-148.398187</eastBoundingCoordinate>
                <northBoundingCoordinate>64.882947</northBoundingCoordinate>
                <southBoundingCoordinate>64.882947</southBoundingCoordinate>
              </boundingCoordinates>
            </geographicCoverage>
            <geographicCoverage>
              <geographicDescription>MDM1 -- This mature black spruce stand is located adjacent to the other Murphy Dome "MD" sites, in an area that did not burn in the 1958 Murphy Dome fire. .  Site alternate names:  MD-3</geographicDescription>
              <boundingCoordinates>
                <westBoundingCoordinate>-148.37117</westBoundingCoordinate>
                <eastBoundingCoordinate>-148.37117</eastBoundingCoordinate>
                <northBoundingCoordinate>64.871571</northBoundingCoordinate>
                <southBoundingCoordinate>64.871571</southBoundingCoordinate>
              </boundingCoordinates>
            </geographicCoverage>
            <geographicCoverage>
              <geographicDescription>NRM1 -- This is a lowland black spruce site. .  Site alternate names:  Nenana Ridge Bottom</geographicDescription>
              <boundingCoordinates>
                <westBoundingCoordinate>-148.82573</westBoundingCoordinate>
                <eastBoundingCoordinate>-148.82573</eastBoundingCoordinate>
                <northBoundingCoordinate>64.60724</northBoundingCoordinate>
                <southBoundingCoordinate>64.60724</southBoundingCoordinate>
              </boundingCoordinates>
            </geographicCoverage>
            <geographicCoverage>
              <geographicDescription>NRM2 -- This is a mesic-subhygric, black spruce site. .  Site alternate names:  Nenana Ridge</geographicDescription>
              <boundingCoordinates>
                <westBoundingCoordinate>-148.55992</westBoundingCoordinate>
                <eastBoundingCoordinate>-148.55992</eastBoundingCoordinate>
                <northBoundingCoordinate>64.68328</northBoundingCoordinate>
                <southBoundingCoordinate>64.68328</southBoundingCoordinate>
              </boundingCoordinates>
            </geographicCoverage>
            <geographicCoverage>
              <geographicDescription>SL1A -- In the summer of 2001 the Survey line fire burned a section of the Tanana flats just south of BCEF.  This site was set up to match the rest of the floodplain successional sites except that instead of flooding the disturbance is fire.  Before this site was burned it was and open black spruce forest with a feathermoss dominated ground cover..  Site alternate names:  SL1B, BCEFY2</geographicDescription>
              <boundingCoordinates>
                <westBoundingCoordinate>-148.2812152</westBoundingCoordinate>
                <eastBoundingCoordinate>-148.2812152</eastBoundingCoordinate>
                <northBoundingCoordinate>64.65421365</northBoundingCoordinate>
                <southBoundingCoordinate>64.65421365</southBoundingCoordinate>
              </boundingCoordinates>
            </geographicCoverage>
            <geographicCoverage>
              <geographicDescription>SL1B -- In the summer of 2001 the Survey Line fire burned a section of the Tanana flats just south of BCEF.  This site was set up to match the rest of the floodplain successional sites.  Before the burn this site was an open black spruce forest with a predominantly cotton grass tussock ground cover..  Site alternate names:  SL1A, BCEFY1</geographicDescription>
              <boundingCoordinates>
                <westBoundingCoordinate>-148.2861185</westBoundingCoordinate>
                <eastBoundingCoordinate>-148.2861185</eastBoundingCoordinate>
                <northBoundingCoordinate>64.64826898</northBoundingCoordinate>
                <southBoundingCoordinate>64.64826898</southBoundingCoordinate>
              </boundingCoordinates>
            </geographicCoverage>
            <geographicCoverage>
              <geographicDescription>TRM1 -- This is a subxeric-mesic, black spruce site..  Site alternate names:  </geographicDescription>
              <boundingCoordinates>
                <westBoundingCoordinate>-148.13914</westBoundingCoordinate>
                <eastBoundingCoordinate>-148.13914</eastBoundingCoordinate>
                <northBoundingCoordinate>65.25333</northBoundingCoordinate>
                <southBoundingCoordinate>65.25333</southBoundingCoordinate>
              </boundingCoordinates>
            </geographicCoverage>
            <geographicCoverage>
              <geographicDescription>TRM2 -- This is a subhygric, black spruce site.  .  Site alternate names:  Tatalina River 1</geographicDescription>
              <boundingCoordinates>
                <westBoundingCoordinate>-148.338</westBoundingCoordinate>
                <eastBoundingCoordinate>-148.338</eastBoundingCoordinate>
                <northBoundingCoordinate>65.31219</northBoundingCoordinate>
                <southBoundingCoordinate>65.31219</southBoundingCoordinate>
              </boundingCoordinates>
            </geographicCoverage>
            <geographicCoverage>
              <geographicDescription>TRM3 -- This is a subhygric, black spruce site.  .  Site alternate names:  Tatalina River 2</geographicDescription>
              <boundingCoordinates>
                <westBoundingCoordinate>-148.33536</westBoundingCoordinate>
                <eastBoundingCoordinate>-148.33536</eastBoundingCoordinate>
                <northBoundingCoordinate>65.31458</northBoundingCoordinate>
                <southBoundingCoordinate>65.31458</southBoundingCoordinate>
              </boundingCoordinates>
            </geographicCoverage>
            <geographicCoverage>
              <geographicDescription>TRM4 -- This is a mesic, black spruce site..  Site alternate names:  </geographicDescription>
              <boundingCoordinates>
                <westBoundingCoordinate>-148.23179</westBoundingCoordinate>
                <eastBoundingCoordinate>-148.23179</eastBoundingCoordinate>
                <northBoundingCoordinate>65.40996</northBoundingCoordinate>
                <southBoundingCoordinate>65.40996</southBoundingCoordinate>
              </boundingCoordinates>
            </geographicCoverage>
            <geographicCoverage>
              <geographicDescription>UP4A -- This is a subxeric-mesic, black spruce site..  Site alternate names:  BCEFM4</geographicDescription>
              <boundingCoordinates>
                <westBoundingCoordinate>-148.2986802</westBoundingCoordinate>
                <eastBoundingCoordinate>-148.2986802</eastBoundingCoordinate>
                <northBoundingCoordinate>64.76810641</northBoundingCoordinate>
                <southBoundingCoordinate>64.76810641</southBoundingCoordinate>
              </boundingCoordinates>
            </geographicCoverage>
            <geographicCoverage>
              <geographicDescription>UP4B -- This is a subxeric-mesic, black spruce site..  Site alternate names:  BCEFM5</geographicDescription>
              <boundingCoordinates>
                <westBoundingCoordinate>-148.2735896</westBoundingCoordinate>
                <eastBoundingCoordinate>-148.2735896</eastBoundingCoordinate>
                <northBoundingCoordinate>64.77160064</northBoundingCoordinate>
                <southBoundingCoordinate>64.77160064</southBoundingCoordinate>
              </boundingCoordinates>
            </geographicCoverage>
            <geographicCoverage>
              <geographicDescription>UP4C -- This is a subhygric, black spruce site..  Site alternate names:  CPCRWM1</geographicDescription>
              <boundingCoordinates>
                <westBoundingCoordinate>-147.4913325</westBoundingCoordinate>
                <eastBoundingCoordinate>-147.4913325</eastBoundingCoordinate>
                <northBoundingCoordinate>65.15393372</northBoundingCoordinate>
                <southBoundingCoordinate>65.15393372</southBoundingCoordinate>
              </boundingCoordinates>
            </geographicCoverage>
            <geographicCoverage>
              <geographicDescription>UP4D -- This is a subxeric, black spruce site..  Site alternate names:  CPCRWM2</geographicDescription>
              <boundingCoordinates>
                <westBoundingCoordinate>-147.5505574</westBoundingCoordinate>
                <eastBoundingCoordinate>-147.5505574</eastBoundingCoordinate>
                <northBoundingCoordinate>65.16905378</northBoundingCoordinate>
                <southBoundingCoordinate>65.16905378</southBoundingCoordinate>
              </boundingCoordinates>
            </geographicCoverage>
            <geographicCoverage>
              <geographicDescription>WCM1 -- This is a subhygric, black spruce site.  .  Site alternate names:  Washington Creek 1</geographicDescription>
              <boundingCoordinates>
                <westBoundingCoordinate>-147.97308</westBoundingCoordinate>
                <eastBoundingCoordinate>-147.97308</eastBoundingCoordinate>
                <northBoundingCoordinate>65.12465</northBoundingCoordinate>
                <southBoundingCoordinate>65.12465</southBoundingCoordinate>
              </boundingCoordinates>
            </geographicCoverage>
            <geographicCoverage>
              <geographicDescription>WCM2 -- This is a mesic-subhygric, black spruce site. .  Site alternate names:  Washington Creek 3</geographicDescription>
              <boundingCoordinates>
                <westBoundingCoordinate>-147.97132</westBoundingCoordinate>
                <eastBoundingCoordinate>-147.97132</eastBoundingCoordinate>
                <northBoundingCoordinate>65.13634</northBoundingCoordinate>
                <southBoundingCoordinate>65.13634</southBoundingCoordinate>
              </boundingCoordinates>
            </geographicCoverage>
            <geographicCoverage>
              <geographicDescription>WCM3 -- This is a mesic-subhygric, black spruce site..  Site alternate names:  </geographicDescription>
              <boundingCoordinates>
                <westBoundingCoordinate>-147.86305</westBoundingCoordinate>
                <eastBoundingCoordinate>-147.86305</eastBoundingCoordinate>
                <northBoundingCoordinate>65.15466</northBoundingCoordinate>
                <southBoundingCoordinate>65.15466</southBoundingCoordinate>
              </boundingCoordinates>
            </geographicCoverage>
            <geographicCoverage>
              <geographicDescription>WCM4 -- This is a subxeric, black spruce site..  Site alternate names:  </geographicDescription>
              <boundingCoordinates>
                <westBoundingCoordinate>-147.89408</westBoundingCoordinate>
                <eastBoundingCoordinate>-147.89408</eastBoundingCoordinate>
                <northBoundingCoordinate>65.167267</northBoundingCoordinate>
                <southBoundingCoordinate>65.167267</southBoundingCoordinate>
              </boundingCoordinates>
            </geographicCoverage>
            <geographicCoverage>
              <geographicDescription>WDI1 -- In 1971 this site burned in the Wickersham Dome fire. It is now a black spruce stand. .  Site alternate names:  WD-1</geographicDescription>
              <boundingCoordinates>
                <westBoundingCoordinate>-148.080849</westBoundingCoordinate>
                <eastBoundingCoordinate>-148.080849</eastBoundingCoordinate>
                <northBoundingCoordinate>65.116602</northBoundingCoordinate>
                <southBoundingCoordinate>65.116602</southBoundingCoordinate>
              </boundingCoordinates>
            </geographicCoverage>
            <geographicCoverage>
              <geographicDescription>WDI2 -- In 1971 this site burned in the Wickersham Dome fire. It is now a birch stand with some black spruce. .  Site alternate names:  WD-2</geographicDescription>
              <boundingCoordinates>
                <westBoundingCoordinate>-148.07587</westBoundingCoordinate>
                <eastBoundingCoordinate>-148.07587</eastBoundingCoordinate>
                <northBoundingCoordinate>65.124643</northBoundingCoordinate>
                <southBoundingCoordinate>65.124643</southBoundingCoordinate>
              </boundingCoordinates>
            </geographicCoverage>
            <geographicCoverage>
              <geographicDescription>WDI3 -- In 1971 this site burned in the Wickersham Dome fire. It is now a black spruce stand with some birch. .  Site alternate names:  WD-3</geographicDescription>
              <boundingCoordinates>
                <westBoundingCoordinate>-148.076713</westBoundingCoordinate>
                <eastBoundingCoordinate>-148.076713</eastBoundingCoordinate>
                <northBoundingCoordinate>65.125453</northBoundingCoordinate>
                <southBoundingCoordinate>65.125453</southBoundingCoordinate>
              </boundingCoordinates>
            </geographicCoverage>
            <geographicCoverage>
              <geographicDescription>WDI4 -- In 1971 this site burned in the Wickersham Dome fire. It is now a birch stand with some black spruce..  Site alternate names:  WD-4</geographicDescription>
              <boundingCoordinates>
                <westBoundingCoordinate>-148.077367</westBoundingCoordinate>
                <eastBoundingCoordinate>-148.077367</eastBoundingCoordinate>
                <northBoundingCoordinate>65.126346</northBoundingCoordinate>
                <southBoundingCoordinate>65.126346</southBoundingCoordinate>
              </boundingCoordinates>
            </geographicCoverage>
            <geographicCoverage>
              <geographicDescription>WDI5 -- In 1971 this site burned in the Wickersham Dome fire. It is now a mixed aspen / black spruce stand with some birch. .  Site alternate names:  WD-6</geographicDescription>
              <boundingCoordinates>
                <westBoundingCoordinate>-148.018896</westBoundingCoordinate>
                <eastBoundingCoordinate>-148.018896</eastBoundingCoordinate>
                <northBoundingCoordinate>65.145285</northBoundingCoordinate>
                <southBoundingCoordinate>65.145285</southBoundingCoordinate>
              </boundingCoordinates>
            </geographicCoverage>
            <geographicCoverage>
              <geographicDescription>WDI6 -- In 1971 this site burned in the Wickersham Dome fire. It is now an aspen stand. .  Site alternate names:  WD-8</geographicDescription>
              <boundingCoordinates>
                <westBoundingCoordinate>-148.026427</westBoundingCoordinate>
                <eastBoundingCoordinate>-148.026427</eastBoundingCoordinate>
                <northBoundingCoordinate>65.148679</northBoundingCoordinate>
                <southBoundingCoordinate>65.148679</southBoundingCoordinate>
              </boundingCoordinates>
            </geographicCoverage>
            <geographicCoverage>
              <geographicDescription>YRM1 -- This is a subxeric-mesic, black spruce site..  Site alternate names:  </geographicDescription>
              <boundingCoordinates>
                <westBoundingCoordinate>-148.92284</westBoundingCoordinate>
                <eastBoundingCoordinate>-148.92284</eastBoundingCoordinate>
                <northBoundingCoordinate>65.56605</northBoundingCoordinate>
                <southBoundingCoordinate>65.56605</southBoundingCoordinate>
              </boundingCoordinates>
            </geographicCoverage>
            <geographicCoverage>
              <geographicDescription>GRM2 -- This mature black spruce stand is located adjacent to other intermediate Gerstle River "GR" sites, in an area that did not burn in the 1947 Gerstle fire..  Site alternate names:  GR-10</geographicDescription>
              <boundingCoordinates>
                <westBoundingCoordinate>-145.063916</westBoundingCoordinate>
                <eastBoundingCoordinate>-145.063916</eastBoundingCoordinate>
                <northBoundingCoordinate>63.787641</northBoundingCoordinate>
                <southBoundingCoordinate>63.787641</southBoundingCoordinate>
              </boundingCoordinates>
            </geographicCoverage>
            <temporalCoverage>
              <rangeOfDates>
                <beginDate>
                  <calendarDate>2000-10-06</calendarDate>
                </beginDate>
                <endDate>
                  <calendarDate>2015-10-28</calendarDate>
                </endDate>
              </rangeOfDates>
            </temporalCoverage>
          </coverage>
        </studyExtent>
        <samplingDescription>
          <section>
            <title>Sampling Frequency</title>
            <para>Irregular</para>
          </section>
        </samplingDescription>
      </sampling>
    </methods>
    <dataTable>
      <entityName>605_RSN_ActiveLayerDepths.txt</entityName>
      <entityDescription>Active layer depth data.</entityDescription>
      <physical>
        <objectName>605_RSN_ActiveLayerDepths.txt</objectName>
        <dataFormat>
          <textFormat>
            <numHeaderLines>1</numHeaderLines>
            <recordDelimiter>\n</recordDelimiter>
            <physicalLineDelimiter>\n</physicalLineDelimiter>
            <attributeOrientation>column</attributeOrientation>
            <simpleDelimited>
              <fieldDelimiter>,</fieldDelimiter>
              <quoteCharacter>"</quoteCharacter>
            </simpleDelimited>
          </textFormat>
        </dataFormat>
        <distribution>
          <online>
            <url function="download">https://pasta.lternet.edu/package/data/eml/knb-lter-bnz/605/2/bfaec460dc64bd853c9448b62740cfc2</url>
          </online>
        </distribution>
      </physical>
      <attributeList>
        <attribute>
          <attributeName>date</attributeName>
          <attributeLabel>date</attributeLabel>
          <attributeDefinition>Date measurement was taken. Note that for sites where an office call was made about permafrost presence/absence, this field is blank. </attributeDefinition>
          <storageType>string</storageType>
          <measurementScale>
            <nominal>
              <nonNumericDomain>
                <enumeratedDomain>
                  <codeDefinition>
                    <code>Blank </code>
                    <definition> no field visit made. Presence or absence of permafrost deduced from previous activities at the site.
</definition>
                  </codeDefinition>
                </enumeratedDomain>
              </nonNumericDomain>
            </nominal>
          </measurementScale>
          <!--No missing value/character in database (datafilevarible/errorcode)-->
        </attribute>
        <attribute>
          <attributeName>site</attributeName>
          <attributeLabel>site</attributeLabel>
          <attributeDefinition>site id</attributeDefinition>
          <storageType>string</storageType>
          <measurementScale>
            <nominal>
              <nonNumericDomain>
                <textDomain>
                  <definition>site id</definition>
                </textDomain>
              </nonNumericDomain>
            </nominal>
          </measurementScale>
          <!--No missing value/character in database (datafilevarible/errorcode)-->
        </attribute>
        <attribute>
          <attributeName>crew</attributeName>
          <attributeLabel>crew</attributeLabel>
          <attributeDefinition>person or people opperating the thaw probe.</attributeDefinition>
          <storageType>string</storageType>
          <measurementScale>
            <nominal>
              <nonNumericDomain>
                <textDomain>
                  <definition>person or people opperating the thaw probe.</definition>
                </textDomain>
              </nonNumericDomain>
            </nominal>
          </measurementScale>
          <!--No missing value/character in database (datafilevarible/errorcode)-->
        </attribute>
        <attribute>
          <attributeName>probe</attributeName>
          <attributeLabel>probe</attributeLabel>
          <attributeDefinition>Measurement number. Note that after 2014, this is the plot stake the measurement was taken closest to. </attributeDefinition>
          <storageType>integer</storageType>
          <measurementScale>
            <nominal>
              <nonNumericDomain>
                <textDomain>
                  <definition>Measurement number. Note that after 2014, this is the plot stake the measurement was taken closest to. </definition>
                </textDomain>
              </nonNumericDomain>
            </nominal>
          </measurementScale>
          <missingValueCode>
            <code>-9999</code>
            <codeExplanation>Missing Value</codeExplanation>
          </missingValueCode>
        </attribute>
        <attribute>
          <attributeName>depth</attributeName>
          <attributeLabel>depth</attributeLabel>
          <attributeDefinition>depth to barrier defined in flag field</attributeDefinition>
          <storageType>integer</storageType>
          <measurementScale>
            <ratio>
              <unit>
                <standardUnit>centimeter</standardUnit>
              </unit>
              <numericDomain>
                <numberType>real</numberType>
                <bounds>
                  <minimum exclusive="false">0.000</minimum>
                  <maximum exclusive="false">500.000</maximum>
                </bounds>
              </numericDomain>
            </ratio>
          </measurementScale>
          <missingValueCode>
            <code>-9999</code>
            <codeExplanation>Missing Value</codeExplanation>
          </missingValueCode>
        </attribute>
        <attribute>
          <attributeName>flag</attributeName>
          <attributeLabel>flag</attributeLabel>
          <attributeDefinition>code for circumstances of individual record</attributeDefinition>
          <storageType>string</storageType>
          <measurementScale>
            <nominal>
              <nonNumericDomain>
                <enumeratedDomain>
                  <codeDefinition>
                    <code>G</code>
                    <definition>Good measurement (probe hit frozen ground)</definition>
                  </codeDefinition>
                  <codeDefinition>
                    <code> N</code>
                    <definition>No barrier hit with probe</definition>
                  </codeDefinition>
                  <codeDefinition>
                    <code> R</code>
                    <definition>Rock barrier</definition>
                  </codeDefinition>
                  <codeDefinition>
                    <code> XG</code>
                    <definition>Site not visited but assumed to have permafrost</definition>
                  </codeDefinition>
                  <codeDefinition>
                    <code> XN</code>
                    <definition>Site not visited but assumed not to have permafrost.
</definition>
                  </codeDefinition>
                </enumeratedDomain>
              </nonNumericDomain>
            </nominal>
          </measurementScale>
          <!--No missing value/character in database (datafilevarible/errorcode)-->
        </attribute>
        <attribute>
          <attributeName>notes</attributeName>
          <attributeLabel>notes</attributeLabel>
          <attributeDefinition>field notes</attributeDefinition>
          <storageType>string</storageType>
          <measurementScale>
            <nominal>
              <nonNumericDomain>
                <textDomain>
                  <definition>field notes</definition>
                </textDomain>
              </nonNumericDomain>
            </nominal>
          </measurementScale>
          <!--No missing value/character in database (datafilevarible/errorcode)-->
        </attribute>
      </attributeList>
    </dataTable>
  </dataset>
  <additionalMetadata>
    <metadata>
      <unitList>
        <unit id="YYYY-MM-DD"/>
      </unitList>
    </metadata>
  </additionalMetadata>
</eml:eml>
