<?xml version="1.0" encoding="UTF-8"?>
<eml:eml packageId="knb-lter-bnz.79.18" scope="system"
  system="https://pasta.lternet.edu"
  xmlns:ds="eml://ecoinformatics.org/dataset-2.1.0"
  xmlns:eml="eml://ecoinformatics.org/eml-2.1.1"
  xmlns:stmml="http://www.xml-cml.org/schema/stmml-1.1"
  xmlns:xsi="http://www.w3.org/2001/XMLSchema-instance" xsi:schemaLocation="eml://ecoinformatics.org/eml-2.1.0&#xa;&#x9;&#x9;&#x9;&#x9;http://nis.lternet.edu/schemas/EML/eml-2.1.0/eml.xsd">
  <access authSystem="https://pasta.lternet.edu/authentication"
    order="allowFirst" scope="document" system="https://pasta.lternet.edu">
    <allow>
      <principal>uid=BNZ,o=lter,dc=ecoinformatics,dc=org</principal>
      <permission>all</permission>
    </allow>
    <allow>
      <principal>public</principal>
      <permission>read</permission>
    </allow>
  </access>
  <dataset>
    <shortName>knb-lter-bnz.79.18</shortName>
    <title>Organic layer thickness: Wickersham fire sites (1971 - 2004)</title>
    <creator>
      <individualName>
        <givenName>Leslie</givenName>
        <givenName>A.</givenName>
        <surName>Viereck</surName>
      </individualName>
      <!--No position recorded in Database ( pers/position when lead_contact=1 )-->
      <!--No address recorded in database ( pers/address when lead_contact=1 )-->
      <!--No phone info in Database  ( pers/tel1, tel2 or cell when lead_contact=1 )-->
      <!--No fax info present in Database  ( pers/fax when lead_contact=1 )-->
      <!--No email present on file  ( pers/email1 or email2 when lead_contact=1 )-->
      <!--No personal web address info on file-->
    </creator>
    <creator>
      <individualName>
        <givenName>Nan</givenName>
        <surName>Werdin-Pfisterer</surName>
      </individualName>
      <positionName>Affiliate Scientist</positionName>
      <address>
        <deliveryPoint>USDA-Agricultural Research Service
PO Box 757200
University of Alaska Fairbanks</deliveryPoint>
        <city>Fairbanks</city>
        <administrativeArea>AK</administrativeArea>
        <postalCode>99775</postalCode>
        <country>United States</country>
      </address>
      <phone phonetype="voice">(907) 474-6358</phone>
      <!--No fax info present in Database  ( pers/fax when lead_contact=1 )-->
      <electronicMailAddress>nrwerdin@alaska.edu</electronicMailAddress>
      <!--No personal web address info on file-->
    </creator>
    <creator>
      <organizationName>Bonanza Creek LTER</organizationName>
      <address>
        <deliveryPoint>Boreal Ecology Cooperative Research Unit </deliveryPoint>
        <deliveryPoint>University of Alaska Fairbanks</deliveryPoint>
        <deliveryPoint>P.O. Box 756780 </deliveryPoint>
        <city>Fairbanks</city>
        <administrativeArea>AK</administrativeArea>
        <postalCode>99775</postalCode>
        <country>USA</country>
      </address>
      <phone phonetype="voice">907-474-6364</phone>
      <phone phonetype="fax">907-474-6251</phone>
      <electronicMailAddress>uaf-bnz-im-team@alaska.edu</electronicMailAddress>
      <onlineUrl>http://www.lter.uaf.edu</onlineUrl>
    </creator>
    <metadataProvider>
      <organizationName>Bonanza Creek LTER</organizationName>
      <positionName>Data Manager</positionName>
      <address>
        <deliveryPoint>Boreal Ecology Cooperative Research Unit </deliveryPoint>
        <deliveryPoint>University of Alaska Fairbanks</deliveryPoint>
        <deliveryPoint>P.O. Box 756780 </deliveryPoint>
        <city>Fairbanks</city>
        <administrativeArea>AK</administrativeArea>
        <postalCode>99775</postalCode>
        <country>USA</country>
      </address>
      <phone phonetype="voice">907-474-6364</phone>
      <phone phonetype="fax">907-474-6251</phone>
      <electronicMailAddress>uaf-bnz-im-team@alaska.edu</electronicMailAddress>
      <onlineUrl>http://www.lter.uaf.edu</onlineUrl>
    </metadataProvider>
    <!--No other people associated with this dataset found on file (pers/lastname/lead_contact=0)-->
    <pubDate>2005-11-11</pubDate>
    <abstract>
      <para>In June of 1971, the Wickersham fire burned 6313 ha in an open black spruce forest underlain with permafrost and provided an opportunity to study fire and fireline effects on the rate and patterns of permafrost, soil, and vegetation recovery. When wildfire burns through a northern black spruce forest the degree of soil organic layer consumption greatly influences the post-fire community characteristics. The construction of firelines with heavy machinery involves the complete removal of vegetation and the soil organic layer down to mineral soil and likewise affects the community characteristics after fire and fire suppression. Reduction in organic layer thickness and the subsequent loss of thermal insulation has been shown to cause increased soil temperatures and increased depth of thaw of the active layer. This long-term study is a comparison between the organic layer thickness on firelines, burned and unburned open black spruce forests underlain by ice rich permafrost.</para>
    </abstract>
    <keywordSet>
      <keyword>organic layer</keyword>
      <keyword>organic horizons</keyword>
      <keyword>permafrost</keyword>
      <keyword>active layer</keyword>
      <keyword>wildfires</keyword>
      <keyword>Interior Alaska</keyword>
      <keyword>disturbance</keyword>
      <keyword>erosion</keyword>
      <keyword>fireline</keyword>
      <keyword>black spruce</keyword>
      <keyword>Picea mariana</keyword>
      <keyword>climate</keyword>
      <keywordThesaurus>Decomposition</keywordThesaurus>
    </keywordSet>
    <intellectualRights>
      <section>
        <title>Access to Data</title>
        <para>While metadata will be freely available to those requesting it, the data manager will assure that any restrictions on access to data sets in the database will be enforced. Data will not be released without proper permission first being obtained from the investigator who generated the data. </para>
      </section>
      <section>
        <title>Use of data</title>
        <para> Researchers should receive adequate acknowledgment for the use of their data by others and should be provided with copies of publications using their data. Users of data from the data base must be aware that data is not to be sold or redistributed.</para>
      </section>
      <section>
        <title>Citing Bonanza Creek LTER Datasets</title>
        <para>It is considered a matter of professional ethics to acknowledge the work of other scientists. Thus, the Data User will properly cite the Data Set in any publications or in the metadata of any derived data products that were produced using the Data Set. </para>
      </section>
    </intellectualRights>
    <distribution id="distributionReference">
      <online>
        <url function="information">http://www.lter.uaf.edu/data_detail.cfm?datafile_pkey=79</url>
      </online>
    </distribution>
    <coverage>
      <geographicCoverage id="geoReference">
        <geographicDescription>Site information unavailable</geographicDescription>
        <boundingCoordinates>
          <westBoundingCoordinate>-147.9190467</westBoundingCoordinate>
          <eastBoundingCoordinate>-147.9077172</eastBoundingCoordinate>
          <northBoundingCoordinate>65.1693655</northBoundingCoordinate>
          <southBoundingCoordinate>65.16551393</southBoundingCoordinate>
        </boundingCoordinates>
      </geographicCoverage>
      <temporalCoverage>
        <rangeOfDates>
          <beginDate>
            <calendarDate>1971-06-01</calendarDate>
          </beginDate>
          <endDate>
            <calendarDate>2005-05-16</calendarDate>
          </endDate>
        </rangeOfDates>
      </temporalCoverage>
    </coverage>
    <maintenance>
      <description>
        <section>
          <title>corrections</title>
          <para>For consistency, we have altered several organic layer names:
?Loose Organic Layer? on the 1980 original data sheets (described as old organic layer from fire, usually dry and plant parts visible) is now ?Partially Decomposed?.
?Peat? and ?Fibrous? on the original data sheets (layers above the well decomposed Humus layer) are now classed as ?Intermediately Decomposed?.

In 1971, the east side unburned control (2130), and the east and west side firelines (2012 &amp; 2010) were not measured.
In 1980, all west side sites (2001, 2002, 2003, 2010) were not measured.
In 2004, the east side unburned control (2130) and all west side sites (2001, 2002, 2003, 2010) were not measured.

In 1971, The depth of the total organic layer was measured at the 20 vegetation plots. Individual organic horizons were not differentiated.
In 1980, 1995, and 2004, individual organic horizons were differentiated and measured at the 10 thaw probing points in each site. The depth of the total organic layer was calculated from summing the individual organic horizon depths. </para>
        </section>
        <section>
          <title>Status</title>
          <para>Completed</para>
        </section>
      </description>
    </maintenance>
    <contact>
      <positionName>Information Manager</positionName>
      <organizationName>LTER Network Office</organizationName>
      <address>
        <deliveryPoint>UNM Biology Department, MSC03-2020</deliveryPoint>
        <deliveryPoint>1 University of New Mexico</deliveryPoint>
        <city>Albuquerque</city>
        <administrativeArea>NM</administrativeArea>
        <postalCode>87131-0001</postalCode>
        <country>USA</country>
      </address>
      <phone phonetype="voice">505 277-2535</phone>
      <phone phonetype="fax">505 277-2541</phone>
      <electronicMailAddress>tech-support@lternet.edu</electronicMailAddress>
      <onlineUrl>http://www.lternet.edu</onlineUrl>
    </contact>
    <contact>
      <organizationName>Bonanza Creek LTER</organizationName>
      <positionName>Data Manager</positionName>
      <address>
        <deliveryPoint>Boreal Ecology Cooperative Research Unit </deliveryPoint>
        <deliveryPoint>University of Alaska Fairbanks</deliveryPoint>
        <deliveryPoint>P.O. Box 756780 </deliveryPoint>
        <city>Fairbanks</city>
        <administrativeArea>AK</administrativeArea>
        <postalCode>99775</postalCode>
        <country>USA</country>
      </address>
      <phone phonetype="voice">907-474-6364</phone>
      <phone phonetype="fax">907-474-6251</phone>
      <electronicMailAddress>uaf-bnz-im-team@alaska.edu</electronicMailAddress>
      <onlineUrl>http://www.lter.uaf.edu</onlineUrl>
    </contact>
    <publisher>
      <organizationName>Bonanza Creek LTER</organizationName>
      <address>
        <deliveryPoint>Boreal Ecology Cooperative Research Unit </deliveryPoint>
        <deliveryPoint>University of Alaska Fairbanks</deliveryPoint>
        <deliveryPoint>P.O. Box 756780 </deliveryPoint>
        <city>Fairbanks</city>
        <administrativeArea>AK</administrativeArea>
        <postalCode>99775</postalCode>
        <country>USA</country>
      </address>
      <phone phonetype="voice">907-474-6364</phone>
      <phone phonetype="fax">907-474-6251</phone>
    </publisher>
    <pubPlace>Bonanza Creek LTER</pubPlace>
    <methods>
      <methodStep>
        <description>
          <section>
            <title>Experimental Design</title>
            <para>Organic layer depths were measured at 1-2 months, 9 years, 24 years, and 33 years after the fire in firelines, burned, and unburned control sites on the east and west sides of Cushman Creek. Study sites are the same as the ?Active layer depths: Wickersham fire sites? data set, as follows.

On the east side of Cushman Creek, three study sites were established: an unburned black spruce stand (2130), a heavily burned black spruce stand (2004), and a fireline (2012) between the unburned and burned stands where vegetation and organic material were removed by bulldozer down to mineral soil. At each site on the east side, ten permanent probe points (marked with fiberglass poles) at 2 m intervals were established on a transect perpendicular to the fireline. On the west side of Cushman Creek, four study sites were established: an unburned black spruce stand (2003), a lightly burned black spruce stand (2001), a heavily burned black spruce stand (2002), and a fireline (2010) between the heavily and lightly burned stands. The west side fireline transect was established similar to the east side sites (10 probe points at 2 m intervals, perpendicular to the fireline). In the west side unburned control, heavy burn, and light burn sites, stakes from 20 permanent vegetation plots were used as sampling points (10 to 20 plots were sampled). The vegetation plots were spaced at 30 m intervals, usually in 4 rows of 5 plots.

Burn severity was evaluated as lightly burned (2001) if less than 50 percent of the ground surface was blackened, the lesser vegetation was not consumed, branchlets were still present on trees, and tree crowns were scorched but not consumed. Burn severity was evaluated as heavily burned (2002 &amp; 2004) if more than 90 percent of the ground surface was blackened, and the lesser vegetation and tree crowns were consumed (Viereck and Dyrness, 1979). Using more recent standards of burn severity, the heavily burned stands (2002 &amp; 2004) would be classified as ?moderately burned?, with a partially consumed organic layer, shallow ash layer present, but with woody twig parts remaining (Viereck et al. 1979).

Due to the long-term nature of this study, methods and sampling locations were modified over the years. See corrections/comments headings for methods details. See site maps for a detailed history of sampling locations in each site and the most recent plot/pole labels and locations for future sampling. </para>
          </section>
          <section>
            <title>Methods</title>
            <para>Near each probe pole or vegetation plot, organic horizon thickness was measured either 1) on the side of the hole remaining from a removed soil core, or 2) on the face of a soil wedge removed from the soil with a shovel. Soil organic horizons were separated into four different classes based on the degree of decomposition of organic matter: moss/litter, partially decomposed, intermediately decomposed, and humus. The total organic layer thickness was calculated by summing the four organic horizons together. All measurements are in centimeter units.</para>
          </section>
        </description>
      </methodStep>
      <sampling>
        <studyExtent>
          <coverage>
            <geographicCoverage>
              <references>geoReference</references>
            </geographicCoverage>
            <temporalCoverage>
              <rangeOfDates>
                <beginDate>
                  <calendarDate>1971-06-01</calendarDate>
                </beginDate>
                <endDate>
                  <calendarDate>2005-05-16</calendarDate>
                </endDate>
              </rangeOfDates>
            </temporalCoverage>
          </coverage>
        </studyExtent>
        <samplingDescription>
          <section>
            <title>Sampling Frequency</title>
            <para>Yearly</para>
          </section>
        </samplingDescription>
      </sampling>
    </methods>
    <dataTable>
      <entityName>218_2036_WickOrgLayerData.txt</entityName>
      <entityDescription>Organic layer thickness data at Wickersham fire sites.</entityDescription>
      <physical>
        <objectName>218_2036_WickOrgLayerData.txt</objectName>
        <dataFormat>
          <textFormat>
            <numHeaderLines>1</numHeaderLines>
            <recordDelimiter>\n</recordDelimiter>
            <physicalLineDelimiter>\n</physicalLineDelimiter>
            <attributeOrientation>column</attributeOrientation>
            <simpleDelimited>
              <fieldDelimiter>\t</fieldDelimiter>
            </simpleDelimited>
          </textFormat>
        </dataFormat>
        <distribution>
          <online>
            <url function="download">https://pasta.lternet.edu/package/data/eml/knb-lter-bnz/79/18/f492d7c76563dfc6eabac183a12de310</url>
          </online>
        </distribution>
      </physical>
      <attributeList>
        <attribute>
          <attributeName>Date</attributeName>
          <attributeLabel>Date</attributeLabel>
          <attributeDefinition>Date of probe</attributeDefinition>
          <storageType>string</storageType>
          <measurementScale>
            <dateTime>
              <formatString>mm/dd/yy</formatString>
            </dateTime>
          </measurementScale>
          <!--No missing value/character in database (datafilevarible/errorcode)-->
        </attribute>
        <attribute>
          <attributeName>Sitenumber</attributeName>
          <attributeLabel>Sitenumber</attributeLabel>
          <attributeDefinition>Site number</attributeDefinition>
          <storageType>integer</storageType>
          <measurementScale>
            <nominal>
              <nonNumericDomain>
                <textDomain>
                  <definition>Site number</definition>
                </textDomain>
              </nonNumericDomain>
            </nominal>
          </measurementScale>
          <!--No missing value/character in database (datafilevarible/errorcode)-->
        </attribute>
        <attribute>
          <attributeName>SiteDesciption</attributeName>
          <attributeLabel>SiteDesciption</attributeLabel>
          <attributeDefinition>Site Desciption</attributeDefinition>
          <storageType>string</storageType>
          <measurementScale>
            <nominal>
              <nonNumericDomain>
                <textDomain>
                  <definition>Site Desciption</definition>
                </textDomain>
              </nonNumericDomain>
            </nominal>
          </measurementScale>
          <!--No missing value/character in database (datafilevarible/errorcode)-->
        </attribute>
        <attribute>
          <attributeName>Probe or Plot number</attributeName>
          <attributeLabel>Probe or Plot number</attributeLabel>
          <attributeDefinition>Probe or Plot number</attributeDefinition>
          <storageType>integer</storageType>
          <measurementScale>
            <nominal>
              <nonNumericDomain>
                <textDomain>
                  <definition>Probe or Plot number</definition>
                </textDomain>
              </nonNumericDomain>
            </nominal>
          </measurementScale>
          <!--No missing value/character in database (datafilevarible/errorcode)-->
        </attribute>
        <attribute>
          <attributeName>Total Organic Layer Thickness</attributeName>
          <attributeLabel>Total Organic Layer Thickness</attributeLabel>
          <attributeDefinition>Total Organic Layer Thickness</attributeDefinition>
          <storageType>float</storageType>
          <measurementScale>
            <ratio>
              <unit>
                <standardUnit>centimeter</standardUnit>
              </unit>
              <numericDomain>
                <numberType>real</numberType>
                <!--No minimum value recorded in database (datafilevaribles/minvalid)-->
              </numericDomain>
            </ratio>
          </measurementScale>
          <!--No missing value/character in database (datafilevarible/errorcode)-->
        </attribute>
        <attribute>
          <attributeName>Moss/Litter Thickness</attributeName>
          <attributeLabel>Moss/Litter Thickness</attributeLabel>
          <attributeDefinition>Moss/Litter Thickness</attributeDefinition>
          <storageType>float</storageType>
          <measurementScale>
            <ratio>
              <unit>
                <standardUnit>centimeter</standardUnit>
              </unit>
              <numericDomain>
                <numberType>real</numberType>
                <!--No minimum value recorded in database (datafilevaribles/minvalid)-->
              </numericDomain>
            </ratio>
          </measurementScale>
          <!--No missing value/character in database (datafilevarible/errorcode)-->
        </attribute>
        <attribute>
          <attributeName>Partially Decomposed Thickness</attributeName>
          <attributeLabel>Partially Decomposed Thickness</attributeLabel>
          <attributeDefinition>Partially Decomposed Thickness</attributeDefinition>
          <storageType>float</storageType>
          <measurementScale>
            <ratio>
              <unit>
                <standardUnit>centimeter</standardUnit>
              </unit>
              <numericDomain>
                <numberType>real</numberType>
                <!--No minimum value recorded in database (datafilevaribles/minvalid)-->
              </numericDomain>
            </ratio>
          </measurementScale>
          <!--No missing value/character in database (datafilevarible/errorcode)-->
        </attribute>
        <attribute>
          <attributeName>Intermediately Decomposed Thickness </attributeName>
          <attributeLabel>Intermediately Decomposed Thickness </attributeLabel>
          <attributeDefinition>Intermediately Decomposed Thickness</attributeDefinition>
          <storageType>float</storageType>
          <measurementScale>
            <ratio>
              <unit>
                <standardUnit>centimeter</standardUnit>
              </unit>
              <numericDomain>
                <numberType>real</numberType>
                <!--No minimum value recorded in database (datafilevaribles/minvalid)-->
              </numericDomain>
            </ratio>
          </measurementScale>
          <!--No missing value/character in database (datafilevarible/errorcode)-->
        </attribute>
        <attribute>
          <attributeName>Humus Thickness </attributeName>
          <attributeLabel>Humus Thickness </attributeLabel>
          <attributeDefinition>Humus Thickness </attributeDefinition>
          <storageType>float</storageType>
          <measurementScale>
            <ratio>
              <unit>
                <standardUnit>centimeter</standardUnit>
              </unit>
              <numericDomain>
                <numberType>real</numberType>
                <!--No minimum value recorded in database (datafilevaribles/minvalid)-->
              </numericDomain>
            </ratio>
          </measurementScale>
          <!--No missing value/character in database (datafilevarible/errorcode)-->
        </attribute>
      </attributeList>
    </dataTable>
    <otherEntity id="WickSiteMaps.ppt">
      <entityName>WickSiteMaps.ppt</entityName>
      <entityDescription>Set of slides that show Wickersham Site probe layouts.  Great Quality</entityDescription>
      <physical>
        <objectName>WickSiteMaps.ppt</objectName>
        <dataFormat>
          <externallyDefinedFormat>
            <formatName>ppt file</formatName>
          </externallyDefinedFormat>
        </dataFormat>
        <distribution>
          <online>
            <url function="download">https://pasta.lternet.edu/package/data/eml/knb-lter-bnz/79/18/dcc31a95c2d194e260e9003c7f961e61</url>
          </online>
        </distribution>
      </physical>
      <entityType>ppt file</entityType>
    </otherEntity>
  </dataset>
  <additionalMetadata>
    <metadata>
      <unitList>
        <unit id="mm/dd/yy"/>
      </unitList>
    </metadata>
  </additionalMetadata>
</eml:eml>
