<?xml version="1.0" encoding="UTF-8"?>
<eml:eml xmlns:eml="eml://ecoinformatics.org/eml-2.1.1" xmlns:stmml="http://www.xml-cml.org/schema/stmml-1.1" xmlns:xsi="http://www.w3.org/2001/XMLSchema-instance" xmlns:ds="eml://ecoinformatics.org/dataset-2.1.0" xsi:schemaLocation="eml://ecoinformatics.org/eml-2.1.0&#10;&#9;&#9;&#9;&#9;http://nis.lternet.edu/schemas/EML/eml-2.1.0/eml.xsd" packageId="knb-lter-bnz.581.4" system="knb" scope="system">
<access scope="document" order="allowFirst" authSystem="knb">
<allow>
<principal>uid=BNZ,o=lter,dc=ecoinformatics,dc=org</principal>
<permission>all</permission>
</allow>
<allow>
<principal>public</principal>
<permission>read</permission>
</allow>
</access>
<dataset>
<shortName>knb-lter-bnz.581.4</shortName>
<title>The impact of permafrost thaw on ecosystem carbon balance:  CiPEHR Project Phenology of Dominant Plant Species III - Flower Biomass
</title>
<creator>
<individualName>
<givenName>Marguerite
</givenName>
<surName>Mauritz
</surName>
</individualName>
<positionName>Postdoctoral Research Associate</positionName>
<address>
<deliveryPoint>220 Bartram Hall; Department of Biology; University of Florida</deliveryPoint>
<city>Gainesville</city>
<administrativeArea>FL</administrativeArea>
<postalCode>32611</postalCode>
<country>United States</country>
</address>
<phone phonetype="voice">352-392-1894
</phone>
<!--No fax info present in Database  ( pers/fax when lead_contact=1 )-->
<electronicMailAddress>mmauritz@ufl.edu</electronicMailAddress>
<!--No personal web address info on file-->
</creator>
<creator>
<individualName>
<givenName>Edward</givenName>
<givenName>A.G.</givenName>
<surName>Schuur</surName>
</individualName>
<positionName>Senior Investigator</positionName>
<address>
<deliveryPoint>University of Florida Department of Botany 220 Bartram Hall</deliveryPoint>
<city>Gainesville</city>
<administrativeArea>FL</administrativeArea>
<postalCode>32611</postalCode>
<country>United States</country>
</address>
<phone phonetype="voice">(352) 392-7913</phone>
<phone phonetype="fax">(352) 392-3993</phone>
<electronicMailAddress>tschuur@ufl.edu</electronicMailAddress>
<onlineUrl>http://www.biology.ufl.edu/People/faculty/tschuur.aspx</onlineUrl>
</creator>
<creator>
<organizationName>Bonanza Creek LTER</organizationName>
<address>
<deliveryPoint>Boreal Ecology Cooperative Research Unit </deliveryPoint>
<deliveryPoint>University of Alaska Fairbanks</deliveryPoint>
<deliveryPoint>P.O. Box 756780 </deliveryPoint>
<city>Fairbanks</city>
<administrativeArea>AK</administrativeArea>
<postalCode>99775</postalCode>
<country>USA</country>
</address>
<phone phonetype="voice">907-474-6364</phone>
<phone phonetype="fax">907-474-6251</phone>
<electronicMailAddress>uaf-bnz-im-team@alaska.edu</electronicMailAddress>
<onlineUrl>http://www.lter.uaf.edu</onlineUrl>
</creator>
<metadataProvider>
<organizationName>Bonanza Creek LTER</organizationName>
<positionName>Data Manager</positionName>
<address>
<deliveryPoint>Boreal Ecology Cooperative Research Unit </deliveryPoint>
<deliveryPoint>University of Alaska Fairbanks</deliveryPoint>
<deliveryPoint>P.O. Box 756780 </deliveryPoint>
<city>Fairbanks</city>
<administrativeArea>AK</administrativeArea>
<postalCode>99775</postalCode>
<country>USA</country>
</address>
<phone phonetype="voice">907-474-6364</phone>
<phone phonetype="fax">907-474-6251</phone>
<electronicMailAddress>uaf-bnz-im-team@alaska.edu</electronicMailAddress>
<onlineUrl>http://www.lter.uaf.edu</onlineUrl>
</metadataProvider>
<!--No other people associated with this dataset found on file (pers/lastname/lead_contact=0)-->
<pubDate>2014-03-17</pubDate>
<abstract>
<para>This drying and warming experiment addresses the following questions: 1) Does ecosystem drying, warming and permafrost thaw cause a net release or uptake of C from the ecosystem to the atmosphere?, 2) Does the decomposition of old C that comprises the bulk of the soil C pool influence ecosystem C loss? 3) How do drying and warmign affect plant communities and ecosystem properties? We are answering these questions using a combined warming and drying experiment (DryPEHR), which is situated with the Carbon in Permafrost Experimental Heating Research (CiPEHR) project and located in an upland tundra field site near Healy, Alaska in the foothills of the Alaska Range. Warming treatment here refers to growing season air temperature warming (~1C) using open top chambers (OTC) combined with soil 'warming' using snow fences during the snow covered months. Drying is achieve using an automated pumping system that lowers the water table in the dry plots. Soil warming began in 2008; OTCs and drying in 2011. This data set includes measured values of CO2 fluxes during the growing season.</para>
</abstract>
<keywordSet>
<keyword>climate</keyword>
<keyword>disturbance</keyword>
<keyword>plant phenology</keyword>
<keywordThesaurus>Biogeochemistry</keywordThesaurus>
</keywordSet>
<intellectualRights>
<section>
<title>Access to Data</title>
<para>While metadata will be freely available to those requesting it, the data manager will assure that any restrictions on access to data sets in the database will be enforced. Data will not be released without proper permission first being obtained from the investigator who generated the data. </para>
</section>
<section>
<title>Use of data</title>
<para> Researchers should receive adequate acknowledgment for the use of their data by others and should be provided with copies of publications using their data. Users of data from the data base must be aware that data is not to be sold or redistributed.</para>
</section>
<section>
<title>Citing Bonanza Creek LTER Datasets</title>
<para>It is considered a matter of professional ethics to acknowledge the work of other scientists. Thus, the Data User will properly cite the Data Set in any publications or in the metadata of any derived data products that were produced using the Data Set. </para>
</section>
</intellectualRights>
<distribution id="distributionReference">
<online>
<url function="information">http://www.lter.uaf.edu/data_detail.cfm?datafile_pkey=581</url>
</online>
</distribution>
<coverage>
<geographicCoverage id="geoReference">
<geographicDescription>Site information unavailable</geographicDescription>
<boundingCoordinates>
<westBoundingCoordinate>-149.2535833</westBoundingCoordinate>
<eastBoundingCoordinate>-149.2535833</eastBoundingCoordinate>
<northBoundingCoordinate>63.87836111</northBoundingCoordinate>
<southBoundingCoordinate>63.87836111</southBoundingCoordinate>
</boundingCoordinates>
</geographicCoverage>
<temporalCoverage>
<rangeOfDates>
<beginDate>
<calendarDate>2011-05-01</calendarDate>
</beginDate>
<endDate>
<calendarDate>2013-09-30</calendarDate>
</endDate>
</rangeOfDates>
</temporalCoverage>
</coverage>
<maintenance>
<description>
<section>
<title>corrections</title>
<para>Department of Energy NICCR Program; Department of Energy Terrestrial Ecosystem Processes; National Science Foundation CAREER Program; National Parks Inventory and Monitoring Program; National Science Foundation Bonanza Creek LTER program; National Science Foundation Office of Polar Programs, Arctic Natural Sciences Program</para>
</section>
<section>
<title>Status</title>
<para>Ongoing</para>
</section>
</description>
</maintenance>
<contact>
<organizationName>Bonanza Creek LTER</organizationName>
<positionName>Data Manager</positionName>
<address>
<deliveryPoint>Boreal Ecology Cooperative Research Unit </deliveryPoint>
<deliveryPoint>University of Alaska Fairbanks</deliveryPoint>
<deliveryPoint>P.O. Box 756780 </deliveryPoint>
<city>Fairbanks</city>
<administrativeArea>AK</administrativeArea>
<postalCode>99775</postalCode>
<country>USA</country>
</address>
<phone phonetype="voice">907-474-6364</phone>
<phone phonetype="fax">907-474-6251</phone>
<electronicMailAddress>uaf-bnz-im-team@alaska.edu</electronicMailAddress>
<onlineUrl>http://www.lter.uaf.edu</onlineUrl>
</contact>
<publisher>
<organizationName>Bonanza Creek LTER</organizationName>
<address>
<deliveryPoint>Boreal Ecology Cooperative Research Unit </deliveryPoint>
<deliveryPoint>University of Alaska Fairbanks</deliveryPoint>
<deliveryPoint>P.O. Box 756780 </deliveryPoint>
<city>Fairbanks</city>
<administrativeArea>AK</administrativeArea>
<postalCode>99775</postalCode>
<country>USA</country>
</address>
<phone phonetype="voice">907-474-6364</phone>
<phone phonetype="fax">907-474-6251</phone>
</publisher>
<pubPlace>Bonanza Creek LTER</pubPlace>
<methods>
<methodStep>
<description>
<section>
<title>Methods</title>
<para>Phenology of the dominant plant species was monitored througought the growing season. Plots were surveyed starting after snow-melt through mid-September to determine the day of year (DOY) on which bud burst, flowering and senescence occured. Once plants had flowered, flowers and berries were counted in the entire plot (1m2) for each species. Bud burst was monitored 31 May - 24 June, Flowering 4 June - 2 July, Berries 31 July and 16 August, Senescence 16 August - 17 September. The species observed were: Betula nana (bud, flower, senescence), Carex bigelowii (bud, senescence), Rubus chamaemorus (bud, flower, berry, senescence), Vaccinium Uliginosum (bud, flower, berry, sensecence), Vaccinium vitis-idaea (flower, berry)  and Rhododendron subarcticum (flower). Onset of senescence in B. nana and V. uliginosum was defined as leaves turning red and compete senescence when all leaves had dropped; in C. bigelowii and R. chamaemorus onset of senescence was defined as yellowing leaves and complete senescene if all leaves were yellow. Flowers were either counted as inidividual flowers (R. chamaemorus), infloresence clusters (.B. nana, R. subarcticum) or number of flowering tillers (C. bigelowii).  Each treatment had two pseudo-replicated subplots. If a phenological event was observed in at least one of these two subplots, that DOY was used to determine first occurence. For flowers and berries averages were calculated from the two subplots, hence it is possible to have observed 0.5 flowers or berries. </para>
</section>
</description>
</methodStep>
<sampling>
<studyExtent>
<coverage>
<geographicCoverage>
<references>geoReference</references>
</geographicCoverage>
<temporalCoverage>
<rangeOfDates>
<beginDate>
<calendarDate>2011-05-01</calendarDate>
</beginDate>
<endDate>
<calendarDate>2013-09-30</calendarDate>
</endDate>
</rangeOfDates>
</temporalCoverage>
</coverage>
</studyExtent>
<samplingDescription>
<section>
<title>Sampling Frequency</title>
<para>31 May - 17 September 2013. Data was collected every 3-7 days.</para>
</section>
</samplingDescription>
</sampling>
</methods>
<dataTable>
<entityName>581_Cipehr_Phenology_2013_flower_biomass_LTER.txt</entityName>
<entityDescription>Phenology of the dominant plant species was monitored througought the growing season.  For flowers and berries averages were calculated from the two subplots, hence it is possible to have observed 0.5 flowers or berries. </entityDescription>
<physical>
<objectName>581_Cipehr_Phenology_2013_flower_biomass_LTER.txt</objectName>
<dataFormat>
<textFormat>
<numHeaderLines>1</numHeaderLines>
<recordDelimiter>\n</recordDelimiter>
<physicalLineDelimiter>\n</physicalLineDelimiter>
<attributeOrientation>column</attributeOrientation>
<simpleDelimited>
<fieldDelimiter>,</fieldDelimiter>
<quoteCharacter>"</quoteCharacter>
</simpleDelimited>
</textFormat>
</dataFormat>
<distribution>
<online>
<url function="download">http://www.lter.uaf.edu/ascii/files/581_Cipehr_Phenology_2013_flower_biomass_LTER.txt</url>
</online>
</distribution>
</physical>
<attributeList>
<attribute>
<attributeName>year</attributeName>
<attributeLabel>year</attributeLabel>
<attributeDefinition>sample year</attributeDefinition>
<storageType>integer</storageType>
<measurementScale>
<nominal>
<nonNumericDomain>
<textDomain>
<definition>sample year</definition>
</textDomain>
</nonNumericDomain>
</nominal>
</measurementScale>
<!--No missing value/character in database (datafilevarible/errorcode)-->
</attribute>
<attribute>
<attributeName>Fence</attributeName>
<attributeLabel>Fence</attributeLabel>
<attributeDefinition>Samples are collected in 3 blocks, each block contains 2 fences (1-2; 3-4; 5-6). Within a block each fence is a split plot, winter warmed on one side, ambient on the other. Fences within blocks are replicates of each other</attributeDefinition>
<storageType>integer</storageType>
<measurementScale>
<nominal>
<nonNumericDomain>
<textDomain>
<definition>Samples are collected in 3 blocks, each block contains 2 fences (1-2; 3-4; 5-6). Within a block each fence is a split plot, winter warmed on one side, ambient on the other. Fences within blocks are replicates of each other</definition>
</textDomain>
</nonNumericDomain>
</nominal>
</measurementScale>
<!--No missing value/character in database (datafilevarible/errorcode)-->
</attribute>
<attribute>
<attributeName>Plot</attributeName>
<attributeLabel>Plot</attributeLabel>
<attributeDefinition>Each fence contains 8 plots, 1-4 on the ambient side of the fence, 5-8 on the winter warmed side of the fence. Summer warming treatments are nested within winter warming treatments, plots 1, 3, 5, 7 have open top chambers to produce a summer warming effect.</attributeDefinition>
<storageType>string</storageType>
<measurementScale>
<nominal>
<nonNumericDomain>
<textDomain>
<definition>Each fence contains 8 plots, 1-4 on the ambient side of the fence, 5-8 on the winter warmed side of the fence. Summer warming treatments are nested within winter warming treatments, plots 1, 3, 5, 7 have open top chambers to produce a summer warming effect.</definition>
</textDomain>
</nonNumericDomain>
</nominal>
</measurementScale>
<!--No missing value/character in database (datafilevarible/errorcode)-->
</attribute>
<attribute>
<attributeName>Species</attributeName>
<attributeLabel>Species</attributeLabel>
<attributeDefinition>species for which data was recorded</attributeDefinition>
<storageType>string</storageType>
<measurementScale>
<nominal>
<nonNumericDomain>
<textDomain>
<definition>species for which data was recorded</definition>
</textDomain>
</nonNumericDomain>
</nominal>
</measurementScale>
<!--No missing value/character in database (datafilevarible/errorcode)-->
</attribute>
<attribute>
<attributeName>WW</attributeName>
<attributeLabel>WW</attributeLabel>
<attributeDefinition>W = winter warmed side; C= control/ambient side</attributeDefinition>
<storageType>string</storageType>
<measurementScale>
<nominal>
<nonNumericDomain>
<textDomain>
<definition>W = winter warmed side; C= control/ambient side</definition>
</textDomain>
</nonNumericDomain>
</nominal>
</measurementScale>
<!--No missing value/character in database (datafilevarible/errorcode)-->
</attribute>
<attribute>
<attributeName>SW</attributeName>
<attributeLabel>SW</attributeLabel>
<attributeDefinition>S = summer or air warming; C=control</attributeDefinition>
<storageType>string</storageType>
<measurementScale>
<nominal>
<nonNumericDomain>
<textDomain>
<definition>S = summer or air warming; C=control</definition>
</textDomain>
</nonNumericDomain>
</nominal>
</measurementScale>
<!--No missing value/character in database (datafilevarible/errorcode)-->
</attribute>
<attribute>
<attributeName>treatment</attributeName>
<attributeLabel>treatment</attributeLabel>
<attributeDefinition>treatment label - Air warming refers to presence of an open top chamber, Soil warming refers to the winter warmed plots in which increased snow cover produces elevated soil temperatures, Air &amp; Soil warming refers to open top chamber and increased snow depth treatments, Ambient refers to no air or soil warming treatment.</attributeDefinition>
<storageType>string</storageType>
<measurementScale>
<nominal>
<nonNumericDomain>
<textDomain>
<definition>treatment label - Air warming refers to presence of an open top chamber, Soil warming refers to the winter warmed plots in which increased snow cover produces elevated soil temperatures, Air &amp; Soil warming refers to open top chamber and increased snow depth treatments, Ambient refers to no air or soil warming treatment.</definition>
</textDomain>
</nonNumericDomain>
</nominal>
</measurementScale>
<!--No missing value/character in database (datafilevarible/errorcode)-->
</attribute>
<attribute>
<attributeName>DOY.max.flowers</attributeName>
<attributeLabel>DOY.max.flowers</attributeLabel>
<attributeDefinition>DOY on which maximum number of flowers was observed</attributeDefinition>
<storageType>string</storageType>
<measurementScale>
<nominal>
<nonNumericDomain>
<textDomain>
<definition>DOY on which maximum number of flowers was observed</definition>
</textDomain>
</nonNumericDomain>
</nominal>
</measurementScale>
<missingValueCode>
<code>NP</code>
<codeExplanation>Missing Value</codeExplanation>
</missingValueCode>
</attribute>
<attribute>
<attributeName>max.flowers</attributeName>
<attributeLabel>max.flowers</attributeLabel>
<attributeDefinition>maximum number of flowers</attributeDefinition>
<storageType>string</storageType>
<measurementScale>
<nominal>
<nonNumericDomain>
<textDomain>
<definition>maximum number of flowers</definition>
</textDomain>
</nonNumericDomain>
</nominal>
</measurementScale>
<missingValueCode>
<code>NP</code>
<codeExplanation>Missing Value</codeExplanation>
</missingValueCode>
</attribute>
<attribute>
<attributeName>flower.biomass</attributeName>
<attributeLabel>flower.biomass</attributeLabel>
<attributeDefinition>max number of flowers adjusted for the biomass of that species in the plot</attributeDefinition>
<storageType>string</storageType>
<measurementScale>
<nominal>
<nonNumericDomain>
<textDomain>
<definition>max number of flowers adjusted for the biomass of that species in the plot</definition>
</textDomain>
</nonNumericDomain>
</nominal>
</measurementScale>
<missingValueCode>
<code>NA</code>
<codeExplanation>Missing Value</codeExplanation>
</missingValueCode>
</attribute>
<attribute>
<attributeName>biomass</attributeName>
<attributeLabel>biomass</attributeLabel>
<attributeDefinition>species biomass</attributeDefinition>
<storageType>float</storageType>
<measurementScale>
<ratio>
<unit>
<standardUnit>dimensionless</standardUnit>
</unit>
<numericDomain>
<numberType>real</numberType>
<!--No minimum value recorded in database (datafilevaribles/minvalid)-->
</numericDomain>
</ratio>
</measurementScale>
<!--No missing value/character in database (datafilevarible/errorcode)-->
</attribute>
</attributeList>
</dataTable>
</dataset>
<additionalMetadata>
 <metadata>
 <unitList>
<unit id="DOY"/>
<unit id="count"/>
<unit id="maxflowers(gbiomass)-1m-2"/>
</unitList>
 </metadata>
 </additionalMetadata>
</eml:eml>
