<?xml version="1.0" encoding="UTF-8"?>
<eml:eml xmlns:eml="eml://ecoinformatics.org/eml-2.1.1" xmlns:stmml="http://www.xml-cml.org/schema/stmml-1.1" xmlns:xsi="http://www.w3.org/2001/XMLSchema-instance" xmlns:ds="eml://ecoinformatics.org/dataset-2.1.0" xsi:schemaLocation="eml://ecoinformatics.org/eml-2.1.0&#10;&#9;&#9;&#9;&#9;http://nis.lternet.edu/schemas/EML/eml-2.1.0/eml.xsd" packageId="knb-lter-bnz.582.2" system="knb" scope="system">
<access scope="document" order="allowFirst" authSystem="knb">
<allow>
<principal>uid=BNZ,o=lter,dc=ecoinformatics,dc=org</principal>
<permission>all</permission>
</allow>
<allow>
<principal>public</principal>
<permission>read</permission>
</allow>
</access>
<dataset>
<shortName>knb-lter-bnz.582.2</shortName>
<title>The impact of drying and warming on ecosystem carbon balance:  DryPEHR Project Phenology of Dominant Plant Species II - Berry Biomass
</title>
<creator>
<individualName>
<givenName>Marguerite
</givenName>
<surName>Mauritz
</surName>
</individualName>
<positionName>Postdoctoral Research Associate</positionName>
<address>
<deliveryPoint>220 Bartram Hall; Department of Biology; University of Florida</deliveryPoint>
<city>Gainesville</city>
<administrativeArea>FL</administrativeArea>
<postalCode>32611</postalCode>
<country>United States</country>
</address>
<phone phonetype="voice">352-392-1894
</phone>
<!--No fax info present in Database  ( pers/fax when lead_contact=1 )-->
<electronicMailAddress>mmauritz@ufl.edu</electronicMailAddress>
<!--No personal web address info on file-->
</creator>
<creator>
<individualName>
<givenName>Edward</givenName>
<givenName>A.G.</givenName>
<surName>Schuur</surName>
</individualName>
<positionName>Senior Investigator</positionName>
<address>
<deliveryPoint>University of Florida Department of Botany 220 Bartram Hall</deliveryPoint>
<city>Gainesville</city>
<administrativeArea>FL</administrativeArea>
<postalCode>32611</postalCode>
<country>United States</country>
</address>
<phone phonetype="voice">(352) 392-7913</phone>
<phone phonetype="fax">(352) 392-3993</phone>
<electronicMailAddress>tschuur@ufl.edu</electronicMailAddress>
<onlineUrl>http://www.biology.ufl.edu/People/faculty/tschuur.aspx</onlineUrl>
</creator>
<creator>
<organizationName>Bonanza Creek LTER</organizationName>
<address>
<deliveryPoint>Boreal Ecology Cooperative Research Unit </deliveryPoint>
<deliveryPoint>University of Alaska Fairbanks</deliveryPoint>
<deliveryPoint>P.O. Box 756780 </deliveryPoint>
<city>Fairbanks</city>
<administrativeArea>AK</administrativeArea>
<postalCode>99775</postalCode>
<country>USA</country>
</address>
<phone phonetype="voice">907-474-6364</phone>
<phone phonetype="fax">907-474-6251</phone>
<electronicMailAddress>uaf-bnz-im-team@alaska.edu</electronicMailAddress>
<onlineUrl>http://www.lter.uaf.edu</onlineUrl>
</creator>
<metadataProvider>
<organizationName>Bonanza Creek LTER</organizationName>
<positionName>Data Manager</positionName>
<address>
<deliveryPoint>Boreal Ecology Cooperative Research Unit </deliveryPoint>
<deliveryPoint>University of Alaska Fairbanks</deliveryPoint>
<deliveryPoint>P.O. Box 756780 </deliveryPoint>
<city>Fairbanks</city>
<administrativeArea>AK</administrativeArea>
<postalCode>99775</postalCode>
<country>USA</country>
</address>
<phone phonetype="voice">907-474-6364</phone>
<phone phonetype="fax">907-474-6251</phone>
<electronicMailAddress>uaf-bnz-im-team@alaska.edu</electronicMailAddress>
<onlineUrl>http://www.lter.uaf.edu</onlineUrl>
</metadataProvider>
<!--No other people associated with this dataset found on file (pers/lastname/lead_contact=0)-->
<pubDate>2014-03-17</pubDate>
<abstract>
<para>The Carbon in Permafrost Experimental Heating Research (CiPEHR) project addresses the following questions: 1) Does ecosystem warming cause a net release of C from the ecosystem to the atmosphere?, 2) Does the decomposition of old C, that comprises the bulk of the soil C pool, influence ecosystem C loss?, and 3) How do winter and summer warming alone, and in combination, affect ecosystem C exchange? We are answering these questions using a combination of field and laboratory experiments to measure ecosystem carbon balance and radiocarbon isotope ratios at a warming experiment located in an upland tundra field site near Healy, Alaska in the foothills of the Alaska Range. How does warming impact the phenology of dominant plant species? Phenological data was collected to determine the timing of first bud break, onset and completion of senescence, and reproductive effort (flower and berry production).</para>
</abstract>
<keywordSet>
<keyword>climate</keyword>
<keyword>disturbance</keyword>
<keyword>plant phenology</keyword>
<keywordThesaurus>Biogeochemistry</keywordThesaurus>
</keywordSet>
<intellectualRights>
<section>
<title>Access to Data</title>
<para>While metadata will be freely available to those requesting it, the data manager will assure that any restrictions on access to data sets in the database will be enforced. Data will not be released without proper permission first being obtained from the investigator who generated the data. </para>
</section>
<section>
<title>Use of data</title>
<para> Researchers should receive adequate acknowledgment for the use of their data by others and should be provided with copies of publications using their data. Users of data from the data base must be aware that data is not to be sold or redistributed.</para>
</section>
<section>
<title>Citing Bonanza Creek LTER Datasets</title>
<para>It is considered a matter of professional ethics to acknowledge the work of other scientists. Thus, the Data User will properly cite the Data Set in any publications or in the metadata of any derived data products that were produced using the Data Set. </para>
</section>
</intellectualRights>
<distribution id="distributionReference">
<online>
<url function="information">http://www.lter.uaf.edu/data_detail.cfm?datafile_pkey=582</url>
</online>
</distribution>
<coverage>
<geographicCoverage id="geoReference">
<geographicDescription>Site information unavailable</geographicDescription>
<boundingCoordinates>
<westBoundingCoordinate>-149.2535833</westBoundingCoordinate>
<eastBoundingCoordinate>-149.2535833</eastBoundingCoordinate>
<northBoundingCoordinate>63.87836111</northBoundingCoordinate>
<southBoundingCoordinate>63.87836111</southBoundingCoordinate>
</boundingCoordinates>
</geographicCoverage>
<temporalCoverage>
<rangeOfDates>
<beginDate>
<calendarDate>2009-05-11</calendarDate>
</beginDate>
<endDate>
<calendarDate>2013-09-30</calendarDate>
</endDate>
</rangeOfDates>
</temporalCoverage>
</coverage>
<maintenance>
<description>
<section>
<title>corrections</title>
<para>Department of Energy NICCR Program; Department of Energy Terrestrial Ecosystem Processes; National Science Foundation CAREER Program; National Parks Inventory and Monitoring Program; National Science Foundation Bonanza Creek LTER program; National Science Foundation Office of Polar Programs, Arctic Natural Sciences Program</para>
</section>
<section>
<title>Status</title>
<para>Ongoing</para>
</section>
</description>
</maintenance>
<contact>
<organizationName>Bonanza Creek LTER</organizationName>
<positionName>Data Manager</positionName>
<address>
<deliveryPoint>Boreal Ecology Cooperative Research Unit </deliveryPoint>
<deliveryPoint>University of Alaska Fairbanks</deliveryPoint>
<deliveryPoint>P.O. Box 756780 </deliveryPoint>
<city>Fairbanks</city>
<administrativeArea>AK</administrativeArea>
<postalCode>99775</postalCode>
<country>USA</country>
</address>
<phone phonetype="voice">907-474-6364</phone>
<phone phonetype="fax">907-474-6251</phone>
<electronicMailAddress>uaf-bnz-im-team@alaska.edu</electronicMailAddress>
<onlineUrl>http://www.lter.uaf.edu</onlineUrl>
</contact>
<publisher>
<organizationName>Bonanza Creek LTER</organizationName>
<address>
<deliveryPoint>Boreal Ecology Cooperative Research Unit </deliveryPoint>
<deliveryPoint>University of Alaska Fairbanks</deliveryPoint>
<deliveryPoint>P.O. Box 756780 </deliveryPoint>
<city>Fairbanks</city>
<administrativeArea>AK</administrativeArea>
<postalCode>99775</postalCode>
<country>USA</country>
</address>
<phone phonetype="voice">907-474-6364</phone>
<phone phonetype="fax">907-474-6251</phone>
</publisher>
<pubPlace>Bonanza Creek LTER</pubPlace>
<methods>
<methodStep>
<description>
<section>
<title>Experimental Design</title>
<para>The study site at the Eight Mile Lake (EML) watershed is located in the northern foothills of the Alaska Range. While permafrost thaw can sometimes result in water ponding, depending on local topography, this landscape consists largely of relatively well-drained uplands. The CiPEHR experiments were established in 2008 to complement research along a natural permafrost thaw gradient, at an adjacent site.  At the permafrost-thaw gradient site permafrost temperature has been monitored annually in a 30-m-deep borehole since1985, before the permafrost started to thaw. There are two experimental warming treatments at the CiPEHR project: Winter warming (WW) increases soil temperature and ground thaw using snow fences; Summer warming (SW) increases growing season air temperature using open top chambers. The warming treatments are applied in a blocked split-plot design to evaluate the seperate and combined effects of winter and summer warming. Each treatment contains two adjacent, pseudo-replicated plots, both of which were monitored for phenology. Final values for each plot represent an average value from the two pseudo-replicates (which is why it is possbible to have 0.5 flowers or berries).</para>
</section>
<section>
<title>Methods</title>
<para>Phenology of the dominant plant species was monitored througought the growing season. Plots were surveyed starting after snow-melt through mid-September to determine the day of year (DOY) on which bud burst, flowering and senescence occured. Once plants had flowered, flowers and berries were counted in the entire plot (1m2) for each species. Bud burst was monitored 31 May - 24 June, Flowering 4 June - 2 July, Berries 31 July and 16 August, Senescence 16 August - 17 September. The species observed were: Betula nana (bud, flower, senescence), Carex bigelowii (bud, senescence), Rubus chamaemorus (bud, flower, berry, senescence), Vaccinium Uliginosum (bud, flower, berry, sensecence), Vaccinium vitis-idaea (flower, berry)  and Rhododendron subarcticum (flower). Onset of senescence in B. nana and V. uliginosum was defined as leaves turning red and compete senescence when all leaves had dropped; in C. bigelowii and R. chamaemorus onset of senescence was defined as yellowing leaves and complete senescene if all leaves were yellow. Flowers were either counted as inidividual flowers (R. chamaemorus), infloresence clusters (.B. nana, R. subarcticum) or number of flowering tillers (C. bigelowii).  Each treatment had two pseudo-replicated subplots. If a phenological event was observed in at least one of these two subplots, that DOY was used to determine first occurence. For flowers and berries averages were calculated from the two subplots, hence it is possible to have observed 0.5 flowers or berries. </para>
</section>
</description>
</methodStep>
<sampling>
<studyExtent>
<coverage>
<geographicCoverage>
<references>geoReference</references>
</geographicCoverage>
<temporalCoverage>
<rangeOfDates>
<beginDate>
<calendarDate>2009-05-11</calendarDate>
</beginDate>
<endDate>
<calendarDate>2013-09-30</calendarDate>
</endDate>
</rangeOfDates>
</temporalCoverage>
</coverage>
</studyExtent>
<samplingDescription>
<section>
<title>Sampling Frequency</title>
<para>31 May - 17 September 2013. Data was collected every 3-7 days.</para>
</section>
</samplingDescription>
</sampling>
</methods>
<dataTable>
<entityName>582_Drypehr_Phenology_2013_berry_biomass_LTER.txt</entityName>
<entityDescription>Phenology of the dominant plant species was monitored througought the growing season.  For flowers and berries averages were calculated from the two subplots, hence it is possible to have observed 0.5 flowers or berries. </entityDescription>
<physical>
<objectName>582_Drypehr_Phenology_2013_berry_biomass_LTER.txt</objectName>
<dataFormat>
<textFormat>
<numHeaderLines>1</numHeaderLines>
<recordDelimiter>\n</recordDelimiter>
<physicalLineDelimiter>\n</physicalLineDelimiter>
<attributeOrientation>column</attributeOrientation>
<simpleDelimited>
<fieldDelimiter>,</fieldDelimiter>
<quoteCharacter>"</quoteCharacter>
</simpleDelimited>
</textFormat>
</dataFormat>
<distribution>
<online>
<url function="download">http://www.lter.uaf.edu/ascii/files/582_Drypehr_Phenology_2013_berry_biomass_LTER.txt</url>
</online>
</distribution>
</physical>
<attributeList>
<attribute>
<attributeName>year</attributeName>
<attributeLabel>year</attributeLabel>
<attributeDefinition>sample year</attributeDefinition>
<storageType>integer</storageType>
<measurementScale>
<nominal>
<nonNumericDomain>
<textDomain>
<definition>sample year</definition>
</textDomain>
</nonNumericDomain>
</nominal>
</measurementScale>
<!--No missing value/character in database (datafilevarible/errorcode)-->
</attribute>
<attribute>
<attributeName>Fence</attributeName>
<attributeLabel>Fence</attributeLabel>
<attributeDefinition>Samples are collected in 3 blocks, each block contains 2 fences (1-2; 3-4; 5-6). Within a block each fence is a split plot, winter warmed on one side, ambient on the other. Fences within blocks are replicates of each other</attributeDefinition>
<storageType>integer</storageType>
<measurementScale>
<nominal>
<nonNumericDomain>
<enumeratedDomain>
<codeDefinition>
<code>Ext</code>
<definition>Extensive Thaw</definition>
</codeDefinition>
<codeDefinition>
<code> Mod</code>
<definition>Moderate Thaw</definition>
</codeDefinition>
<codeDefinition>
<code> Min</code>
<definition>Minimal Thaw</definition>
</codeDefinition>
</enumeratedDomain>
</nonNumericDomain>
</nominal>
</measurementScale>
<!--No missing value/character in database (datafilevarible/errorcode)-->
</attribute>
<attribute>
<attributeName>Plot</attributeName>
<attributeLabel>Plot</attributeLabel>
<attributeDefinition>Each fence contains 8 plots, 1-4 on the ambient side of the fence, 5-8 on the winter warmed side of the fence. Summer warming treatments are nested within winter warming treatments, plots 1, 3, 5, 7 have open top chambers to produce a summer warming effect.</attributeDefinition>
<storageType>integer</storageType>
<measurementScale>
<nominal>
<nonNumericDomain>
<textDomain>
<definition>Each fence contains 8 plots, 1-4 on the ambient side of the fence, 5-8 on the winter warmed side of the fence. Summer warming treatments are nested within winter warming treatments, plots 1, 3, 5, 7 have open top chambers to produce a summer warming effect.</definition>
</textDomain>
</nonNumericDomain>
</nominal>
</measurementScale>
<!--No missing value/character in database (datafilevarible/errorcode)-->
</attribute>
<attribute>
<attributeName>Species</attributeName>
<attributeLabel>Species</attributeLabel>
<attributeDefinition>species for which data was recorded</attributeDefinition>
<storageType>string</storageType>
<measurementScale>
<nominal>
<nonNumericDomain>
<textDomain>
<definition>species for which data was recorded</definition>
</textDomain>
</nonNumericDomain>
</nominal>
</measurementScale>
<!--No missing value/character in database (datafilevarible/errorcode)-->
</attribute>
<attribute>
<attributeName>WW</attributeName>
<attributeLabel>WW</attributeLabel>
<attributeDefinition> W = winter warmed side; C= control/ambient side</attributeDefinition>
<storageType>string</storageType>
<measurementScale>
<nominal>
<nonNumericDomain>
<textDomain>
<definition> W = winter warmed side; C= control/ambient side</definition>
</textDomain>
</nonNumericDomain>
</nominal>
</measurementScale>
<!--No missing value/character in database (datafilevarible/errorcode)-->
</attribute>
<attribute>
<attributeName>SW</attributeName>
<attributeLabel>SW</attributeLabel>
<attributeDefinition>S = summer or air warming; C=control</attributeDefinition>
<storageType>string</storageType>
<measurementScale>
<nominal>
<nonNumericDomain>
<textDomain>
<definition>S = summer or air warming; C=control</definition>
</textDomain>
</nonNumericDomain>
</nominal>
</measurementScale>
<!--No missing value/character in database (datafilevarible/errorcode)-->
</attribute>
<attribute>
<attributeName>treatment</attributeName>
<attributeLabel>treatment</attributeLabel>
<attributeDefinition>treatment label - Air warming refers to presence of an open top chamber, Soil warming refers to the winter warmed plots in which increased snow cover produces elevated soil temperatures, Air &amp; Soil warming refers to open top chamber and increased snow depth treatments, Ambient refers to no air or soil warming treatment.</attributeDefinition>
<storageType>string</storageType>
<measurementScale>
<nominal>
<nonNumericDomain>
<textDomain>
<definition>treatment label - Air warming refers to presence of an open top chamber, Soil warming refers to the winter warmed plots in which increased snow cover produces elevated soil temperatures, Air &amp; Soil warming refers to open top chamber and increased snow depth treatments, Ambient refers to no air or soil warming treatment.</definition>
</textDomain>
</nonNumericDomain>
</nominal>
</measurementScale>
<!--No missing value/character in database (datafilevarible/errorcode)-->
</attribute>
<attribute>
<attributeName>max.berries</attributeName>
<attributeLabel>max.berries</attributeLabel>
<attributeDefinition>maximum numer of berries</attributeDefinition>
<storageType>float</storageType>
<measurementScale>
<ratio>
<unit>
<customUnit>count</customUnit>
</unit>
<numericDomain>
<numberType>real</numberType>
<!--No minimum value recorded in database (datafilevaribles/minvalid)-->
</numericDomain>
</ratio>
</measurementScale>
<missingValueCode>
<code>NP</code>
<codeExplanation>Missing Value</codeExplanation>
</missingValueCode>
</attribute>
<attribute>
<attributeName>berry.biomass</attributeName>
<attributeLabel>berry.biomass</attributeLabel>
<attributeDefinition>max number of berries, adjusted for the biomass of that species in the plot</attributeDefinition>
<storageType>float</storageType>
<measurementScale>
<ratio>
<unit>
<customUnit>maxberries(gbiomass)-1m-2</customUnit>
</unit>
<numericDomain>
<numberType>real</numberType>
<!--No minimum value recorded in database (datafilevaribles/minvalid)-->
</numericDomain>
</ratio>
</measurementScale>
<missingValueCode>
<code>NA</code>
<codeExplanation>Missing Value</codeExplanation>
</missingValueCode>
</attribute>
<attribute>
<attributeName>biomass</attributeName>
<attributeLabel>biomass</attributeLabel>
<attributeDefinition>species biomass</attributeDefinition>
<storageType>float</storageType>
<measurementScale>
<ratio>
<unit>
<standardUnit>dimensionless</standardUnit>
</unit>
<numericDomain>
<numberType>real</numberType>
<!--No minimum value recorded in database (datafilevaribles/minvalid)-->
</numericDomain>
</ratio>
</measurementScale>
<!--No missing value/character in database (datafilevarible/errorcode)-->
</attribute>
</attributeList>
</dataTable>
</dataset>
<additionalMetadata>
 <metadata>
 <unitList>
<unit id="count"/>
<unit id="maxberries(gbiomass)-1m-2"/>
</unitList>
 </metadata>
 </additionalMetadata>
</eml:eml>
