<?xml version="1.0" encoding="UTF-8"?>
<eml:eml packageId="knb-lter-knz.230.3" scope="system"
  system="https://pasta.lternet.edu"
  xmlns:eml="eml://ecoinformatics.org/eml-2.1.1"
  xmlns:stmml="http://www.xml-cml.org/schema/stmml-1.1"
  xmlns:xsi="http://www.w3.org/2001/XMLSchema-instance" xsi:schemaLocation="eml://ecoinformatics.org/eml-2.1.0   http://nis.lternet.edu/schemas/EML/eml-2.1.0/eml.xsd">
  <access authSystem="https://pasta.lternet.edu/authentication"
    order="allowFirst" system="https://pasta.lternet.edu">
    <allow>
      <principal>uid=KNZ,o=LTER,dc=ecoinformatics,dc=org</principal>
      <permission>all</permission>
    </allow>
    <allow>
      <principal>public</principal>
      <permission>read</permission>
    </allow>
  </access>
  <dataset>
    <alternateIdentifier>GIS30</alternateIdentifier>
    <title>GIS30 GIS Coverages Defining Sample Locations for Abiotic Datasets on Konza Prairie (1972-present)</title>
    <creator>
      <individualName>
        <givenName>John</givenName>
        <givenName>M.</givenName>
        <surName>Briggs</surName>
      </individualName>
      <address>
        <deliveryPoint>116 Ackert Hall, Division of Biology, Kansas State University</deliveryPoint>
        <city>Manhattan</city>
        <administrativeArea>KS</administrativeArea>
        <postalCode>66506</postalCode>
        <country>USA</country>
      </address>
      <phone>785-532-0140</phone>
      <electronicMailAddress>Jbriggs1@ksu.edu</electronicMailAddress>
    </creator>
    <metadataProvider>
      <organizationName>KNZ LTER information Manager</organizationName>
      <onlineUrl>http://www.konza.ksu.edu</onlineUrl>
    </metadataProvider>
    <pubDate>2016</pubDate>
    <language>english</language>
    <abstract>
      <para>These data show sample locations for various abiotic data collected on Konza Prairie (rain gauges, soil moisture, and stream data). Included in these data are the locations for 12rain gauges (GIS300) on Konza Prairie. The Konza headquarters weather station formerly consisted of two gauges which were operated year-round. The Konza headquarters weather station currently consists of one Otto-Pluvio2 gauge which is operated year-round. The remaining Konza-operated gauges run from April 1 to November 1. These data are to be used in conjunction with the APT01 (precipitation) dataset.</para>
      <para>GIS305 defines the locations where measurements of soil moisture (%volume) are taken on Konza Prairie. These data are to be used in conjunction with the ASM01 (soil moisture) dataset.</para>
      <para>GIS310 defines the locations within watershed N4D where samples are taken for analyzing the belowground water chemistry of the watershed. These data are to be used in conjunction with the AGW01 dataset.</para>
      <para>GIS311 defines the locations of 14 wells at two sites along Kings Creek. Depth and nutrient content of groundwater is measured at these sites. These data are to be used in conjunction with the AGW02 dataset.</para>
      <para>GIS315 defines the locations of stream gauging stations (including one operated by the USGS*) within multiple Konza watersheds. These data are to be used in conjunction with the APT, NWC, ASS, and ASW datasets. (*http://waterdata.usgs.gov/nwis/nwisman/?site_no=06879650)</para>
      <para>GIS320 defines the locations of the rainfall collectors used to collect the samples analyzed as a part of the National Atmospheric Deposition Program. These data are to be used in conjunction with the ANA01 dataset.</para>
    </abstract>
    <keywordSet>
      <keyword keywordType="theme">grasslands</keyword>
      <keyword keywordType="theme">ecology</keyword>
      <keyword keywordType="theme">grasses</keyword>
      <keyword keywordType="theme">geographic information systems</keyword>
      <keyword keywordType="theme">GIS</keyword>
      <keyword keywordType="theme">rain</keyword>
      <keyword keywordType="theme">measurements</keyword>
      <keyword keywordType="theme">precipitation</keyword>
      <keyword keywordType="theme">boundaries</keyword>
      <keyword keywordType="theme">biota</keyword>
      <keyword keywordType="theme">environment</keyword>
      <keyword keywordType="theme">soil</keyword>
      <keyword keywordType="theme">soil water</keyword>
      <keyword keywordType="theme">soil water content</keyword>
      <keyword keywordType="theme">soil moisture</keyword>
      <keyword keywordType="theme">water</keyword>
      <keyword keywordType="theme">streams</keyword>
      <keyword keywordType="theme">stream discharge</keyword>
      <keyword keywordType="theme">stream flow</keyword>
      <keyword keywordType="theme">stream ecology</keyword>
      <keyword keywordType="theme">groundwater</keyword>
      <keyword keywordType="theme">water chemistry</keyword>
      <keyword keywordType="theme">dissolved nutrients</keyword>
      <keywordThesaurus>None</keywordThesaurus>
    </keywordSet>
    <keywordSet>
      <keyword keywordType="place">Riley County</keyword>
      <keyword keywordType="place">Geary county</keyword>
      <keyword keywordType="place">Kansas</keyword>
      <keyword keywordType="place">Konza Prairie Biological Station</keyword>
      <keyword keywordType="place">KNZ</keyword>
      <keyword keywordType="place">LTER</keyword>
      <keywordThesaurus>GNIS</keywordThesaurus>
    </keywordSet>
    <additionalInfo>
      <section>
        <title>Data presentation form</title>
        <para>
          <literalLayout>vector digital data</literalLayout>
        </para>
      </section>
    </additionalInfo>
    <intellectualRights>
      <section>
        <title>Access constraints</title>
        <para>
          <literalLayout>None</literalLayout>
        </para>
      </section>
      <section>
        <title>Use Constraints</title>
        <para>
          <literalLayout>We ask all publications, reports and proposals who use any data from KNZ acknowledge cite the KNZ program using the following statement: "Data for XXX was supported by the NSF Long Term Ecological Research Program at Konza Prairie Research Natural Area"; where XXX is the list of data sets used in the publications, reports or proposals.</literalLayout>
        </para>
      </section>
    </intellectualRights>
    <distribution>
      <online>
        <url>http://www.konza.ksu.edu/KNZ/pages/data/Knzdsdetail.aspx?datasetCode=GIS30</url>
      </online>
    </distribution>
    <coverage>
      <geographicCoverage>
        <geographicDescription>Riley CountyGeary countyKansasKonza Prairie Biological StationKNZLTER</geographicDescription>
        <boundingCoordinates>
          <westBoundingCoordinate>-96.610960</westBoundingCoordinate>
          <eastBoundingCoordinate>-96.562587</eastBoundingCoordinate>
          <northBoundingCoordinate>39.102503</northBoundingCoordinate>
          <southBoundingCoordinate>39.067453</southBoundingCoordinate>
        </boundingCoordinates>
      </geographicCoverage>
      <temporalCoverage>
        <rangeOfDates>
          <beginDate>
            <calendarDate>1972-01-01</calendarDate>
          </beginDate>
          <endDate>
            <calendarDate>2016-12-31 </calendarDate>
          </endDate>
        </rangeOfDates>
      </temporalCoverage>
    </coverage>
    <maintenance>
      <description>
        <section>
          <title>Progress</title>
          <para>
            <literalLayout>Complete</literalLayout>
          </para>
        </section>
        <section>
          <title>Update</title>
          <para>
            <literalLayout>None planned</literalLayout>
          </para>
        </section>
      </description>
      <maintenanceUpdateFrequency>otherMaintenancePeriod</maintenanceUpdateFrequency>
    </maintenance>
    <contact>
      <positionName>Information Manager</positionName>
      <organizationName>LTER Network Office</organizationName>
      <address>
        <deliveryPoint>UNM Biology Department, MSC03-2020</deliveryPoint>
        <deliveryPoint>1 University of New Mexico</deliveryPoint>
        <city>Albuquerque</city>
        <administrativeArea>NM</administrativeArea>
        <postalCode>87131-0001</postalCode>
        <country>USA</country>
      </address>
      <phone phonetype="voice">505 277-2535</phone>
      <phone phonetype="fax">505 277-2541</phone>
      <electronicMailAddress>tech-support@lternet.edu</electronicMailAddress>
      <onlineUrl>http://www.lternet.edu</onlineUrl>
    </contact>
    <contact id="im">
      <positionName>KNZ-LTER Data Manager</positionName>
      <address>
        <deliveryPoint>Division of Biology</deliveryPoint>
        <deliveryPoint>Kansas State University</deliveryPoint>
        <city>Manhattan</city>
        <administrativeArea>KS</administrativeArea>
        <postalCode>66506</postalCode>
      </address>
      <phone phonetype="voice">(785)532-6729</phone>
      <phone phonetype="fax">(785)532-6653</phone>
      <electronicMailAddress>knzlter@ksu.edu</electronicMailAddress>
      <onlineUrl>http://www.konza.ksu.edu</onlineUrl>
    </contact>
    <methods>
      <methodStep>
        <description>
          <para> For additional metadata see:
						<ulink>http://www.konza.ksu.edu/KNZ/docs/DC.pdf</ulink>
          </para>
          <para>For additional methods information see:
						<ulink>http://www.konza.ksu.edu/KNZ/docs/MM.pdf</ulink>
          </para>
        </description>
      </methodStep>
    </methods>
    <spatialVector>
      <alternateIdentifier>GIS300</alternateIdentifier>
      <entityName>GIS300 Rain gague stations on Konza Prairie</entityName>
      <entityDescription>There are 11 raingauges at 10 sites on Konza Prairie. Three sites (HQ1, 020A and 002C; SE) have 7-day clocks (one revolution per week), while the other 8 have 24-hour clocks (one revolution per day). The Konza headquarters weather station has one of each type and both are operated year-round. The remaining raingauges are operated from April 1 to November 1. This data may be used in conjunction with the Precipitation on Konza Prairie collected at 12 rainfall gauges (APT01) dataset for spatially explicit analyses of these data.</entityDescription>
      <physical>
        <objectName>GIS300</objectName>
        <dataFormat>
          <externallyDefinedFormat>
            <formatName>zip file with ARC/INFO shape file
								</formatName>
          </externallyDefinedFormat>
        </dataFormat>
        <distribution>
          <online>
            <url>https://pasta.lternet.edu/package/data/eml/knb-lter-knz/230/3/a166d09a16fe270ef355ceb556f4a9b3</url>
          </online>
        </distribution>
      </physical>
      <coverage>
        <geographicCoverage>
          <geographicDescription>Riley CountyGeary countyKansasKonza Prairie Biological StationKNZLTER</geographicDescription>
          <boundingCoordinates>
            <westBoundingCoordinate>-96.610960</westBoundingCoordinate>
            <eastBoundingCoordinate>-96.562587</eastBoundingCoordinate>
            <northBoundingCoordinate>39.102503</northBoundingCoordinate>
            <southBoundingCoordinate>39.067453</southBoundingCoordinate>
          </boundingCoordinates>
        </geographicCoverage>
      </coverage>
      <attributeList>
        <attribute>
          <attributeName>FID</attributeName>
          <attributeDefinition>Internal feature number.</attributeDefinition>
          <storageType typeSystem="http://www.esri.com/metadata/esriprof80.html"/>
          <measurementScale>
            <nominal>
              <nonNumericDomain>
                <textDomain>
                  <definition>Sequential unique whole numbers that are automatically generated.</definition>
                </textDomain>
              </nonNumericDomain>
            </nominal>
          </measurementScale>
        </attribute>
        <attribute>
          <attributeName>Shape</attributeName>
          <attributeDefinition>Feature geometry.</attributeDefinition>
          <storageType typeSystem="http://www.esri.com/metadata/esriprof80.html"/>
          <measurementScale>
            <nominal>
              <nonNumericDomain>
                <textDomain>
                  <definition>Coordinates defining the features.</definition>
                </textDomain>
              </nonNumericDomain>
            </nominal>
          </measurementScale>
        </attribute>
        <attribute>
          <attributeName>Watershed</attributeName>
          <attributeDefinition>Watershed name</attributeDefinition>
          <storageType typeSystem="http://www.esri.com/metadata/esriprof80.html"/>
          <measurementScale>
            <nominal>
              <nonNumericDomain>
                <textDomain>
                  <definition>No further information about this attribute was provided</definition>
                </textDomain>
              </nonNumericDomain>
            </nominal>
          </measurementScale>
        </attribute>
        <attribute>
          <attributeName>RainGauge</attributeName>
          <attributeDefinition>Rain gauge name</attributeDefinition>
          <storageType typeSystem="http://www.esri.com/metadata/esriprof80.html"/>
          <measurementScale>
            <nominal>
              <nonNumericDomain>
                <textDomain>
                  <definition>No further information about this attribute was provided</definition>
                </textDomain>
              </nonNumericDomain>
            </nominal>
          </measurementScale>
        </attribute>
        <attribute>
          <attributeName>X_COOR</attributeName>
          <attributeDefinition>X coordinate in geographic projection. (Decimal Degrees)</attributeDefinition>
          <storageType typeSystem="http://www.esri.com/metadata/esriprof80.html"/>
          <measurementScale>
            <nominal>
              <nonNumericDomain>
                <textDomain>
                  <definition>No further information about this attribute was provided</definition>
                </textDomain>
              </nonNumericDomain>
            </nominal>
          </measurementScale>
        </attribute>
        <attribute>
          <attributeName>Y_COOR</attributeName>
          <attributeDefinition>Y coordinate in geographic projection. (Decimal Degrees)</attributeDefinition>
          <storageType typeSystem="http://www.esri.com/metadata/esriprof80.html"/>
          <measurementScale>
            <nominal>
              <nonNumericDomain>
                <textDomain>
                  <definition>No further information about this attribute was provided</definition>
                </textDomain>
              </nonNumericDomain>
            </nominal>
          </measurementScale>
        </attribute>
        <attribute>
          <attributeName>Datacode</attributeName>
          <attributeDefinition>Dataset code</attributeDefinition>
          <storageType typeSystem="http://www.esri.com/metadata/esriprof80.html"/>
          <measurementScale>
            <nominal>
              <nonNumericDomain>
                <textDomain>
                  <definition>No further information about this attribute was provided</definition>
                </textDomain>
              </nonNumericDomain>
            </nominal>
          </measurementScale>
        </attribute>
        <attribute>
          <attributeName>DATAID</attributeName>
          <attributeDefinition>Feature ID number</attributeDefinition>
          <storageType typeSystem="http://www.esri.com/metadata/esriprof80.html"/>
          <measurementScale>
            <nominal>
              <nonNumericDomain>
                <textDomain>
                  <definition>No further information about this attribute was provided</definition>
                </textDomain>
              </nonNumericDomain>
            </nominal>
          </measurementScale>
        </attribute>
      </attributeList>
      <geometry>Point</geometry>
      <geometricObjectCount>11</geometricObjectCount>
      <spatialReference>
        <horizCoordSysDef name="Transverse Mercator">
          <projCoordSys>
            <geogCoordSys>
              <datum name="D North American 1983"/>
              <spheroid denomFlatRatio="298.257222101" name="GRS 1980" semiAxisMajor="6378137.0"/>
              <primeMeridian longitude="0.0" name=" Greenwich"/>
              <unit name="degree"/>
            </geogCoordSys>
            <projection name="Transverse Mercator">
              <parameter
                description="a multiplier for reducing a distance obtained from a map by computation or scaling to the actual distance along the central meridian."
                name="Scale factor at central meridian" value="0.9996"/>
              <parameter
                description="The line of logitude at the center of the map projection"
                name="Longitude at central meridian" value="-99.0"/>
              <parameter
                description="The latitude chosen as center of the projection"
                name="Latitude of projection origin" value="0.0"/>
              <parameter
                description="A value added in a rectangular coordinate system, usually used to avoid negative values"
                name="False Easting" value="500000.0"/>
              <parameter
                description="A value added in a rectangular coordinate system, usually used to avoid negative values"
                name="False Northing" value="0.0"/>
              <unit name="meter"/>
            </projection>
          </projCoordSys>
        </horizCoordSysDef>
      </spatialReference>
    </spatialVector>
    <spatialVector>
      <alternateIdentifier>GIS305</alternateIdentifier>
      <entityName>GIS305 Soil moisture collection sites at Konza Prairie</entityName>
      <entityDescription>Data set contains the locations where measurements of soil moisture (%volume) at various depths (25-200 cm) in deep soils for watersheds burned at 1 and 4 year intervals and unburned watersheds are taken. Soil moisture is measured by the neutron probe method. This data may be used in conjunction with the Soil moisture (ASM01) dataset for spatially explicit analyses of these data.</entityDescription>
      <physical>
        <objectName>GIS305</objectName>
        <dataFormat>
          <externallyDefinedFormat>
            <formatName>zip file with ARC/INFO shape file
  					</formatName>
          </externallyDefinedFormat>
        </dataFormat>
        <distribution>
          <online>
            <url>https://pasta.lternet.edu/package/data/eml/knb-lter-knz/230/3/0c9b3c5d191f4e89ef6660cb3044dd0c</url>
          </online>
        </distribution>
      </physical>
      <coverage>
        <geographicCoverage>
          <geographicDescription>Riley CountyGeary countyKansasKonza Prairie Biological StationKNZLTER</geographicDescription>
          <boundingCoordinates>
            <westBoundingCoordinate>-96.611030</westBoundingCoordinate>
            <eastBoundingCoordinate>-96.554116</eastBoundingCoordinate>
            <northBoundingCoordinate>39.090049</northBoundingCoordinate>
            <southBoundingCoordinate>39.067849</southBoundingCoordinate>
          </boundingCoordinates>
        </geographicCoverage>
      </coverage>
      <attributeList>
        <attribute>
          <attributeName>FID</attributeName>
          <attributeDefinition>Internal feature number.</attributeDefinition>
          <storageType typeSystem="http://www.esri.com/metadata/esriprof80.html"/>
          <measurementScale>
            <nominal>
              <nonNumericDomain>
                <textDomain>
                  <definition>Sequential unique whole numbers that are automatically generated.</definition>
                </textDomain>
              </nonNumericDomain>
            </nominal>
          </measurementScale>
        </attribute>
        <attribute>
          <attributeName>Shape</attributeName>
          <attributeDefinition>Feature geometry.</attributeDefinition>
          <storageType typeSystem="http://www.esri.com/metadata/esriprof80.html"/>
          <measurementScale>
            <nominal>
              <nonNumericDomain>
                <textDomain>
                  <definition>Coordinates defining the features.</definition>
                </textDomain>
              </nonNumericDomain>
            </nominal>
          </measurementScale>
        </attribute>
        <attribute>
          <attributeName>Watershed</attributeName>
          <attributeDefinition>Watershed name</attributeDefinition>
          <storageType typeSystem="http://www.esri.com/metadata/esriprof80.html"/>
          <measurementScale>
            <nominal>
              <nonNumericDomain>
                <textDomain>
                  <definition>No further information about this attribute was provided</definition>
                </textDomain>
              </nonNumericDomain>
            </nominal>
          </measurementScale>
        </attribute>
        <attribute>
          <attributeName>TUBE</attributeName>
          <attributeDefinition>Soil moisture tube</attributeDefinition>
          <storageType typeSystem="http://www.esri.com/metadata/esriprof80.html"/>
          <measurementScale>
            <nominal>
              <nonNumericDomain>
                <textDomain>
                  <definition>No further information about this attribute was provided</definition>
                </textDomain>
              </nonNumericDomain>
            </nominal>
          </measurementScale>
        </attribute>
        <attribute>
          <attributeName>X_COOR</attributeName>
          <attributeDefinition>X coordinate in geographic projection. (Decimal Degrees)</attributeDefinition>
          <storageType typeSystem="http://www.esri.com/metadata/esriprof80.html"/>
          <measurementScale>
            <nominal>
              <nonNumericDomain>
                <textDomain>
                  <definition>No further information about this attribute was provided</definition>
                </textDomain>
              </nonNumericDomain>
            </nominal>
          </measurementScale>
        </attribute>
        <attribute>
          <attributeName>Y_COOR</attributeName>
          <attributeDefinition>Y coordinate in geographic projection. (Decimal Degrees)</attributeDefinition>
          <storageType typeSystem="http://www.esri.com/metadata/esriprof80.html"/>
          <measurementScale>
            <nominal>
              <nonNumericDomain>
                <textDomain>
                  <definition>No further information about this attribute was provided</definition>
                </textDomain>
              </nonNumericDomain>
            </nominal>
          </measurementScale>
        </attribute>
        <attribute>
          <attributeName>Datacode</attributeName>
          <attributeDefinition>Dataset code name</attributeDefinition>
          <storageType typeSystem="http://www.esri.com/metadata/esriprof80.html"/>
          <measurementScale>
            <nominal>
              <nonNumericDomain>
                <textDomain>
                  <definition>No further information about this attribute was provided</definition>
                </textDomain>
              </nonNumericDomain>
            </nominal>
          </measurementScale>
        </attribute>
        <attribute>
          <attributeName>DATAID</attributeName>
          <attributeDefinition>Feature ID number</attributeDefinition>
          <storageType typeSystem="http://www.esri.com/metadata/esriprof80.html"/>
          <measurementScale>
            <nominal>
              <nonNumericDomain>
                <textDomain>
                  <definition>No further information about this attribute was provided</definition>
                </textDomain>
              </nonNumericDomain>
            </nominal>
          </measurementScale>
        </attribute>
      </attributeList>
      <geometry>Point</geometry>
      <geometricObjectCount>20</geometricObjectCount>
      <spatialReference>
        <horizCoordSysDef name="Transverse Mercator">
          <projCoordSys>
            <geogCoordSys>
              <datum name="D North American 1983"/>
              <spheroid denomFlatRatio="298.257222101" name="GRS 1980" semiAxisMajor="6378137.0"/>
              <primeMeridian longitude="0.0" name=" Greenwich"/>
              <unit name="degree"/>
            </geogCoordSys>
            <projection name="Transverse Mercator">
              <parameter
                description="a multiplier for reducing a distance obtained from a map by computation or scaling to the actual distance along the central meridian."
                name="Scale factor at central meridian" value="0.9996"/>
              <parameter
                description="The line of logitude at the center of the map projection"
                name="Longitude at central meridian" value="-99.0"/>
              <parameter
                description="The latitude chosen as center of the projection"
                name="Latitude of projection origin" value="0.0"/>
              <parameter
                description="A value added in a rectangular coordinate system, usually used to avoid negative values"
                name="False Easting" value="500000.0"/>
              <parameter
                description="A value added in a rectangular coordinate system, usually used to avoid negative values"
                name="False Northing" value="0.0"/>
              <unit name="meter"/>
            </projection>
          </projCoordSys>
        </horizCoordSysDef>
      </spatialReference>
    </spatialVector>
    <spatialVector>
      <alternateIdentifier>GIS310</alternateIdentifier>
      <entityName>GIS310 Wells in N4D</entityName>
      <entityDescription>This dataset defines the sample locations for various abiotic data collected on Konza Prairie (rain gauges, soil moisture, and stream data). Included in this are locations for 12 rain gauges (GIS300) on Konza Prairie. The Konza headquarters weather station formerly consisted of two gauges which were operated year-round. The Konza headquarters weather station currently consists of one Otto-Pluvio2 gauge which is operated year-round. The remaining Konza-operated gauges run from April 1 to November 1. These data are to be used in conjunction with the APT01 (precipitation) dataset. GIS305 defines the locations where measurements of soil moisture (%volume) are taken on Konza Prairie. These data are to be used in conjunction with the ASM01 (soil moisture) dataset. GIS310 defines the locations within watershed N4D where samples are taken for analyzing the belowground water chemistry of the watershed. These data are to be used in conjunction with the AGW01 dataset. GIS311 defines the locations of 14 wells at two sites along Kings Creek. Depth and nutrient content of groundwater is measured at these sites. These data are to be used in conjunction with the AGW02 dataset. GIS315 defines the locations of stream gauging stations (including one operated by the USGS*) within multiple Konza watersheds. These data are to be used in conjunction with the APT, NWC, ASS, and ASW datasets. (*http://waterdata.usgs.gov/nwis/nwisman/?site_no=06879650)GIS320 defines the locations of the rainfall collectors used to collect the samples analyzed as a part of the National Atmospheric Deposition Program. These data are to be used in conjunction with the ANA01 dataset. This is datatype GIS310.</entityDescription>
      <physical>
        <objectName>GIS310</objectName>
        <dataFormat>
          <externallyDefinedFormat>
            <formatName>zip file with ARC/INFO shape file
  					</formatName>
          </externallyDefinedFormat>
        </dataFormat>
        <distribution>
          <online>
            <url>https://pasta.lternet.edu/package/data/eml/knb-lter-knz/230/3/be1cbeb2ba8c129f971334bb791122bf</url>
          </online>
        </distribution>
      </physical>
      <coverage>
        <geographicCoverage>
          <geographicDescription>Riley CountyGeary countyKansasKNZKonza Prairie Biological StationLTER</geographicDescription>
          <boundingCoordinates>
            <westBoundingCoordinate>-96.585538</westBoundingCoordinate>
            <eastBoundingCoordinate>-96.581767</eastBoundingCoordinate>
            <northBoundingCoordinate>39.087714</northBoundingCoordinate>
            <southBoundingCoordinate>39.084615</southBoundingCoordinate>
          </boundingCoordinates>
        </geographicCoverage>
      </coverage>
      <attributeList>
        <attribute>
          <attributeName>FID</attributeName>
          <attributeDefinition>Internal feature number.</attributeDefinition>
          <storageType typeSystem="http://www.esri.com/metadata/esriprof80.html"/>
          <measurementScale>
            <nominal>
              <nonNumericDomain>
                <textDomain>
                  <definition>Sequential unique whole numbers that are automatically generated.</definition>
                </textDomain>
              </nonNumericDomain>
            </nominal>
          </measurementScale>
        </attribute>
        <attribute>
          <attributeName>Shape</attributeName>
          <attributeDefinition>Feature geometry.</attributeDefinition>
          <storageType typeSystem="http://www.esri.com/metadata/esriprof80.html"/>
          <measurementScale>
            <nominal>
              <nonNumericDomain>
                <textDomain>
                  <definition>Coordinates defining the features.</definition>
                </textDomain>
              </nonNumericDomain>
            </nominal>
          </measurementScale>
        </attribute>
        <attribute>
          <attributeName>PLOTID</attributeName>
          <attributeDefinition>PLOTID</attributeDefinition>
          <storageType typeSystem="http://www.esri.com/metadata/esriprof80.html"/>
          <measurementScale>
            <nominal>
              <nonNumericDomain>
                <textDomain>
                  <definition>No further information about this attribute was provided</definition>
                </textDomain>
              </nonNumericDomain>
            </nominal>
          </measurementScale>
        </attribute>
        <attribute>
          <attributeName>TRANSECT</attributeName>
          <attributeDefinition>TRANSECT</attributeDefinition>
          <storageType typeSystem="http://www.esri.com/metadata/esriprof80.html"/>
          <measurementScale>
            <nominal>
              <nonNumericDomain>
                <textDomain>
                  <definition>No further information about this attribute was provided</definition>
                </textDomain>
              </nonNumericDomain>
            </nominal>
          </measurementScale>
        </attribute>
        <attribute>
          <attributeName>TYPE</attributeName>
          <attributeDefinition>TYPE</attributeDefinition>
          <storageType typeSystem="http://www.esri.com/metadata/esriprof80.html"/>
          <measurementScale>
            <nominal>
              <nonNumericDomain>
                <textDomain>
                  <definition>No further information about this attribute was provided</definition>
                </textDomain>
              </nonNumericDomain>
            </nominal>
          </measurementScale>
        </attribute>
        <attribute>
          <attributeName>ELEVATION</attributeName>
          <attributeDefinition>ELEVATION</attributeDefinition>
          <storageType typeSystem="http://www.esri.com/metadata/esriprof80.html"/>
          <measurementScale>
            <nominal>
              <nonNumericDomain>
                <textDomain>
                  <definition>No further information about this attribute was provided</definition>
                </textDomain>
              </nonNumericDomain>
            </nominal>
          </measurementScale>
        </attribute>
        <attribute>
          <attributeName>X_COOR</attributeName>
          <attributeDefinition>X_COOR</attributeDefinition>
          <storageType typeSystem="http://www.esri.com/metadata/esriprof80.html"/>
          <measurementScale>
            <nominal>
              <nonNumericDomain>
                <textDomain>
                  <definition>No further information about this attribute was provided</definition>
                </textDomain>
              </nonNumericDomain>
            </nominal>
          </measurementScale>
        </attribute>
        <attribute>
          <attributeName>Y_COOR</attributeName>
          <attributeDefinition>YCOOR_1</attributeDefinition>
          <storageType typeSystem="http://www.esri.com/metadata/esriprof80.html"/>
          <measurementScale>
            <nominal>
              <nonNumericDomain>
                <textDomain>
                  <definition>No further information about this attribute was provided</definition>
                </textDomain>
              </nonNumericDomain>
            </nominal>
          </measurementScale>
        </attribute>
        <attribute>
          <attributeName>DATACODE</attributeName>
          <attributeDefinition>DATACODE</attributeDefinition>
          <storageType typeSystem="http://www.esri.com/metadata/esriprof80.html"/>
          <measurementScale>
            <nominal>
              <nonNumericDomain>
                <textDomain>
                  <definition>No further information about this attribute was provided</definition>
                </textDomain>
              </nonNumericDomain>
            </nominal>
          </measurementScale>
        </attribute>
        <attribute>
          <attributeName>DATAID</attributeName>
          <attributeDefinition>DATAID</attributeDefinition>
          <storageType typeSystem="http://www.esri.com/metadata/esriprof80.html"/>
          <measurementScale>
            <nominal>
              <nonNumericDomain>
                <textDomain>
                  <definition>No further information about this attribute was provided</definition>
                </textDomain>
              </nonNumericDomain>
            </nominal>
          </measurementScale>
        </attribute>
      </attributeList>
      <geometry>Point</geometry>
      <geometricObjectCount>46</geometricObjectCount>
      <spatialReference>
        <horizCoordSysDef name="NAD 1983 UTM Zone 14N">
          <projCoordSys>
            <geogCoordSys>
              <datum name="D North American 1983"/>
              <spheroid denomFlatRatio="298.257222101" name="GRS 1980" semiAxisMajor="6378137.0"/>
              <primeMeridian longitude="0.0" name=" Greenwich"/>
              <unit name="degree"/>
            </geogCoordSys>
            <projection name="Transverse Mercator">
              <parameter
                description="a multiplier for reducing a distance obtained from a map by computation or scaling to the actual distance along the central meridian."
                name="Scale factor at central meridian" value="0.9996"/>
              <parameter
                description="The line of logitude at the center of the map projection"
                name="Longitude at central meridian" value="-99.0"/>
              <parameter
                description="The latitude chosen as center of the projection"
                name="Latitude of projection origin" value="0.0"/>
              <parameter
                description="A value added in a rectangular coordinate system, usually used to avoid negative values"
                name="False Easting" value="500000.0"/>
              <parameter
                description="A value added in a rectangular coordinate system, usually used to avoid negative values"
                name="False Northing" value="0.0"/>
              <unit name="meter"/>
            </projection>
          </projCoordSys>
        </horizCoordSysDef>
      </spatialReference>
    </spatialVector>
    <spatialVector>
      <alternateIdentifier>GIS311</alternateIdentifier>
      <entityName>GIS311 Wells in the Kings Creek watershed</entityName>
      <entityDescription>This dataset defines the sample locations for various abiotic data collected on Konza Prairie (rain gauges, soil moisture, and stream data). Included in this are locations for 12 rain gauges (GIS300) on Konza Prairie. The Konza headquarters weather station formerly consisted of two gauges which were operated year-round. The Konza headquarters weather station currently consists of one Otto-Pluvio2 gauge which is operated year-round. The remaining Konza-operated gauges run from April 1 to November 1. These data are to be used in conjunction with the APT01 (precipitation) dataset. GIS305 defines the locations where measurements of soil moisture (%volume) are taken on Konza Prairie. These data are to be used in conjunction with the ASM01 (soil moisture) dataset. GIS310 defines the locations within watershed N4D where samples are taken for analyzing the belowground water chemistry of the watershed. These data are to be used in conjunction with the AGW01 dataset. GIS311 defines the locations of 14 wells at two sites along Kings Creek. Depth and nutrient content of groundwater is measured at these sites. These data are to be used in conjunction with the AGW02 dataset. GIS315 defines the locations of stream gauging stations (including one operated by the USGS*) within multiple Konza watersheds. These data are to be used in conjunction with the APT, NWC, ASS, and ASW datasets. (*http://waterdata.usgs.gov/nwis/nwisman/?site_no=06879650)GIS320 defines the locations of the rainfall collectors used to collect the samples analyzed as a part of the National Atmospheric Deposition Program. These data are to be used in conjunction with the ANA01 dataset. This is datatype GIS311.</entityDescription>
      <physical>
        <objectName>GIS311</objectName>
        <dataFormat>
          <externallyDefinedFormat>
            <formatName>zip file with ARC/INFO shape file
						</formatName>
          </externallyDefinedFormat>
        </dataFormat>
        <distribution>
          <online>
            <url>https://pasta.lternet.edu/package/data/eml/knb-lter-knz/230/3/177f11ce9114aa35a0de43121e32eb79</url>
          </online>
        </distribution>
      </physical>
      <coverage>
        <geographicCoverage>
          <geographicDescription>Riley CountyGeary countyKansasKNZKonza Prairie Biological StationLTER</geographicDescription>
          <boundingCoordinates>
            <westBoundingCoordinate>-96.604066</westBoundingCoordinate>
            <eastBoundingCoordinate>-96.593102</eastBoundingCoordinate>
            <northBoundingCoordinate>39.104182</northBoundingCoordinate>
            <southBoundingCoordinate>39.102282</southBoundingCoordinate>
          </boundingCoordinates>
        </geographicCoverage>
      </coverage>
      <attributeList>
        <attribute>
          <attributeName>FID</attributeName>
          <attributeDefinition>Internal feature number.</attributeDefinition>
          <storageType typeSystem="http://www.esri.com/metadata/esriprof80.html"/>
          <measurementScale>
            <nominal>
              <nonNumericDomain>
                <textDomain>
                  <definition>Sequential unique whole numbers that are automatically generated.</definition>
                </textDomain>
              </nonNumericDomain>
            </nominal>
          </measurementScale>
        </attribute>
        <attribute>
          <attributeName>Shape</attributeName>
          <attributeDefinition>Feature geometry.</attributeDefinition>
          <storageType typeSystem="http://www.esri.com/metadata/esriprof80.html"/>
          <measurementScale>
            <nominal>
              <nonNumericDomain>
                <textDomain>
                  <definition>Coordinates defining the features.</definition>
                </textDomain>
              </nonNumericDomain>
            </nominal>
          </measurementScale>
        </attribute>
        <attribute>
          <attributeName>WELL</attributeName>
          <attributeDefinition>WELL</attributeDefinition>
          <storageType typeSystem="http://www.esri.com/metadata/esriprof80.html"/>
          <measurementScale>
            <nominal>
              <nonNumericDomain>
                <textDomain>
                  <definition>No further information about this attribute was provided</definition>
                </textDomain>
              </nonNumericDomain>
            </nominal>
          </measurementScale>
        </attribute>
        <attribute>
          <attributeName>WATERSHED</attributeName>
          <attributeDefinition>WATERSHED</attributeDefinition>
          <storageType typeSystem="http://www.esri.com/metadata/esriprof80.html"/>
          <measurementScale>
            <nominal>
              <nonNumericDomain>
                <textDomain>
                  <definition>No further information about this attribute was provided</definition>
                </textDomain>
              </nonNumericDomain>
            </nominal>
          </measurementScale>
        </attribute>
        <attribute>
          <attributeName>X_COOR</attributeName>
          <attributeDefinition>X_COOR</attributeDefinition>
          <storageType typeSystem="http://www.esri.com/metadata/esriprof80.html"/>
          <measurementScale>
            <nominal>
              <nonNumericDomain>
                <textDomain>
                  <definition>No further information about this attribute was provided</definition>
                </textDomain>
              </nonNumericDomain>
            </nominal>
          </measurementScale>
        </attribute>
        <attribute>
          <attributeName>Y_COOR</attributeName>
          <attributeDefinition>Y_COOR</attributeDefinition>
          <storageType typeSystem="http://www.esri.com/metadata/esriprof80.html"/>
          <measurementScale>
            <nominal>
              <nonNumericDomain>
                <textDomain>
                  <definition>No further information about this attribute was provided</definition>
                </textDomain>
              </nonNumericDomain>
            </nominal>
          </measurementScale>
        </attribute>
        <attribute>
          <attributeName>DATACODE</attributeName>
          <attributeDefinition>DATACODE</attributeDefinition>
          <storageType typeSystem="http://www.esri.com/metadata/esriprof80.html"/>
          <measurementScale>
            <nominal>
              <nonNumericDomain>
                <textDomain>
                  <definition>No further information about this attribute was provided</definition>
                </textDomain>
              </nonNumericDomain>
            </nominal>
          </measurementScale>
        </attribute>
        <attribute>
          <attributeName>DATAID</attributeName>
          <attributeDefinition>DATAID</attributeDefinition>
          <storageType typeSystem="http://www.esri.com/metadata/esriprof80.html"/>
          <measurementScale>
            <nominal>
              <nonNumericDomain>
                <textDomain>
                  <definition>No further information about this attribute was provided</definition>
                </textDomain>
              </nonNumericDomain>
            </nominal>
          </measurementScale>
        </attribute>
      </attributeList>
      <geometry>Point</geometry>
      <geometricObjectCount>14</geometricObjectCount>
      <spatialReference>
        <horizCoordSysDef name="NAD 1983 UTM Zone 14N">
          <projCoordSys>
            <geogCoordSys>
              <datum name="D North American 1983"/>
              <spheroid denomFlatRatio="298.257222101" name="GRS 1980" semiAxisMajor="6378137.0"/>
              <primeMeridian longitude="0.0" name=" Greenwich"/>
              <unit name="degree"/>
            </geogCoordSys>
            <projection name="Transverse Mercator">
              <parameter
                description="a multiplier for reducing a distance obtained from a map by computation or scaling to the actual distance along the central meridian."
                name="Scale factor at central meridian" value="0.9996"/>
              <parameter
                description="The line of logitude at the center of the map projection"
                name="Longitude at central meridian" value="-99.0"/>
              <parameter
                description="The latitude chosen as center of the projection"
                name="Latitude of projection origin" value="0.0"/>
              <parameter
                description="A value added in a rectangular coordinate system, usually used to avoid negative values"
                name="False Easting" value="500000.0"/>
              <parameter
                description="A value added in a rectangular coordinate system, usually used to avoid negative values"
                name="False Northing" value="0.0"/>
              <unit name="meter"/>
            </projection>
          </projCoordSys>
        </horizCoordSysDef>
      </spatialReference>
    </spatialVector>
    <spatialVector>
      <alternateIdentifier>GIS315</alternateIdentifier>
      <entityName>GIS315 Stream gague sites along Kings Creek</entityName>
      <entityDescription>Stream gauge stations along Kings Creek.</entityDescription>
      <physical>
        <objectName>GIS315</objectName>
        <dataFormat>
          <externallyDefinedFormat>
            <formatName>zip file with ARC/INFO shape file
  					</formatName>
          </externallyDefinedFormat>
        </dataFormat>
        <distribution>
          <online>
            <url>https://pasta.lternet.edu/package/data/eml/knb-lter-knz/230/3/7ba294b1e91450352b9b18d657cb47ce</url>
          </online>
        </distribution>
      </physical>
      <coverage>
        <geographicCoverage>
          <geographicDescription>Geary countyKansasRiley CountyKNZKonza Prairie Biological StationLTER</geographicDescription>
          <boundingCoordinates>
            <westBoundingCoordinate>-96.595110</westBoundingCoordinate>
            <eastBoundingCoordinate>-96.576130</eastBoundingCoordinate>
            <northBoundingCoordinate>39.101767</northBoundingCoordinate>
            <southBoundingCoordinate>39.086700</southBoundingCoordinate>
          </boundingCoordinates>
        </geographicCoverage>
      </coverage>
      <attributeList>
        <attribute>
          <attributeName>FID</attributeName>
          <attributeDefinition>Internal feature number.</attributeDefinition>
          <storageType typeSystem="http://www.esri.com/metadata/esriprof80.html"/>
          <measurementScale>
            <nominal>
              <nonNumericDomain>
                <textDomain>
                  <definition>Sequential unique whole numbers that are automatically generated.</definition>
                </textDomain>
              </nonNumericDomain>
            </nominal>
          </measurementScale>
        </attribute>
        <attribute>
          <attributeName>Shape</attributeName>
          <attributeDefinition>Feature geometry.</attributeDefinition>
          <storageType typeSystem="http://www.esri.com/metadata/esriprof80.html"/>
          <measurementScale>
            <nominal>
              <nonNumericDomain>
                <textDomain>
                  <definition>Coordinates defining the features.</definition>
                </textDomain>
              </nonNumericDomain>
            </nominal>
          </measurementScale>
        </attribute>
        <attribute>
          <attributeName>NAME</attributeName>
          <attributeDefinition>Station name.</attributeDefinition>
          <storageType typeSystem="http://www.esri.com/metadata/esriprof80.html"/>
          <measurementScale>
            <nominal>
              <nonNumericDomain>
                <textDomain>
                  <definition>No further information about this attribute was provided</definition>
                </textDomain>
              </nonNumericDomain>
            </nominal>
          </measurementScale>
        </attribute>
        <attribute>
          <attributeName>ALTITUDE</attributeName>
          <attributeDefinition>Altitude in meters of the stream gauges.</attributeDefinition>
          <storageType typeSystem="http://www.esri.com/metadata/esriprof80.html"/>
          <measurementScale>
            <nominal>
              <nonNumericDomain>
                <textDomain>
                  <definition>No further information about this attribute was provided</definition>
                </textDomain>
              </nonNumericDomain>
            </nominal>
          </measurementScale>
        </attribute>
        <attribute>
          <attributeName>WATERSHED</attributeName>
          <attributeDefinition>Watershed name</attributeDefinition>
          <storageType typeSystem="http://www.esri.com/metadata/esriprof80.html"/>
          <measurementScale>
            <nominal>
              <nonNumericDomain>
                <textDomain>
                  <definition>No further information about this attribute was provided</definition>
                </textDomain>
              </nonNumericDomain>
            </nominal>
          </measurementScale>
        </attribute>
        <attribute>
          <attributeName>X_COOR</attributeName>
          <attributeDefinition>X coordinate in geographic projection. (Decimal Degrees)</attributeDefinition>
          <storageType typeSystem="http://www.esri.com/metadata/esriprof80.html"/>
          <measurementScale>
            <nominal>
              <nonNumericDomain>
                <textDomain>
                  <definition>No further information about this attribute was provided</definition>
                </textDomain>
              </nonNumericDomain>
            </nominal>
          </measurementScale>
        </attribute>
        <attribute>
          <attributeName>Y_COOR</attributeName>
          <attributeDefinition>Y coordinate in geographic projection. (Decimal Degrees)</attributeDefinition>
          <storageType typeSystem="http://www.esri.com/metadata/esriprof80.html"/>
          <measurementScale>
            <nominal>
              <nonNumericDomain>
                <textDomain>
                  <definition>No further information about this attribute was provided</definition>
                </textDomain>
              </nonNumericDomain>
            </nominal>
          </measurementScale>
        </attribute>
        <attribute>
          <attributeName>Datacode</attributeName>
          <attributeDefinition>Dataset code name</attributeDefinition>
          <storageType typeSystem="http://www.esri.com/metadata/esriprof80.html"/>
          <measurementScale>
            <nominal>
              <nonNumericDomain>
                <textDomain>
                  <definition>No further information about this attribute was provided</definition>
                </textDomain>
              </nonNumericDomain>
            </nominal>
          </measurementScale>
        </attribute>
        <attribute>
          <attributeName>DATAID</attributeName>
          <attributeDefinition>Feature ID number</attributeDefinition>
          <storageType typeSystem="http://www.esri.com/metadata/esriprof80.html"/>
          <measurementScale>
            <nominal>
              <nonNumericDomain>
                <textDomain>
                  <definition>No further information about this attribute was provided</definition>
                </textDomain>
              </nonNumericDomain>
            </nominal>
          </measurementScale>
        </attribute>
      </attributeList>
      <geometry>Point</geometry>
      <geometricObjectCount>5</geometricObjectCount>
      <spatialReference>
        <horizCoordSysDef name="Transverse Mercator">
          <projCoordSys>
            <geogCoordSys>
              <datum name="D North American 1983"/>
              <spheroid denomFlatRatio="298.257222101" name="GRS 1980" semiAxisMajor="6378137.0"/>
              <primeMeridian longitude="0.0" name=" Greenwich"/>
              <unit name="degree"/>
            </geogCoordSys>
            <projection name="Transverse Mercator">
              <parameter
                description="a multiplier for reducing a distance obtained from a map by computation or scaling to the actual distance along the central meridian."
                name="Scale factor at central meridian" value="0.9996"/>
              <parameter
                description="The line of logitude at the center of the map projection"
                name="Longitude at central meridian" value="-99.0"/>
              <parameter
                description="The latitude chosen as center of the projection"
                name="Latitude of projection origin" value="0.0"/>
              <parameter
                description="A value added in a rectangular coordinate system, usually used to avoid negative values"
                name="False Easting" value="500000.0"/>
              <parameter
                description="A value added in a rectangular coordinate system, usually used to avoid negative values"
                name="False Northing" value="0.0"/>
              <unit name="meter"/>
            </projection>
          </projCoordSys>
        </horizCoordSysDef>
      </spatialReference>
    </spatialVector>
    <spatialVector>
      <alternateIdentifier>GIS320</alternateIdentifier>
      <entityName>GIS320 National Atmospheric Deposition Program</entityName>
      <entityDescription>This dataset defines the sample locations for various abiotic data collected on Konza Prairie (rain gauges, soil moisture, and stream data). Included in this are locations for 12 rain gauges (GIS300) on Konza Prairie. The Konza headquarters weather station formerly consisted of two gauges which were operated year-round. The Konza headquarters weather station currently consists of one Otto-Pluvio2 gauge which is operated year-round. The remaining Konza-operated gauges run from April 1 to November 1. These data are to be used in conjunction with the APT01 (precipitation) dataset. GIS305 defines the locations where measurements of soil moisture (%volume) are taken on Konza Prairie. These data are to be used in conjunction with the ASM01 (soil moisture) dataset. GIS310 defines the locations within watershed N4D where samples are taken for analyzing the belowground water chemistry of the watershed. These data are to be used in conjunction with the AGW01 dataset. GIS311 defines the locations of 14 wells at two sites along Kings Creek. Depth and nutrient content of groundwater is measured at these sites. These data are to be used in conjunction with the AGW02 dataset. GIS315 defines the locations of stream gauging stations (including one operated by the USGS*) within multiple Konza watersheds. These data are to be used in conjunction with the APT, NWC, ASS, and ASW datasets. (*http://waterdata.usgs.gov/nwis/nwisman/?site_no=06879650) GIS320 defines the locations of the rainfall collectors used to collect the samples analyzed as a part of the National Atmospheric Deposition Program. These data are to be used in conjunction with the ANA01 dataset. This is datatype GIS320.</entityDescription>
      <physical>
        <objectName>GIS320</objectName>
        <dataFormat>
          <externallyDefinedFormat>
            <formatName>zip file with ARC/INFO shape file
						</formatName>
          </externallyDefinedFormat>
        </dataFormat>
        <distribution>
          <online>
            <url>https://pasta.lternet.edu/package/data/eml/knb-lter-knz/230/3/4122d106920f8030870ebded15bff7da</url>
          </online>
        </distribution>
      </physical>
      <coverage>
        <geographicCoverage>
          <geographicDescription>Riley CountyGeary countyKansasKNZKonza Prairie Biological StationLTER</geographicDescription>
          <boundingCoordinates>
            <westBoundingCoordinate>-96.609517</westBoundingCoordinate>
            <eastBoundingCoordinate>-96.609450</eastBoundingCoordinate>
            <northBoundingCoordinate>39.102350</northBoundingCoordinate>
            <southBoundingCoordinate>39.102289</southBoundingCoordinate>
          </boundingCoordinates>
        </geographicCoverage>
      </coverage>
      <attributeList>
        <attribute>
          <attributeName>FID</attributeName>
          <attributeDefinition>Internal feature number.</attributeDefinition>
          <storageType typeSystem="http://www.esri.com/metadata/esriprof80.html"/>
          <measurementScale>
            <nominal>
              <nonNumericDomain>
                <textDomain>
                  <definition>Sequential unique whole numbers that are automatically generated.</definition>
                </textDomain>
              </nonNumericDomain>
            </nominal>
          </measurementScale>
        </attribute>
        <attribute>
          <attributeName>Shape</attributeName>
          <attributeDefinition>Feature geometry.</attributeDefinition>
          <storageType typeSystem="http://www.esri.com/metadata/esriprof80.html"/>
          <measurementScale>
            <nominal>
              <nonNumericDomain>
                <textDomain>
                  <definition>Coordinates defining the features.</definition>
                </textDomain>
              </nonNumericDomain>
            </nominal>
          </measurementScale>
        </attribute>
        <attribute>
          <attributeName>ID</attributeName>
          <attributeDefinition>ID</attributeDefinition>
          <storageType typeSystem="http://www.esri.com/metadata/esriprof80.html"/>
          <measurementScale>
            <nominal>
              <nonNumericDomain>
                <textDomain>
                  <definition>No further information about this attribute was provided</definition>
                </textDomain>
              </nonNumericDomain>
            </nominal>
          </measurementScale>
        </attribute>
        <attribute>
          <attributeName>WATERSHED</attributeName>
          <attributeDefinition>WATERSHED</attributeDefinition>
          <storageType typeSystem="http://www.esri.com/metadata/esriprof80.html"/>
          <measurementScale>
            <nominal>
              <nonNumericDomain>
                <textDomain>
                  <definition>No further information about this attribute was provided</definition>
                </textDomain>
              </nonNumericDomain>
            </nominal>
          </measurementScale>
        </attribute>
        <attribute>
          <attributeName>X_COOR</attributeName>
          <attributeDefinition>X_COOR</attributeDefinition>
          <storageType typeSystem="http://www.esri.com/metadata/esriprof80.html"/>
          <measurementScale>
            <nominal>
              <nonNumericDomain>
                <textDomain>
                  <definition>No further information about this attribute was provided</definition>
                </textDomain>
              </nonNumericDomain>
            </nominal>
          </measurementScale>
        </attribute>
        <attribute>
          <attributeName>Y_COOR</attributeName>
          <attributeDefinition>Y_COOR</attributeDefinition>
          <storageType typeSystem="http://www.esri.com/metadata/esriprof80.html"/>
          <measurementScale>
            <nominal>
              <nonNumericDomain>
                <textDomain>
                  <definition>No further information about this attribute was provided</definition>
                </textDomain>
              </nonNumericDomain>
            </nominal>
          </measurementScale>
        </attribute>
        <attribute>
          <attributeName>DATACODE</attributeName>
          <attributeDefinition>DATACODE</attributeDefinition>
          <storageType typeSystem="http://www.esri.com/metadata/esriprof80.html"/>
          <measurementScale>
            <nominal>
              <nonNumericDomain>
                <textDomain>
                  <definition>No further information about this attribute was provided</definition>
                </textDomain>
              </nonNumericDomain>
            </nominal>
          </measurementScale>
        </attribute>
        <attribute>
          <attributeName>DATAID</attributeName>
          <attributeDefinition>DATAID</attributeDefinition>
          <storageType typeSystem="http://www.esri.com/metadata/esriprof80.html"/>
          <measurementScale>
            <nominal>
              <nonNumericDomain>
                <textDomain>
                  <definition>No further information about this attribute was provided</definition>
                </textDomain>
              </nonNumericDomain>
            </nominal>
          </measurementScale>
        </attribute>
      </attributeList>
      <geometry>Point</geometry>
      <geometricObjectCount>3</geometricObjectCount>
      <spatialReference>
        <horizCoordSysDef name="NAD 1983 UTM Zone 14N">
          <projCoordSys>
            <geogCoordSys>
              <datum name="D North American 1983"/>
              <spheroid denomFlatRatio="298.257222101" name="GRS 1980" semiAxisMajor="6378137.0"/>
              <primeMeridian longitude="0.0" name=" Greenwich"/>
              <unit name="degree"/>
            </geogCoordSys>
            <projection name="Transverse Mercator">
              <parameter
                description="a multiplier for reducing a distance obtained from a map by computation or scaling to the actual distance along the central meridian."
                name="Scale factor at central meridian" value="0.9996"/>
              <parameter
                description="The line of logitude at the center of the map projection"
                name="Longitude at central meridian" value="-99.0"/>
              <parameter
                description="The latitude chosen as center of the projection"
                name="Latitude of projection origin" value="0.0"/>
              <parameter
                description="A value added in a rectangular coordinate system, usually used to avoid negative values"
                name="False Easting" value="500000.0"/>
              <parameter
                description="A value added in a rectangular coordinate system, usually used to avoid negative values"
                name="False Northing" value="0.0"/>
              <unit name="meter"/>
            </projection>
          </projCoordSys>
        </horizCoordSysDef>
      </spatialReference>
    </spatialVector>
  </dataset>
</eml:eml>
