<?xml version="1.0" encoding="UTF-8"?>
<eml:eml packageId="knb-lter-knz.260.2" scope="system"
  system="https://pasta.lternet.edu"
  xmlns:eml="eml://ecoinformatics.org/eml-2.1.1"
  xmlns:stmml="http://www.xml-cml.org/schema/stmml-1.1"
  xmlns:xsi="http://www.w3.org/2001/XMLSchema-instance" xsi:schemaLocation="eml://ecoinformatics.org/eml-2.1.0   http://nis.lternet.edu/schemas/EML/eml-2.1.0/eml.xsd">
  <access authSystem="https://pasta.lternet.edu/authentication"
    order="allowFirst" system="https://pasta.lternet.edu">
    <allow>
      <principal>uid=KNZ,o=LTER,dc=ecoinformatics,dc=org</principal>
      <permission>all</permission>
    </allow>
    <allow>
      <principal>public</principal>
      <permission>read</permission>
    </allow>
  </access>
  <dataset id="" system="ESRI MetaID"
    xmlns:cit="eml://ecoinformatics.org/literature-2.1.0"
    xmlns:doc="eml://ecoinformatics.org/documentation-2.1.0"
    xmlns:ds="eml://ecoinformatics.org/dataset-2.1.0"
    xmlns:prot="eml://ecoinformatics.org/protocol-2.1.0"
    xmlns:res="eml://ecoinformatics.org/resource-2.1.0"
    xmlns:stmml="http://www.xml-cml.org/schema/stmml"
    xmlns:sw="eml://ecoinformatics.org/software-2.1.0" xmlns:xs="http://www.w3.org/2001/XMLSchema">
    <title>GIS60 GIS Coverages Defining Other Konza Sample and Research Areas (1982-present)</title>
    <creator>
      <individualName>
        <givenName>John</givenName>
        <givenName>M.</givenName>
        <surName>Briggs</surName>
      </individualName>
      <address>
        <deliveryPoint>116 Ackert Hall, Division of Biology, Kansas State University</deliveryPoint>
        <city>Manhattan</city>
        <administrativeArea>KS</administrativeArea>
        <postalCode>66506</postalCode>
        <country>USA</country>
      </address>
      <phone>785-532-0140</phone>
      <electronicMailAddress>Jbriggs1@ksu.edu</electronicMailAddress>
    </creator>
    <metadataProvider>
      <organizationName>KNZ LTER information Manager</organizationName>
      <onlineUrl>http://www.konza.ksu.edu</onlineUrl>
    </metadataProvider>
    <pubDate>2016</pubDate>
    <language>english</language>
    <abstract>
      <para>These data show locations of samples and research areas at Konza that do not fit under our standard classifications. Record type 1 (GIS 600) contains the locations of the Hulbert plots on Konza Prairie. Record type 6 (GIS605) contains locations for rainfall shelters, ramps, experimental streams, restoration plots, the weather station, grasshopper cages, the climate extremes project. Currently no associated LTER datasets exist for these locations. Record type 11 (GIS 610) provides a record of the historic Konza gridded location system. Older datasets may reference these locations with a column letter and row number. Record type 16 (GIS615) contains the location for the Clean Air Status and Trends Network (CASTNET) site on Konza Prairie. For more information, visit the following link: http://www.epa.gov/castnet/javaweb/site_pages/KNZ184.html. Record type 21 (GIS620) contains the location for the USGS gauging station. These data may be used in conjunction with the Stream Discharge for Kings Creek Measured at USGS Gauging Station (ASD01) dataset. For more information, visit the following link: http://waterdata.usgs.gov/nwis/nwisman/?site_no=06879650. Record types 31 (GIS630) and 36 (GIS635) contain the location and treatment information for two bison grant grazing experiments. Currently, no associated LTER datasets exist for these data.</para>
    </abstract>
    <keywordSet>
      <keyword keywordType="theme">grasslands</keyword>
      <keyword keywordType="theme">ecology</keyword>
      <keyword keywordType="theme">grasses</keyword>
      <keyword keywordType="theme">geographic information systems</keyword>
      <keyword keywordType="theme">GIS</keyword>
      <keyword keywordType="theme">fires</keyword>
      <keyword keywordType="theme">fire</keyword>
      <keyword keywordType="theme">burning</keyword>
      <keyword keywordType="theme">rain</keyword>
      <keyword keywordType="theme">deposition</keyword>
      <keyword keywordType="theme">air quality</keyword>
      <keyword keywordType="theme">air pollution</keyword>
      <keyword keywordType="theme">streams</keyword>
      <keyword keywordType="theme">stream discharge</keyword>
      <keyword keywordType="theme">streamflow</keyword>
      <keyword keywordType="theme">measurements</keyword>
      <keyword keywordType="theme">precipitation</keyword>
      <keyword keywordType="theme">fertilizer</keyword>
      <keyword keywordType="theme">mowing</keyword>
      <keyword keywordType="theme">grazing</keyword>
      <keyword keywordType="theme">grasshoppers</keyword>
      <keyword keywordType="theme">consumers</keyword>
      <keyword keywordType="theme">boundaries</keyword>
      <keyword keywordType="theme">biota</keyword>
      <keyword keywordType="theme">environment</keyword>
      <keywordThesaurus>None</keywordThesaurus>
    </keywordSet>
    <keywordSet>
      <keyword keywordType="place">Riley County</keyword>
      <keyword keywordType="place">Geary county</keyword>
      <keyword keywordType="place">Kansas</keyword>
      <keyword keywordType="place">Konza Prairie Biological Station</keyword>
      <keyword keywordType="place">KNZ</keyword>
      <keyword keywordType="place">LTER</keyword>
      <keywordThesaurus>GNIS</keywordThesaurus>
    </keywordSet>
    <additionalInfo>
      <section>
        <title>Data presentation form</title>
        <para>
          <literalLayout>vector digital data</literalLayout>
        </para>
      </section>
    </additionalInfo>
    <intellectualRights>
      <section>
        <title>Access constraints</title>
        <para>
          <literalLayout>None</literalLayout>
        </para>
      </section>
      <section>
        <title>Use Constraints</title>
        <para>
          <literalLayout>We ask all publications, reports and proposals who use any data from KNZ acknowledge cite the KNZ program using the following statement: "Data for XXX was supported by the NSF Long Term Ecological Research Program at Konza Prairie Research Natural Area"; where XXX is the list of data sets used in the publications, reports or proposals.</literalLayout>
        </para>
      </section>
    </intellectualRights>
    <distribution>
      <online>
        <url>http://www.konza.ksu.edu/KNZ/pages/data/Knzdsdetail.aspx?datasetCode=GIS60</url>
      </online>
    </distribution>
    <coverage>
      <geographicCoverage>
        <geographicDescription>Riley CountyGeary countyKansasKonza Prairie Biological StationKNZLTER</geographicDescription>
        <boundingCoordinates>
          <westBoundingCoordinate>-96.618278</westBoundingCoordinate>
          <eastBoundingCoordinate>-96.535488</eastBoundingCoordinate>
          <northBoundingCoordinate>39.137494</northBoundingCoordinate>
          <southBoundingCoordinate>39.065317</southBoundingCoordinate>
        </boundingCoordinates>
      </geographicCoverage>
    </coverage>
    <maintenance>
      <description>
        <section>
          <title>Progress</title>
          <para>
            <literalLayout>Complete</literalLayout>
          </para>
        </section>
        <section>
          <title>Update</title>
          <para>
            <literalLayout>None planned</literalLayout>
          </para>
        </section>
      </description>
      <maintenanceUpdateFrequency>otherMaintenancePeriod</maintenanceUpdateFrequency>
    </maintenance>
    <contact>
      <positionName>Information Manager</positionName>
      <organizationName>LTER Network Office</organizationName>
      <address>
        <deliveryPoint>UNM Biology Department, MSC03-2020</deliveryPoint>
        <deliveryPoint>1 University of New Mexico</deliveryPoint>
        <city>Albuquerque</city>
        <administrativeArea>NM</administrativeArea>
        <postalCode>87131-0001</postalCode>
        <country>USA</country>
      </address>
      <phone phonetype="voice">505 277-2535</phone>
      <phone phonetype="fax">505 277-2541</phone>
      <electronicMailAddress>tech-support@lternet.edu</electronicMailAddress>
      <onlineUrl>http://www.lternet.edu</onlineUrl>
    </contact>
    <contact id="im">
      <positionName>KNZ-LTER Data Manager</positionName>
      <address>
        <deliveryPoint>Division of Biology</deliveryPoint>
        <deliveryPoint>Kansas State University</deliveryPoint>
        <city>Manhattan</city>
        <administrativeArea>KS</administrativeArea>
        <postalCode>66506</postalCode>
      </address>
      <phone phonetype="voice">(785)532-6729</phone>
      <phone phonetype="fax">(785)532-6653</phone>
      <electronicMailAddress>knzlter@ksu.edu</electronicMailAddress>
      <onlineUrl>http://www.konza.ksu.edu</onlineUrl>
    </contact>
    <methods>
      <methodStep>
        <description>
          <para> For additional metadata see:
   					<ulink>http://www.konza.ksu.edu/KNZ/docs/DC.pdf</ulink>
          </para>
          <para>For additional methods information see:
   					<ulink>http://www.konza.ksu.edu/KNZ/docs/MM.pdf</ulink>
          </para>
        </description>
      </methodStep>
    </methods>
    <spatialVector>
      <alternateIdentifier>GIS600</alternateIdentifier>
      <entityName>GIS600 Hulbert plots</entityName>
      <entityDescription>Sample abstract.</entityDescription>
      <physical>
        <objectName>GIS600</objectName>
        <dataFormat>
          <externallyDefinedFormat>
            <formatName>zip file with ARC/INFO shape file
   					</formatName>
          </externallyDefinedFormat>
        </dataFormat>
        <distribution>
          <online>
            <url>https://pasta.lternet.edu/package/data/eml/knb-lter-knz/260/2/b5c78b8e87bc50efce45af585c3cb83c</url>
          </online>
        </distribution>
      </physical>
      <coverage>
        <geographicCoverage>
          <geographicDescription>Riley CountyGeary countyKansasKonza Prairie Biological StationKNZLTER</geographicDescription>
          <boundingCoordinates>
            <westBoundingCoordinate>-96.611325</westBoundingCoordinate>
            <eastBoundingCoordinate>-96.609859</eastBoundingCoordinate>
            <northBoundingCoordinate>39.104611</northBoundingCoordinate>
            <southBoundingCoordinate>39.102688</southBoundingCoordinate>
          </boundingCoordinates>
        </geographicCoverage>
      </coverage>
      <attributeList>
        <attribute>
          <attributeName>FID</attributeName>
          <attributeDefinition>Internal feature number.</attributeDefinition>
          <storageType typeSystem="http://www.esri.com/metadata/esriprof80.html"/>
          <measurementScale>
            <nominal>
              <nonNumericDomain>
                <textDomain>
                  <definition>Sequential unique whole numbers that are automatically generated.</definition>
                </textDomain>
              </nonNumericDomain>
            </nominal>
          </measurementScale>
        </attribute>
        <attribute>
          <attributeName>SHAPE</attributeName>
          <attributeDefinition>Feature geometry.</attributeDefinition>
          <storageType typeSystem="http://www.esri.com/metadata/esriprof80.html"/>
          <measurementScale>
            <nominal>
              <nonNumericDomain>
                <textDomain>
                  <definition>Coordinates defining the features.</definition>
                </textDomain>
              </nonNumericDomain>
            </nominal>
          </measurementScale>
        </attribute>
        <attribute>
          <attributeName>TREATMENT</attributeName>
          <attributeDefinition>TREATMENT</attributeDefinition>
          <storageType typeSystem="http://www.esri.com/metadata/esriprof80.html"/>
          <measurementScale>
            <nominal>
              <nonNumericDomain>
                <textDomain>
                  <definition>No further information about this attribute was provided</definition>
                </textDomain>
              </nonNumericDomain>
            </nominal>
          </measurementScale>
        </attribute>
        <attribute>
          <attributeName>DATACODE</attributeName>
          <attributeDefinition>DATACODE</attributeDefinition>
          <storageType typeSystem="http://www.esri.com/metadata/esriprof80.html"/>
          <measurementScale>
            <nominal>
              <nonNumericDomain>
                <textDomain>
                  <definition>No further information about this attribute was provided</definition>
                </textDomain>
              </nonNumericDomain>
            </nominal>
          </measurementScale>
        </attribute>
        <attribute>
          <attributeName>DATAID</attributeName>
          <attributeDefinition>DATAID</attributeDefinition>
          <storageType typeSystem="http://www.esri.com/metadata/esriprof80.html"/>
          <measurementScale>
            <nominal>
              <nonNumericDomain>
                <textDomain>
                  <definition>No further information about this attribute was provided</definition>
                </textDomain>
              </nonNumericDomain>
            </nominal>
          </measurementScale>
        </attribute>
      </attributeList>
      <geometry>Polygon</geometry>
      <geometricObjectCount>47</geometricObjectCount>
      <spatialReference>
        <horizCoordSysDef name="NAD 1983 UTM Zone 14N">
          <projCoordSys>
            <geogCoordSys>
              <datum name="D North American 1983"/>
              <spheroid denomFlatRatio="298.257222101" name="GRS 1980" semiAxisMajor="6378137.0"/>
              <primeMeridian longitude="0.0" name=" Greenwich"/>
              <unit name="degree"/>
            </geogCoordSys>
            <projection name="Transverse Mercator">
              <parameter
                description="a multiplier for reducing a distance obtained from a map by computation or scaling to the actual distance along the central meridian."
                name="Scale factor at central meridian" value="0.9996"/>
              <parameter
                description="The line of logitude at the center of the map projection"
                name="Longitude at central meridian" value="-99.0"/>
              <parameter
                description="The latitude chosen as center of the projection"
                name="Latitude of projection origin" value="0.0"/>
              <parameter
                description="A value added in a rectangular coordinate system, usually used to avoid negative values"
                name="False Easting" value="500000.0"/>
              <parameter
                description="A value added in a rectangular coordinate system, usually used to avoid negative values"
                name="False Northing" value="0.0"/>
              <unit name="meter"/>
            </projection>
          </projCoordSys>
        </horizCoordSysDef>
      </spatialReference>
    </spatialVector>
    <spatialVector>
      <alternateIdentifier>GIS605</alternateIdentifier>
      <entityName>GIS605 Additional research locations on Konza</entityName>
      <entityDescription>Sample Abstract</entityDescription>
      <physical>
        <objectName>GIS605</objectName>
        <dataFormat>
          <externallyDefinedFormat>
            <formatName>zip file with ARC/INFO shape file
   					</formatName>
          </externallyDefinedFormat>
        </dataFormat>
        <distribution>
          <online>
            <url>https://pasta.lternet.edu/package/data/eml/knb-lter-knz/260/2/1f216ec89779fbfc3eb1b04ce88f81ed</url>
          </online>
        </distribution>
      </physical>
      <coverage>
        <geographicCoverage>
          <geographicDescription>Riley CountyGeary countyKansasKonza Prairie Biological StationKNZLTER</geographicDescription>
          <boundingCoordinates>
            <westBoundingCoordinate>-96.615098</westBoundingCoordinate>
            <eastBoundingCoordinate>-96.553038</eastBoundingCoordinate>
            <northBoundingCoordinate>39.108559</northBoundingCoordinate>
            <southBoundingCoordinate>39.069517</southBoundingCoordinate>
          </boundingCoordinates>
        </geographicCoverage>
      </coverage>
      <attributeList>
        <attribute>
          <attributeName>FID</attributeName>
          <attributeDefinition>Internal feature number.</attributeDefinition>
          <storageType typeSystem="http://www.esri.com/metadata/esriprof80.html"/>
          <measurementScale>
            <nominal>
              <nonNumericDomain>
                <textDomain>
                  <definition>Sequential unique whole numbers that are automatically generated.</definition>
                </textDomain>
              </nonNumericDomain>
            </nominal>
          </measurementScale>
        </attribute>
        <attribute>
          <attributeName>SHAPE</attributeName>
          <attributeDefinition>Feature geometry.</attributeDefinition>
          <storageType typeSystem="http://www.esri.com/metadata/esriprof80.html"/>
          <measurementScale>
            <nominal>
              <nonNumericDomain>
                <textDomain>
                  <definition>Coordinates defining the features.</definition>
                </textDomain>
              </nonNumericDomain>
            </nominal>
          </measurementScale>
        </attribute>
        <attribute>
          <attributeName>NAME</attributeName>
          <attributeDefinition>NAME</attributeDefinition>
          <storageType typeSystem="http://www.esri.com/metadata/esriprof80.html"/>
          <measurementScale>
            <nominal>
              <nonNumericDomain>
                <textDomain>
                  <definition>No further information about this attribute was provided</definition>
                </textDomain>
              </nonNumericDomain>
            </nominal>
          </measurementScale>
        </attribute>
        <attribute>
          <attributeName>DATACODE</attributeName>
          <attributeDefinition>DATACODE</attributeDefinition>
          <storageType typeSystem="http://www.esri.com/metadata/esriprof80.html"/>
          <measurementScale>
            <nominal>
              <nonNumericDomain>
                <textDomain>
                  <definition>No further information about this attribute was provided</definition>
                </textDomain>
              </nonNumericDomain>
            </nominal>
          </measurementScale>
        </attribute>
        <attribute>
          <attributeName>DATAID</attributeName>
          <attributeDefinition>DATAID</attributeDefinition>
          <storageType typeSystem="http://www.esri.com/metadata/esriprof80.html"/>
          <measurementScale>
            <nominal>
              <nonNumericDomain>
                <textDomain>
                  <definition>No further information about this attribute was provided</definition>
                </textDomain>
              </nonNumericDomain>
            </nominal>
          </measurementScale>
        </attribute>
      </attributeList>
      <geometry>Polygon</geometry>
      <geometricObjectCount>7</geometricObjectCount>
      <spatialReference>
        <horizCoordSysDef name="NAD 1983 UTM Zone 14N">
          <projCoordSys>
            <geogCoordSys>
              <datum name="D North American 1983"/>
              <spheroid denomFlatRatio="298.257222101" name="GRS 1980" semiAxisMajor="6378137.0"/>
              <primeMeridian longitude="0.0" name=" Greenwich"/>
              <unit name="degree"/>
            </geogCoordSys>
            <projection name="Transverse Mercator">
              <parameter
                description="a multiplier for reducing a distance obtained from a map by computation or scaling to the actual distance along the central meridian."
                name="Scale factor at central meridian" value="0.9996"/>
              <parameter
                description="The line of logitude at the center of the map projection"
                name="Longitude at central meridian" value="-99.0"/>
              <parameter
                description="The latitude chosen as center of the projection"
                name="Latitude of projection origin" value="0.0"/>
              <parameter
                description="A value added in a rectangular coordinate system, usually used to avoid negative values"
                name="False Easting" value="500000.0"/>
              <parameter
                description="A value added in a rectangular coordinate system, usually used to avoid negative values"
                name="False Northing" value="0.0"/>
              <unit name="meter"/>
            </projection>
          </projCoordSys>
        </horizCoordSysDef>
      </spatialReference>
    </spatialVector>
    <spatialVector>
      <alternateIdentifier>GIS610</alternateIdentifier>
      <entityName>GIS610 Konza Prairie grid reference system</entityName>
      <entityDescription>Dataset 610 provides a record of the historic Konza gridded location system. Older datasets may reference these locations with a column letter and row number.</entityDescription>
      <physical>
        <objectName>GIS610</objectName>
        <dataFormat>
          <externallyDefinedFormat>
            <formatName>zip file with ARC/INFO shape file
   					</formatName>
          </externallyDefinedFormat>
        </dataFormat>
        <distribution>
          <online>
            <url>https://pasta.lternet.edu/package/data/eml/knb-lter-knz/260/2/dda838df88a6a2759b15c376c24c1623</url>
          </online>
        </distribution>
      </physical>
      <coverage>
        <geographicCoverage>
          <geographicDescription>Riley CountyGeary countyKansasKonza Prairie Biological StationKNZLTER</geographicDescription>
          <boundingCoordinates>
            <westBoundingCoordinate>-96.618278</westBoundingCoordinate>
            <eastBoundingCoordinate>-96.535488</eastBoundingCoordinate>
            <northBoundingCoordinate>39.137494</northBoundingCoordinate>
            <southBoundingCoordinate>39.065317</southBoundingCoordinate>
          </boundingCoordinates>
        </geographicCoverage>
      </coverage>
      <attributeList>
        <attribute>
          <attributeName>FID</attributeName>
          <attributeDefinition>Internal feature number.</attributeDefinition>
          <storageType typeSystem="http://www.esri.com/metadata/esriprof80.html"/>
          <measurementScale>
            <nominal>
              <nonNumericDomain>
                <textDomain>
                  <definition>Sequential unique whole numbers that are automatically generated.</definition>
                </textDomain>
              </nonNumericDomain>
            </nominal>
          </measurementScale>
        </attribute>
        <attribute>
          <attributeName>Shape</attributeName>
          <attributeDefinition>Feature geometry.</attributeDefinition>
          <storageType typeSystem="http://www.esri.com/metadata/esriprof80.html"/>
          <measurementScale>
            <nominal>
              <nonNumericDomain>
                <textDomain>
                  <definition>Coordinates defining the features.</definition>
                </textDomain>
              </nonNumericDomain>
            </nominal>
          </measurementScale>
        </attribute>
        <attribute>
          <attributeName>CID</attributeName>
          <attributeDefinition>Grid square label</attributeDefinition>
          <storageType typeSystem="http://www.esri.com/metadata/esriprof80.html"/>
          <measurementScale>
            <nominal>
              <nonNumericDomain>
                <textDomain>
                  <definition>No further information about this attribute was provided</definition>
                </textDomain>
              </nonNumericDomain>
            </nominal>
          </measurementScale>
        </attribute>
        <attribute>
          <attributeName>Column</attributeName>
          <attributeDefinition>Column identifier</attributeDefinition>
          <storageType typeSystem="http://www.esri.com/metadata/esriprof80.html"/>
          <measurementScale>
            <nominal>
              <nonNumericDomain>
                <textDomain>
                  <definition>No further information about this attribute was provided</definition>
                </textDomain>
              </nonNumericDomain>
            </nominal>
          </measurementScale>
        </attribute>
        <attribute>
          <attributeName>Row</attributeName>
          <attributeDefinition>Row identifier</attributeDefinition>
          <storageType typeSystem="http://www.esri.com/metadata/esriprof80.html"/>
          <measurementScale>
            <nominal>
              <nonNumericDomain>
                <textDomain>
                  <definition>No further information about this attribute was provided</definition>
                </textDomain>
              </nonNumericDomain>
            </nominal>
          </measurementScale>
        </attribute>
        <attribute>
          <attributeName>XMIN</attributeName>
          <attributeDefinition>Minimum grid square coordinate on the X axis</attributeDefinition>
          <storageType typeSystem="http://www.esri.com/metadata/esriprof80.html"/>
          <measurementScale>
            <nominal>
              <nonNumericDomain>
                <textDomain>
                  <definition>No further information about this attribute was provided</definition>
                </textDomain>
              </nonNumericDomain>
            </nominal>
          </measurementScale>
        </attribute>
        <attribute>
          <attributeName>XMAX</attributeName>
          <attributeDefinition>Maximum grid square coordinate on the X axis</attributeDefinition>
          <storageType typeSystem="http://www.esri.com/metadata/esriprof80.html"/>
          <measurementScale>
            <nominal>
              <nonNumericDomain>
                <textDomain>
                  <definition>No further information about this attribute was provided</definition>
                </textDomain>
              </nonNumericDomain>
            </nominal>
          </measurementScale>
        </attribute>
        <attribute>
          <attributeName>YMIN</attributeName>
          <attributeDefinition>Minimum grid square coordinate on the Y axis</attributeDefinition>
          <storageType typeSystem="http://www.esri.com/metadata/esriprof80.html"/>
          <measurementScale>
            <nominal>
              <nonNumericDomain>
                <textDomain>
                  <definition>No further information about this attribute was provided</definition>
                </textDomain>
              </nonNumericDomain>
            </nominal>
          </measurementScale>
        </attribute>
        <attribute>
          <attributeName>YMAX</attributeName>
          <attributeDefinition>Maximum grid square coordinate on the Y axis</attributeDefinition>
          <storageType typeSystem="http://www.esri.com/metadata/esriprof80.html"/>
          <measurementScale>
            <nominal>
              <nonNumericDomain>
                <textDomain>
                  <definition>No further information about this attribute was provided</definition>
                </textDomain>
              </nonNumericDomain>
            </nominal>
          </measurementScale>
        </attribute>
        <attribute>
          <attributeName>DATACODE</attributeName>
          <attributeDefinition>Dataset code name</attributeDefinition>
          <storageType typeSystem="http://www.esri.com/metadata/esriprof80.html"/>
          <measurementScale>
            <nominal>
              <nonNumericDomain>
                <textDomain>
                  <definition>No further information about this attribute was provided</definition>
                </textDomain>
              </nonNumericDomain>
            </nominal>
          </measurementScale>
        </attribute>
        <attribute>
          <attributeName>DATAID</attributeName>
          <attributeDefinition>Feature ID number</attributeDefinition>
          <storageType typeSystem="http://www.esri.com/metadata/esriprof80.html"/>
          <measurementScale>
            <nominal>
              <nonNumericDomain>
                <textDomain>
                  <definition>No further information about this attribute was provided</definition>
                </textDomain>
              </nonNumericDomain>
            </nominal>
          </measurementScale>
        </attribute>
      </attributeList>
      <geometry>Polygon</geometry>
      <geometricObjectCount>837</geometricObjectCount>
      <spatialReference>
        <horizCoordSysDef name="NAD 1983 UTM Zone 14N">
          <projCoordSys>
            <geogCoordSys>
              <datum name="D North American 1983"/>
              <spheroid denomFlatRatio="298.257222101" name="GRS 1980" semiAxisMajor="6378137.0"/>
              <primeMeridian longitude="0.0" name=" Greenwich"/>
              <unit name="degree"/>
            </geogCoordSys>
            <projection name="Transverse Mercator">
              <parameter
                description="a multiplier for reducing a distance obtained from a map by computation or scaling to the actual distance along the central meridian."
                name="Scale factor at central meridian" value="0.9996"/>
              <parameter
                description="The line of logitude at the center of the map projection"
                name="Longitude at central meridian" value="-99.0"/>
              <parameter
                description="The latitude chosen as center of the projection"
                name="Latitude of projection origin" value="0.0"/>
              <parameter
                description="A value added in a rectangular coordinate system, usually used to avoid negative values"
                name="False Easting" value="500000.0"/>
              <parameter
                description="A value added in a rectangular coordinate system, usually used to avoid negative values"
                name="False Northing" value="0.0"/>
              <unit name="meter"/>
            </projection>
          </projCoordSys>
        </horizCoordSysDef>
      </spatialReference>
    </spatialVector>
    <spatialVector>
      <alternateIdentifier>GIS615</alternateIdentifier>
      <entityName>GIS615 CASTNET</entityName>
      <entityDescription>http://www.epa.gov/castnet/javaweb/site_pages/KNZ184.html</entityDescription>
      <physical>
        <objectName>GIS615</objectName>
        <dataFormat>
          <externallyDefinedFormat>
            <formatName>zip file with ARC/INFO shape file
   					</formatName>
          </externallyDefinedFormat>
        </dataFormat>
        <distribution>
          <online>
            <url>https://pasta.lternet.edu/package/data/eml/knb-lter-knz/260/2/10a70abca88c50af2908207ed3dcf012</url>
          </online>
        </distribution>
      </physical>
      <coverage>
        <geographicCoverage>
          <geographicDescription>Riley CountyGeary countyKansasKonza Prairie Biological StationKNZLTER</geographicDescription>
          <boundingCoordinates>
            <westBoundingCoordinate>-96.609682</westBoundingCoordinate>
            <eastBoundingCoordinate>-96.609544</eastBoundingCoordinate>
            <northBoundingCoordinate>39.102222</northBoundingCoordinate>
            <southBoundingCoordinate>39.102053</southBoundingCoordinate>
          </boundingCoordinates>
        </geographicCoverage>
      </coverage>
      <attributeList>
        <attribute>
          <attributeName>FID</attributeName>
          <attributeDefinition>Internal feature number.</attributeDefinition>
          <storageType typeSystem="http://www.esri.com/metadata/esriprof80.html"/>
          <measurementScale>
            <nominal>
              <nonNumericDomain>
                <textDomain>
                  <definition>Sequential unique whole numbers that are automatically generated.</definition>
                </textDomain>
              </nonNumericDomain>
            </nominal>
          </measurementScale>
        </attribute>
        <attribute>
          <attributeName>Shape</attributeName>
          <attributeDefinition>Feature geometry.</attributeDefinition>
          <storageType typeSystem="http://www.esri.com/metadata/esriprof80.html"/>
          <measurementScale>
            <nominal>
              <nonNumericDomain>
                <textDomain>
                  <definition>Coordinates defining the features.</definition>
                </textDomain>
              </nonNumericDomain>
            </nominal>
          </measurementScale>
        </attribute>
        <attribute>
          <attributeName>COMPONENT</attributeName>
          <attributeDefinition>COMPONENT</attributeDefinition>
          <storageType typeSystem="http://www.esri.com/metadata/esriprof80.html"/>
          <measurementScale>
            <nominal>
              <nonNumericDomain>
                <textDomain>
                  <definition>No further information about this attribute was provided</definition>
                </textDomain>
              </nonNumericDomain>
            </nominal>
          </measurementScale>
        </attribute>
        <attribute>
          <attributeName>WATERSHED</attributeName>
          <attributeDefinition>WATERSHED</attributeDefinition>
          <storageType typeSystem="http://www.esri.com/metadata/esriprof80.html"/>
          <measurementScale>
            <nominal>
              <nonNumericDomain>
                <textDomain>
                  <definition>No further information about this attribute was provided</definition>
                </textDomain>
              </nonNumericDomain>
            </nominal>
          </measurementScale>
        </attribute>
        <attribute>
          <attributeName>X_COOR</attributeName>
          <attributeDefinition>X_COOR</attributeDefinition>
          <storageType typeSystem="http://www.esri.com/metadata/esriprof80.html"/>
          <measurementScale>
            <nominal>
              <nonNumericDomain>
                <textDomain>
                  <definition>No further information about this attribute was provided</definition>
                </textDomain>
              </nonNumericDomain>
            </nominal>
          </measurementScale>
        </attribute>
        <attribute>
          <attributeName>Y_COOR</attributeName>
          <attributeDefinition>Y_COOR</attributeDefinition>
          <storageType typeSystem="http://www.esri.com/metadata/esriprof80.html"/>
          <measurementScale>
            <nominal>
              <nonNumericDomain>
                <textDomain>
                  <definition>No further information about this attribute was provided</definition>
                </textDomain>
              </nonNumericDomain>
            </nominal>
          </measurementScale>
        </attribute>
        <attribute>
          <attributeName>DATACODE</attributeName>
          <attributeDefinition>DATACODE</attributeDefinition>
          <storageType typeSystem="http://www.esri.com/metadata/esriprof80.html"/>
          <measurementScale>
            <nominal>
              <nonNumericDomain>
                <textDomain>
                  <definition>No further information about this attribute was provided</definition>
                </textDomain>
              </nonNumericDomain>
            </nominal>
          </measurementScale>
        </attribute>
        <attribute>
          <attributeName>DATAID</attributeName>
          <attributeDefinition>DATAID</attributeDefinition>
          <storageType typeSystem="http://www.esri.com/metadata/esriprof80.html"/>
          <measurementScale>
            <nominal>
              <nonNumericDomain>
                <textDomain>
                  <definition>No further information about this attribute was provided</definition>
                </textDomain>
              </nonNumericDomain>
            </nominal>
          </measurementScale>
        </attribute>
      </attributeList>
      <geometry>Point</geometry>
      <geometricObjectCount>6</geometricObjectCount>
      <spatialReference>
        <horizCoordSysDef name="NAD 1983 UTM Zone 14N">
          <projCoordSys>
            <geogCoordSys>
              <datum name="D North American 1983"/>
              <spheroid denomFlatRatio="298.257222101" name="GRS 1980" semiAxisMajor="6378137.0"/>
              <primeMeridian longitude="0.0" name=" Greenwich"/>
              <unit name="degree"/>
            </geogCoordSys>
            <projection name="Transverse Mercator">
              <parameter
                description="a multiplier for reducing a distance obtained from a map by computation or scaling to the actual distance along the central meridian."
                name="Scale factor at central meridian" value="0.9996"/>
              <parameter
                description="The line of logitude at the center of the map projection"
                name="Longitude at central meridian" value="-99.0"/>
              <parameter
                description="The latitude chosen as center of the projection"
                name="Latitude of projection origin" value="0.0"/>
              <parameter
                description="A value added in a rectangular coordinate system, usually used to avoid negative values"
                name="False Easting" value="500000.0"/>
              <parameter
                description="A value added in a rectangular coordinate system, usually used to avoid negative values"
                name="False Northing" value="0.0"/>
              <unit name="meter"/>
            </projection>
          </projCoordSys>
        </horizCoordSysDef>
      </spatialReference>
    </spatialVector>
    <spatialVector>
      <alternateIdentifier>GIS620</alternateIdentifier>
      <entityName>GIS620 USGS weather and stream gauging station</entityName>
      <entityDescription>GIS315 defines the locations of stream gauges (5 including one operated by the USGS*) in the Kings Creek watershed. (*http://waterdata.usgs.gov/nwis/nwisman/?site_no=06879650)</entityDescription>
      <physical>
        <objectName>GIS620</objectName>
        <dataFormat>
          <externallyDefinedFormat>
            <formatName>zip file with ARC/INFO shape file
   					</formatName>
          </externallyDefinedFormat>
        </dataFormat>
        <distribution>
          <online>
            <url>https://pasta.lternet.edu/package/data/eml/knb-lter-knz/260/2/10d969bbe72a57d410244cae6477b14b</url>
          </online>
        </distribution>
      </physical>
      <coverage>
        <geographicCoverage>
          <geographicDescription>Riley CountyGeary countyKansasKonza Prairie Biological StationKNZLTER</geographicDescription>
          <boundingCoordinates>
            <westBoundingCoordinate>-96.594915</westBoundingCoordinate>
            <eastBoundingCoordinate>-96.594679</eastBoundingCoordinate>
            <northBoundingCoordinate>39.102098</northBoundingCoordinate>
            <southBoundingCoordinate>39.101990</southBoundingCoordinate>
          </boundingCoordinates>
        </geographicCoverage>
      </coverage>
      <attributeList>
        <attribute>
          <attributeName>FID</attributeName>
          <attributeDefinition>Internal feature number.</attributeDefinition>
          <storageType typeSystem="http://www.esri.com/metadata/esriprof80.html"/>
          <measurementScale>
            <nominal>
              <nonNumericDomain>
                <textDomain>
                  <definition>Sequential unique whole numbers that are automatically generated.</definition>
                </textDomain>
              </nonNumericDomain>
            </nominal>
          </measurementScale>
        </attribute>
        <attribute>
          <attributeName>Shape</attributeName>
          <attributeDefinition>Feature geometry.</attributeDefinition>
          <storageType typeSystem="http://www.esri.com/metadata/esriprof80.html"/>
          <measurementScale>
            <nominal>
              <nonNumericDomain>
                <textDomain>
                  <definition>Coordinates defining the features.</definition>
                </textDomain>
              </nonNumericDomain>
            </nominal>
          </measurementScale>
        </attribute>
        <attribute>
          <attributeName>COMPONENT</attributeName>
          <attributeDefinition>COMPONENT</attributeDefinition>
          <storageType typeSystem="http://www.esri.com/metadata/esriprof80.html"/>
          <measurementScale>
            <nominal>
              <nonNumericDomain>
                <textDomain>
                  <definition>No further information about this attribute was provided</definition>
                </textDomain>
              </nonNumericDomain>
            </nominal>
          </measurementScale>
        </attribute>
        <attribute>
          <attributeName>WATERSHED</attributeName>
          <attributeDefinition>WATERSHED</attributeDefinition>
          <storageType typeSystem="http://www.esri.com/metadata/esriprof80.html"/>
          <measurementScale>
            <nominal>
              <nonNumericDomain>
                <textDomain>
                  <definition>No further information about this attribute was provided</definition>
                </textDomain>
              </nonNumericDomain>
            </nominal>
          </measurementScale>
        </attribute>
        <attribute>
          <attributeName>X_COOR</attributeName>
          <attributeDefinition>X_COOR</attributeDefinition>
          <storageType typeSystem="http://www.esri.com/metadata/esriprof80.html"/>
          <measurementScale>
            <nominal>
              <nonNumericDomain>
                <textDomain>
                  <definition>No further information about this attribute was provided</definition>
                </textDomain>
              </nonNumericDomain>
            </nominal>
          </measurementScale>
        </attribute>
        <attribute>
          <attributeName>Y_COOR</attributeName>
          <attributeDefinition>Y_COOR</attributeDefinition>
          <storageType typeSystem="http://www.esri.com/metadata/esriprof80.html"/>
          <measurementScale>
            <nominal>
              <nonNumericDomain>
                <textDomain>
                  <definition>No further information about this attribute was provided</definition>
                </textDomain>
              </nonNumericDomain>
            </nominal>
          </measurementScale>
        </attribute>
        <attribute>
          <attributeName>DATACODE</attributeName>
          <attributeDefinition>DATACODE</attributeDefinition>
          <storageType typeSystem="http://www.esri.com/metadata/esriprof80.html"/>
          <measurementScale>
            <nominal>
              <nonNumericDomain>
                <textDomain>
                  <definition>No further information about this attribute was provided</definition>
                </textDomain>
              </nonNumericDomain>
            </nominal>
          </measurementScale>
        </attribute>
        <attribute>
          <attributeName>DATAID</attributeName>
          <attributeDefinition>DATAID</attributeDefinition>
          <storageType typeSystem="http://www.esri.com/metadata/esriprof80.html"/>
          <measurementScale>
            <nominal>
              <nonNumericDomain>
                <textDomain>
                  <definition>No further information about this attribute was provided</definition>
                </textDomain>
              </nonNumericDomain>
            </nominal>
          </measurementScale>
        </attribute>
      </attributeList>
      <geometry>Point</geometry>
      <geometricObjectCount>3</geometricObjectCount>
      <spatialReference>
        <horizCoordSysDef name="NAD 1983 UTM Zone 14N">
          <projCoordSys>
            <geogCoordSys>
              <datum name="D North American 1983"/>
              <spheroid denomFlatRatio="298.257222101" name="GRS 1980" semiAxisMajor="6378137.0"/>
              <primeMeridian longitude="0.0" name=" Greenwich"/>
              <unit name="degree"/>
            </geogCoordSys>
            <projection name="Transverse Mercator">
              <parameter
                description="a multiplier for reducing a distance obtained from a map by computation or scaling to the actual distance along the central meridian."
                name="Scale factor at central meridian" value="0.9996"/>
              <parameter
                description="The line of logitude at the center of the map projection"
                name="Longitude at central meridian" value="-99.0"/>
              <parameter
                description="The latitude chosen as center of the projection"
                name="Latitude of projection origin" value="0.0"/>
              <parameter
                description="A value added in a rectangular coordinate system, usually used to avoid negative values"
                name="False Easting" value="500000.0"/>
              <parameter
                description="A value added in a rectangular coordinate system, usually used to avoid negative values"
                name="False Northing" value="0.0"/>
              <unit name="meter"/>
            </projection>
          </projCoordSys>
        </horizCoordSysDef>
      </spatialReference>
    </spatialVector>
    <spatialVector>
      <alternateIdentifier>GIS630</alternateIdentifier>
      <entityName>GIS630 Bison grant grazers experiment 1</entityName>
      <entityDescription>Sample abstract.</entityDescription>
      <physical>
        <objectName>GIS630</objectName>
        <dataFormat>
          <externallyDefinedFormat>
            <formatName>zip file with ARC/INFO shape file
   					</formatName>
          </externallyDefinedFormat>
        </dataFormat>
        <distribution>
          <online>
            <url>https://pasta.lternet.edu/package/data/eml/knb-lter-knz/260/2/973ceccf7c86c48bed8ba2a2d688924e</url>
          </online>
        </distribution>
      </physical>
      <coverage>
        <geographicCoverage>
          <geographicDescription>Riley CountyGeary countyKansasKNZKonza Prairie Biological StationLTER</geographicDescription>
          <boundingCoordinates>
            <westBoundingCoordinate>-96.606472</westBoundingCoordinate>
            <eastBoundingCoordinate>-96.585464</eastBoundingCoordinate>
            <northBoundingCoordinate>39.098617</northBoundingCoordinate>
            <southBoundingCoordinate>39.082469</southBoundingCoordinate>
          </boundingCoordinates>
        </geographicCoverage>
      </coverage>
      <attributeList>
        <attribute>
          <attributeName>FID</attributeName>
          <attributeDefinition>Internal feature number.</attributeDefinition>
          <storageType typeSystem="http://www.esri.com/metadata/esriprof80.html"/>
          <measurementScale>
            <nominal>
              <nonNumericDomain>
                <textDomain>
                  <definition>Sequential unique whole numbers that are automatically generated.</definition>
                </textDomain>
              </nonNumericDomain>
            </nominal>
          </measurementScale>
        </attribute>
        <attribute>
          <attributeName>SHAPE</attributeName>
          <attributeDefinition>Feature geometry.</attributeDefinition>
          <storageType typeSystem="http://www.esri.com/metadata/esriprof80.html"/>
          <measurementScale>
            <nominal>
              <nonNumericDomain>
                <textDomain>
                  <definition>Coordinates defining the features.</definition>
                </textDomain>
              </nonNumericDomain>
            </nominal>
          </measurementScale>
        </attribute>
        <attribute>
          <attributeName>WATERSHED</attributeName>
          <attributeDefinition>WATERSHED</attributeDefinition>
          <storageType typeSystem="http://www.esri.com/metadata/esriprof80.html"/>
          <measurementScale>
            <nominal>
              <nonNumericDomain>
                <textDomain>
                  <definition>No further information about this attribute was provided</definition>
                </textDomain>
              </nonNumericDomain>
            </nominal>
          </measurementScale>
        </attribute>
        <attribute>
          <attributeName>PLOT</attributeName>
          <attributeDefinition>PLOT</attributeDefinition>
          <storageType typeSystem="http://www.esri.com/metadata/esriprof80.html"/>
          <measurementScale>
            <nominal>
              <nonNumericDomain>
                <textDomain>
                  <definition>No further information about this attribute was provided</definition>
                </textDomain>
              </nonNumericDomain>
            </nominal>
          </measurementScale>
        </attribute>
        <attribute>
          <attributeName>REPLICATE</attributeName>
          <attributeDefinition>REPLICATE</attributeDefinition>
          <storageType typeSystem="http://www.esri.com/metadata/esriprof80.html"/>
          <measurementScale>
            <nominal>
              <nonNumericDomain>
                <textDomain>
                  <definition>No further information about this attribute was provided</definition>
                </textDomain>
              </nonNumericDomain>
            </nominal>
          </measurementScale>
        </attribute>
        <attribute>
          <attributeName>GRAZED</attributeName>
          <attributeDefinition>GRAZED</attributeDefinition>
          <storageType typeSystem="http://www.esri.com/metadata/esriprof80.html"/>
          <measurementScale>
            <nominal>
              <nonNumericDomain>
                <textDomain>
                  <definition>No further information about this attribute was provided</definition>
                </textDomain>
              </nonNumericDomain>
            </nominal>
          </measurementScale>
        </attribute>
        <attribute>
          <attributeName>FERTILIZED</attributeName>
          <attributeDefinition>FERTILIZED</attributeDefinition>
          <storageType typeSystem="http://www.esri.com/metadata/esriprof80.html"/>
          <measurementScale>
            <nominal>
              <nonNumericDomain>
                <textDomain>
                  <definition>No further information about this attribute was provided</definition>
                </textDomain>
              </nonNumericDomain>
            </nominal>
          </measurementScale>
        </attribute>
        <attribute>
          <attributeName>DATACODE</attributeName>
          <attributeDefinition>DATACODE</attributeDefinition>
          <storageType typeSystem="http://www.esri.com/metadata/esriprof80.html"/>
          <measurementScale>
            <nominal>
              <nonNumericDomain>
                <textDomain>
                  <definition>No further information about this attribute was provided</definition>
                </textDomain>
              </nonNumericDomain>
            </nominal>
          </measurementScale>
        </attribute>
        <attribute>
          <attributeName>DATAID</attributeName>
          <attributeDefinition>DATAID</attributeDefinition>
          <storageType typeSystem="http://www.esri.com/metadata/esriprof80.html"/>
          <measurementScale>
            <nominal>
              <nonNumericDomain>
                <textDomain>
                  <definition>No further information about this attribute was provided</definition>
                </textDomain>
              </nonNumericDomain>
            </nominal>
          </measurementScale>
        </attribute>
      </attributeList>
      <geometry>Polygon</geometry>
      <geometricObjectCount>32</geometricObjectCount>
      <spatialReference>
        <horizCoordSysDef name="NAD 1983 UTM Zone 14N">
          <projCoordSys>
            <geogCoordSys>
              <datum name="D North American 1983"/>
              <spheroid denomFlatRatio="298.257222101" name="GRS 1980" semiAxisMajor="6378137.0"/>
              <primeMeridian longitude="0.0" name=" Greenwich"/>
              <unit name="degree"/>
            </geogCoordSys>
            <projection name="Transverse Mercator">
              <parameter
                description="a multiplier for reducing a distance obtained from a map by computation or scaling to the actual distance along the central meridian."
                name="Scale factor at central meridian" value="0.9996"/>
              <parameter
                description="The line of logitude at the center of the map projection"
                name="Longitude at central meridian" value="-99.0"/>
              <parameter
                description="The latitude chosen as center of the projection"
                name="Latitude of projection origin" value="0.0"/>
              <parameter
                description="A value added in a rectangular coordinate system, usually used to avoid negative values"
                name="False Easting" value="500000.0"/>
              <parameter
                description="A value added in a rectangular coordinate system, usually used to avoid negative values"
                name="False Northing" value="0.0"/>
              <unit name="meter"/>
            </projection>
          </projCoordSys>
        </horizCoordSysDef>
      </spatialReference>
    </spatialVector>
    <spatialVector>
      <alternateIdentifier>GIS635</alternateIdentifier>
      <entityName>GIS635 Bison grant grazers experiment 2</entityName>
      <entityDescription>Sample abstract</entityDescription>
      <physical>
        <objectName>GIS635</objectName>
        <dataFormat>
          <externallyDefinedFormat>
            <formatName>zip file with ARC/INFO shape file
   					</formatName>
          </externallyDefinedFormat>
        </dataFormat>
        <distribution>
          <online>
            <url>https://pasta.lternet.edu/package/data/eml/knb-lter-knz/260/2/752890a9aa58541732bfb108ab300081</url>
          </online>
        </distribution>
      </physical>
      <coverage>
        <geographicCoverage>
          <geographicDescription>Riley CountyGeary countyKansasKNZKonza Prairie Biological StationLTER</geographicDescription>
          <boundingCoordinates>
            <westBoundingCoordinate>-96.611346</westBoundingCoordinate>
            <eastBoundingCoordinate>-96.587287</eastBoundingCoordinate>
            <northBoundingCoordinate>39.093541</northBoundingCoordinate>
            <southBoundingCoordinate>39.085496</southBoundingCoordinate>
          </boundingCoordinates>
        </geographicCoverage>
      </coverage>
      <attributeList>
        <attribute>
          <attributeName>FID</attributeName>
          <attributeDefinition>Internal feature number.</attributeDefinition>
          <storageType typeSystem="http://www.esri.com/metadata/esriprof80.html"/>
          <measurementScale>
            <nominal>
              <nonNumericDomain>
                <textDomain>
                  <definition>Sequential unique whole numbers that are automatically generated.</definition>
                </textDomain>
              </nonNumericDomain>
            </nominal>
          </measurementScale>
        </attribute>
        <attribute>
          <attributeName>SHAPE</attributeName>
          <attributeDefinition>Feature geometry.</attributeDefinition>
          <storageType typeSystem="http://www.esri.com/metadata/esriprof80.html"/>
          <measurementScale>
            <nominal>
              <nonNumericDomain>
                <textDomain>
                  <definition>Coordinates defining the features.</definition>
                </textDomain>
              </nonNumericDomain>
            </nominal>
          </measurementScale>
        </attribute>
        <attribute>
          <attributeName>WATERSHED</attributeName>
          <attributeDefinition>WATERSHED</attributeDefinition>
          <storageType typeSystem="http://www.esri.com/metadata/esriprof80.html"/>
          <measurementScale>
            <nominal>
              <nonNumericDomain>
                <textDomain>
                  <definition>No further information about this attribute was provided</definition>
                </textDomain>
              </nonNumericDomain>
            </nominal>
          </measurementScale>
        </attribute>
        <attribute>
          <attributeName>PLOT</attributeName>
          <attributeDefinition>PLOT</attributeDefinition>
          <storageType typeSystem="http://www.esri.com/metadata/esriprof80.html"/>
          <measurementScale>
            <nominal>
              <nonNumericDomain>
                <textDomain>
                  <definition>No further information about this attribute was provided</definition>
                </textDomain>
              </nonNumericDomain>
            </nominal>
          </measurementScale>
        </attribute>
        <attribute>
          <attributeName>REPLICATE</attributeName>
          <attributeDefinition>REPLICATE</attributeDefinition>
          <storageType typeSystem="http://www.esri.com/metadata/esriprof80.html"/>
          <measurementScale>
            <nominal>
              <nonNumericDomain>
                <textDomain>
                  <definition>No further information about this attribute was provided</definition>
                </textDomain>
              </nonNumericDomain>
            </nominal>
          </measurementScale>
        </attribute>
        <attribute>
          <attributeName>SIZE</attributeName>
          <attributeDefinition>SIZE</attributeDefinition>
          <storageType typeSystem="http://www.esri.com/metadata/esriprof80.html"/>
          <measurementScale>
            <nominal>
              <nonNumericDomain>
                <textDomain>
                  <definition>No further information about this attribute was provided</definition>
                </textDomain>
              </nonNumericDomain>
            </nominal>
          </measurementScale>
        </attribute>
        <attribute>
          <attributeName>FERTILIZED</attributeName>
          <attributeDefinition>FERTILIZED</attributeDefinition>
          <storageType typeSystem="http://www.esri.com/metadata/esriprof80.html"/>
          <measurementScale>
            <nominal>
              <nonNumericDomain>
                <textDomain>
                  <definition>No further information about this attribute was provided</definition>
                </textDomain>
              </nonNumericDomain>
            </nominal>
          </measurementScale>
        </attribute>
        <attribute>
          <attributeName>MOWED</attributeName>
          <attributeDefinition>MOWED</attributeDefinition>
          <storageType typeSystem="http://www.esri.com/metadata/esriprof80.html"/>
          <measurementScale>
            <nominal>
              <nonNumericDomain>
                <textDomain>
                  <definition>No further information about this attribute was provided</definition>
                </textDomain>
              </nonNumericDomain>
            </nominal>
          </measurementScale>
        </attribute>
        <attribute>
          <attributeName>DATACODE</attributeName>
          <attributeDefinition>DATACODE</attributeDefinition>
          <storageType typeSystem="http://www.esri.com/metadata/esriprof80.html"/>
          <measurementScale>
            <nominal>
              <nonNumericDomain>
                <textDomain>
                  <definition>No further information about this attribute was provided</definition>
                </textDomain>
              </nonNumericDomain>
            </nominal>
          </measurementScale>
        </attribute>
        <attribute>
          <attributeName>DATAID</attributeName>
          <attributeDefinition>DATAID</attributeDefinition>
          <storageType typeSystem="http://www.esri.com/metadata/esriprof80.html"/>
          <measurementScale>
            <nominal>
              <nonNumericDomain>
                <textDomain>
                  <definition>No further information about this attribute was provided</definition>
                </textDomain>
              </nonNumericDomain>
            </nominal>
          </measurementScale>
        </attribute>
      </attributeList>
      <geometry>Polygon</geometry>
      <geometricObjectCount>160</geometricObjectCount>
      <spatialReference>
        <horizCoordSysDef name="NAD 1983 UTM Zone 14N">
          <projCoordSys>
            <geogCoordSys>
              <datum name="D North American 1983"/>
              <spheroid denomFlatRatio="298.257222101" name="GRS 1980" semiAxisMajor="6378137.0"/>
              <primeMeridian longitude="0.0" name=" Greenwich"/>
              <unit name="degree"/>
            </geogCoordSys>
            <projection name="Transverse Mercator">
              <parameter
                description="a multiplier for reducing a distance obtained from a map by computation or scaling to the actual distance along the central meridian."
                name="Scale factor at central meridian" value="0.9996"/>
              <parameter
                description="The line of logitude at the center of the map projection"
                name="Longitude at central meridian" value="-99.0"/>
              <parameter
                description="The latitude chosen as center of the projection"
                name="Latitude of projection origin" value="0.0"/>
              <parameter
                description="A value added in a rectangular coordinate system, usually used to avoid negative values"
                name="False Easting" value="500000.0"/>
              <parameter
                description="A value added in a rectangular coordinate system, usually used to avoid negative values"
                name="False Northing" value="0.0"/>
              <unit name="meter"/>
            </projection>
          </projCoordSys>
        </horizCoordSysDef>
      </spatialReference>
    </spatialVector>
  </dataset>
</eml:eml>
