<?xml version="1.0" encoding="UTF-8"?>
<eml:eml packageId="knb-lter-cwt.4077.13"
  system="https://pasta.edirepository.org"
  xmlns:ds="eml://ecoinformatics.org/dataset-2.1.0"
  xmlns:eml="eml://ecoinformatics.org/eml-2.1.1"
  xmlns:stmml="http://www.xml-cml.org/schema/stmml-1.1"
  xmlns:xsi="http://www.w3.org/2001/XMLSchema-instance" xsi:schemaLocation="eml://ecoinformatics.org/eml-2.1.0 http://gce-lter.marsci.uga.edu/public/files/schemas/eml-210/eml.xsd">
  <access authSystem="https://pasta.edirepository.org/authentication"
    order="allowFirst" scope="document" system="https://pasta.edirepository.org">
    <allow>
      <principal>uid=CWT,o=lter,dc=ecoinformatics,dc=org</principal>
      <permission>all</permission>
    </allow>
    <allow>
      <principal>public</principal>
      <permission>read</permission>
    </allow>
  </access>
  <dataset>
    <alternateIdentifier>knb-lter-cwt.4077.1.1</alternateIdentifier>
    <alternateIdentifier system="https://doi.org">doi:10.6073/pasta/bcd418e526fc206cd7e91f4b3599a751</alternateIdentifier>
    <title>Leaf decomposition in relation to resource characteristics and consumer diversity</title>
    <creator id="CWT-LTER">
      <organizationName>Coweeta Long Term Ecological Research Program</organizationName>
      <address>
        <deliveryPoint>Daniel B. Warnell School of Forestry and Natural Resources</deliveryPoint>
        <deliveryPoint>University of Georgia</deliveryPoint>
        <city>Athens</city>
        <administrativeArea>Georgia</administrativeArea>
        <postalCode>30602</postalCode>
        <country>USA</country>
      </address>
      <electronicMailAddress>cwtim@uga.edu</electronicMailAddress>
      <onlineUrl>http://coweeta.uga.edu/</onlineUrl>
    </creator>
    <creator>
      <individualName>
        <salutation>Dr.</salutation>
        <givenName>Catherine</givenName>
        <surName>Pringle</surName>
      </individualName>
      <organizationName>University of Georgia</organizationName>
      <address>
        <deliveryPoint>Odum School of Ecology</deliveryPoint>
        <deliveryPoint>308 Biological Sciences Building</deliveryPoint>
        <city>Athens</city>
        <administrativeArea>GA</administrativeArea>
        <postalCode>30602</postalCode>
        <country>USA</country>
      </address>
      <electronicMailAddress>cpringle@uga.edu</electronicMailAddress>
      <onlineUrl>http://pringle-lab.org</onlineUrl>
    </creator>
    <metadataProvider>
      <references>CWT-LTER</references>
    </metadataProvider>
    <associatedParty>
      <individualName>
        <givenName>David</givenName>
        <givenName>T.</givenName>
        <surName>Stoker</surName>
      </individualName>
      <organizationName>University of Georgia</organizationName>
      <role>Graduate Student</role>
    </associatedParty>
    <associatedParty>
      <individualName>
        <givenName>Jeff</givenName>
        <surName>Hepinstall-Cymerman</surName>
      </individualName>
      <organizationName>University of Georgia</organizationName>
      <electronicMailAddress>jhepinstall@warnell.uga.edu</electronicMailAddress>
      <role>PI</role>
    </associatedParty>
    <pubDate>2018</pubDate>
    <abstract>
      <para>Resource subsidies and biodiversity are essential for maintaining community structure and ecosystem functioning, but the relative importance of consumer diversity and resource characteristics to decomposition remains unclear. Forested headwater streams are detritus-based systems, dependent on leaf litter inputs from adjacent riparian ecosystems, and decomposition of these resources is an important ecosystem function. Here, we examined the effects of consumer community diversity on leaf decomposition in a reciprocal transplant experiment. We asked: (1) if stream consumer communities are adapted to local resources, and (2) how functional trait diversity among communities affects the leaf decomposition process. We did not find evidence that communities were adapted to locally-derived resource subsidies. Instead, we found that consumer biomass and functional trait diversity as well as resource characteristics were the primary biotic drivers of decomposition. Consumer biomass was stimulated by specific resource subsidies, leading to direct and indirect effects of resource subsidies on ecosystem functioning. Contrary to current theory, we show that decomposition was higher with decreased detritivore functional diversity, suggesting dominant traits encompassing a specific niche increased decomposition. We also show that top-down, consumer diversity effects can be equal in magnitude to the bottom-up effects of resource characteristics during the decomposition process. Our research illustrates the importance of considering multiple biotic and abiotic drivers interacting via multiple pathways to affect a crucial ecosystem function.</para>
    </abstract>
    <keywordSet>
      <keyword keywordType="theme">aquatic ecology</keyword>
      <keyword keywordType="theme">biodiversity and ecosystem functioning</keyword>
      <keyword keywordType="theme">functional diversity</keyword>
      <keyword keywordType="theme">structural equation modeling</keyword>
      <keyword keywordType="theme">terrestrial–aquatic linkage</keyword>
    </keywordSet>
    <keywordSet>
      <keyword keywordType="place">Coweeta Hydrologic Laboratory</keyword>
      <keyword keywordType="place">North Carolina</keyword>
      <keyword keywordType="place">USA</keyword>
      <keyword keywordType="theme">CWT</keyword>
      <keyword keywordType="theme">LTER</keyword>
      <keywordThesaurus>GCE-LTER Controlled Vocabulary</keywordThesaurus>
    </keywordSet>
    <keywordSet>
      <keyword keywordType="theme">Coweeta Hydrologic Laboratory</keyword>
      <keyword keywordType="theme">detritus</keyword>
      <keywordThesaurus>LTER Controlled Vocabulary</keywordThesaurus>
    </keywordSet>
    <keywordSet>
      <keyword keywordType="theme">Organic Matter/Decomposition</keyword>
      <keywordThesaurus>LTER Core Research Areas</keywordThesaurus>
    </keywordSet>
    <intellectualRights>
      <para>not specified</para>
    </intellectualRights>
    <distribution>
      <online>
        <url function="information">http://coweeta.uga.edu/dbpublic/dataset_details.asp?accession=4077</url>
      </online>
    </distribution>
    <coverage>
      <temporalCoverage>
        <rangeOfDates>
          <beginDate>
            <calendarDate>2014-05-10</calendarDate>
          </beginDate>
          <endDate>
            <calendarDate>2014-07-02</calendarDate>
          </endDate>
        </rangeOfDates>
      </temporalCoverage>
    </coverage>
    <contact>
      <positionName>Coweeta LTER Information Manager</positionName>
      <address>
        <deliveryPoint>Department of Anthropology</deliveryPoint>
        <deliveryPoint>University of Georgia</deliveryPoint>
        <city>Athens</city>
        <administrativeArea>Georgia</administrativeArea>
        <postalCode>30602-1619</postalCode>
        <country>USA</country>
      </address>
      <electronicMailAddress>cwtim@uga.edu</electronicMailAddress>
    </contact>
    <publisher>
      <references>CWT-LTER</references>
    </publisher>
    <methods>
      <methodStep>
        <description>
          <section>
            <title>Aquatic invertebrates</title>
            <para>Invertebrates from all leaf packs were pre- served in 70% ethanol and stained with Rose Bengal solution for sorting. Individuals from two size classes (250 l m – 1mm and &gt; 1mm) were counted, identi fi ed to the lowest possible taxo- nomic level (primarily genus), and assigned to functional feeding groups. Chironomidae (Order: Diptera) were identi fi ed as Tanypodinae or non-Tanypodinae. Biomass was determined using established length – mass regressions (Benke et al. 1999), and detritivore (shredders and collector–gatherers) biomass estimates and density were standardized by leaf mass remaining for later statistical analyses.</para>
          </section>
        </description>
      </methodStep>
      <methodStep>
        <description>
          <section>
            <title>Leaf litter collection</title>
            <para>We quantified leaf litter inputs for the low- and high-elevation focal streams to construct leaf packs representative of the riparian ecosystem for each elevation. Leaf litter was collected from the forest floor of the riparian zone of each focal stream at three transects (10, 30, and 50 m) along the 50-m study reach in mid-May 2014 (~6 months post-senescence). For each transect, a 1-m 2 square quadrat was placed 2 m up the stream bank; samples were collected from both sides of the stream at each transect. All leaf litter within the quadrat was collected and sorted by species; litter was only collected if it was likely to have fallen the previous autumn (i.e., leaf litter was visually inspected for relative degree of decomposition). Collected litter was oven-dried (60° C for 48 h) and weighed to determine relative input by mass for each tree species. The four species of highest relative input by mass were identified for each elevation and then standardized to make a low-elevation leaf pack (LEP) and a high-elevation leaf pack (HEP). Inputs were standardized by dividing the relative proportion of each of the four dominant species by the sum of the relative proportions of the four dominant tree species for each elevation. White oak and red maple were present at each elevation but were not included in the HEPs and LEPs, respectively, because the species were not considerable inputs by mass at both elevations.</para>
          </section>
        </description>
      </methodStep>
      <methodStep>
        <description>
          <section>
            <title>Leaf nutrient analysis</title>
            <para>Leaf packs were analyzed for total C, N, and P content to determine stoichiometric ratios (C:N and C:P). All leaf material from each pack was ground using a Spex CertiPrep 8000-D Mixer Mill (Spex, Metuchen, New Jersey, USA). Litter samples for total C and N content were analyzed with a Carlo Erba 1500N CHN Analyser (Carlo Erba, Milan, Italy). Litter samples for total P analysis were prepared using the ash/acid extraction method and analyzed with a spectrophotometer following the ascorbic acid method (Allen 1974). Nutrient analyses were completed at the Stable Isotope Ecology Laboratory at the University of Georgia (Athens, Georgia, USA).</para>
          </section>
        </description>
        <instrumentation>"Spex CertiPrep 8000-D Mixer Mill (Spex, Metuchen, New Jersey, USA, Carlo Erba 1500N CHN Analyser (Carlo Erba, Milan, Italy), spectrophotometer
"</instrumentation>
      </methodStep>
      <methodStep>
        <description>
          <section>
            <title>Reciprocal transplant experiment</title>
            <para>We used a full reciprocal transplant design in which representative leaf packs for each elevation were deployed in home sites (e.g., LEPs deployed in low-elevation streams) and away sites (e.g., LEPs deployed in high-elevation streams). The leaf decomposition experiment was conducted during mid-summer (8 June – 3 July 2014) to paral- lel previous studies (Kominoski et al. 2011, Jackrel and Wootton 2014). Leaf packs were incubated in LE 1 and LE 2 from 8 June to 2 July 2014, and leaf packs were incubated in HE 1 and HE 2 from 9 June to 3 July 2014. Representative leaf packs com- prised ~ 6 g of mixed-species leaf litter derived from the adjacent riparian forest for each eleva- tion immediately prior to the experiment (e.g., Kominoski et al. 2011), with four species repre- sented in standardized proportions by mass (Table 1); only leaves with minimal or no visible damage were used. Leaf litter was placed into plastic 2.5-mm mesh bags (30 9 15 cm) after determining initial dry mass. Eight additional leaf packs per stream (four LEPs and four HEPs) were transported back to the laboratory on the same day to measure handling loss (Hauer and Lamberti 2007). Leaf packs were incubated in each focal stream for a total of 24 days. After retrieval, leaf packs were placed into sealed bags on ice and processed in the laboratory within 24 h. Leaves from each leaf pack were rinsed over nested sieves (1 mm and 250 l m) to remove inorganic material and invertebrates and then oven-dried (60 ° C for 48 h). Leaf decomposition was calculated as the percentage of mass lost, after correction for handling loss. Leaf decomposition was calculated for the whole leaf pack because we were unable to identify all remaining leaf material to species with reasonable confidence.</para>
          </section>
        </description>
      </methodStep>
      <methodStep>
        <description>
          <section>
            <title>Stream Survey</title>
            <para> Environmental characteristics were measured for each of the four focal streams. A 50-m study reach was delineated and marked for each focal stream, with six transects spaced 10 m apart along the study reach. At each transect, we measured wetted-width, depth, and canopy cover. Canopy cover was estimated using a spherical densiometer.  HOBO  data  loggers  (Onset  Computer Corporation, Bourne, Massachusetts, USA) were deployed at the upstream end of each study reach to record mean daily water temperature for each stream. Flow velocity was estimated twice for each study reach at base flow. The focal streams were too shallow to permit use of a flow meter, so flow velocity was estimated using a neutrally buoyant, plastic ball and dividing the distance travelled by the time interval(HauerandLamberti2007). Five replicate trials following this method were taken and averaged for each flow velocity estimate.</para>
          </section>
        </description>
        <instrumentation>spherical densiometer, HOBO  data  loggers  (Onset  Computer Corporation, Bourne, Massachusetts, USA)</instrumentation>
      </methodStep>
      <sampling>
        <studyExtent>
          <coverage>
            <temporalCoverage>
              <rangeOfDates>
                <beginDate>
                  <calendarDate>2014-05-10</calendarDate>
                </beginDate>
                <endDate>
                  <calendarDate>2014-07-02</calendarDate>
                </endDate>
              </rangeOfDates>
            </temporalCoverage>
          </coverage>
        </studyExtent>
        <samplingDescription>
          <section>
            <title>Leaf decomposition</title>
            <para>See Methods</para>
            <para>Resource subsidies and biodiversity are essential for maintaining community structure and ecosystem functioning, but the relative importance of consumer diversity and resource characteristics to decomposition remains unclear. Forested headwater streams are detritus-based systems, dependent on leaf litter inputs from adjacent riparian ecosystems, and decomposition of these resources is an important ecosystem function. Here, we examined the effects of consumer community diversity on leaf decomposition in a reciprocal transplant experiment. We asked: (1) if stream consumer communities are adapted to local resources, and (2) how functional trait diversity among communities affects the leaf decomposition process. We did not find evidence that communities were adapted to locally-derived resource subsidies. Instead, we found that consumer biomass and functional trait diversity as well as resource characteristics were the primary biotic drivers of decomposition. Consumer biomass was stimulated by specific resource subsidies, leading to direct and indirect effects of resource subsidies on ecosystem functioning. Contrary to current theory, we show that decomposition was higher with decreased detritivore functional diversity, suggesting dominant traits encompassing a specific niche increased decomposition. We also show that top-down, consumer diversity effects can be equal in magnitude to the bottom-up effects of resource characteristics during the decomposition process. Our research illustrates the importance of considering multiple biotic and abiotic drivers interacting via multiple pathways to affect a crucial ecosystem function.</para>
            <para>See Methods</para>
          </section>
        </samplingDescription>
        <spatialSamplingUnits>
          <referencedEntityId>4077.kml</referencedEntityId>
        </spatialSamplingUnits>
      </sampling>
    </methods>
    <project>
      <title>Coweeta LTER Project VI</title>
      <personnel>
        <individualName>
          <givenName>Ted</givenName>
          <givenName>L</givenName>
          <surName>Gragson</surName>
        </individualName>
        <role>principalInvestigator</role>
      </personnel>
      <personnel>
        <individualName>
          <givenName>John</givenName>
          <givenName>F.</givenName>
          <surName>Chamblee</surName>
        </individualName>
        <role>information Manager</role>
      </personnel>
      <abstract>
        <para>Multi-scale process-oriented research is proposed on the consequences to the southernAppalachian socio-ecological system of the interaction between changing climate and landuse. Landscapes in the southeastern U.S. are expected to change profoundly in the next fivedecades as the socioeconomic factors driving the dramatic exurbanization of the past threedecades persist, and the changes to the rates, frequencies, and intensities of importantclimatic factors occur. Climate and land use change will especially impact the rural andquasi-rural lands that still characterize much of southern Appalachia where this research iscentered.The proposed research will extend long-term measurements, field experiments andinterdisciplinary modeling from small watershed studies to regional-scale analyses so as toaccount for increases in resource demand and competition from adjacent and more distantareas. The research focus will be on the provisioning service of water quantity, the regulatingservice of water quality, and the supporting service of maintaining biodiversity. Theoverarching question that guides this research is: How will key ecosystem processes and thefocal ecosystem services of water quantity, water quality, and biodiversity be impacted bythe: (1) transition in land uses from wildland to urban and peri-urban; (2) changes in climate;and (3) interactions between changes in land use and climate including both on-site and off-site feedbacks?</para>
      </abstract>
      <funding>
        <para>This material is based upon work supported by the National Science Foundation under grant numbers DEB-0823293, DEB-9632854 and DEB-0218001. Any opinions, findings, conclusions, or recommendations expressed in the material are those of the author(s) and do not necessarily reflect the views of the National Science Foundation.</para>
      </funding>
    </project>
    <dataTable>
      <entityName>4077</entityName>
      <entityDescription>Model data for 4077</entityDescription>
      <physical>
        <objectName>4077_1_0.TXT</objectName>
        <size unit="rows"/>
        <characterEncoding>ASCII</characterEncoding>
        <dataFormat>
          <textFormat>
            <numHeaderLines>1</numHeaderLines>
            <numFooterLines>0</numFooterLines>
            <recordDelimiter>\r\n</recordDelimiter>
            <numPhysicalLinesPerRecord>1</numPhysicalLinesPerRecord>
            <attributeOrientation>column</attributeOrientation>
            <simpleDelimited>
              <fieldDelimiter>\t</fieldDelimiter>
            </simpleDelimited>
          </textFormat>
        </dataFormat>
        <distribution>
          <online>
            <url function="download">https://pasta.lternet.edu/package/data/eml/knb-lter-cwt/4077/13/ec0f40c389aeef789ce03eb814facc6c</url>
          </online>
          <access
            authSystem="https://pasta.edirepository.org/authentication"
            order="allowFirst" scope="document" system="https://pasta.edirepository.org">
            <allow>
              <principal>uid=CWT,o=lter,dc=ecoinformatics,dc=org</principal>
              <permission>all</permission>
            </allow>
            <allow>
              <principal>public</principal>
              <permission>read</permission>
            </allow>
          </access>
        </distribution>
      </physical>
      <methods>
        <methodStep>
          <description>
            <para>Data file post-processing in the CWT-LTER Information Management Office</para>
          </description>
          <subStep>
            <description>
              <para>01/31/2018: new GCE Data Structure 1.1 created ('newstruct')</para>
            </description>
          </subStep>
          <subStep>
            <description>
              <para>01/31/2018: new GCE Data Structure 1.1 created ('newstruct')</para>
            </description>
          </subStep>
          <subStep>
            <description>
              <para>01/31/2018: new GCE Data Structure 1.1 created ('newstruct')</para>
            </description>
          </subStep>
          <subStep>
            <description>
              <para>01/31/2018: new GCE Data Structure 1.1 created ('newstruct')</para>
            </description>
          </subStep>
          <subStep>
            <description>
              <para>01/31/2018: new GCE Data Structure 1.1 created ('newstruct')</para>
            </description>
          </subStep>
          <subStep>
            <description>
              <para>01/31/2018: 62 rows imported from ASCII data file '4077_mod_data.txt' ('imp_ascii')</para>
            </description>
          </subStep>
          <subStep>
            <description>
              <para>01/31/2018: 62 rows imported from ASCII data file '4077_mod_data.txt' ('imp_ascii')</para>
            </description>
          </subStep>
          <subStep>
            <description>
              <para>01/31/2018: 62 rows imported from ASCII data file '4077_mod_data.txt' ('imp_ascii')</para>
            </description>
          </subStep>
          <subStep>
            <description>
              <para>01/31/2018: 62 rows imported from ASCII data file '4077_mod_data.txt' ('imp_ascii')</para>
            </description>
          </subStep>
          <subStep>
            <description>
              <para>01/31/2018: 62 rows imported from ASCII data file '4077_mod_data.txt' ('imp_ascii')</para>
            </description>
          </subStep>
          <subStep>
            <description>
              <para>01/31/2018: 76 metadata fields in file header parsed ('parse_header')</para>
            </description>
          </subStep>
          <subStep>
            <description>
              <para>01/31/2018: 76 metadata fields in file header parsed ('parse_header')</para>
            </description>
          </subStep>
          <subStep>
            <description>
              <para>01/31/2018: 76 metadata fields in file header parsed ('parse_header')</para>
            </description>
          </subStep>
          <subStep>
            <description>
              <para>01/31/2018: 76 metadata fields in file header parsed ('parse_header')</para>
            </description>
          </subStep>
          <subStep>
            <description>
              <para>01/31/2018: 76 metadata fields in file header parsed ('parse_header')</para>
            </description>
          </subStep>
          <subStep>
            <description>
              <para>01/31/2018: data structure validated ('gce_valid')</para>
            </description>
          </subStep>
          <subStep>
            <description>
              <para>01/31/2018: data structure validated ('gce_valid')</para>
            </description>
          </subStep>
          <subStep>
            <description>
              <para>01/31/2018: data structure validated ('gce_valid')</para>
            </description>
          </subStep>
          <subStep>
            <description>
              <para>01/31/2018: data structure validated ('gce_valid')</para>
            </description>
          </subStep>
          <subStep>
            <description>
              <para>01/31/2018: data structure validated ('gce_valid')</para>
            </description>
          </subStep>
          <subStep>
            <description>
              <para>01/31/2018: updated 4 metadata fields ('addmeta')</para>
            </description>
          </subStep>
          <subStep>
            <description>
              <para>01/31/2018: updated 4 metadata fields ('addmeta')</para>
            </description>
          </subStep>
          <subStep>
            <description>
              <para>01/31/2018: updated 4 metadata fields ('addmeta')</para>
            </description>
          </subStep>
          <subStep>
            <description>
              <para>01/31/2018: updated 4 metadata fields ('addmeta')</para>
            </description>
          </subStep>
          <subStep>
            <description>
              <para>01/31/2018: updated 4 metadata fields ('addmeta')</para>
            </description>
          </subStep>
          <subStep>
            <description>
              <para>01/31/2018: updated 15 metadata fields in the Status, Data sections to reflect attribute metadata ('updatecols')</para>
            </description>
          </subStep>
          <subStep>
            <description>
              <para>01/31/2018: updated 15 metadata fields in the Status, Data sections to reflect attribute metadata ('updatecols')</para>
            </description>
          </subStep>
          <subStep>
            <description>
              <para>01/31/2018: updated 15 metadata fields in the Status, Data sections to reflect attribute metadata ('updatecols')</para>
            </description>
          </subStep>
          <subStep>
            <description>
              <para>01/31/2018: updated 15 metadata fields in the Status, Data sections to reflect attribute metadata ('updatecols')</para>
            </description>
          </subStep>
          <subStep>
            <description>
              <para>01/31/2018: updated 15 metadata fields in the Status, Data sections to reflect attribute metadata ('updatecols')</para>
            </description>
          </subStep>
        </methodStep>
        <qualityControl>
          <description>
            <para>Quality control analysis was performed using the GCE Data Toolbox for MATLAB software. Column data types are validated upon importing the table into MATLAB, and qualifier flags are automatically generated for data values based on QA/QC criteria for each data column pre-defined in metadata templates (e.g. value range checks, sanity checks, pattern checks). Qualifier flags are also assigned to values that are imputed or derived, revised, or otherwise differ from values in the original data submission. A column of coded qualifier flags is generated and included in the data table if flags are assigned to any value in a data column.</para>
          </description>
        </qualityControl>
      </methods>
      <attributeList>
        <attribute id="att.1">
          <attributeName>id</attributeName>
          <attributeDefinition>leaf pack type (L or H) </attributeDefinition>
          <storageType>string</storageType>
          <measurementScale>
            <nominal>
              <nonNumericDomain>
                <textDomain>
                  <definition>leaf pack type (L or H) </definition>
                </textDomain>
              </nonNumericDomain>
            </nominal>
          </measurementScale>
        </attribute>
        <attribute id="att.2">
          <attributeName>stream</attributeName>
          <attributeDefinition>stream where the leaf pack was deployed (1 = LE1, 2 = LE2, 3 = HE1, and 4 = HE2)</attributeDefinition>
          <storageType>integer</storageType>
          <measurementScale>
            <ordinal>
              <nonNumericDomain>
                <enumeratedDomain>
                  <codeDefinition>
                    <code>1</code>
                    <definition>LE1</definition>
                  </codeDefinition>
                  <codeDefinition>
                    <code>2</code>
                    <definition>LE2</definition>
                  </codeDefinition>
                  <codeDefinition>
                    <code>3</code>
                    <definition>HE1</definition>
                  </codeDefinition>
                  <codeDefinition>
                    <code> 4</code>
                    <definition>HE2</definition>
                  </codeDefinition>
                </enumeratedDomain>
              </nonNumericDomain>
            </ordinal>
          </measurementScale>
          <missingValueCode>
            <code>NaN</code>
            <codeExplanation>value not recorded or invalid</codeExplanation>
          </missingValueCode>
        </attribute>
        <attribute id="att.3">
          <attributeName>pack</attributeName>
          <attributeDefinition>leaf pack type (LEP or HEP)</attributeDefinition>
          <storageType>string</storageType>
          <measurementScale>
            <nominal>
              <nonNumericDomain>
                <textDomain>
                  <definition>leaf pack type (LEP or HEP)</definition>
                </textDomain>
              </nonNumericDomain>
            </nominal>
          </measurementScale>
        </attribute>
        <attribute id="att.4">
          <attributeName>deployment</attributeName>
          <attributeDefinition>deployment site of the leaf pack (Home or Away)</attributeDefinition>
          <storageType>string</storageType>
          <measurementScale>
            <nominal>
              <nonNumericDomain>
                <textDomain>
                  <definition>deployment site of the leaf pack (Home or Away)</definition>
                </textDomain>
              </nonNumericDomain>
            </nominal>
          </measurementScale>
        </attribute>
        <attribute id="att.5">
          <attributeName>decomp</attributeName>
          <attributeDefinition>decomposition (i.e. percentage of mass lost) of the leaf pack</attributeDefinition>
          <storageType>float</storageType>
          <measurementScale>
            <interval>
              <unit>
                <customUnit>percentabbr.</customUnit>
              </unit>
              <precision>0.00000001</precision>
              <numericDomain>
                <numberType>real</numberType>
              </numericDomain>
            </interval>
          </measurementScale>
          <missingValueCode>
            <code>NaN</code>
            <codeExplanation>value not recorded or invalid</codeExplanation>
          </missingValueCode>
          <methods>
            <methodStep>
              <description>
                <para>Calculations: 8</para>
              </description>
            </methodStep>
          </methods>
        </attribute>
        <attribute id="att.6">
          <attributeName>CN</attributeName>
          <attributeDefinition>ratio of carbon:nitrogen</attributeDefinition>
          <storageType>float</storageType>
          <measurementScale>
            <interval>
              <unit>
                <customUnit>percentabbr.</customUnit>
              </unit>
              <precision>0.00000001</precision>
              <numericDomain>
                <numberType>real</numberType>
              </numericDomain>
            </interval>
          </measurementScale>
          <missingValueCode>
            <code>NaN</code>
            <codeExplanation>value not recorded or invalid</codeExplanation>
          </missingValueCode>
          <methods>
            <methodStep>
              <description>
                <para>Calculations: 8</para>
              </description>
            </methodStep>
          </methods>
        </attribute>
        <attribute id="att.7">
          <attributeName>CP</attributeName>
          <attributeDefinition>ratio of carbon:phosphorous</attributeDefinition>
          <storageType>float</storageType>
          <measurementScale>
            <interval>
              <unit>
                <customUnit>percentabbr.</customUnit>
              </unit>
              <precision>0.00000001</precision>
              <numericDomain>
                <numberType>real</numberType>
              </numericDomain>
            </interval>
          </measurementScale>
          <missingValueCode>
            <code>NaN</code>
            <codeExplanation>value not recorded or invalid</codeExplanation>
          </missingValueCode>
          <methods>
            <methodStep>
              <description>
                <para>Calculations: 8</para>
              </description>
            </methodStep>
          </methods>
        </attribute>
        <attribute id="att.8">
          <attributeName>density</attributeName>
          <attributeDefinition>abundance of detritivores standardized by leaf mass remaining</attributeDefinition>
          <storageType>float</storageType>
          <measurementScale>
            <ratio>
              <unit>
                <standardUnit>gram</standardUnit>
              </unit>
              <precision>0.00000001</precision>
              <numericDomain>
                <numberType>real</numberType>
              </numericDomain>
            </ratio>
          </measurementScale>
          <missingValueCode>
            <code>NaN</code>
            <codeExplanation>value not recorded or invalid</codeExplanation>
          </missingValueCode>
          <methods>
            <methodStep>
              <description>
                <para>Calculations: 8</para>
              </description>
            </methodStep>
          </methods>
        </attribute>
        <attribute id="att.9">
          <attributeName>biomass</attributeName>
          <attributeDefinition>biomass of detritivores standardized by leaf mass remaining</attributeDefinition>
          <storageType>float</storageType>
          <measurementScale>
            <ratio>
              <unit>
                <standardUnit>gram</standardUnit>
              </unit>
              <precision>0.00000001</precision>
              <numericDomain>
                <numberType>real</numberType>
              </numericDomain>
            </ratio>
          </measurementScale>
          <missingValueCode>
            <code>NaN</code>
            <codeExplanation>value not recorded or invalid</codeExplanation>
          </missingValueCode>
          <methods>
            <methodStep>
              <description>
                <para>Calculations: 8</para>
              </description>
            </methodStep>
          </methods>
        </attribute>
        <attribute id="att.10">
          <attributeName>amph.abund</attributeName>
          <attributeDefinition>abundance of Amphinemura sp.</attributeDefinition>
          <storageType>integer</storageType>
          <measurementScale>
            <ratio>
              <unit>
                <standardUnit>number</standardUnit>
              </unit>
              <precision>1</precision>
              <numericDomain>
                <numberType>whole</numberType>
              </numericDomain>
            </ratio>
          </measurementScale>
          <missingValueCode>
            <code>NaN</code>
            <codeExplanation>value not recorded or invalid</codeExplanation>
          </missingValueCode>
        </attribute>
        <attribute id="att.11">
          <attributeName>chir.abund</attributeName>
          <attributeDefinition>abundance of Chironomidae</attributeDefinition>
          <storageType>integer</storageType>
          <measurementScale>
            <ratio>
              <unit>
                <standardUnit>number</standardUnit>
              </unit>
              <precision>1</precision>
              <numericDomain>
                <numberType>whole</numberType>
              </numericDomain>
            </ratio>
          </measurementScale>
          <missingValueCode>
            <code>NaN</code>
            <codeExplanation>value not recorded or invalid</codeExplanation>
          </missingValueCode>
        </attribute>
        <attribute id="att.12">
          <attributeName>lepi.abund</attributeName>
          <attributeDefinition>abundance of Lepidostoma sp.</attributeDefinition>
          <storageType>integer</storageType>
          <measurementScale>
            <ratio>
              <unit>
                <standardUnit>number</standardUnit>
              </unit>
              <precision>1</precision>
              <numericDomain>
                <numberType>whole</numberType>
              </numericDomain>
            </ratio>
          </measurementScale>
          <missingValueCode>
            <code>NaN</code>
            <codeExplanation>value not recorded or invalid</codeExplanation>
          </missingValueCode>
        </attribute>
        <attribute id="att.13">
          <attributeName>lept.abund</attributeName>
          <attributeDefinition>abundance of Leptotarsus sp.</attributeDefinition>
          <storageType>integer</storageType>
          <measurementScale>
            <ratio>
              <unit>
                <standardUnit>number</standardUnit>
              </unit>
              <precision>1</precision>
              <numericDomain>
                <numberType>whole</numberType>
              </numericDomain>
            </ratio>
          </measurementScale>
          <missingValueCode>
            <code>NaN</code>
            <codeExplanation>value not recorded or invalid</codeExplanation>
          </missingValueCode>
        </attribute>
        <attribute id="att.14">
          <attributeName>leuc.abund</attributeName>
          <attributeDefinition>abundance of Leuctra sp.</attributeDefinition>
          <storageType>integer</storageType>
          <measurementScale>
            <ratio>
              <unit>
                <standardUnit>number</standardUnit>
              </unit>
              <precision>1</precision>
              <numericDomain>
                <numberType>whole</numberType>
              </numericDomain>
            </ratio>
          </measurementScale>
          <missingValueCode>
            <code>NaN</code>
            <codeExplanation>value not recorded or invalid</codeExplanation>
          </missingValueCode>
        </attribute>
        <attribute id="att.15">
          <attributeName>paral.abund</attributeName>
          <attributeDefinition>abundance of Paraleptophlebia sp.</attributeDefinition>
          <storageType>integer</storageType>
          <measurementScale>
            <ratio>
              <unit>
                <standardUnit>number</standardUnit>
              </unit>
              <precision>1</precision>
              <numericDomain>
                <numberType>whole</numberType>
              </numericDomain>
            </ratio>
          </measurementScale>
          <missingValueCode>
            <code>NaN</code>
            <codeExplanation>value not recorded or invalid</codeExplanation>
          </missingValueCode>
        </attribute>
        <attribute id="att.16">
          <attributeName>pycn.abund</attributeName>
          <attributeDefinition>abundance of Pycnopsyche sp.</attributeDefinition>
          <storageType>integer</storageType>
          <measurementScale>
            <ratio>
              <unit>
                <standardUnit>number</standardUnit>
              </unit>
              <precision>1</precision>
              <numericDomain>
                <numberType>whole</numberType>
              </numericDomain>
            </ratio>
          </measurementScale>
          <missingValueCode>
            <code>NaN</code>
            <codeExplanation>value not recorded or invalid</codeExplanation>
          </missingValueCode>
        </attribute>
        <attribute id="att.17">
          <attributeName>tall.abund</attributeName>
          <attributeDefinition>abundance of Tallaperla sp.</attributeDefinition>
          <storageType>integer</storageType>
          <measurementScale>
            <ratio>
              <unit>
                <standardUnit>number</standardUnit>
              </unit>
              <precision>1</precision>
              <numericDomain>
                <numberType>whole</numberType>
              </numericDomain>
            </ratio>
          </measurementScale>
          <missingValueCode>
            <code>NaN</code>
            <codeExplanation>value not recorded or invalid</codeExplanation>
          </missingValueCode>
        </attribute>
      </attributeList>
    </dataTable>
    <dataTable>
      <entityName>4077_site_survey</entityName>
      <entityDescription>Site survey data for 4077</entityDescription>
      <physical>
        <objectName>4077_site_survey_1_4077.TXT</objectName>
        <size unit="rows"/>
        <characterEncoding>ASCII</characterEncoding>
        <dataFormat>
          <textFormat>
            <numHeaderLines>1</numHeaderLines>
            <numFooterLines>0</numFooterLines>
            <recordDelimiter>\r\n</recordDelimiter>
            <numPhysicalLinesPerRecord>1</numPhysicalLinesPerRecord>
            <attributeOrientation>column</attributeOrientation>
            <simpleDelimited>
              <fieldDelimiter>\t</fieldDelimiter>
            </simpleDelimited>
          </textFormat>
        </dataFormat>
        <distribution>
          <online>
            <url function="download">https://pasta.lternet.edu/package/data/eml/knb-lter-cwt/4077/13/994534f17c83f51b6797f2e4b3a72257</url>
          </online>
          <access
            authSystem="https://pasta.edirepository.org/authentication"
            order="allowFirst" scope="document" system="https://pasta.edirepository.org">
            <allow>
              <principal>uid=CWT,o=lter,dc=ecoinformatics,dc=org</principal>
              <permission>all</permission>
            </allow>
            <allow>
              <principal>public</principal>
              <permission>read</permission>
            </allow>
          </access>
        </distribution>
      </physical>
      <methods>
        <methodStep>
          <description>
            <para>Data file post-processing in the CWT-LTER Information Management Office</para>
          </description>
          <subStep>
            <description>
              <para>01/31/2018: new GCE Data Structure 1.1 created ('newstruct')</para>
            </description>
          </subStep>
          <subStep>
            <description>
              <para>01/31/2018: new GCE Data Structure 1.1 created ('newstruct')</para>
            </description>
          </subStep>
          <subStep>
            <description>
              <para>01/31/2018: new GCE Data Structure 1.1 created ('newstruct')</para>
            </description>
          </subStep>
          <subStep>
            <description>
              <para>01/31/2018: new GCE Data Structure 1.1 created ('newstruct')</para>
            </description>
          </subStep>
          <subStep>
            <description>
              <para>01/31/2018: new GCE Data Structure 1.1 created ('newstruct')</para>
            </description>
          </subStep>
          <subStep>
            <description>
              <para>01/31/2018: 62 rows imported from ASCII data file '4077_site_survey.txt' ('imp_ascii')</para>
            </description>
          </subStep>
          <subStep>
            <description>
              <para>01/31/2018: 62 rows imported from ASCII data file '4077_site_survey.txt' ('imp_ascii')</para>
            </description>
          </subStep>
          <subStep>
            <description>
              <para>01/31/2018: 62 rows imported from ASCII data file '4077_site_survey.txt' ('imp_ascii')</para>
            </description>
          </subStep>
          <subStep>
            <description>
              <para>01/31/2018: 62 rows imported from ASCII data file '4077_site_survey.txt' ('imp_ascii')</para>
            </description>
          </subStep>
          <subStep>
            <description>
              <para>01/31/2018: 62 rows imported from ASCII data file '4077_site_survey.txt' ('imp_ascii')</para>
            </description>
          </subStep>
          <subStep>
            <description>
              <para>01/31/2018: 82 metadata fields in file header parsed ('parse_header')</para>
            </description>
          </subStep>
          <subStep>
            <description>
              <para>01/31/2018: 82 metadata fields in file header parsed ('parse_header')</para>
            </description>
          </subStep>
          <subStep>
            <description>
              <para>01/31/2018: 82 metadata fields in file header parsed ('parse_header')</para>
            </description>
          </subStep>
          <subStep>
            <description>
              <para>01/31/2018: 82 metadata fields in file header parsed ('parse_header')</para>
            </description>
          </subStep>
          <subStep>
            <description>
              <para>01/31/2018: 82 metadata fields in file header parsed ('parse_header')</para>
            </description>
          </subStep>
          <subStep>
            <description>
              <para>01/31/2018: data structure validated ('gce_valid')</para>
            </description>
          </subStep>
          <subStep>
            <description>
              <para>01/31/2018: data structure validated ('gce_valid')</para>
            </description>
          </subStep>
          <subStep>
            <description>
              <para>01/31/2018: data structure validated ('gce_valid')</para>
            </description>
          </subStep>
          <subStep>
            <description>
              <para>01/31/2018: data structure validated ('gce_valid')</para>
            </description>
          </subStep>
          <subStep>
            <description>
              <para>01/31/2018: data structure validated ('gce_valid')</para>
            </description>
          </subStep>
          <subStep>
            <description>
              <para>01/31/2018: updated 4 metadata fields ('addmeta')</para>
            </description>
          </subStep>
          <subStep>
            <description>
              <para>01/31/2018: updated 4 metadata fields ('addmeta')</para>
            </description>
          </subStep>
          <subStep>
            <description>
              <para>01/31/2018: updated 4 metadata fields ('addmeta')</para>
            </description>
          </subStep>
          <subStep>
            <description>
              <para>01/31/2018: updated 4 metadata fields ('addmeta')</para>
            </description>
          </subStep>
          <subStep>
            <description>
              <para>01/31/2018: updated 4 metadata fields ('addmeta')</para>
            </description>
          </subStep>
          <subStep>
            <description>
              <para>01/31/2018: updated 15 metadata fields in the Status, Data sections to reflect attribute metadata ('updatecols')</para>
            </description>
          </subStep>
          <subStep>
            <description>
              <para>01/31/2018: updated 15 metadata fields in the Status, Data sections to reflect attribute metadata ('updatecols')</para>
            </description>
          </subStep>
          <subStep>
            <description>
              <para>01/31/2018: updated 15 metadata fields in the Status, Data sections to reflect attribute metadata ('updatecols')</para>
            </description>
          </subStep>
          <subStep>
            <description>
              <para>01/31/2018: updated 15 metadata fields in the Status, Data sections to reflect attribute metadata ('updatecols')</para>
            </description>
          </subStep>
          <subStep>
            <description>
              <para>01/31/2018: updated 15 metadata fields in the Status, Data sections to reflect attribute metadata ('updatecols')</para>
            </description>
          </subStep>
        </methodStep>
        <qualityControl>
          <description>
            <para>Quality control analysis was performed using the GCE Data Toolbox for MATLAB software. Column data types are validated upon importing the table into MATLAB, and qualifier flags are automatically generated for data values based on QA/QC criteria for each data column pre-defined in metadata templates (e.g. value range checks, sanity checks, pattern checks). Qualifier flags are also assigned to values that are imputed or derived, revised, or otherwise differ from values in the original data submission. A column of coded qualifier flags is generated and included in the data table if flags are assigned to any value in a data column.</para>
          </description>
        </qualityControl>
      </methods>
      <attributeList>
        <attribute id="att.18">
          <attributeName>stream</attributeName>
          <attributeDefinition>the stream from which the measurements were taken, whereby LE1 = Low-Elevation Stream 1, LE2 = Low-Elevation Stream 2, HE1 = High-Elevation Stream 1, and HE2 = High-Elevation Stream 2.</attributeDefinition>
          <storageType>string</storageType>
          <measurementScale>
            <nominal>
              <nonNumericDomain>
                <textDomain>
                  <definition>the stream from which the measurements were taken, whereby LE1 = Low-Elevation Stream 1, LE2 = Low-Elevation Stream 2, HE1 = High-Elevation Stream 1, and HE2 = High-Elevation Stream 2.</definition>
                </textDomain>
              </nonNumericDomain>
            </nominal>
          </measurementScale>
        </attribute>
        <attribute id="att.19">
          <attributeName>transect</attributeName>
          <attributeDefinition>the transect at which the measurements were taken</attributeDefinition>
          <storageType>float</storageType>
          <measurementScale>
            <ratio>
              <unit>
                <standardUnit>meter</standardUnit>
              </unit>
              <precision>1</precision>
              <numericDomain>
                <numberType>real</numberType>
              </numericDomain>
            </ratio>
          </measurementScale>
          <missingValueCode>
            <code>NaN</code>
            <codeExplanation>value not recorded or invalid</codeExplanation>
          </missingValueCode>
        </attribute>
        <attribute id="att.20">
          <attributeName>width</attributeName>
          <attributeDefinition>the measured wetted-width (cm) of the stream at the corresponding transect</attributeDefinition>
          <storageType>float</storageType>
          <measurementScale>
            <ratio>
              <unit>
                <standardUnit>centimeter</standardUnit>
              </unit>
              <precision>1</precision>
              <numericDomain>
                <numberType>real</numberType>
              </numericDomain>
            </ratio>
          </measurementScale>
          <missingValueCode>
            <code>NaN</code>
            <codeExplanation>value not recorded or invalid</codeExplanation>
          </missingValueCode>
        </attribute>
        <attribute id="att.21">
          <attributeName>depth</attributeName>
          <attributeDefinition>the measured mean depth (cm) of the stream at the corresponding transect </attributeDefinition>
          <storageType>float</storageType>
          <measurementScale>
            <ratio>
              <unit>
                <standardUnit>centimeter</standardUnit>
              </unit>
              <precision>1</precision>
              <numericDomain>
                <numberType>real</numberType>
              </numericDomain>
            </ratio>
          </measurementScale>
          <missingValueCode>
            <code>NaN</code>
            <codeExplanation>value not recorded or invalid</codeExplanation>
          </missingValueCode>
        </attribute>
        <attribute id="att.22">
          <attributeName>cover</attributeName>
          <attributeDefinition>measured mean canopy cover (%) of the stream at the corresponding transect</attributeDefinition>
          <storageType>float</storageType>
          <measurementScale>
            <interval>
              <unit>
                <customUnit>percentabbr.</customUnit>
              </unit>
              <precision>0.01</precision>
              <numericDomain>
                <numberType>real</numberType>
              </numericDomain>
            </interval>
          </measurementScale>
          <missingValueCode>
            <code>NaN</code>
            <codeExplanation>value not recorded or invalid</codeExplanation>
          </missingValueCode>
          <methods>
            <methodStep>
              <description>
                <para>Calculations: 2</para>
              </description>
            </methodStep>
          </methods>
        </attribute>
        <attribute id="att.23">
          <attributeName>flow</attributeName>
          <attributeDefinition>measured mean flow (m s-1) of the stream at the corresponding transect</attributeDefinition>
          <storageType>float</storageType>
          <measurementScale>
            <ratio>
              <unit>
                <standardUnit>metersPerSecond</standardUnit>
              </unit>
              <precision>0.000000000</precision>
              <numericDomain>
                <numberType>real</numberType>
              </numericDomain>
            </ratio>
          </measurementScale>
          <missingValueCode>
            <code>NaN</code>
            <codeExplanation>value not recorded or invalid</codeExplanation>
          </missingValueCode>
          <methods>
            <methodStep>
              <description>
                <para>Calculations: 9</para>
              </description>
            </methodStep>
          </methods>
        </attribute>
        <attribute id="att.24">
          <attributeName>temp</attributeName>
          <attributeDefinition>measured mean daily temperature (°C) of the stream</attributeDefinition>
          <storageType>float</storageType>
          <measurementScale>
            <interval>
              <unit>
                <standardUnit>celsius</standardUnit>
              </unit>
              <precision>0.00000001</precision>
              <numericDomain>
                <numberType>real</numberType>
              </numericDomain>
            </interval>
          </measurementScale>
          <missingValueCode>
            <code>NaN</code>
            <codeExplanation>value not recorded or invalid</codeExplanation>
          </missingValueCode>
          <methods>
            <methodStep>
              <description>
                <para>Calculations: 8</para>
              </description>
            </methodStep>
          </methods>
        </attribute>
      </attributeList>
    </dataTable>
    <dataTable>
      <entityName>4077_traits</entityName>
      <entityDescription>Traits data for 4077</entityDescription>
      <physical>
        <objectName>4077_traits_1_4077.TXT</objectName>
        <size unit="rows"/>
        <characterEncoding>ASCII</characterEncoding>
        <dataFormat>
          <textFormat>
            <numHeaderLines>1</numHeaderLines>
            <numFooterLines>0</numFooterLines>
            <recordDelimiter>\r\n</recordDelimiter>
            <numPhysicalLinesPerRecord>1</numPhysicalLinesPerRecord>
            <attributeOrientation>column</attributeOrientation>
            <simpleDelimited>
              <fieldDelimiter>\t</fieldDelimiter>
            </simpleDelimited>
          </textFormat>
        </dataFormat>
        <distribution>
          <online>
            <url function="download">https://pasta.lternet.edu/package/data/eml/knb-lter-cwt/4077/13/67d16fad0db267542060d007764874c3</url>
          </online>
          <access
            authSystem="https://pasta.edirepository.org/authentication"
            order="allowFirst" scope="document" system="https://pasta.edirepository.org">
            <allow>
              <principal>uid=CWT,o=lter,dc=ecoinformatics,dc=org</principal>
              <permission>all</permission>
            </allow>
            <allow>
              <principal>public</principal>
              <permission>read</permission>
            </allow>
          </access>
        </distribution>
      </physical>
      <methods>
        <methodStep>
          <description>
            <para>Data file post-processing in the CWT-LTER Information Management Office</para>
          </description>
          <subStep>
            <description>
              <para>01/31/2018: new GCE Data Structure 1.1 created ('newstruct')</para>
            </description>
          </subStep>
          <subStep>
            <description>
              <para>01/31/2018: new GCE Data Structure 1.1 created ('newstruct')</para>
            </description>
          </subStep>
          <subStep>
            <description>
              <para>01/31/2018: new GCE Data Structure 1.1 created ('newstruct')</para>
            </description>
          </subStep>
          <subStep>
            <description>
              <para>01/31/2018: new GCE Data Structure 1.1 created ('newstruct')</para>
            </description>
          </subStep>
          <subStep>
            <description>
              <para>01/31/2018: new GCE Data Structure 1.1 created ('newstruct')</para>
            </description>
          </subStep>
          <subStep>
            <description>
              <para>01/31/2018: 8 rows imported from ASCII data file '4077_traits.txt' ('imp_ascii')</para>
            </description>
          </subStep>
          <subStep>
            <description>
              <para>01/31/2018: 8 rows imported from ASCII data file '4077_traits.txt' ('imp_ascii')</para>
            </description>
          </subStep>
          <subStep>
            <description>
              <para>01/31/2018: 8 rows imported from ASCII data file '4077_traits.txt' ('imp_ascii')</para>
            </description>
          </subStep>
          <subStep>
            <description>
              <para>01/31/2018: 8 rows imported from ASCII data file '4077_traits.txt' ('imp_ascii')</para>
            </description>
          </subStep>
          <subStep>
            <description>
              <para>01/31/2018: 8 rows imported from ASCII data file '4077_traits.txt' ('imp_ascii')</para>
            </description>
          </subStep>
          <subStep>
            <description>
              <para>01/31/2018: 82 metadata fields in file header parsed ('parse_header')</para>
            </description>
          </subStep>
          <subStep>
            <description>
              <para>01/31/2018: 82 metadata fields in file header parsed ('parse_header')</para>
            </description>
          </subStep>
          <subStep>
            <description>
              <para>01/31/2018: 82 metadata fields in file header parsed ('parse_header')</para>
            </description>
          </subStep>
          <subStep>
            <description>
              <para>01/31/2018: 82 metadata fields in file header parsed ('parse_header')</para>
            </description>
          </subStep>
          <subStep>
            <description>
              <para>01/31/2018: 82 metadata fields in file header parsed ('parse_header')</para>
            </description>
          </subStep>
          <subStep>
            <description>
              <para>01/31/2018: data structure validated ('gce_valid')</para>
            </description>
          </subStep>
          <subStep>
            <description>
              <para>01/31/2018: data structure validated ('gce_valid')</para>
            </description>
          </subStep>
          <subStep>
            <description>
              <para>01/31/2018: data structure validated ('gce_valid')</para>
            </description>
          </subStep>
          <subStep>
            <description>
              <para>01/31/2018: data structure validated ('gce_valid')</para>
            </description>
          </subStep>
          <subStep>
            <description>
              <para>01/31/2018: data structure validated ('gce_valid')</para>
            </description>
          </subStep>
          <subStep>
            <description>
              <para>01/31/2018: updated 4 metadata fields ('addmeta')</para>
            </description>
          </subStep>
          <subStep>
            <description>
              <para>01/31/2018: updated 4 metadata fields ('addmeta')</para>
            </description>
          </subStep>
          <subStep>
            <description>
              <para>01/31/2018: updated 4 metadata fields ('addmeta')</para>
            </description>
          </subStep>
          <subStep>
            <description>
              <para>01/31/2018: updated 4 metadata fields ('addmeta')</para>
            </description>
          </subStep>
          <subStep>
            <description>
              <para>01/31/2018: updated 4 metadata fields ('addmeta')</para>
            </description>
          </subStep>
          <subStep>
            <description>
              <para>01/31/2018: updated 15 metadata fields in the Status, Data sections to reflect attribute metadata ('updatecols')</para>
            </description>
          </subStep>
          <subStep>
            <description>
              <para>01/31/2018: updated 15 metadata fields in the Status, Data sections to reflect attribute metadata ('updatecols')</para>
            </description>
          </subStep>
          <subStep>
            <description>
              <para>01/31/2018: updated 15 metadata fields in the Status, Data sections to reflect attribute metadata ('updatecols')</para>
            </description>
          </subStep>
          <subStep>
            <description>
              <para>01/31/2018: updated 15 metadata fields in the Status, Data sections to reflect attribute metadata ('updatecols')</para>
            </description>
          </subStep>
          <subStep>
            <description>
              <para>01/31/2018: updated 15 metadata fields in the Status, Data sections to reflect attribute metadata ('updatecols')</para>
            </description>
          </subStep>
        </methodStep>
        <qualityControl>
          <description>
            <para>Quality control analysis was performed using the GCE Data Toolbox for MATLAB software. Column data types are validated upon importing the table into MATLAB, and qualifier flags are automatically generated for data values based on QA/QC criteria for each data column pre-defined in metadata templates (e.g. value range checks, sanity checks, pattern checks). Qualifier flags are also assigned to values that are imputed or derived, revised, or otherwise differ from values in the original data submission. A column of coded qualifier flags is generated and included in the data table if flags are assigned to any value in a data column.</para>
          </description>
        </qualityControl>
      </methods>
      <attributeList>
        <attribute id="att.25">
          <attributeName>taxa</attributeName>
          <attributeDefinition>list of taxa included in the functional trait analyses, whereby amph = Amphinemura sp., chir = Chironomidae, lepi = Lepidostoma sp., lept = Leptotarsus sp., leuc = Leuctra sp., paral = Paraleptophlebia sp., pycn = Pycnopsyche sp, and tall = Tallaperla sp.</attributeDefinition>
          <storageType>string</storageType>
          <measurementScale>
            <nominal>
              <nonNumericDomain>
                <textDomain>
                  <definition>list of taxa included in the functional trait analyses, whereby amph = Amphinemura sp., chir = Chironomidae, lepi = Lepidostoma sp., lept = Leptotarsus sp., leuc = Leuctra sp., paral = Paraleptophlebia sp., pycn = Pycnopsyche sp, and tall = Tallaperla sp.</definition>
                </textDomain>
              </nonNumericDomain>
            </nominal>
          </measurementScale>
        </attribute>
        <attribute id="att.26">
          <attributeName>biom</attributeName>
          <attributeDefinition>mean per capita biomass (mg) of the respective taxon</attributeDefinition>
          <storageType>float</storageType>
          <measurementScale>
            <ratio>
              <unit>
                <standardUnit>milligram</standardUnit>
              </unit>
              <precision>1</precision>
              <numericDomain>
                <numberType>real</numberType>
              </numericDomain>
            </ratio>
          </measurementScale>
          <missingValueCode>
            <code>NaN</code>
            <codeExplanation>value not recorded or invalid</codeExplanation>
          </missingValueCode>
        </attribute>
        <attribute id="att.27">
          <attributeName>habi.1</attributeName>
          <attributeDefinition>presence (1) or absence (0) of foraging habit 1 (burrow)</attributeDefinition>
          <storageType>integer</storageType>
          <measurementScale>
            <ordinal>
              <nonNumericDomain>
                <enumeratedDomain>
                  <codeDefinition>
                    <code>1</code>
                    <definition>presence</definition>
                  </codeDefinition>
                  <codeDefinition>
                    <code>2</code>
                    <definition>absence</definition>
                  </codeDefinition>
                </enumeratedDomain>
              </nonNumericDomain>
            </ordinal>
          </measurementScale>
          <missingValueCode>
            <code>NaN</code>
            <codeExplanation>value not recorded or invalid</codeExplanation>
          </missingValueCode>
          <methods>
            <methodStep>
              <description>
                <para>Calculations: 0</para>
              </description>
            </methodStep>
          </methods>
        </attribute>
        <attribute id="att.28">
          <attributeName>habi.2</attributeName>
          <attributeDefinition>presence (1) or absence (0) of foraging habit 2 (climb)</attributeDefinition>
          <storageType>integer</storageType>
          <measurementScale>
            <ordinal>
              <nonNumericDomain>
                <enumeratedDomain>
                  <codeDefinition>
                    <code>1</code>
                    <definition>presence</definition>
                  </codeDefinition>
                  <codeDefinition>
                    <code>2</code>
                    <definition>absence</definition>
                  </codeDefinition>
                </enumeratedDomain>
              </nonNumericDomain>
            </ordinal>
          </measurementScale>
          <missingValueCode>
            <code>NaN</code>
            <codeExplanation>value not recorded or invalid</codeExplanation>
          </missingValueCode>
          <methods>
            <methodStep>
              <description>
                <para>Calculations: 0</para>
              </description>
            </methodStep>
          </methods>
        </attribute>
        <attribute id="att.29">
          <attributeName>habi.3</attributeName>
          <attributeDefinition>presence (1) or absence (0) of foraging habit 3 (sprawl)</attributeDefinition>
          <storageType>integer</storageType>
          <measurementScale>
            <ordinal>
              <nonNumericDomain>
                <enumeratedDomain>
                  <codeDefinition>
                    <code>1</code>
                    <definition>presence</definition>
                  </codeDefinition>
                  <codeDefinition>
                    <code>2</code>
                    <definition>absence</definition>
                  </codeDefinition>
                </enumeratedDomain>
              </nonNumericDomain>
            </ordinal>
          </measurementScale>
          <missingValueCode>
            <code>NaN</code>
            <codeExplanation>value not recorded or invalid</codeExplanation>
          </missingValueCode>
          <methods>
            <methodStep>
              <description>
                <para>Calculations: 0</para>
              </description>
            </methodStep>
          </methods>
        </attribute>
        <attribute id="att.30">
          <attributeName>habi.4</attributeName>
          <attributeDefinition>presence (1) or absence (0) of foraging habit 4 (cling)</attributeDefinition>
          <storageType>integer</storageType>
          <measurementScale>
            <ordinal>
              <nonNumericDomain>
                <enumeratedDomain>
                  <codeDefinition>
                    <code>1</code>
                    <definition>presence</definition>
                  </codeDefinition>
                  <codeDefinition>
                    <code>2</code>
                    <definition>absence</definition>
                  </codeDefinition>
                </enumeratedDomain>
              </nonNumericDomain>
            </ordinal>
          </measurementScale>
          <missingValueCode>
            <code>NaN</code>
            <codeExplanation>value not recorded or invalid</codeExplanation>
          </missingValueCode>
          <methods>
            <methodStep>
              <description>
                <para>Calculations: 0</para>
              </description>
            </methodStep>
          </methods>
        </attribute>
        <attribute id="att.31">
          <attributeName>habi.5</attributeName>
          <attributeDefinition>presence (1) or absence (0) of foraging habit 5 (swim)</attributeDefinition>
          <storageType>integer</storageType>
          <measurementScale>
            <ordinal>
              <nonNumericDomain>
                <enumeratedDomain>
                  <codeDefinition>
                    <code>1</code>
                    <definition>presence</definition>
                  </codeDefinition>
                  <codeDefinition>
                    <code>2</code>
                    <definition>absence</definition>
                  </codeDefinition>
                </enumeratedDomain>
              </nonNumericDomain>
            </ordinal>
          </measurementScale>
          <missingValueCode>
            <code>NaN</code>
            <codeExplanation>value not recorded or invalid</codeExplanation>
          </missingValueCode>
          <methods>
            <methodStep>
              <description>
                <para>Calculations: 0</para>
              </description>
            </methodStep>
          </methods>
        </attribute>
        <attribute id="att.32">
          <attributeName>habi.6</attributeName>
          <attributeDefinition>presence (1) or absence (0) of foraging habit 6 (skate)</attributeDefinition>
          <storageType>integer</storageType>
          <measurementScale>
            <ordinal>
              <nonNumericDomain>
                <enumeratedDomain>
                  <codeDefinition>
                    <code>1</code>
                    <definition>presence</definition>
                  </codeDefinition>
                  <codeDefinition>
                    <code>2</code>
                    <definition>absence</definition>
                  </codeDefinition>
                </enumeratedDomain>
              </nonNumericDomain>
            </ordinal>
          </measurementScale>
          <missingValueCode>
            <code>NaN</code>
            <codeExplanation>value not recorded or invalid</codeExplanation>
          </missingValueCode>
          <methods>
            <methodStep>
              <description>
                <para>Calculations: 0</para>
              </description>
            </methodStep>
          </methods>
        </attribute>
        <attribute id="att.33">
          <attributeName>rheo.1</attributeName>
          <attributeDefinition>presence (1) or absence (0) of rheophilic preference 1 (depositional)</attributeDefinition>
          <storageType>integer</storageType>
          <measurementScale>
            <ordinal>
              <nonNumericDomain>
                <enumeratedDomain>
                  <codeDefinition>
                    <code>1</code>
                    <definition>presence</definition>
                  </codeDefinition>
                  <codeDefinition>
                    <code>2</code>
                    <definition>absence</definition>
                  </codeDefinition>
                </enumeratedDomain>
              </nonNumericDomain>
            </ordinal>
          </measurementScale>
          <missingValueCode>
            <code>NaN</code>
            <codeExplanation>value not recorded or invalid</codeExplanation>
          </missingValueCode>
          <methods>
            <methodStep>
              <description>
                <para>Calculations: 0</para>
              </description>
            </methodStep>
          </methods>
        </attribute>
        <attribute id="att.34">
          <attributeName>rheo.2</attributeName>
          <attributeDefinition>presence (1) or absence (0) of rheophilic preference 2 (depositional and erosional)</attributeDefinition>
          <storageType>integer</storageType>
          <measurementScale>
            <ordinal>
              <nonNumericDomain>
                <enumeratedDomain>
                  <codeDefinition>
                    <code>1</code>
                    <definition>presence</definition>
                  </codeDefinition>
                  <codeDefinition>
                    <code>2</code>
                    <definition>absence</definition>
                  </codeDefinition>
                </enumeratedDomain>
              </nonNumericDomain>
            </ordinal>
          </measurementScale>
          <missingValueCode>
            <code>NaN</code>
            <codeExplanation>value not recorded or invalid</codeExplanation>
          </missingValueCode>
          <methods>
            <methodStep>
              <description>
                <para>Calculations: 0</para>
              </description>
            </methodStep>
          </methods>
        </attribute>
        <attribute id="att.35">
          <attributeName>rheo.3</attributeName>
          <attributeDefinition>presence (1) or absence (0) of rheophilic preference 3 (erosional)</attributeDefinition>
          <storageType>integer</storageType>
          <measurementScale>
            <ordinal>
              <nonNumericDomain>
                <enumeratedDomain>
                  <codeDefinition>
                    <code>1</code>
                    <definition>presence</definition>
                  </codeDefinition>
                  <codeDefinition>
                    <code>2</code>
                    <definition>absence</definition>
                  </codeDefinition>
                </enumeratedDomain>
              </nonNumericDomain>
            </ordinal>
          </measurementScale>
          <missingValueCode>
            <code>NaN</code>
            <codeExplanation>value not recorded or invalid</codeExplanation>
          </missingValueCode>
          <methods>
            <methodStep>
              <description>
                <para>Calculations: 0</para>
              </description>
            </methodStep>
          </methods>
        </attribute>
        <attribute id="att.36">
          <attributeName>ther.1</attributeName>
          <attributeDefinition>presence (1) or absence (0) of thermal preference 1 (cold/cool)</attributeDefinition>
          <storageType>integer</storageType>
          <measurementScale>
            <ordinal>
              <nonNumericDomain>
                <enumeratedDomain>
                  <codeDefinition>
                    <code>1</code>
                    <definition>presence</definition>
                  </codeDefinition>
                  <codeDefinition>
                    <code>2</code>
                    <definition>absence</definition>
                  </codeDefinition>
                </enumeratedDomain>
              </nonNumericDomain>
            </ordinal>
          </measurementScale>
          <missingValueCode>
            <code>NaN</code>
            <codeExplanation>value not recorded or invalid</codeExplanation>
          </missingValueCode>
          <methods>
            <methodStep>
              <description>
                <para>Calculations: 0</para>
              </description>
            </methodStep>
          </methods>
        </attribute>
        <attribute id="att.37">
          <attributeName>ther.2</attributeName>
          <attributeDefinition>presence (1) or absence (0) of thermal preference 2 (cool/warm)</attributeDefinition>
          <storageType>integer</storageType>
          <measurementScale>
            <ordinal>
              <nonNumericDomain>
                <enumeratedDomain>
                  <codeDefinition>
                    <code>1</code>
                    <definition>presence</definition>
                  </codeDefinition>
                  <codeDefinition>
                    <code>2</code>
                    <definition>absence</definition>
                  </codeDefinition>
                </enumeratedDomain>
              </nonNumericDomain>
            </ordinal>
          </measurementScale>
          <missingValueCode>
            <code>NaN</code>
            <codeExplanation>value not recorded or invalid</codeExplanation>
          </missingValueCode>
          <methods>
            <methodStep>
              <description>
                <para>Calculations: 0</para>
              </description>
            </methodStep>
          </methods>
        </attribute>
        <attribute id="att.38">
          <attributeName>ther.3</attributeName>
          <attributeDefinition>presence (1) or absence (0) of thermal preference 3 (warm)</attributeDefinition>
          <storageType>integer</storageType>
          <measurementScale>
            <ordinal>
              <nonNumericDomain>
                <enumeratedDomain>
                  <codeDefinition>
                    <code>1</code>
                    <definition>presence</definition>
                  </codeDefinition>
                  <codeDefinition>
                    <code>2</code>
                    <definition>absence</definition>
                  </codeDefinition>
                </enumeratedDomain>
              </nonNumericDomain>
            </ordinal>
          </measurementScale>
          <missingValueCode>
            <code>NaN</code>
            <codeExplanation>value not recorded or invalid</codeExplanation>
          </missingValueCode>
          <methods>
            <methodStep>
              <description>
                <para>Calculations: 0</para>
              </description>
            </methodStep>
          </methods>
        </attribute>
      </attributeList>
    </dataTable>
    <otherEntity id="4077.kml">
      <entityName>4077.kml</entityName>
      <entityDescription>Google Earth Keyhole Markup Language file describing the geographic locations sampled in data set knb-lter-cwt.4077.13</entityDescription>
      <physical>
        <objectName>4077.kml</objectName>
        <dataFormat>
          <externallyDefinedFormat>
            <formatName>application/vnd.google-earth.kml+xml</formatName>
          </externallyDefinedFormat>
        </dataFormat>
        <distribution>
          <online>
            <url function="download">https://pasta.lternet.edu/package/data/eml/knb-lter-cwt/4077/13/6b0176472880a3b009379d9af011c459</url>
          </online>
          <access
            authSystem="https://pasta.edirepository.org/authentication"
            order="allowFirst" scope="document" system="https://pasta.edirepository.org">
            <allow>
              <principal>uid=CWT,o=lter,dc=ecoinformatics,dc=org</principal>
              <permission>all</permission>
            </allow>
            <allow>
              <principal>public</principal>
              <permission>read</permission>
            </allow>
          </access>
        </distribution>
      </physical>
      <entityType>KML</entityType>
    </otherEntity>
  </dataset>
  <additionalMetadata>
    <metadata>
      <stmml:unitList
        xmlns:stmml="http://www.xml-cml.org/schema/stmml-1.1" xsi:schemaLocation="http://www.xml-cml.org/schema/stmml-1.1 http://gce-lter.marsci.uga.edu/public/files/schemas/eml-210/stmml.xsd">
        <!--note that the unitTypes here are taken from the eml-unitDictionary.xml-->
        <stmml:unit abbreviation="%" id="percentabbr."
          multiplierToSI="1" name="percent" unitType="dimensionless">
          <stmml:description>ratio of two quantities as percent composition (1:100)</stmml:description>
        </stmml:unit>
      </stmml:unitList>
    </metadata>
  </additionalMetadata>
</eml:eml>
