<?xml version="1.0" encoding="UTF-8"?>
<eml:eml xmlns:eml="eml://ecoinformatics.org/eml-2.1.1" xmlns:stmml="http://www.xml-cml.org/schema/stmml-1.1" xmlns:xsi="http://www.w3.org/2001/XMLSchema-instance" xmlns:ds="eml://ecoinformatics.org/dataset-2.1.0" xsi:schemaLocation="eml://ecoinformatics.org/eml-2.1.0&#10;&#9;&#9;&#9;&#9;http://nis.lternet.edu/schemas/EML/eml-2.1.0/eml.xsd" packageId="knb-lter-bnz.504.6" system="knb" scope="system">
<access scope="document" order="allowFirst" authSystem="knb">
<allow>
<principal>uid=BNZ,o=lter,dc=ecoinformatics,dc=org</principal>
<permission>all</permission>
</allow>
<allow>
<principal>public</principal>
<permission>read</permission>
</allow>
</access>
<dataset>
<shortName>knb-lter-bnz.504.6</shortName>
<title>Bonanza Creek Experimental Forest Beetles Per Trap Beginning in 1975 - Kruse</title>
<creator>
<individualName>
<givenName>James</givenName>
<givenName>J.</givenName>
<surName>Kruse</surName>
</individualName>
<positionName>Affiliate Scientist</positionName>
<!--No address recorded in database ( pers/address when lead_contact=1 )-->
<phone phonetype="voice">(907) 451-2701</phone>
<!--No fax info present in Database  ( pers/fax when lead_contact=1 )-->
<electronicMailAddress>jkruse@fs.fed.us</electronicMailAddress>
<onlineUrl>http://www.fs.fed.us/r10/spf/fhp/</onlineUrl>
</creator>
<creator>
<individualName>
<givenName>Richard</givenName>
<givenName>A.</givenName>
<surName>Werner</surName>
</individualName>
<positionName>Affiliate Scientist</positionName>
<address>
<deliveryPoint>8080 NW Ridgewood Drive</deliveryPoint>
<city>Corvallis</city>
<administrativeArea>OR</administrativeArea>
<postalCode>97330</postalCode>
<country>United States</country>
</address>
<phone phonetype="voice">(541) 758-1045</phone>
<phone phonetype="fax">(907) 474-6251</phone>
<electronicMailAddress>wernerr@peak.org</electronicMailAddress>
<!--No personal web address info on file-->
</creator>
<creator>
<individualName>
<givenName>Diane</givenName>
<surName>Wagner</surName>
</individualName>
<positionName>Affiliate Scientist</positionName>
<address>
<deliveryPoint>Arctic Health Research PO Box 757000 University of Alaska Fairbanks</deliveryPoint>
<city>Fairbanks</city>
<administrativeArea>AK</administrativeArea>
<postalCode>99775</postalCode>
<country>United States</country>
</address>
<phone phonetype="voice">(907) 474-5227</phone>
<phone phonetype="fax">(907) 474-7666
</phone>
<electronicMailAddress>diane.wagner@alaska.edu</electronicMailAddress>
<onlineUrl>http://mercury2.iab.uaf.edu/diane_wagner/</onlineUrl>
</creator>
<creator>
<organizationName>Bonanza Creek LTER</organizationName>
<address>
<deliveryPoint>Boreal Ecology Cooperative Research Unit </deliveryPoint>
<deliveryPoint>University of Alaska Fairbanks</deliveryPoint>
<deliveryPoint>P.O. Box 756780 </deliveryPoint>
<city>Fairbanks</city>
<administrativeArea>AK</administrativeArea>
<postalCode>99775</postalCode>
<country>USA</country>
</address>
<phone phonetype="voice">907-474-6364</phone>
<phone phonetype="fax">907-474-6251</phone>
<electronicMailAddress>uaf-bnz-im-team@alaska.edu</electronicMailAddress>
<onlineUrl>http://www.lter.uaf.edu</onlineUrl>
</creator>
<metadataProvider>
<organizationName>Bonanza Creek LTER</organizationName>
<positionName>Data Manager</positionName>
<address>
<deliveryPoint>Boreal Ecology Cooperative Research Unit </deliveryPoint>
<deliveryPoint>University of Alaska Fairbanks</deliveryPoint>
<deliveryPoint>P.O. Box 756780 </deliveryPoint>
<city>Fairbanks</city>
<administrativeArea>AK</administrativeArea>
<postalCode>99775</postalCode>
<country>USA</country>
</address>
<phone phonetype="voice">907-474-6364</phone>
<phone phonetype="fax">907-474-6251</phone>
<electronicMailAddress>uaf-bnz-im-team@alaska.edu</electronicMailAddress>
<onlineUrl>http://www.lter.uaf.edu</onlineUrl>
</metadataProvider>
<associatedParty>
<individualName>
<givenName>Nick</givenName>
<surName>Lisuzzo</surName>
</individualName>
<positionName>USDA Forest Service, State and Private Forestry;  Forest Health Protection, Fairbanks Unit</positionName>
<!--No address on file for this person ( pers/address when lead_contact=0 )-->
<phone phonetype="voice">(907) 374-3758</phone>
<!--No fax info on file for this person-->
<role>Associated investigator</role>
</associatedParty>
<associatedParty>
<individualName>
<givenName>Diane</givenName>
<surName>Wagner</surName>
</individualName>
<positionName>Associate Professor of Biology</positionName>
<address>
<deliveryPoint>Arctic Health Research PO Box 757000 University of Alaska Fairbanks</deliveryPoint>
<city>Fairbanks</city>
<administrativeArea>AK</administrativeArea>
<postalCode>99775</postalCode>
<country>United States</country>
</address>
<phone phonetype="voice">(907) 474-5227</phone>
<phone phonetype="fax">(907) 474-7666
</phone>
<role>Associated investigator</role>
</associatedParty>
<pubDate>2012-11-16</pubDate>
<abstract>
<para>This is a more detailed datafile then the previous method of reporting found in the datafile:  Bonanza Creek Experimental Forest Bark Beetle Per Trap 1Begining in 1975 - Werner.  Starting 2010 it contains counts of all woodboring insects and bark beetles caught in the pheromone baited traps, and retains information at the individual sample level.</para>
</abstract>
<keywordSet>
<keyword>Alaska</keyword>
<keyword>bark</keyword>
<keyword>beetles</keyword>
<keyword>funnel</keyword>
<keyword>insects</keyword>
<keyword>pheromones</keyword>
<keyword>populations</keyword>
<keyword>trap</keyword>
<keyword>trees</keyword>
<keywordThesaurus>Climate</keywordThesaurus>
</keywordSet>
<intellectualRights>
<section>
<title>Access to Data</title>
<para>While metadata will be freely available to those requesting it, the data manager will assure that any restrictions on access to data sets in the database will be enforced. Data will not be released without proper permission first being obtained from the investigator who generated the data. </para>
</section>
<section>
<title>Use of data</title>
<para> Researchers should receive adequate acknowledgment for the use of their data by others and should be provided with copies of publications using their data. Users of data from the data base must be aware that data is not to be sold or redistributed.</para>
</section>
<section>
<title>Citing Bonanza Creek LTER Datasets</title>
<para>It is considered a matter of professional ethics to acknowledge the work of other scientists. Thus, the Data User will properly cite the Data Set in any publications or in the metadata of any derived data products that were produced using the Data Set. </para>
</section>
</intellectualRights>
<distribution id="distributionReference">
<online>
<url function="information">http://www.lter.uaf.edu/data_detail.cfm?datafile_pkey=504</url>
</online>
</distribution>
<coverage>
<geographicCoverage id="geoReference">
<geographicDescription>Site information unavailable</geographicDescription>
<boundingCoordinates>
<westBoundingCoordinate>-148.32123</westBoundingCoordinate>
<eastBoundingCoordinate>-148.2854</eastBoundingCoordinate>
<northBoundingCoordinate>64.76594</northBoundingCoordinate>
<southBoundingCoordinate>64.69559</southBoundingCoordinate>
</boundingCoordinates>
</geographicCoverage>
<temporalCoverage>
<rangeOfDates>
<beginDate>
<calendarDate>1976-09-01</calendarDate>
</beginDate>
<endDate>
<calendarDate>2012-08-09</calendarDate>
</endDate>
</rangeOfDates>
</temporalCoverage>
</coverage>
<maintenance>
<description>
<section>
<title>Status</title>
<para>Ongoing</para>
</section>
</description>
</maintenance>
<contact>
<organizationName>Bonanza Creek LTER</organizationName>
<positionName>Data Manager</positionName>
<address>
<deliveryPoint>Boreal Ecology Cooperative Research Unit </deliveryPoint>
<deliveryPoint>University of Alaska Fairbanks</deliveryPoint>
<deliveryPoint>P.O. Box 756780 </deliveryPoint>
<city>Fairbanks</city>
<administrativeArea>AK</administrativeArea>
<postalCode>99775</postalCode>
<country>USA</country>
</address>
<phone phonetype="voice">907-474-6364</phone>
<phone phonetype="fax">907-474-6251</phone>
<electronicMailAddress>uaf-bnz-im-team@alaska.edu</electronicMailAddress>
<onlineUrl>http://www.lter.uaf.edu</onlineUrl>
</contact>
<publisher>
<organizationName>Bonanza Creek LTER</organizationName>
<address>
<deliveryPoint>Boreal Ecology Cooperative Research Unit </deliveryPoint>
<deliveryPoint>University of Alaska Fairbanks</deliveryPoint>
<deliveryPoint>P.O. Box 756780 </deliveryPoint>
<city>Fairbanks</city>
<administrativeArea>AK</administrativeArea>
<postalCode>99775</postalCode>
<country>USA</country>
</address>
<phone phonetype="voice">907-474-6364</phone>
<phone phonetype="fax">907-474-6251</phone>
</publisher>
<pubPlace>Bonanza Creek LTER</pubPlace>
<methods>
<methodStep>
<description>
<section>
<title>Experimental Design</title>
<para>Plots were systematically selected because of preferred host type and accessibility in 1976 and 1980. </para>
</section>
<section>
<title>Methods</title>
<para>Sampling for bark beetles utilized pheromone-baited multiple funnel traps. Several different baits were used for the various species of bark beetles. Traps were erected in May and monitored at monthly intervals until September of each year for which the monitoring was scheduled.</para>
</section>
</description>
</methodStep>
<sampling>
<studyExtent>
<coverage>
<geographicCoverage>
<references>geoReference</references>
</geographicCoverage>
<temporalCoverage>
<rangeOfDates>
<beginDate>
<calendarDate>1976-09-01</calendarDate>
</beginDate>
<endDate>
<calendarDate>2012-08-09</calendarDate>
</endDate>
</rangeOfDates>
</temporalCoverage>
</coverage>
</studyExtent>
<samplingDescription>
<section>
<title>Sampling Frequency</title>
<para>Twice per summer:Annually</para>
</section>
</samplingDescription>
</sampling>
</methods>
<dataTable>
<entityName>504_BNZ_Beetles_Kruse_1975-2012.txt</entityName>
<entityDescription>This dataset contains counts of all woodboring insects and bark beetles caught in the pheromone baited traps, and retains information at the individual sample level.</entityDescription>
<physical>
<objectName>504_BNZ_Beetles_Kruse_1975-2012.txt</objectName>
<dataFormat>
<textFormat>
<numHeaderLines>1</numHeaderLines>
<recordDelimiter>\n</recordDelimiter>
<physicalLineDelimiter>\n</physicalLineDelimiter>
<attributeOrientation>column</attributeOrientation>
<simpleDelimited>
<fieldDelimiter>,</fieldDelimiter>
<quoteCharacter>"</quoteCharacter>
</simpleDelimited>
</textFormat>
</dataFormat>
<distribution>
<online>
<url function="download">http://www.lter.uaf.edu/ascii/files/504_BNZ_Beetles_Kruse_1975-2012.txt</url>
</online>
</distribution>
</physical>
<attributeList>
<attribute>
<attributeName>Date</attributeName>
<attributeLabel>Date</attributeLabel>
<attributeDefinition>Date of collection</attributeDefinition>
<storageType>string</storageType>
<measurementScale>
<nominal>
<nonNumericDomain>
<textDomain>
<definition>Date of collection</definition>
</textDomain>
</nonNumericDomain>
</nominal>
</measurementScale>
<!--No missing value/character in database (datafilevarible/errorcode)-->
</attribute>
<attribute>
<attributeName>Site</attributeName>
<attributeLabel>Site</attributeLabel>
<attributeDefinition>A code for site location</attributeDefinition>
<storageType>string</storageType>
<measurementScale>
<nominal>
<nonNumericDomain>
<enumeratedDomain>
<codeDefinition>
<code>A</code>
<definition>Zasada Road mile 5</definition>
</codeDefinition>
<codeDefinition>
<code> B</code>
<definition>Zasada Extension mile 2</definition>
</codeDefinition>
<codeDefinition>
<code> C</code>
<definition>Zasada Extension mile 3</definition>
</codeDefinition>
</enumeratedDomain>
</nonNumericDomain>
</nominal>
</measurementScale>
<!--No missing value/character in database (datafilevarible/errorcode)-->
</attribute>
<attribute>
<attributeName>Bait</attributeName>
<attributeLabel>Bait</attributeLabel>
<attributeDefinition>Bait used to attrack insects</attributeDefinition>
<storageType>string</storageType>
<measurementScale>
<nominal>
<nonNumericDomain>
<enumeratedDomain>
<codeDefinition>
<code>SB</code>
<definition>spruce beetle (alpha pinene + frontalin)</definition>
</codeDefinition>
<codeDefinition>
<code> IPS</code>
<definition>Ips perturbatus (ipsdienol + ipsenol)</definition>
</codeDefinition>
<codeDefinition>
<code> WBA</code>
<definition>wood borer (alcohol + turpentine)</definition>
</codeDefinition>
<codeDefinition>
<code> WBB</code>
<definition>wood borer (ethanol + turpentine)</definition>
</codeDefinition>
<codeDefinition>
<code> PFT</code>
<definition>open pitfall trap</definition>
</codeDefinition>
</enumeratedDomain>
</nonNumericDomain>
</nominal>
</measurementScale>
<!--No missing value/character in database (datafilevarible/errorcode)-->
</attribute>
<attribute>
<attributeName>IPS PERTURBATUS</attributeName>
<attributeLabel>IPS PERTURBATUS</attributeLabel>
<attributeDefinition>Count of individuals for species</attributeDefinition>
<storageType>integer</storageType>
<measurementScale>
<ratio>
<unit>
<standardUnit>dimensionless</standardUnit>
</unit>
<numericDomain>
<numberType>real</numberType>
<!--No minimum value recorded in database (datafilevaribles/minvalid)-->
</numericDomain>
</ratio>
</measurementScale>
<missingValueCode>
<code>N/A</code>
<codeExplanation>Missing Value</codeExplanation>
</missingValueCode>
</attribute>
<attribute>
<attributeName>DENDROCTONUS RUFIPENNIS</attributeName>
<attributeLabel>DENDROCTONUS RUFIPENNIS</attributeLabel>
<attributeDefinition>Count of individuals for species</attributeDefinition>
<storageType>integer</storageType>
<measurementScale>
<ratio>
<unit>
<standardUnit>dimensionless</standardUnit>
</unit>
<numericDomain>
<numberType>real</numberType>
<!--No minimum value recorded in database (datafilevaribles/minvalid)-->
</numericDomain>
</ratio>
</measurementScale>
<missingValueCode>
<code>N/A</code>
<codeExplanation>Missing Value</codeExplanation>
</missingValueCode>
</attribute>
<attribute>
<attributeName>DENDROCTONUS SIMPLEX</attributeName>
<attributeLabel>DENDROCTONUS SIMPLEX</attributeLabel>
<attributeDefinition>Count of individuals for species</attributeDefinition>
<storageType>integer</storageType>
<measurementScale>
<ratio>
<unit>
<standardUnit>dimensionless</standardUnit>
</unit>
<numericDomain>
<numberType>real</numberType>
<!--No minimum value recorded in database (datafilevaribles/minvalid)-->
</numericDomain>
</ratio>
</measurementScale>
<missingValueCode>
<code>N/A</code>
<codeExplanation>Missing Value</codeExplanation>
</missingValueCode>
</attribute>
<attribute>
<attributeName>TRYPODENDRON SPP</attributeName>
<attributeLabel>TRYPODENDRON SPP</attributeLabel>
<attributeDefinition>Count of individuals for species</attributeDefinition>
<storageType>integer</storageType>
<measurementScale>
<ratio>
<unit>
<standardUnit>dimensionless</standardUnit>
</unit>
<numericDomain>
<numberType>real</numberType>
<!--No minimum value recorded in database (datafilevaribles/minvalid)-->
</numericDomain>
</ratio>
</measurementScale>
<missingValueCode>
<code>N/A</code>
<codeExplanation>Missing Value</codeExplanation>
</missingValueCode>
</attribute>
<attribute>
<attributeName>DRYOCOETES SPP</attributeName>
<attributeLabel>DRYOCOETES SPP</attributeLabel>
<attributeDefinition>Count of individuals for species</attributeDefinition>
<storageType>integer</storageType>
<measurementScale>
<ratio>
<unit>
<standardUnit>dimensionless</standardUnit>
</unit>
<numericDomain>
<numberType>real</numberType>
<!--No minimum value recorded in database (datafilevaribles/minvalid)-->
</numericDomain>
</ratio>
</measurementScale>
<missingValueCode>
<code>N/A</code>
<codeExplanation>Missing Value</codeExplanation>
</missingValueCode>
</attribute>
<attribute>
<attributeName>POLYGRAPHUS SPP</attributeName>
<attributeLabel>POLYGRAPHUS SPP</attributeLabel>
<attributeDefinition>Count of individuals for species</attributeDefinition>
<storageType>integer</storageType>
<measurementScale>
<ratio>
<unit>
<standardUnit>dimensionless</standardUnit>
</unit>
<numericDomain>
<numberType>real</numberType>
<!--No minimum value recorded in database (datafilevaribles/minvalid)-->
</numericDomain>
</ratio>
</measurementScale>
<missingValueCode>
<code>N/A</code>
<codeExplanation>Missing Value</codeExplanation>
</missingValueCode>
</attribute>
<attribute>
<attributeName>ALNIPHAGUS SPP</attributeName>
<attributeLabel>ALNIPHAGUS SPP</attributeLabel>
<attributeDefinition>Count of individuals for species</attributeDefinition>
<storageType>integer</storageType>
<measurementScale>
<ratio>
<unit>
<standardUnit>dimensionless</standardUnit>
</unit>
<numericDomain>
<numberType>real</numberType>
<!--No minimum value recorded in database (datafilevaribles/minvalid)-->
</numericDomain>
</ratio>
</measurementScale>
<missingValueCode>
<code>N/A</code>
<codeExplanation>Missing Value</codeExplanation>
</missingValueCode>
</attribute>
<attribute>
<attributeName>SIREX SPP</attributeName>
<attributeLabel>SIREX SPP</attributeLabel>
<attributeDefinition>Count of individuals for species</attributeDefinition>
<storageType>integer</storageType>
<measurementScale>
<ratio>
<unit>
<standardUnit>dimensionless</standardUnit>
</unit>
<numericDomain>
<numberType>real</numberType>
<!--No minimum value recorded in database (datafilevaribles/minvalid)-->
</numericDomain>
</ratio>
</measurementScale>
<missingValueCode>
<code>N/A</code>
<codeExplanation>Missing Value</codeExplanation>
</missingValueCode>
</attribute>
<attribute>
<attributeName>UROCERIS SPP</attributeName>
<attributeLabel>UROCERIS SPP</attributeLabel>
<attributeDefinition>Count of individuals for species</attributeDefinition>
<storageType>integer</storageType>
<measurementScale>
<ratio>
<unit>
<standardUnit>dimensionless</standardUnit>
</unit>
<numericDomain>
<numberType>real</numberType>
<!--No minimum value recorded in database (datafilevaribles/minvalid)-->
</numericDomain>
</ratio>
</measurementScale>
<missingValueCode>
<code>N/A</code>
<codeExplanation>Missing Value</codeExplanation>
</missingValueCode>
</attribute>
<attribute>
<attributeName>MONOCHAMUS SPP</attributeName>
<attributeLabel>MONOCHAMUS SPP</attributeLabel>
<attributeDefinition>Count of individuals for species</attributeDefinition>
<storageType>integer</storageType>
<measurementScale>
<ratio>
<unit>
<standardUnit>dimensionless</standardUnit>
</unit>
<numericDomain>
<numberType>real</numberType>
<!--No minimum value recorded in database (datafilevaribles/minvalid)-->
</numericDomain>
</ratio>
</measurementScale>
<missingValueCode>
<code>N/A</code>
<codeExplanation>Missing Value</codeExplanation>
</missingValueCode>
</attribute>
<attribute>
<attributeName>XYLOTRECHUS SPP</attributeName>
<attributeLabel>XYLOTRECHUS SPP</attributeLabel>
<attributeDefinition>Count of individuals for species</attributeDefinition>
<storageType>integer</storageType>
<measurementScale>
<ratio>
<unit>
<standardUnit>dimensionless</standardUnit>
</unit>
<numericDomain>
<numberType>real</numberType>
<!--No minimum value recorded in database (datafilevaribles/minvalid)-->
</numericDomain>
</ratio>
</measurementScale>
<missingValueCode>
<code>N/A</code>
<codeExplanation>Missing Value</codeExplanation>
</missingValueCode>
</attribute>
<attribute>
<attributeName>OTHER CERAMBYCIDAE</attributeName>
<attributeLabel>OTHER CERAMBYCIDAE</attributeLabel>
<attributeDefinition>Count of individuals for species</attributeDefinition>
<storageType>integer</storageType>
<measurementScale>
<ratio>
<unit>
<standardUnit>dimensionless</standardUnit>
</unit>
<numericDomain>
<numberType>real</numberType>
<!--No minimum value recorded in database (datafilevaribles/minvalid)-->
</numericDomain>
</ratio>
</measurementScale>
<missingValueCode>
<code>N/A</code>
<codeExplanation>Missing Value</codeExplanation>
</missingValueCode>
</attribute>
<attribute>
<attributeName>OTHER BUPRESTIDAE</attributeName>
<attributeLabel>OTHER BUPRESTIDAE</attributeLabel>
<attributeDefinition>Count of individuals for species</attributeDefinition>
<storageType>integer</storageType>
<measurementScale>
<ratio>
<unit>
<standardUnit>dimensionless</standardUnit>
</unit>
<numericDomain>
<numberType>real</numberType>
<!--No minimum value recorded in database (datafilevaribles/minvalid)-->
</numericDomain>
</ratio>
</measurementScale>
<missingValueCode>
<code>N/A</code>
<codeExplanation>Missing Value</codeExplanation>
</missingValueCode>
</attribute>
<attribute>
<attributeName>NORTHING</attributeName>
<attributeLabel>NORTHING</attributeLabel>
<attributeDefinition>NAD83</attributeDefinition>
<storageType>integer</storageType>
<measurementScale>
<ratio>
<unit>
<customUnit>DegreesLatitude</customUnit>
</unit>
<numericDomain>
<numberType>real</numberType>
<!--No minimum value recorded in database (datafilevaribles/minvalid)-->
</numericDomain>
</ratio>
</measurementScale>
<missingValueCode>
<code>N/A</code>
<codeExplanation>Missing Value</codeExplanation>
</missingValueCode>
</attribute>
<attribute>
<attributeName>WESTING</attributeName>
<attributeLabel>WESTING</attributeLabel>
<attributeDefinition>NAD83</attributeDefinition>
<storageType>integer</storageType>
<measurementScale>
<ratio>
<unit>
<customUnit>DegreesLongitude</customUnit>
</unit>
<numericDomain>
<numberType>real</numberType>
<!--No minimum value recorded in database (datafilevaribles/minvalid)-->
</numericDomain>
</ratio>
</measurementScale>
<missingValueCode>
<code>N/A</code>
<codeExplanation>Missing Value</codeExplanation>
</missingValueCode>
</attribute>
<attribute>
<attributeName>NOTES</attributeName>
<attributeLabel>NOTES</attributeLabel>
<attributeDefinition>Notes</attributeDefinition>
<storageType>string</storageType>
<measurementScale>
<nominal>
<nonNumericDomain>
<textDomain>
<definition>Notes</definition>
</textDomain>
</nonNumericDomain>
</nominal>
</measurementScale>
<!--No missing value/character in database (datafilevarible/errorcode)-->
</attribute>
</attributeList>
</dataTable>
<otherEntity id="BNZ_BeetleTrappingProtocols_2012.pdf">
<entityName>BNZ_BeetleTrappingProtocols_2012.pdf</entityName>
<entityDescription>Survey Protocols Document</entityDescription>
<physical>
<objectName>BNZ_BeetleTrappingProtocols_2012.pdf</objectName>
<dataFormat>
<externallyDefinedFormat>
<formatName>pdf file</formatName>
</externallyDefinedFormat>
</dataFormat>
<distribution>
<online>
<url function="download">http://www.lter.uaf.edu/ascii/supplementaryFiles/BNZ_BeetleTrappingProtocols_2012.pdf</url>
</online>
</distribution>
</physical>
<entityType>pdf file</entityType>
</otherEntity>
</dataset>
<additionalMetadata>
 <metadata>
 <unitList>
<unit id="DegreesLatitude"/>
<unit id="DegreesLongitude"/>
</unitList>
 </metadata>
 </additionalMetadata>
</eml:eml>
