<?xml version="1.0" encoding="UTF-8"?>
<eml:eml xmlns:eml="eml://ecoinformatics.org/eml-2.1.1" xmlns:stmml="http://www.xml-cml.org/schema/stmml-1.1" xmlns:xsi="http://www.w3.org/2001/XMLSchema-instance" xmlns:ds="eml://ecoinformatics.org/dataset-2.1.0" xsi:schemaLocation="eml://ecoinformatics.org/eml-2.1.0&#10;&#9;&#9;&#9;&#9;http://nis.lternet.edu/schemas/EML/eml-2.1.0/eml.xsd" packageId="knb-lter-bnz.518.5" system="knb" scope="system">
<access scope="document" order="allowFirst" authSystem="knb">
<allow>
<principal>uid=BNZ,o=lter,dc=ecoinformatics,dc=org</principal>
<permission>all</permission>
</allow>
<allow>
<principal>public</principal>
<permission>read</permission>
</allow>
</access>
<dataset>
<shortName>knb-lter-bnz.518.5</shortName>
<title>Eight Mile Lake (EML)_AK_Thaw gradient Active Layer depth (ALD)</title>
<creator>
<individualName>
<givenName>Edward</givenName>
<givenName>A.G.</givenName>
<surName>Schuur</surName>
</individualName>
<positionName>Senior Investigator</positionName>
<address>
<deliveryPoint>University of Florida Department of Botany 220 Bartram Hall</deliveryPoint>
<city>Gainesville</city>
<administrativeArea>FL</administrativeArea>
<postalCode>32611</postalCode>
<country>United States</country>
</address>
<phone phonetype="voice">(352) 392-7913</phone>
<phone phonetype="fax">(352) 392-3993</phone>
<electronicMailAddress>tschuur@ufl.edu</electronicMailAddress>
<onlineUrl>http://www.biology.ufl.edu/People/faculty/tschuur.aspx</onlineUrl>
</creator>
<metadataProvider>
<organizationName>Bonanza Creek LTER</organizationName>
<positionName>Data Manager</positionName>
<address>
<deliveryPoint>Boreal Ecology Cooperative Research Unit </deliveryPoint>
<deliveryPoint>University of Alaska Fairbanks</deliveryPoint>
<deliveryPoint>P.O. Box 756780 </deliveryPoint>
<city>Fairbanks</city>
<administrativeArea>AK</administrativeArea>
<postalCode>99775</postalCode>
<country>USA</country>
</address>
<phone phonetype="voice">907-474-6364</phone>
<phone phonetype="fax">907-474-6251</phone>
<electronicMailAddress>uaf-bnz-im-team@alaska.edu</electronicMailAddress>
<onlineUrl>http://www.lter.uaf.edu</onlineUrl>
</metadataProvider>
<associatedParty>
<individualName>
<givenName>Rosvel</givenName>
<givenName>G.</givenName>
<surName>Bracho</surName>
</individualName>
<positionName>Postdoctoral Associate</positionName>
<address>
<deliveryPoint>University of Florida Department of Botany 220 Bartram Hall</deliveryPoint>
<city>Gainesville</city>
<administrativeArea>FL</administrativeArea>
<postalCode>32611</postalCode>
<country>United States</country>
</address>
<phone phonetype="voice">(352) 283-1094</phone>
<!--No fax info on file for this person-->
<role>Associated investigator</role>
</associatedParty>
<pubDate>2012-12-17</pubDate>
<abstract>
<para>In this larger study, we are asking the question: Is old carbon that comprises the bulk of the soil organic matter pool released in response to thawing of permafrost?  We are answering this question by using a combination of field and laboratory experiments to measure net carbon exchange, radiocarbon isotope ratios in soil organic matter, soil respiration, and dissolved organic carbon, in tundra ecosystems.  The objective of these proposed measurements is to develop a mechanistic understanding of the SOM sources contributing to C losses following permafrost thawing.  We are making these measurements at  an established tundra field site near Healy, Alaska in the foothills of the Alaska Range.  Field measurements  center on a natural experiment where permafrost has been observed to warm and thaw over the past several decades.  This area represents a gradient of sites, each with a different degree of change due to permafrost thawing. In this area, we eatablished three sites with different degrees of disturbance from the permafrost thaw: 1) a relatively undisturbed tussock tundra (Minimal Thaw site), 2) a site adjacent to to the borehole which is monitoring permafrost thaw since 1985 with intermediate degree of disturbance (Moderate thaw site) and 3) a site where permafrost thaw apeared to have started more than three decades ago (Extensive thaw site) As such, this area is unique for addressing questions at the time and spatial scales relevant for change in arctic ecosystems.  This data set includes the active layer depth (ALD), which is the maximum seasonal thaw depth from each of the three sites mentioned before.</para>
</abstract>
<keywordSet>
<keyword>net ecosystem exchange</keyword>
<keyword>gross ecosystem production</keyword>
<keyword>ecosystem respiration</keyword>
<keyword>thermokarst</keyword>
<keyword>permafrost</keyword>
<keyword>thaw</keyword>
<keywordThesaurus>Biogeochemistry</keywordThesaurus>
</keywordSet>
<intellectualRights>
<section>
<title>Access to Data</title>
<para>While metadata will be freely available to those requesting it, the data manager will assure that any restrictions on access to data sets in the database will be enforced. Data will not be released without proper permission first being obtained from the investigator who generated the data. </para>
</section>
<section>
<title>Use of data</title>
<para> Researchers should receive adequate acknowledgment for the use of their data by others and should be provided with copies of publications using their data. Users of data from the data base must be aware that data is not to be sold or redistributed.</para>
</section>
<section>
<title>Citing Bonanza Creek LTER Datasets</title>
<para>It is considered a matter of professional ethics to acknowledge the work of other scientists. Thus, the Data User will properly cite the Data Set in any publications or in the metadata of any derived data products that were produced using the Data Set. </para>
</section>
</intellectualRights>
<distribution id="distributionReference">
<online>
<url function="information">http://www.lter.uaf.edu/data_detail.cfm?datafile_pkey=518</url>
</online>
</distribution>
<coverage>
<geographicCoverage id="geoReference">
<geographicDescription>Site information unavailable</geographicDescription>
<boundingCoordinates>
<westBoundingCoordinate>-149.2535833</westBoundingCoordinate>
<eastBoundingCoordinate>-149.2535833</eastBoundingCoordinate>
<northBoundingCoordinate>63.87836111</northBoundingCoordinate>
<southBoundingCoordinate>63.87836111</southBoundingCoordinate>
</boundingCoordinates>
</geographicCoverage>
<temporalCoverage>
<rangeOfDates>
<beginDate>
<calendarDate>2004-09-01</calendarDate>
</beginDate>
<endDate>
<calendarDate>2012-09-17</calendarDate>
</endDate>
</rangeOfDates>
</temporalCoverage>
</coverage>
<maintenance>
<description>
<section>
<title>Status</title>
<para>Ongoing</para>
</section>
</description>
</maintenance>
<contact>
<organizationName>Bonanza Creek LTER</organizationName>
<positionName>Data Manager</positionName>
<address>
<deliveryPoint>Boreal Ecology Cooperative Research Unit </deliveryPoint>
<deliveryPoint>University of Alaska Fairbanks</deliveryPoint>
<deliveryPoint>P.O. Box 756780 </deliveryPoint>
<city>Fairbanks</city>
<administrativeArea>AK</administrativeArea>
<postalCode>99775</postalCode>
<country>USA</country>
</address>
<phone phonetype="voice">907-474-6364</phone>
<phone phonetype="fax">907-474-6251</phone>
<electronicMailAddress>uaf-bnz-im-team@alaska.edu</electronicMailAddress>
<onlineUrl>http://www.lter.uaf.edu</onlineUrl>
</contact>
<publisher>
<organizationName>Bonanza Creek LTER</organizationName>
<address>
<deliveryPoint>Boreal Ecology Cooperative Research Unit </deliveryPoint>
<deliveryPoint>University of Alaska Fairbanks</deliveryPoint>
<deliveryPoint>P.O. Box 756780 </deliveryPoint>
<city>Fairbanks</city>
<administrativeArea>AK</administrativeArea>
<postalCode>99775</postalCode>
<country>USA</country>
</address>
<phone phonetype="voice">907-474-6364</phone>
<phone phonetype="fax">907-474-6251</phone>
</publisher>
<pubPlace>Bonanza Creek LTER</pubPlace>
<methods>
<methodStep>
<description>
<section>
<title>Experimental Design</title>
<para>The study site at the Eight Mile Lake watershed is located in the northern foothills of the Alaska Range.  Permafrost temperature has been monitored annually on a gentle north-facing slope at this site, in a 30 m deep borehole that was installed in 1985 before the permafrost started to thaw.  While permafrost thaw can sometimes result in water ponding depending on local topography, this landscape consists largely of relatively well-drained uplands.  In this watershed, we monitored three sites that represented differing amounts of change as a result of permafrost thaw based on observations of ground subsidence and depth of thaw.  Our minimal thaw site had the shallowest summer thaw depth and the least ground surface subsidence, and the vegetation was typical moist acidic tundra, dominated by the tussock-forming sedge, Eriophorum vaginatum, with coexisting deciduous and evergreen shrubs, and an understory of mosses and lichens.  A second site, located adjacent to the borehole, had moderate summer thaw depths and increased ground subsidence.  Here the vegetation composition was similar to our minimal thaw site, but with increased biomass of all plant groups.  Lastly, an extensive thaw site was located in an area where permafrost degradation had occurred at least several decades prior to the establishment of the borehole; thermokarst can already be observed in air photos of the area taken in 1954.  This site had the deepest summer thaw depth and the most ground subsidence, and the plant biomass has shifted to dominance by shrubs, including blueberry (Vaccinium uliginosum) and cloudberry (Rubus chamaemorus), at the expense of sedges. This dataset includes measurements of carbon fluxes at each site for several years.</para>
</section>
<section>
<title>Methods</title>
<para>FIELD:   Active layer depth (ALD) was measured at the end of the growing season each year using a thin metal rod pushed through the unfrozen soil until it hit ice. Three measurements were taken around each base used to measure CO2 exchange (see flux file: EML_AK_Thaw gradient Carbon Fluxes), and reported as average ALD for each base.   LAB:   Data is screened in the lab and Qa/Qc is applied.  We present ALD data starting in 2004 until 2012 measured at each site. </para>
</section>
</description>
</methodStep>
<sampling>
<studyExtent>
<coverage>
<geographicCoverage>
<references>geoReference</references>
</geographicCoverage>
<temporalCoverage>
<rangeOfDates>
<beginDate>
<calendarDate>2004-09-01</calendarDate>
</beginDate>
<endDate>
<calendarDate>2012-09-17</calendarDate>
</endDate>
</rangeOfDates>
</temporalCoverage>
</coverage>
</studyExtent>
<samplingDescription>
<section>
<title>Sampling Frequency</title>
<para>End of each growing season (September of each year)</para>
</section>
</samplingDescription>
</sampling>
</methods>
<dataTable>
<entityName>518_ActiveLayerDepth.csv</entityName>
<!--No data table description found (df_loc/df_desc)-->
<physical>
<objectName>518_ActiveLayerDepth.csv</objectName>
<dataFormat>
<textFormat>
<numHeaderLines>1</numHeaderLines>
<recordDelimiter>\n</recordDelimiter>
<physicalLineDelimiter>\n</physicalLineDelimiter>
<attributeOrientation>column</attributeOrientation>
<simpleDelimited>
<fieldDelimiter>,</fieldDelimiter>
</simpleDelimited>
</textFormat>
</dataFormat>
<distribution>
<online>
<url function="download">http://metacat.lternet.edu/das/dataAccessServlet?docid=knb-lter-bnz.518.5&amp;urlTail=/ascii/files/518_ActiveLayerDepth.csv</url>
</online>
</distribution>
</physical>
<attributeList>
<attribute>
<attributeName>Site</attributeName>
<attributeLabel>Site</attributeLabel>
<attributeDefinition>Site of measurement(Extensive, moderate &amp; Minimal thaw)</attributeDefinition>
<storageType>string</storageType>
<measurementScale>
<nominal>
<nonNumericDomain>
<textDomain>
<definition>Site of measurement(Extensive, moderate &amp; Minimal thaw)</definition>
</textDomain>
</nonNumericDomain>
</nominal>
</measurementScale>
<!--No missing value/character in database (datafilevarible/errorcode)-->
</attribute>
<attribute>
<attributeName>month</attributeName>
<attributeLabel>month</attributeLabel>
<attributeDefinition>month</attributeDefinition>
<storageType>integer</storageType>
<measurementScale>
<ratio>
<unit>
<standardUnit>dimensionless</standardUnit>
</unit>
<numericDomain>
<numberType>real</numberType>
<!--No minimum value recorded in database (datafilevaribles/minvalid)-->
</numericDomain>
</ratio>
</measurementScale>
<!--No missing value/character in database (datafilevarible/errorcode)-->
</attribute>
<attribute>
<attributeName>day</attributeName>
<attributeLabel>day</attributeLabel>
<attributeDefinition>day measurement was taken</attributeDefinition>
<storageType>integer</storageType>
<measurementScale>
<ratio>
<unit>
<standardUnit>dimensionless</standardUnit>
</unit>
<numericDomain>
<numberType>real</numberType>
<!--No minimum value recorded in database (datafilevaribles/minvalid)-->
</numericDomain>
</ratio>
</measurementScale>
<!--No missing value/character in database (datafilevarible/errorcode)-->
</attribute>
<attribute>
<attributeName>Year</attributeName>
<attributeLabel>Year</attributeLabel>
<attributeDefinition>Year of measurements</attributeDefinition>
<storageType>integer</storageType>
<measurementScale>
<ratio>
<unit>
<standardUnit>dimensionless</standardUnit>
</unit>
<numericDomain>
<numberType>real</numberType>
<!--No minimum value recorded in database (datafilevaribles/minvalid)-->
</numericDomain>
</ratio>
</measurementScale>
<!--No missing value/character in database (datafilevarible/errorcode)-->
</attribute>
<attribute>
<attributeName>DOY</attributeName>
<attributeLabel>DOY</attributeLabel>
<attributeDefinition>Day of year</attributeDefinition>
<storageType>integer</storageType>
<measurementScale>
<ratio>
<unit>
<standardUnit>dimensionless</standardUnit>
</unit>
<numericDomain>
<numberType>real</numberType>
<!--No minimum value recorded in database (datafilevaribles/minvalid)-->
</numericDomain>
</ratio>
</measurementScale>
<!--No missing value/character in database (datafilevarible/errorcode)-->
</attribute>
<attribute>
<attributeName>Base</attributeName>
<attributeLabel>Base</attributeLabel>
<attributeDefinition>Refers to the Base were carbon fluxes are measured</attributeDefinition>
<storageType>integer</storageType>
<measurementScale>
<nominal>
<nonNumericDomain>
<textDomain>
<definition>Refers to the Base were carbon fluxes are measured</definition>
</textDomain>
</nonNumericDomain>
</nominal>
</measurementScale>
<!--No missing value/character in database (datafilevarible/errorcode)-->
</attribute>
<attribute>
<attributeName>ALD</attributeName>
<attributeLabel>ALD</attributeLabel>
<attributeDefinition>Active layer depth (Thaw depth at the end of the growing season)</attributeDefinition>
<storageType>float</storageType>
<measurementScale>
<ratio>
<unit>
<standardUnit>centimeter</standardUnit>
</unit>
<numericDomain>
<numberType>real</numberType>
<!--No minimum value recorded in database (datafilevaribles/minvalid)-->
</numericDomain>
</ratio>
</measurementScale>
<!--No missing value/character in database (datafilevarible/errorcode)-->
</attribute>
</attributeList>
</dataTable>
</dataset>
</eml:eml>
