<?xml version="1.0" encoding="UTF-8"?>
<eml:eml packageId="knb-lter-knz.230.1" scope="system"
  system="https://pasta.lternet.edu"
  xmlns:eml="eml://ecoinformatics.org/eml-2.1.1"
  xmlns:stmml="http://www.xml-cml.org/schema/stmml-1.1"
  xmlns:xsi="http://www.w3.org/2001/XMLSchema-instance" xsi:schemaLocation="eml://ecoinformatics.org/eml-2.1.0 http://nis.lternet.edu/schemas/EML/eml-2.1.0/eml.xsd">
  <access authSystem="https://pasta.lternet.edu/authentication"
    order="allowFirst" scope="document"
    system="https://pasta.lternet.edu"
    xmlns:cit="eml://ecoinformatics.org/literature-2.1.0"
    xmlns:doc="eml://ecoinformatics.org/documentation-2.1.0"
    xmlns:ds="eml://ecoinformatics.org/dataset-2.1.0"
    xmlns:prot="eml://ecoinformatics.org/protocol-2.1.0"
    xmlns:res="eml://ecoinformatics.org/resource-2.1.0"
    xmlns:stmml="http://www.xml-cml.org/schema/stmml"
    xmlns:sw="eml://ecoinformatics.org/software-2.1.0" xmlns:xs="http://www.w3.org/2001/XMLSchema">
    <allow>
      <principal>uid=AND,o=lter,dc=ecoinformatics,dc=org</principal>
      <permission>all</permission>
    </allow>
    <allow>
      <principal>public</principal>
      <permission>read</permission>
    </allow>
  </access>
  <dataset id="" system="ESRI MetaID"
    xmlns:cit="eml://ecoinformatics.org/literature-2.1.0"
    xmlns:doc="eml://ecoinformatics.org/documentation-2.1.0"
    xmlns:ds="eml://ecoinformatics.org/dataset-2.1.0"
    xmlns:prot="eml://ecoinformatics.org/protocol-2.1.0"
    xmlns:res="eml://ecoinformatics.org/resource-2.1.0"
    xmlns:stmml="http://www.xml-cml.org/schema/stmml"
    xmlns:sw="eml://ecoinformatics.org/software-2.1.0" xmlns:xs="http://www.w3.org/2001/XMLSchema">
    <title>GIS30: GIS coverage defining sample locations for abiotic datasets on Konza Prairie</title>
    <creator>
      <individualName>
        <givenName>Adam</givenName>
        <givenName>M.</givenName>
        <surName>Skibbe</surName>
      </individualName>
      <address>
        <deliveryPoint>116 Ackert Hall, Division of Biology, Kansas State University</deliveryPoint>
        <city>Manhattan</city>
        <administrativeArea>KS</administrativeArea>
        <postalCode>66502</postalCode>
        <country>USA</country>
      </address>
      <phone>
  			785-532-6729
  		</phone>
      <electronicMailAddress>askibbe@ksu.edu</electronicMailAddress>
    </creator>
    <abstract>
      <para>
        <literalLayout>
      		This dataset defines the sample locations for various abiotic data collected on Konza Prairie (rain gauges, soil moisture, and stream data).  Included in this are locations for 11 rain gauges (GIS300) on Konza Prairie. The Konza headquarters weather station consists of two gauges which are operated year-round. The remaining Konza-operated gauges run from April 1 to November 1. These data are to be used in conjunction with the APT01 (precipitation) dataset.
      		GIS305 contains the locations where measurements of soil moisture (%volume) are taken on Konza Prairie. These data are to be used in conjunction with the ASM01 (soil moisture) dataset.
      		GIS315 defines the locations of stream gauges (5 including one operated by the USGS*) in the Kings Creek watershed. (*http://waterdata.usgs.gov/nwis/nwisman/?site_no=06879650)
      	</literalLayout>
      </para>
    </abstract>
    <keywordSet>
      <keyword keywordType="theme">grasslands</keyword>
      <keyword keywordType="theme">ecology</keyword>
      <keyword keywordType="theme">grasses</keyword>
      <keyword keywordType="theme">geographic information systems</keyword>
      <keyword keywordType="theme">GIS</keyword>
      <keyword keywordType="theme">rain</keyword>
      <keyword keywordType="theme">measurements</keyword>
      <keyword keywordType="theme">precipitation</keyword>
      <keyword keywordType="theme">boundaries</keyword>
      <keyword keywordType="theme">biota</keyword>
      <keyword keywordType="theme">environment</keyword>
      <keyword keywordType="theme">soil</keyword>
      <keyword keywordType="theme">soil water</keyword>
      <keyword keywordType="theme">soil water content</keyword>
      <keyword keywordType="theme">soil moisture</keyword>
      <keyword keywordType="theme">water</keyword>
      <keyword keywordType="theme">streams</keyword>
      <keyword keywordType="theme">stream discharge</keyword>
      <keyword keywordType="theme">stream flow</keyword>
      <keyword keywordType="theme">stream ecology</keyword>
      <keywordThesaurus>None</keywordThesaurus>
    </keywordSet>
    <keywordSet>
      <keyword keywordType="place">Riley County</keyword>
      <keyword keywordType="place">Geary county</keyword>
      <keyword keywordType="place">Kansas</keyword>
      <keyword keywordType="place">Konza Prairie Biological Station</keyword>
      <keyword keywordType="place">KNZ</keyword>
      <keyword keywordType="place">LTER</keyword>
      <keywordThesaurus>GNIS</keywordThesaurus>
    </keywordSet>
    <additionalInfo>
      <section>
        <title>Data presentation form</title>
        <para>
          <literalLayout>vector digital data</literalLayout>
        </para>
      </section>
    </additionalInfo>
    <intellectualRights>
      <section>
        <title>Access constraints</title>
        <para>
          <literalLayout>None</literalLayout>
        </para>
      </section>
      <section>
        <title>Use Constraints</title>
        <para>
          <literalLayout>We ask all publications, reports and proposals who use any data from KNZ acknowledge cite the KNZ program using the following statement: "Data for XXX was supported by the NSF Long Term Ecological Research Program at Konza Prairie Research Natural Area"; where XXX is the list of data sets used in the publications, reports or proposals.</literalLayout>
        </para>
      </section>
    </intellectualRights>
    <distribution>
      <online>
        <url>http://www.konza.ksu.edu/KNZ/pages/data/Knzdsdetail.aspx?datasetCode=GIS30</url>
      </online>
    </distribution>
    <coverage>
      <geographicCoverage>
        <geographicDescription>Riley CountyGeary countyKansasKonza Prairie Biological StationKNZLTER</geographicDescription>
        <boundingCoordinates>
          <westBoundingCoordinate>-96.610960</westBoundingCoordinate>
          <eastBoundingCoordinate>-96.562587</eastBoundingCoordinate>
          <northBoundingCoordinate>39.102503</northBoundingCoordinate>
          <southBoundingCoordinate>39.067453</southBoundingCoordinate>
        </boundingCoordinates>
      </geographicCoverage>
      <temporalCoverage>
        <rangeOfDates>
          <beginDate>
            <calendarDate>1972-01-01</calendarDate>
          </beginDate>
          <endDate>
            <calendarDate> 2012-12-31 </calendarDate>
          </endDate>
        </rangeOfDates>
      </temporalCoverage>
    </coverage>
    <maintenance>
      <description>
        <section>
          <title>Progress</title>
          <para>
            <literalLayout>Complete</literalLayout>
          </para>
        </section>
        <section>
          <title>Update</title>
          <para>
            <literalLayout>None planned</literalLayout>
          </para>
        </section>
      </description>
      <maintenanceUpdateFrequency>otherMaintenancePeriod</maintenanceUpdateFrequency>
    </maintenance>
    <contact>
      <organizationName>LTER Network Office</organizationName>
      <positionName>LNO Information Manager</positionName>
    </contact>
    <contact>
      <organizationName>Konza Prairie Biological Station, Div. of Biology, Kansas State University</organizationName>
      <positionName>Information Manager</positionName>
      <address>
        <deliveryPoint>Div. of Biology</deliveryPoint>
        <city>Manhattan</city>
        <administrativeArea>KS</administrativeArea>
        <postalCode>66506</postalCode>
        <country>US</country>
      </address>
      <phone phonetype="voice">785-532-6729</phone>
      <electronicMailAddress>askibbe@ksu.edu</electronicMailAddress>
    </contact>
    <methods>
      <methodStep>
        <description>
          <para>
  					For additional metadata see: <ulink>http://www.konza.ksu.edu/KNZ/datasets/textfiles/DC2011_1.pdf</ulink>
          </para>
          <para>For additional methods information see: <ulink>http://www.konza.ksu.edu/KNZ/datasets/textfiles/MM2011_1.pdf</ulink>
          </para>
        </description>
      </methodStep>
    </methods>
    <spatialVector>
      <alternateIdentifier>GIS300</alternateIdentifier>
      <entityName>GIS300: Rain Gague Stations on Konza Prairie</entityName>
      <entityDescription>There are 11 raingauges at 10 sites on Konza Prairie. Three sites (HQ1, 020A and 002C; SE) have 7-day clocks (one revolution per week), while the other 8 have 24-hour clocks (one revolution per day). The Konza headquarters weather station has one of each type and both are operated year-round. The remaining raingauges are operated from April 1 to November 1. This data may be used in conjunction with the Precipitation on Konza Prairie collected at 12 rainfall gauges (APT01) dataset for spatially explicit analyses of these data.</entityDescription>
      <physical>
        <objectName>GIS300</objectName>
        <dataFormat>
          <externallyDefinedFormat>
            <formatName>zip file with ARC/INFO shape file
								</formatName>
          </externallyDefinedFormat>
        </dataFormat>
        <distribution>
          <online>
            <url>https://pasta.lternet.edu/package/data/eml/knb-lter-knz/230/1/3355c777a71c86e60ac23e2b5345c29d</url>
          </online>
        </distribution>
      </physical>
      <coverage>
        <geographicCoverage>
          <geographicDescription>Riley CountyGeary countyKansasKonza Prairie Biological StationKNZLTER</geographicDescription>
          <boundingCoordinates>
            <westBoundingCoordinate>-96.610960</westBoundingCoordinate>
            <eastBoundingCoordinate>-96.562587</eastBoundingCoordinate>
            <northBoundingCoordinate>39.102503</northBoundingCoordinate>
            <southBoundingCoordinate>39.067453</southBoundingCoordinate>
          </boundingCoordinates>
        </geographicCoverage>
      </coverage>
      <attributeList>
        <attribute>
          <attributeName>FID</attributeName>
          <attributeDefinition>Internal feature number.</attributeDefinition>
          <storageType typeSystem="http://www.esri.com/metadata/esriprof80.html"/>
          <measurementScale>
            <nominal>
              <nonNumericDomain>
                <textDomain>
                  <definition>Sequential unique whole numbers that are automatically generated.</definition>
                </textDomain>
              </nonNumericDomain>
            </nominal>
          </measurementScale>
        </attribute>
        <attribute>
          <attributeName>Shape</attributeName>
          <attributeDefinition>Feature geometry.</attributeDefinition>
          <storageType typeSystem="http://www.esri.com/metadata/esriprof80.html"/>
          <measurementScale>
            <nominal>
              <nonNumericDomain>
                <textDomain>
                  <definition>Coordinates defining the features.</definition>
                </textDomain>
              </nonNumericDomain>
            </nominal>
          </measurementScale>
        </attribute>
        <attribute>
          <attributeName>Watershed</attributeName>
          <attributeDefinition>Watershed name</attributeDefinition>
          <storageType typeSystem="http://www.esri.com/metadata/esriprof80.html"/>
          <measurementScale>
            <nominal>
              <nonNumericDomain>
                <textDomain>
                  <definition>No further information about this attribute was provided</definition>
                </textDomain>
              </nonNumericDomain>
            </nominal>
          </measurementScale>
        </attribute>
        <attribute>
          <attributeName>RainGauge</attributeName>
          <attributeDefinition>Rain gauge name</attributeDefinition>
          <storageType typeSystem="http://www.esri.com/metadata/esriprof80.html"/>
          <measurementScale>
            <nominal>
              <nonNumericDomain>
                <textDomain>
                  <definition>No further information about this attribute was provided</definition>
                </textDomain>
              </nonNumericDomain>
            </nominal>
          </measurementScale>
        </attribute>
        <attribute>
          <attributeName>X_COOR1</attributeName>
          <attributeDefinition>X coordinate in geographic projection. (Decimal Degrees)</attributeDefinition>
          <storageType typeSystem="http://www.esri.com/metadata/esriprof80.html"/>
          <measurementScale>
            <nominal>
              <nonNumericDomain>
                <textDomain>
                  <definition>No further information about this attribute was provided</definition>
                </textDomain>
              </nonNumericDomain>
            </nominal>
          </measurementScale>
        </attribute>
        <attribute>
          <attributeName>Y_COOR1</attributeName>
          <attributeDefinition>Y coordinate in geographic projection. (Decimal Degrees)</attributeDefinition>
          <storageType typeSystem="http://www.esri.com/metadata/esriprof80.html"/>
          <measurementScale>
            <nominal>
              <nonNumericDomain>
                <textDomain>
                  <definition>No further information about this attribute was provided</definition>
                </textDomain>
              </nonNumericDomain>
            </nominal>
          </measurementScale>
        </attribute>
        <attribute>
          <attributeName>Datacode</attributeName>
          <attributeDefinition>Dataset code</attributeDefinition>
          <storageType typeSystem="http://www.esri.com/metadata/esriprof80.html"/>
          <measurementScale>
            <nominal>
              <nonNumericDomain>
                <textDomain>
                  <definition>No further information about this attribute was provided</definition>
                </textDomain>
              </nonNumericDomain>
            </nominal>
          </measurementScale>
        </attribute>
        <attribute>
          <attributeName>DATAID</attributeName>
          <attributeDefinition>Feature ID number</attributeDefinition>
          <storageType typeSystem="http://www.esri.com/metadata/esriprof80.html"/>
          <measurementScale>
            <nominal>
              <nonNumericDomain>
                <textDomain>
                  <definition>No further information about this attribute was provided</definition>
                </textDomain>
              </nonNumericDomain>
            </nominal>
          </measurementScale>
        </attribute>
      </attributeList>
      <geometry>Point</geometry>
      <geometricObjectCount>11</geometricObjectCount>
      <spatialReference>
        <horizCoordSysDef name="Transverse Mercator">
          <projCoordSys>
            <geogCoordSys>
              <datum name="D North American 1983"/>
              <spheroid denomFlatRatio="298.257222101" name="GRS 1980" semiAxisMajor="6378137.0"/>
              <primeMeridian longitude="0.0" name=" Greenwich"/>
              <unit name="degree"/>
            </geogCoordSys>
            <projection name="Transverse Mercator">
              <parameter
                description="a multiplier for reducing a distance obtained from a map by computation or scaling to the actual distance along the central meridian."
                name="Scale factor at central meridian" value="0.9996"/>
              <parameter
                description="The line of logitude at the center of the map projection"
                name="Longitude at central meridian" value="-99.0"/>
              <parameter
                description="The latitude chosen as center of the projection"
                name="Latitude of projection origin" value="0.0"/>
              <parameter
                description="A value added in a rectangular coordinate system, usually used to avoid negative values"
                name="False Easting" value="500000.0"/>
              <parameter
                description="A value added in a rectangular coordinate system, usually used to avoid negative values"
                name="False Northing" value="0.0"/>
              <unit name="meter"/>
            </projection>
          </projCoordSys>
        </horizCoordSysDef>
      </spatialReference>
    </spatialVector>
    <spatialVector>
      <alternateIdentifier>GIS305</alternateIdentifier>
      <entityName>GIS305:Soil Moisture Collection Sites at Konza Prairie</entityName>
      <entityDescription>Data set contains the locations where measurements of soil moisture (%volume) at various depths (25-200 cm) in deep soils for watersheds burned at 1 and 4 year intervals and unburned watersheds are taken. Soil moisture is measured by the neutron probe method. This data may be used in conjunction with the Soil moisture (ASM01) dataset for spatially explicit analyses of these data.</entityDescription>
      <physical>
        <objectName>GIS305</objectName>
        <dataFormat>
          <externallyDefinedFormat>
            <formatName>zip file with ARC/INFO shape file
  					</formatName>
          </externallyDefinedFormat>
        </dataFormat>
        <distribution>
          <online>
            <url>https://pasta.lternet.edu/package/data/eml/knb-lter-knz/230/1/42b37fbde0b6bd5b1ef1eb056ca212c5</url>
          </online>
        </distribution>
      </physical>
      <coverage>
        <geographicCoverage>
          <geographicDescription>Riley CountyGeary countyKansasKonza Prairie Biological StationKNZLTER</geographicDescription>
          <boundingCoordinates>
            <westBoundingCoordinate>-96.611030</westBoundingCoordinate>
            <eastBoundingCoordinate>-96.554116</eastBoundingCoordinate>
            <northBoundingCoordinate>39.090049</northBoundingCoordinate>
            <southBoundingCoordinate>39.067849</southBoundingCoordinate>
          </boundingCoordinates>
        </geographicCoverage>
      </coverage>
      <attributeList>
        <attribute>
          <attributeName>FID</attributeName>
          <attributeDefinition>Internal feature number.</attributeDefinition>
          <storageType typeSystem="http://www.esri.com/metadata/esriprof80.html"/>
          <measurementScale>
            <nominal>
              <nonNumericDomain>
                <textDomain>
                  <definition>Sequential unique whole numbers that are automatically generated.</definition>
                </textDomain>
              </nonNumericDomain>
            </nominal>
          </measurementScale>
        </attribute>
        <attribute>
          <attributeName>Shape</attributeName>
          <attributeDefinition>Feature geometry.</attributeDefinition>
          <storageType typeSystem="http://www.esri.com/metadata/esriprof80.html"/>
          <measurementScale>
            <nominal>
              <nonNumericDomain>
                <textDomain>
                  <definition>Coordinates defining the features.</definition>
                </textDomain>
              </nonNumericDomain>
            </nominal>
          </measurementScale>
        </attribute>
        <attribute>
          <attributeName>Watershed</attributeName>
          <attributeDefinition>Watershed name</attributeDefinition>
          <storageType typeSystem="http://www.esri.com/metadata/esriprof80.html"/>
          <measurementScale>
            <nominal>
              <nonNumericDomain>
                <textDomain>
                  <definition>No further information about this attribute was provided</definition>
                </textDomain>
              </nonNumericDomain>
            </nominal>
          </measurementScale>
        </attribute>
        <attribute>
          <attributeName>TUBE</attributeName>
          <attributeDefinition>Soil moisture tube</attributeDefinition>
          <storageType typeSystem="http://www.esri.com/metadata/esriprof80.html"/>
          <measurementScale>
            <nominal>
              <nonNumericDomain>
                <textDomain>
                  <definition>No further information about this attribute was provided</definition>
                </textDomain>
              </nonNumericDomain>
            </nominal>
          </measurementScale>
        </attribute>
        <attribute>
          <attributeName>X_COOR1</attributeName>
          <attributeDefinition>X coordinate in geographic projection. (Decimal Degrees)</attributeDefinition>
          <storageType typeSystem="http://www.esri.com/metadata/esriprof80.html"/>
          <measurementScale>
            <nominal>
              <nonNumericDomain>
                <textDomain>
                  <definition>No further information about this attribute was provided</definition>
                </textDomain>
              </nonNumericDomain>
            </nominal>
          </measurementScale>
        </attribute>
        <attribute>
          <attributeName>Y_COOR1</attributeName>
          <attributeDefinition>Y coordinate in geographic projection. (Decimal Degrees)</attributeDefinition>
          <storageType typeSystem="http://www.esri.com/metadata/esriprof80.html"/>
          <measurementScale>
            <nominal>
              <nonNumericDomain>
                <textDomain>
                  <definition>No further information about this attribute was provided</definition>
                </textDomain>
              </nonNumericDomain>
            </nominal>
          </measurementScale>
        </attribute>
        <attribute>
          <attributeName>Datacode</attributeName>
          <attributeDefinition>Dataset code name</attributeDefinition>
          <storageType typeSystem="http://www.esri.com/metadata/esriprof80.html"/>
          <measurementScale>
            <nominal>
              <nonNumericDomain>
                <textDomain>
                  <definition>No further information about this attribute was provided</definition>
                </textDomain>
              </nonNumericDomain>
            </nominal>
          </measurementScale>
        </attribute>
        <attribute>
          <attributeName>DATAID</attributeName>
          <attributeDefinition>Feature ID number</attributeDefinition>
          <storageType typeSystem="http://www.esri.com/metadata/esriprof80.html"/>
          <measurementScale>
            <nominal>
              <nonNumericDomain>
                <textDomain>
                  <definition>No further information about this attribute was provided</definition>
                </textDomain>
              </nonNumericDomain>
            </nominal>
          </measurementScale>
        </attribute>
      </attributeList>
      <geometry>Point</geometry>
      <geometricObjectCount>20</geometricObjectCount>
      <spatialReference>
        <horizCoordSysDef name="Transverse Mercator">
          <projCoordSys>
            <geogCoordSys>
              <datum name="D North American 1983"/>
              <spheroid denomFlatRatio="298.257222101" name="GRS 1980" semiAxisMajor="6378137.0"/>
              <primeMeridian longitude="0.0" name=" Greenwich"/>
              <unit name="degree"/>
            </geogCoordSys>
            <projection name="Transverse Mercator">
              <parameter
                description="a multiplier for reducing a distance obtained from a map by computation or scaling to the actual distance along the central meridian."
                name="Scale factor at central meridian" value="0.9996"/>
              <parameter
                description="The line of logitude at the center of the map projection"
                name="Longitude at central meridian" value="-99.0"/>
              <parameter
                description="The latitude chosen as center of the projection"
                name="Latitude of projection origin" value="0.0"/>
              <parameter
                description="A value added in a rectangular coordinate system, usually used to avoid negative values"
                name="False Easting" value="500000.0"/>
              <parameter
                description="A value added in a rectangular coordinate system, usually used to avoid negative values"
                name="False Northing" value="0.0"/>
              <unit name="meter"/>
            </projection>
          </projCoordSys>
        </horizCoordSysDef>
      </spatialReference>
    </spatialVector>
    <spatialVector>
      <alternateIdentifier>GIS315</alternateIdentifier>
      <entityName>GIS315: Stream Gague Sites Along Kings Creek</entityName>
      <entityDescription>Stream gauge stations along Kings Creek.</entityDescription>
      <physical>
        <objectName>GIS315</objectName>
        <dataFormat>
          <externallyDefinedFormat>
            <formatName>zip file with ARC/INFO shape file
  					</formatName>
          </externallyDefinedFormat>
        </dataFormat>
        <distribution>
          <online>
            <url>https://pasta.lternet.edu/package/data/eml/knb-lter-knz/230/1/f34bbaa352860e4ec08cd7ea30ade490</url>
          </online>
        </distribution>
      </physical>
      <coverage>
        <geographicCoverage>
          <geographicDescription>Geary countyKansasRiley CountyKNZKonza Prairie Biological StationLTER</geographicDescription>
          <boundingCoordinates>
            <westBoundingCoordinate>-96.595110</westBoundingCoordinate>
            <eastBoundingCoordinate>-96.576130</eastBoundingCoordinate>
            <northBoundingCoordinate>39.101767</northBoundingCoordinate>
            <southBoundingCoordinate>39.086700</southBoundingCoordinate>
          </boundingCoordinates>
        </geographicCoverage>
      </coverage>
      <attributeList>
        <attribute>
          <attributeName>FID</attributeName>
          <attributeDefinition>Internal feature number.</attributeDefinition>
          <storageType typeSystem="http://www.esri.com/metadata/esriprof80.html"/>
          <measurementScale>
            <nominal>
              <nonNumericDomain>
                <textDomain>
                  <definition>Sequential unique whole numbers that are automatically generated.</definition>
                </textDomain>
              </nonNumericDomain>
            </nominal>
          </measurementScale>
        </attribute>
        <attribute>
          <attributeName>Shape</attributeName>
          <attributeDefinition>Feature geometry.</attributeDefinition>
          <storageType typeSystem="http://www.esri.com/metadata/esriprof80.html"/>
          <measurementScale>
            <nominal>
              <nonNumericDomain>
                <textDomain>
                  <definition>Coordinates defining the features.</definition>
                </textDomain>
              </nonNumericDomain>
            </nominal>
          </measurementScale>
        </attribute>
        <attribute>
          <attributeName>NAME</attributeName>
          <attributeDefinition>Station name.</attributeDefinition>
          <storageType typeSystem="http://www.esri.com/metadata/esriprof80.html"/>
          <measurementScale>
            <nominal>
              <nonNumericDomain>
                <textDomain>
                  <definition>No further information about this attribute was provided</definition>
                </textDomain>
              </nonNumericDomain>
            </nominal>
          </measurementScale>
        </attribute>
        <attribute>
          <attributeName>ALTITUDE</attributeName>
          <attributeDefinition>Altitude in meters of the stream gauges.</attributeDefinition>
          <storageType typeSystem="http://www.esri.com/metadata/esriprof80.html"/>
          <measurementScale>
            <nominal>
              <nonNumericDomain>
                <textDomain>
                  <definition>No further information about this attribute was provided</definition>
                </textDomain>
              </nonNumericDomain>
            </nominal>
          </measurementScale>
        </attribute>
        <attribute>
          <attributeName>WATERSHED</attributeName>
          <attributeDefinition>Watershed name</attributeDefinition>
          <storageType typeSystem="http://www.esri.com/metadata/esriprof80.html"/>
          <measurementScale>
            <nominal>
              <nonNumericDomain>
                <textDomain>
                  <definition>No further information about this attribute was provided</definition>
                </textDomain>
              </nonNumericDomain>
            </nominal>
          </measurementScale>
        </attribute>
        <attribute>
          <attributeName>X_COOR1</attributeName>
          <attributeDefinition>X coordinate in geographic projection. (Decimal Degrees)</attributeDefinition>
          <storageType typeSystem="http://www.esri.com/metadata/esriprof80.html"/>
          <measurementScale>
            <nominal>
              <nonNumericDomain>
                <textDomain>
                  <definition>No further information about this attribute was provided</definition>
                </textDomain>
              </nonNumericDomain>
            </nominal>
          </measurementScale>
        </attribute>
        <attribute>
          <attributeName>Y_COOR1</attributeName>
          <attributeDefinition>Y coordinate in geographic projection. (Decimal Degrees)</attributeDefinition>
          <storageType typeSystem="http://www.esri.com/metadata/esriprof80.html"/>
          <measurementScale>
            <nominal>
              <nonNumericDomain>
                <textDomain>
                  <definition>No further information about this attribute was provided</definition>
                </textDomain>
              </nonNumericDomain>
            </nominal>
          </measurementScale>
        </attribute>
        <attribute>
          <attributeName>Datacode</attributeName>
          <attributeDefinition>Dataset code name</attributeDefinition>
          <storageType typeSystem="http://www.esri.com/metadata/esriprof80.html"/>
          <measurementScale>
            <nominal>
              <nonNumericDomain>
                <textDomain>
                  <definition>No further information about this attribute was provided</definition>
                </textDomain>
              </nonNumericDomain>
            </nominal>
          </measurementScale>
        </attribute>
        <attribute>
          <attributeName>DATAID</attributeName>
          <attributeDefinition>Feature ID number</attributeDefinition>
          <storageType typeSystem="http://www.esri.com/metadata/esriprof80.html"/>
          <measurementScale>
            <nominal>
              <nonNumericDomain>
                <textDomain>
                  <definition>No further information about this attribute was provided</definition>
                </textDomain>
              </nonNumericDomain>
            </nominal>
          </measurementScale>
        </attribute>
      </attributeList>
      <geometry>Point</geometry>
      <geometricObjectCount>5</geometricObjectCount>
      <spatialReference>
        <horizCoordSysDef name="Transverse Mercator">
          <projCoordSys>
            <geogCoordSys>
              <datum name="D North American 1983"/>
              <spheroid denomFlatRatio="298.257222101" name="GRS 1980" semiAxisMajor="6378137.0"/>
              <primeMeridian longitude="0.0" name=" Greenwich"/>
              <unit name="degree"/>
            </geogCoordSys>
            <projection name="Transverse Mercator">
              <parameter
                description="a multiplier for reducing a distance obtained from a map by computation or scaling to the actual distance along the central meridian."
                name="Scale factor at central meridian" value="0.9996"/>
              <parameter
                description="The line of logitude at the center of the map projection"
                name="Longitude at central meridian" value="-99.0"/>
              <parameter
                description="The latitude chosen as center of the projection"
                name="Latitude of projection origin" value="0.0"/>
              <parameter
                description="A value added in a rectangular coordinate system, usually used to avoid negative values"
                name="False Easting" value="500000.0"/>
              <parameter
                description="A value added in a rectangular coordinate system, usually used to avoid negative values"
                name="False Northing" value="0.0"/>
              <unit name="meter"/>
            </projection>
          </projCoordSys>
        </horizCoordSysDef>
      </spatialReference>
    </spatialVector>
  </dataset>
</eml:eml>
