<?xml version="1.0" encoding="UTF-8"?>
<eml:eml packageId="knb-lter-cwt.1004.13"
  system="https://pasta.lternet.edu"
  xmlns:ds="eml://ecoinformatics.org/dataset-2.1.0"
  xmlns:eml="eml://ecoinformatics.org/eml-2.1.1"
  xmlns:stmml="http://www.xml-cml.org/schema/stmml-1.1"
  xmlns:xsi="http://www.w3.org/2001/XMLSchema-instance" xsi:schemaLocation="eml://ecoinformatics.org/eml-2.1.0 http://gce-lter.marsci.uga.edu/public/files/schemas/eml-210/eml.xsd">
  <access authSystem="https://pasta.lternet.edu/authentication"
    order="allowFirst" scope="document" system="https://pasta.lternet.edu">
    <allow>
      <principal>uid=CWT,o=lter,dc=ecoinformatics,dc=org</principal>
      <permission>all</permission>
    </allow>
    <allow>
      <principal>public</principal>
      <permission>read</permission>
    </allow>
  </access>
  <dataset>
    <alternateIdentifier>knb-lter-cwt.1004.1.1</alternateIdentifier>
    <title>Growth-mortality relationships for southern Appalachian trees from the Coweeta Hydrologic Laboratory in 1995</title>
    <creator id="CWT-LTER">
      <organizationName>Coweeta Long Term Ecological Research Program</organizationName>
      <address>
        <deliveryPoint>Daniel B. Warnell School of Forestry and Natural Resources</deliveryPoint>
        <deliveryPoint>University of Georgia</deliveryPoint>
        <city>Athens</city>
        <administrativeArea>Georgia</administrativeArea>
        <postalCode>30602</postalCode>
        <country>USA</country>
      </address>
      <electronicMailAddress>cwtim@uga.edu</electronicMailAddress>
      <onlineUrl>http://coweeta.uga.edu/</onlineUrl>
    </creator>
    <creator>
      <individualName>
        <salutation>Dr.</salutation>
        <givenName>James</givenName>
        <givenName>S.</givenName>
        <surName>Clark</surName>
      </individualName>
      <organizationName>Duke University</organizationName>
      <address>
        <deliveryPoint>Botany Department</deliveryPoint>
        <city>Durham</city>
        <administrativeArea>NC</administrativeArea>
        <postalCode>27706</postalCode>
        <country>USA</country>
      </address>
      <electronicMailAddress>jimclark@duke.edu</electronicMailAddress>
      <onlineUrl>http://www.nicholas.duke.edu/people/faculty/clark/pages/jimc/jimsite.html</onlineUrl>
    </creator>
    <metadataProvider>
      <references>CWT-LTER</references>
    </metadataProvider>
    <pubDate>2003</pubDate>
    <abstract>
      <para>Ecologists and foresters have long noted a link between tree growth rate and mortality, and recent work suggests that interspecific differences in low growth tolerance is a key force shaping forest structure. Little information is available, however, on the growth-mortality relationship for most species. We present three methods for estimating growth-mortality functions from readily obtainable field data. All use annual mortality rates and the recent growth rates of living and dead individuals. Annual mortality rates are estimated using both survival analysis and a Bayesian approach. Growth rates are obtained from increment cores. Growth-mortality functions are fitted using two parametric approaches and a non-parametric approach.
The three methods are compared using bootstrapped confidence intervals and likelihood ratio tests. For two example species, Acer rubrum and Cornus florida, growth-mortality functions indicate a substantial difference in the two species abilities to withstand slow growth. Both survival analysis and Bayesian estimates of mortality rates lead to similar growth-mortality functions, with the Bayesian approach providing a means to overcome the absence of long-term census data. In fitting growth-mortality functions, the non-parametric approach reveals that inflexibility in parametric methods can lead to errors in estimating mortality risk at low growth. We thus suggest that non-parametric fits be used as a tool for assessing parametric models.</para>
    </abstract>
    <keywordSet>
      <keyword keywordType="theme">Acer rubrum</keyword>
      <keyword keywordType="theme">biological trade-offs</keyword>
      <keyword keywordType="theme">Cornus florida</keyword>
      <keyword keywordType="theme">Coweeta Hydrologic Laboratory</keyword>
      <keyword keywordType="theme">Coweeta LTER</keyword>
      <keyword keywordType="theme">CWT</keyword>
      <keyword keywordType="theme">Duke University</keyword>
      <keyword keywordType="theme">forest demography</keyword>
      <keyword keywordType="theme">Guilford College</keyword>
      <keyword keywordType="theme">linkages</keyword>
      <keyword keywordType="theme">LTER</keyword>
      <keyword keywordType="theme">North Carolina</keyword>
      <keyword keywordType="theme">Otto</keyword>
      <keyword keywordType="theme">uneven sampling interval</keyword>
      <keyword keywordType="theme">University of Minnesota</keyword>
    </keywordSet>
    <keywordSet>
      <keyword keywordType="place">Coweeta Hydrologic Laboratory</keyword>
      <keyword keywordType="place">North Carolina</keyword>
      <keyword keywordType="place">USA</keyword>
      <keyword keywordType="theme">CWT</keyword>
      <keyword keywordType="theme">LTER</keyword>
      <keywordThesaurus>GCE-LTER Controlled Vocabulary</keywordThesaurus>
    </keywordSet>
    <keywordSet>
      <keyword keywordType="theme">community structure</keyword>
      <keyword keywordType="theme">growth</keyword>
      <keyword keywordType="theme">mortality</keyword>
      <keyword keywordType="theme">tree growth</keyword>
      <keyword keywordType="theme">tree mortality</keyword>
      <keyword keywordType="theme">tree rings</keyword>
      <keywordThesaurus>LTER Controlled Vocabulary</keywordThesaurus>
    </keywordSet>
    <keywordSet>
      <keyword keywordType="theme">Primary Production</keyword>
      <keywordThesaurus>LTER Core Research Areas</keywordThesaurus>
    </keywordSet>
    <intellectualRights>
      <para>publicly available</para>
    </intellectualRights>
    <distribution>
      <online>
        <url function="information">http://coweeta.uga.edu/dbpublic/dataset_details.asp?accession=1004</url>
      </online>
    </distribution>
    <coverage>
      <geographicCoverage>
        <geographicDescription>Overall bounding box describing the geographic region within the Coweeta LTER study domain represented in data set 1004, based on the maximum geographic extents of all site polygons referenced in the data set</geographicDescription>
        <boundingCoordinates>
          <westBoundingCoordinate>-83.464543</westBoundingCoordinate>
          <eastBoundingCoordinate>-83.431865</eastBoundingCoordinate>
          <northBoundingCoordinate>35.051388</northBoundingCoordinate>
          <southBoundingCoordinate>35.029138</southBoundingCoordinate>
        </boundingCoordinates>
      </geographicCoverage>
      <temporalCoverage>
        <rangeOfDates>
          <beginDate>
            <calendarDate>1995-06-01</calendarDate>
          </beginDate>
          <endDate>
            <calendarDate>1995-07-30</calendarDate>
          </endDate>
        </rangeOfDates>
      </temporalCoverage>
    </coverage>
    <contact>
      <positionName>Information Manager</positionName>
      <organizationName>LTER Network Office</organizationName>
      <address>
        <deliveryPoint>UNM Biology Department, MSC03-2020</deliveryPoint>
        <deliveryPoint>1 University of New Mexico</deliveryPoint>
        <city>Albuquerque</city>
        <administrativeArea>NM</administrativeArea>
        <postalCode>87131-0001</postalCode>
        <country>USA</country>
      </address>
      <phone phonetype="voice">505 277-2535</phone>
      <phone phonetype="fax">505 277-2541</phone>
      <electronicMailAddress>tech-support@lternet.edu</electronicMailAddress>
      <onlineUrl>http://www.lternet.edu</onlineUrl>
    </contact>
    <contact>
      <positionName>Coweeta LTER Information Manager</positionName>
      <address>
        <deliveryPoint>Department of Anthropology</deliveryPoint>
        <deliveryPoint>University of Georgia</deliveryPoint>
        <city>Athens</city>
        <administrativeArea>Georgia</administrativeArea>
        <postalCode>30602-1619</postalCode>
        <country>USA</country>
      </address>
      <electronicMailAddress>cwtim@uga.edu</electronicMailAddress>
    </contact>
    <publisher>
      <references>CWT-LTER</references>
    </publisher>
    <methods>
      <methodStep>
        <description>
          <section>
            <title>Methods</title>
            <para>Living and recently dead trees from a variety of trees were cored. Ring widths were measured with a Windendro Measuring System.</para>
          </section>
        </description>
        <instrumentation>Windendro Measuring System</instrumentation>
      </methodStep>
      <sampling>
        <studyExtent>
          <coverage>
            <temporalCoverage>
              <rangeOfDates>
                <beginDate>
                  <calendarDate>1995-06-01</calendarDate>
                </beginDate>
                <endDate>
                  <calendarDate>1995-07-30</calendarDate>
                </endDate>
              </rangeOfDates>
            </temporalCoverage>
          </coverage>
          <coverage>
            <geographicCoverage>
              <geographicDescription>CWT Study Site WS18 -- Watershed 18, North Carolina, USA.  Grady Branch Watershed. Control watershed undisturbed since 1927. Records begin  3 July 1936. 120 degree V-notch weir.</geographicDescription>
              <boundingCoordinates>
                <westBoundingCoordinate>-83.436027</westBoundingCoordinate>
                <eastBoundingCoordinate>-83.431865</eastBoundingCoordinate>
                <northBoundingCoordinate>35.051388</northBoundingCoordinate>
                <southBoundingCoordinate>35.045522</southBoundingCoordinate>
              </boundingCoordinates>
            </geographicCoverage>
            <geographicCoverage>
              <geographicDescription>CWT Study Site WS27 -- Watershed 27, North Carolina, USA.  Hard Luck Creek Watershed. Control watershed with records beginning 2 Nov. 1946. The weir is a 120 degree V notch. Partially defoliated by fall cankerworm infestations from 1972 to 1979.</geographicDescription>
              <boundingCoordinates>
                <westBoundingCoordinate>-83.464543</westBoundingCoordinate>
                <eastBoundingCoordinate>-83.458009</eastBoundingCoordinate>
                <northBoundingCoordinate>35.038446</northBoundingCoordinate>
                <southBoundingCoordinate>35.029138</southBoundingCoordinate>
              </boundingCoordinates>
            </geographicCoverage>
          </coverage>
        </studyExtent>
        <samplingDescription>
          <section>
            <title>Growth-mortality relationships for trees</title>
            <para>We present three methods for estimating growth-mortality functions from readily obtainable field data. All use annual mortality rates and the recent growth rates of living and dead individuals. Annual mortality rates are estimated using both survival analysis and a Bayesian approach. Growth rates are obtained from increment cores. Growth-mortality functions are fitted using two parametric approaches and a non-parametric approach. The three methods are compared using bootstrapped confidence intervals and likelihood ratio tests. For two example species, Acer rubrum and Cornus florida, growth-mortality functions indicate a substantial difference in the two species abilities to withstand slow growth. Both survival analysis and Bayesian estimates of mortality rates lead to similar growth-mortality functions, with the Bayesian approach providing a means to overcome the absence of long-term census data.</para>
            <para>not specified</para>
          </section>
        </samplingDescription>
        <spatialSamplingUnits>
          <referencedEntityId>1004.kml</referencedEntityId>
        </spatialSamplingUnits>
      </sampling>
    </methods>
    <project>
      <title>Coweeta LTER Program V</title>
      <personnel>
        <individualName>
          <givenName>Ted</givenName>
          <givenName>L</givenName>
          <surName>Gragson</surName>
        </individualName>
        <role>principalInvestigator</role>
      </personnel>
      <personnel>
        <individualName>
          <givenName>James</givenName>
          <surName>Vose</surName>
        </individualName>
        <role>principalInvestigator</role>
      </personnel>
      <personnel>
        <individualName>
          <givenName>Brian</givenName>
          <surName>Kloeppel</surName>
        </individualName>
        <role>principalInvestigator</role>
      </personnel>
      <personnel>
        <individualName>
          <givenName>James</givenName>
          <givenName>Barrie</givenName>
          <surName>Collins</surName>
        </individualName>
        <role>informationManager</role>
      </personnel>
      <abstract>
        <para>The Coweeta LTER Research Program has evolved since 1980 from a site-based to a site- and region-based project examining the effects of disturbance and environmental gradients on biogeochemical cycling, and the underlying watershed ecosystem processes that regulate and respond to those cycles. The current interdisciplinary research integrates ecological and socioeconomic components across 54,000 km2 of the southern Appalachian Mountains, a biogeophysical and socioeconomic region in which evolutionary and historical processes converge (Whittaker 1956, Markusen 1987, Barnes 1991, Kretzschmar et al. 1993, Bailey 1996). Our research objective in 2002-2008 is to advance scientific understanding of the spatial, temporal, and decision-making components of land use and land-use change in the southern Appalachian Mountains over the last 200 years, and forecast patterns into the future 30 years. Our guiding hypothesis is that the frequency, intensity, and extent of land use represents human decision-making in response to socioeconomic and biogeophysical conditions with consequences that cascade through ecosystems.</para>
      </abstract>
      <funding>
        <para>This material is based upon work supported by the National Science Foundation under grant number OCE-9982133. Any opinions, findings, conclusions, or recommendations expressed in the material are those of the author(s) and do not necessarily reflect the views of the National Science Foundation.</para>
      </funding>
    </project>
    <dataTable>
      <entityName>1004</entityName>
      <entityDescription>Main data table for data set 1004</entityDescription>
      <physical>
        <objectName>1004_1_0.TXT</objectName>
        <size unit="rows"/>
        <characterEncoding>ASCII</characterEncoding>
        <dataFormat>
          <textFormat>
            <numHeaderLines>1</numHeaderLines>
            <numFooterLines>0</numFooterLines>
            <recordDelimiter>\r\n</recordDelimiter>
            <numPhysicalLinesPerRecord>1</numPhysicalLinesPerRecord>
            <attributeOrientation>column</attributeOrientation>
            <simpleDelimited>
              <fieldDelimiter>\t</fieldDelimiter>
            </simpleDelimited>
          </textFormat>
        </dataFormat>
        <distribution>
          <online>
            <url function="download">https://pasta.lternet.edu/package/data/eml/knb-lter-cwt/1004/13/fed33392d3a48aa149a87a38b875ba4a</url>
          </online>
          <access authSystem="https://pasta.lternet.edu/authentication"
            order="allowFirst" scope="document" system="https://pasta.lternet.edu">
            <allow>
              <principal>uid=CWT,o=lter,dc=ecoinformatics,dc=org</principal>
              <permission>all</permission>
            </allow>
            <allow>
              <principal>public</principal>
              <permission>read</permission>
            </allow>
          </access>
        </distribution>
      </physical>
      <methods>
        <methodStep>
          <description>
            <para>Data file post-processing in the CWT-LTER Information Management Office</para>
          </description>
          <subStep>
            <description>
              <para>10/11/2013: new GCE Data Structure 1.1 created ('newstruct')</para>
            </description>
          </subStep>
          <subStep>
            <description>
              <para>10/11/2013: new GCE Data Structure 1.1 created ('newstruct')</para>
            </description>
          </subStep>
          <subStep>
            <description>
              <para>10/11/2013: new GCE Data Structure 1.1 created ('newstruct')</para>
            </description>
          </subStep>
          <subStep>
            <description>
              <para>10/11/2013: new GCE Data Structure 1.1 created ('newstruct')</para>
            </description>
          </subStep>
          <subStep>
            <description>
              <para>10/11/2013: new GCE Data Structure 1.1 created ('newstruct')</para>
            </description>
          </subStep>
          <subStep>
            <description>
              <para>10/11/2013: 583 rows imported from ASCII data file '1004.csv' ('imp_ascii')</para>
            </description>
          </subStep>
          <subStep>
            <description>
              <para>10/11/2013: 583 rows imported from ASCII data file '1004.csv' ('imp_ascii')</para>
            </description>
          </subStep>
          <subStep>
            <description>
              <para>10/11/2013: 583 rows imported from ASCII data file '1004.csv' ('imp_ascii')</para>
            </description>
          </subStep>
          <subStep>
            <description>
              <para>10/11/2013: 583 rows imported from ASCII data file '1004.csv' ('imp_ascii')</para>
            </description>
          </subStep>
          <subStep>
            <description>
              <para>10/11/2013: 583 rows imported from ASCII data file '1004.csv' ('imp_ascii')</para>
            </description>
          </subStep>
          <subStep>
            <description>
              <para>10/11/2013: automatically assigned numerical types and precisions for columns Diameter, Average_radial_growth_10_most_recent_growth_years, Average_radial_growth_5_most_recent_growth_years, Average_radial_growth_4_most_recent_growth_years, Average_radial_growth_3_most_recent_growth_years, Average_radial_growth_2_most_recent_growth_years and Average_radial_growth_1_most_recent_growth_years; assigned data types of columns Diameter, Average_radial_growth_10_most_recent_growth_years, Average_radial_growth_5_most_recent_growth_years, Average_radial_growth_4_most_recent_growth_years, Average_radial_growth_3_most_recent_growth_years, Average_radial_growth_2_most_recent_growth_years and Average_radial_growth_1_most_recent_growth_years to 'f' (floating-point) ('assign_numtype')</para>
            </description>
          </subStep>
          <subStep>
            <description>
              <para>10/11/2013: automatically assigned numerical types and precisions for columns Diameter, Average_radial_growth_10_most_recent_growth_years, Average_radial_growth_5_most_recent_growth_years, Average_radial_growth_4_most_recent_growth_years, Average_radial_growth_3_most_recent_growth_years, Average_radial_growth_2_most_recent_growth_years and Average_radial_growth_1_most_recent_growth_years; assigned data types of columns Diameter, Average_radial_growth_10_most_recent_growth_years, Average_radial_growth_5_most_recent_growth_years, Average_radial_growth_4_most_recent_growth_years, Average_radial_growth_3_most_recent_growth_years, Average_radial_growth_2_most_recent_growth_years and Average_radial_growth_1_most_recent_growth_years to 'f' (floating-point) ('assign_numtype')</para>
            </description>
          </subStep>
          <subStep>
            <description>
              <para>10/11/2013: automatically assigned numerical types and precisions for columns Diameter, Average_radial_growth_10_most_recent_growth_years, Average_radial_growth_5_most_recent_growth_years, Average_radial_growth_4_most_recent_growth_years, Average_radial_growth_3_most_recent_growth_years, Average_radial_growth_2_most_recent_growth_years and Average_radial_growth_1_most_recent_growth_years; assigned data types of columns Diameter, Average_radial_growth_10_most_recent_growth_years, Average_radial_growth_5_most_recent_growth_years, Average_radial_growth_4_most_recent_growth_years, Average_radial_growth_3_most_recent_growth_years, Average_radial_growth_2_most_recent_growth_years and Average_radial_growth_1_most_recent_growth_years to 'f' (floating-point) ('assign_numtype')</para>
            </description>
          </subStep>
          <subStep>
            <description>
              <para>10/11/2013: automatically assigned numerical types and precisions for columns Diameter, Average_radial_growth_10_most_recent_growth_years, Average_radial_growth_5_most_recent_growth_years, Average_radial_growth_4_most_recent_growth_years, Average_radial_growth_3_most_recent_growth_years, Average_radial_growth_2_most_recent_growth_years and Average_radial_growth_1_most_recent_growth_years; assigned data types of columns Diameter, Average_radial_growth_10_most_recent_growth_years, Average_radial_growth_5_most_recent_growth_years, Average_radial_growth_4_most_recent_growth_years, Average_radial_growth_3_most_recent_growth_years, Average_radial_growth_2_most_recent_growth_years and Average_radial_growth_1_most_recent_growth_years to 'f' (floating-point) ('assign_numtype')</para>
            </description>
          </subStep>
          <subStep>
            <description>
              <para>10/11/2013: automatically assigned numerical types and precisions for columns Diameter, Average_radial_growth_10_most_recent_growth_years, Average_radial_growth_5_most_recent_growth_years, Average_radial_growth_4_most_recent_growth_years, Average_radial_growth_3_most_recent_growth_years, Average_radial_growth_2_most_recent_growth_years and Average_radial_growth_1_most_recent_growth_years; assigned data types of columns Diameter, Average_radial_growth_10_most_recent_growth_years, Average_radial_growth_5_most_recent_growth_years, Average_radial_growth_4_most_recent_growth_years, Average_radial_growth_3_most_recent_growth_years, Average_radial_growth_2_most_recent_growth_years and Average_radial_growth_1_most_recent_growth_years to 'f' (floating-point) ('assign_numtype')</para>
            </description>
          </subStep>
          <subStep>
            <description>
              <para>10/11/2013: data structure validated ('gce_valid')</para>
            </description>
          </subStep>
          <subStep>
            <description>
              <para>10/11/2013: data structure validated ('gce_valid')</para>
            </description>
          </subStep>
          <subStep>
            <description>
              <para>10/11/2013: data structure validated ('gce_valid')</para>
            </description>
          </subStep>
          <subStep>
            <description>
              <para>10/11/2013: data structure validated ('gce_valid')</para>
            </description>
          </subStep>
          <subStep>
            <description>
              <para>10/11/2013: data structure validated ('gce_valid')</para>
            </description>
          </subStep>
          <subStep>
            <description>
              <para>10/11/2013: updated title ('newtitle')</para>
            </description>
          </subStep>
          <subStep>
            <description>
              <para>10/11/2013: updated title ('newtitle')</para>
            </description>
          </subStep>
          <subStep>
            <description>
              <para>10/11/2013: updated title ('newtitle')</para>
            </description>
          </subStep>
          <subStep>
            <description>
              <para>10/11/2013: updated title ('newtitle')</para>
            </description>
          </subStep>
          <subStep>
            <description>
              <para>10/11/2013: updated title ('newtitle')</para>
            </description>
          </subStep>
          <subStep>
            <description>
              <para>10/11/2013: updated 1 metadata fields in the Dataset sections ('addmeta')</para>
            </description>
          </subStep>
          <subStep>
            <description>
              <para>10/11/2013: updated 1 metadata fields in the Dataset sections ('addmeta')</para>
            </description>
          </subStep>
          <subStep>
            <description>
              <para>10/11/2013: updated 1 metadata fields in the Dataset sections ('addmeta')</para>
            </description>
          </subStep>
          <subStep>
            <description>
              <para>10/11/2013: updated 1 metadata fields in the Dataset sections ('addmeta')</para>
            </description>
          </subStep>
          <subStep>
            <description>
              <para>10/11/2013: updated 1 metadata fields in the Dataset sections ('addmeta')</para>
            </description>
          </subStep>
          <subStep>
            <description>
              <para>10/11/2013: imported metadata from the template '1004 Template 11-Oct-2013', updating descriptors for columns Species_Code, Diameter, Status, Site, Average_radial_growth_10_most_recent_growth_years, Average_radial_growth_5_most_recent_growth_years, Average_radial_growth_4_most_recent_growth_years, Average_radial_growth_3_most_recent_growth_years, Average_radial_growth_2_most_recent_growth_years and Average_radial_growth_1_most_recent_growth_years ('meta_template')</para>
            </description>
          </subStep>
          <subStep>
            <description>
              <para>10/11/2013: imported metadata from the template '1004 Template 11-Oct-2013', updating descriptors for columns Species_Code, Diameter, Status, Site, Average_radial_growth_10_most_recent_growth_years, Average_radial_growth_5_most_recent_growth_years, Average_radial_growth_4_most_recent_growth_years, Average_radial_growth_3_most_recent_growth_years, Average_radial_growth_2_most_recent_growth_years and Average_radial_growth_1_most_recent_growth_years ('meta_template')</para>
            </description>
          </subStep>
          <subStep>
            <description>
              <para>10/11/2013: imported metadata from the template '1004 Template 11-Oct-2013', updating descriptors for columns Species_Code, Diameter, Status, Site, Average_radial_growth_10_most_recent_growth_years, Average_radial_growth_5_most_recent_growth_years, Average_radial_growth_4_most_recent_growth_years, Average_radial_growth_3_most_recent_growth_years, Average_radial_growth_2_most_recent_growth_years and Average_radial_growth_1_most_recent_growth_years ('meta_template')</para>
            </description>
          </subStep>
          <subStep>
            <description>
              <para>10/11/2013: imported metadata from the template '1004 Template 11-Oct-2013', updating descriptors for columns Species_Code, Diameter, Status, Site, Average_radial_growth_10_most_recent_growth_years, Average_radial_growth_5_most_recent_growth_years, Average_radial_growth_4_most_recent_growth_years, Average_radial_growth_3_most_recent_growth_years, Average_radial_growth_2_most_recent_growth_years and Average_radial_growth_1_most_recent_growth_years ('meta_template')</para>
            </description>
          </subStep>
          <subStep>
            <description>
              <para>10/11/2013: imported metadata from the template '1004 Template 11-Oct-2013', updating descriptors for columns Species_Code, Diameter, Status, Site, Average_radial_growth_10_most_recent_growth_years, Average_radial_growth_5_most_recent_growth_years, Average_radial_growth_4_most_recent_growth_years, Average_radial_growth_3_most_recent_growth_years, Average_radial_growth_2_most_recent_growth_years and Average_radial_growth_1_most_recent_growth_years ('meta_template')</para>
            </description>
          </subStep>
          <subStep>
            <description>
              <para>10/11/2013: updated 14 metadata fields in the Dataset, Project, Site, Status, Study sections ('addmeta')</para>
            </description>
          </subStep>
          <subStep>
            <description>
              <para>10/11/2013: updated 14 metadata fields in the Dataset, Project, Site, Status, Study sections ('addmeta')</para>
            </description>
          </subStep>
          <subStep>
            <description>
              <para>10/11/2013: updated 14 metadata fields in the Dataset, Project, Site, Status, Study sections ('addmeta')</para>
            </description>
          </subStep>
          <subStep>
            <description>
              <para>10/11/2013: updated 14 metadata fields in the Dataset, Project, Site, Status, Study sections ('addmeta')</para>
            </description>
          </subStep>
          <subStep>
            <description>
              <para>10/11/2013: updated 14 metadata fields in the Dataset, Project, Site, Status, Study sections ('addmeta')</para>
            </description>
          </subStep>
          <subStep>
            <description>
              <para>10/11/2013: updated title ('newtitle')</para>
            </description>
          </subStep>
          <subStep>
            <description>
              <para>10/11/2013: updated title ('newtitle')</para>
            </description>
          </subStep>
          <subStep>
            <description>
              <para>10/11/2013: updated title ('newtitle')</para>
            </description>
          </subStep>
          <subStep>
            <description>
              <para>10/11/2013: updated title ('newtitle')</para>
            </description>
          </subStep>
          <subStep>
            <description>
              <para>10/11/2013: updated title ('newtitle')</para>
            </description>
          </subStep>
          <subStep>
            <description>
              <para>10/11/2013: manually edited data set metadata ('ui_editmetadata')</para>
            </description>
          </subStep>
          <subStep>
            <description>
              <para>10/11/2013: manually edited data set metadata ('ui_editmetadata')</para>
            </description>
          </subStep>
          <subStep>
            <description>
              <para>10/11/2013: manually edited data set metadata ('ui_editmetadata')</para>
            </description>
          </subStep>
          <subStep>
            <description>
              <para>10/11/2013: manually edited data set metadata ('ui_editmetadata')</para>
            </description>
          </subStep>
          <subStep>
            <description>
              <para>10/11/2013: manually edited data set metadata ('ui_editmetadata')</para>
            </description>
          </subStep>
          <subStep>
            <description>
              <para>10/11/2013: Descriptions of columns Species_Code, Status and Site edited; Name of column Diameter changed to Diameter_of_breast_height;Variable Type of column Status changed from 'logical' to 'code ('ui_editor')</para>
            </description>
          </subStep>
          <subStep>
            <description>
              <para>10/11/2013: Descriptions of columns Species_Code, Status and Site edited; Name of column Diameter changed to Diameter_of_breast_height;Variable Type of column Status changed from 'logical' to 'code ('ui_editor')</para>
            </description>
          </subStep>
          <subStep>
            <description>
              <para>10/11/2013: Descriptions of columns Species_Code, Status and Site edited; Name of column Diameter changed to Diameter_of_breast_height;Variable Type of column Status changed from 'logical' to 'code ('ui_editor')</para>
            </description>
          </subStep>
          <subStep>
            <description>
              <para>10/11/2013: Descriptions of columns Species_Code, Status and Site edited; Name of column Diameter changed to Diameter_of_breast_height;Variable Type of column Status changed from 'logical' to 'code ('ui_editor')</para>
            </description>
          </subStep>
          <subStep>
            <description>
              <para>10/11/2013: Descriptions of columns Species_Code, Status and Site edited; Name of column Diameter changed to Diameter_of_breast_height;Variable Type of column Status changed from 'logical' to 'code ('ui_editor')</para>
            </description>
          </subStep>
          <subStep>
            <description>
              <para>11/12/2013: manually edited data set metadata ('ui_editmetadata')</para>
            </description>
          </subStep>
          <subStep>
            <description>
              <para>11/12/2013: manually edited data set metadata ('ui_editmetadata')</para>
            </description>
          </subStep>
          <subStep>
            <description>
              <para>11/12/2013: manually edited data set metadata ('ui_editmetadata')</para>
            </description>
          </subStep>
          <subStep>
            <description>
              <para>11/12/2013: manually edited data set metadata ('ui_editmetadata')</para>
            </description>
          </subStep>
          <subStep>
            <description>
              <para>11/12/2013: manually edited data set metadata ('ui_editmetadata')</para>
            </description>
          </subStep>
          <subStep>
            <description>
              <para>11/12/2013: Name of column Species_Code changed to Species_code; Name of column Average_radial_growth_10_most_recent_growth_years changed to Avg_radial_growth_10_yr; Name of column Average_radial_growth_5_most_recent_growth_years changed to Avg_radial_growth_5_yr; Name of column Average_radial_growth_4_most_recent_growth_years changed to Avg_radial_growth_4_yr; Name of column Average_radial_growth_3_most_recent_growth_years changed to Avg_radial_growth_3_yr; Name of column Average_radial_growth_2_most_recent_growth_years changed to Avg_radial_growth_2_yr; Name of column Average_radial_growth_1_most_recent_growth_years changed to Avg_radial_growth_1_yr;Units of column Species_code changed from 'None' to 'none'; Units of column Status changed from 'None' to 'none'; Units of column Site changed from 'None' to 'none';Data Type of column Diameter_of_breast_height changed from 'd' to 'f';Numeric Type of column Diameter_of_breast_height changed from 'discrete' to 'continuous ('ui_editor')</para>
            </description>
          </subStep>
          <subStep>
            <description>
              <para>11/12/2013: Name of column Species_Code changed to Species_code; Name of column Average_radial_growth_10_most_recent_growth_years changed to Avg_radial_growth_10_yr; Name of column Average_radial_growth_5_most_recent_growth_years changed to Avg_radial_growth_5_yr; Name of column Average_radial_growth_4_most_recent_growth_years changed to Avg_radial_growth_4_yr; Name of column Average_radial_growth_3_most_recent_growth_years changed to Avg_radial_growth_3_yr; Name of column Average_radial_growth_2_most_recent_growth_years changed to Avg_radial_growth_2_yr; Name of column Average_radial_growth_1_most_recent_growth_years changed to Avg_radial_growth_1_yr;Units of column Species_code changed from 'None' to 'none'; Units of column Status changed from 'None' to 'none'; Units of column Site changed from 'None' to 'none';Data Type of column Diameter_of_breast_height changed from 'd' to 'f';Numeric Type of column Diameter_of_breast_height changed from 'discrete' to 'continuous ('ui_editor')</para>
            </description>
          </subStep>
          <subStep>
            <description>
              <para>11/12/2013: Name of column Species_Code changed to Species_code; Name of column Average_radial_growth_10_most_recent_growth_years changed to Avg_radial_growth_10_yr; Name of column Average_radial_growth_5_most_recent_growth_years changed to Avg_radial_growth_5_yr; Name of column Average_radial_growth_4_most_recent_growth_years changed to Avg_radial_growth_4_yr; Name of column Average_radial_growth_3_most_recent_growth_years changed to Avg_radial_growth_3_yr; Name of column Average_radial_growth_2_most_recent_growth_years changed to Avg_radial_growth_2_yr; Name of column Average_radial_growth_1_most_recent_growth_years changed to Avg_radial_growth_1_yr;Units of column Species_code changed from 'None' to 'none'; Units of column Status changed from 'None' to 'none'; Units of column Site changed from 'None' to 'none';Data Type of column Diameter_of_breast_height changed from 'd' to 'f';Numeric Type of column Diameter_of_breast_height changed from 'discrete' to 'continuous ('ui_editor')</para>
            </description>
          </subStep>
          <subStep>
            <description>
              <para>11/12/2013: Name of column Species_Code changed to Species_code; Name of column Average_radial_growth_10_most_recent_growth_years changed to Avg_radial_growth_10_yr; Name of column Average_radial_growth_5_most_recent_growth_years changed to Avg_radial_growth_5_yr; Name of column Average_radial_growth_4_most_recent_growth_years changed to Avg_radial_growth_4_yr; Name of column Average_radial_growth_3_most_recent_growth_years changed to Avg_radial_growth_3_yr; Name of column Average_radial_growth_2_most_recent_growth_years changed to Avg_radial_growth_2_yr; Name of column Average_radial_growth_1_most_recent_growth_years changed to Avg_radial_growth_1_yr;Units of column Species_code changed from 'None' to 'none'; Units of column Status changed from 'None' to 'none'; Units of column Site changed from 'None' to 'none';Data Type of column Diameter_of_breast_height changed from 'd' to 'f';Numeric Type of column Diameter_of_breast_height changed from 'discrete' to 'continuous ('ui_editor')</para>
            </description>
          </subStep>
          <subStep>
            <description>
              <para>11/12/2013: Name of column Species_Code changed to Species_code; Name of column Average_radial_growth_10_most_recent_growth_years changed to Avg_radial_growth_10_yr; Name of column Average_radial_growth_5_most_recent_growth_years changed to Avg_radial_growth_5_yr; Name of column Average_radial_growth_4_most_recent_growth_years changed to Avg_radial_growth_4_yr; Name of column Average_radial_growth_3_most_recent_growth_years changed to Avg_radial_growth_3_yr; Name of column Average_radial_growth_2_most_recent_growth_years changed to Avg_radial_growth_2_yr; Name of column Average_radial_growth_1_most_recent_growth_years changed to Avg_radial_growth_1_yr;Units of column Species_code changed from 'None' to 'none'; Units of column Status changed from 'None' to 'none'; Units of column Site changed from 'None' to 'none';Data Type of column Diameter_of_breast_height changed from 'd' to 'f';Numeric Type of column Diameter_of_breast_height changed from 'discrete' to 'continuous ('ui_editor')</para>
            </description>
          </subStep>
          <subStep>
            <description>
              <para>11/12/2013: updated 4 metadata fields ('addmeta')</para>
            </description>
          </subStep>
          <subStep>
            <description>
              <para>11/12/2013: updated 4 metadata fields ('addmeta')</para>
            </description>
          </subStep>
          <subStep>
            <description>
              <para>11/12/2013: updated 4 metadata fields ('addmeta')</para>
            </description>
          </subStep>
          <subStep>
            <description>
              <para>11/12/2013: updated 4 metadata fields ('addmeta')</para>
            </description>
          </subStep>
          <subStep>
            <description>
              <para>11/12/2013: updated 4 metadata fields ('addmeta')</para>
            </description>
          </subStep>
          <subStep>
            <description>
              <para>11/12/2013: updated 15 metadata fields in the Status, Data sections to reflect attribute metadata ('updatecols')</para>
            </description>
          </subStep>
          <subStep>
            <description>
              <para>11/12/2013: updated 15 metadata fields in the Status, Data sections to reflect attribute metadata ('updatecols')</para>
            </description>
          </subStep>
          <subStep>
            <description>
              <para>11/12/2013: updated 15 metadata fields in the Status, Data sections to reflect attribute metadata ('updatecols')</para>
            </description>
          </subStep>
          <subStep>
            <description>
              <para>11/12/2013: updated 15 metadata fields in the Status, Data sections to reflect attribute metadata ('updatecols')</para>
            </description>
          </subStep>
          <subStep>
            <description>
              <para>11/12/2013: updated 15 metadata fields in the Status, Data sections to reflect attribute metadata ('updatecols')</para>
            </description>
          </subStep>
        </methodStep>
        <qualityControl>
          <description>
            <para>Quality control analysis was performed using the GCE Data Toolbox for MATLAB software. Column data types are validated upon importing the table into MATLAB, and qualifier flags are automatically generated for data values based on QA/QC criteria for each data column pre-defined in metadata templates (e.g. value range checks, sanity checks, pattern checks). Qualifier flags are also assigned to values that are imputed or derived, revised, or otherwise differ from values in the original data submission. A column of coded qualifier flags is generated and included in the data table if flags are assigned to any value in a data column.</para>
          </description>
        </qualityControl>
      </methods>
      <attributeList>
        <attribute id="att.1">
          <attributeName>Species_code</attributeName>
          <attributeDefinition>First two letters of Genus and Species name</attributeDefinition>
          <storageType>string</storageType>
          <measurementScale>
            <nominal>
              <nonNumericDomain>
                <enumeratedDomain>
                  <codeDefinition>
                    <code>ACRU</code>
                    <definition>Acer rubrum</definition>
                  </codeDefinition>
                  <codeDefinition>
                    <code>BELE</code>
                    <definition>Betula lenta</definition>
                  </codeDefinition>
                  <codeDefinition>
                    <code>BELU</code>
                    <definition>Betula lenta (Sweet Birch)</definition>
                  </codeDefinition>
                  <codeDefinition>
                    <code>COFL</code>
                    <definition>Cornus florida</definition>
                  </codeDefinition>
                  <codeDefinition>
                    <code>LITU</code>
                    <definition>Liriodendron tulipifera</definition>
                  </codeDefinition>
                  <codeDefinition>
                    <code>QUAL</code>
                    <definition>Quercus alba</definition>
                  </codeDefinition>
                  <codeDefinition>
                    <code>QUPR</code>
                    <definition>Quercus prinus</definition>
                  </codeDefinition>
                  <codeDefinition>
                    <code>QURU</code>
                    <definition>Quercus rubra</definition>
                  </codeDefinition>
                  <codeDefinition>
                    <code>ROPS</code>
                    <definition>Robinia pseudoacacia</definition>
                  </codeDefinition>
                  <codeDefinition>
                    <code>Rops </code>
                    <definition>Robinia pseudoacacia</definition>
                  </codeDefinition>
                  <codeDefinition>
                    <code>TSCA</code>
                    <definition>Tsuga canadensis</definition>
                  </codeDefinition>
                </enumeratedDomain>
              </nonNumericDomain>
            </nominal>
          </measurementScale>
        </attribute>
        <attribute id="att.2">
          <attributeName>Diameter_of_breast_height</attributeName>
          <attributeDefinition>Diameter of breast height of sample tree</attributeDefinition>
          <storageType>float</storageType>
          <measurementScale>
            <ratio>
              <unit>
                <standardUnit>centimeter</standardUnit>
              </unit>
              <precision>1</precision>
              <numericDomain>
                <numberType>real</numberType>
              </numericDomain>
            </ratio>
          </measurementScale>
          <missingValueCode>
            <code>NaN</code>
            <codeExplanation>value not recorded or invalid</codeExplanation>
          </missingValueCode>
        </attribute>
        <attribute id="att.3">
          <attributeName>Status</attributeName>
          <attributeDefinition>Status</attributeDefinition>
          <storageType>integer</storageType>
          <measurementScale>
            <ordinal>
              <nonNumericDomain>
                <enumeratedDomain>
                  <codeDefinition>
                    <code>0</code>
                    <definition>recently dead</definition>
                  </codeDefinition>
                  <codeDefinition>
                    <code>1</code>
                    <definition>living trees</definition>
                  </codeDefinition>
                </enumeratedDomain>
              </nonNumericDomain>
            </ordinal>
          </measurementScale>
          <missingValueCode>
            <code>NaN</code>
            <codeExplanation>value not recorded or invalid</codeExplanation>
          </missingValueCode>
        </attribute>
        <attribute id="att.4">
          <attributeName>Site</attributeName>
          <attributeDefinition>Site</attributeDefinition>
          <storageType>integer</storageType>
          <measurementScale>
            <ordinal>
              <nonNumericDomain>
                <enumeratedDomain>
                  <codeDefinition>
                    <code>0</code>
                    <definition>unspecified</definition>
                  </codeDefinition>
                  <codeDefinition>
                    <code>1</code>
                    <definition>area near gradient plot 218</definition>
                  </codeDefinition>
                  <codeDefinition>
                    <code>2</code>
                    <definition>area near plot 427</definition>
                  </codeDefinition>
                  <codeDefinition>
                    <code>3</code>
                    <definition>area near plot 527</definition>
                  </codeDefinition>
                </enumeratedDomain>
              </nonNumericDomain>
            </ordinal>
          </measurementScale>
          <missingValueCode>
            <code>NaN</code>
            <codeExplanation>value not recorded or invalid</codeExplanation>
          </missingValueCode>
        </attribute>
        <attribute id="att.5">
          <attributeName>Avg_radial_growth_10_yr</attributeName>
          <attributeDefinition>Average radial growth for the 10 most recent growth years</attributeDefinition>
          <storageType>float</storageType>
          <measurementScale>
            <ratio>
              <unit>
                <standardUnit>millimeter</standardUnit>
              </unit>
              <precision>0.00001</precision>
              <numericDomain>
                <numberType>real</numberType>
              </numericDomain>
            </ratio>
          </measurementScale>
          <missingValueCode>
            <code>NaN</code>
            <codeExplanation>value not recorded or invalid</codeExplanation>
          </missingValueCode>
        </attribute>
        <attribute id="att.6">
          <attributeName>Avg_radial_growth_5_yr</attributeName>
          <attributeDefinition>Average radial growth for the 5 most recent growth years; millimeters (mm).</attributeDefinition>
          <storageType>float</storageType>
          <measurementScale>
            <ratio>
              <unit>
                <standardUnit>millimeter</standardUnit>
              </unit>
              <precision>0.00001</precision>
              <numericDomain>
                <numberType>real</numberType>
              </numericDomain>
            </ratio>
          </measurementScale>
          <missingValueCode>
            <code>NaN</code>
            <codeExplanation>value not recorded or invalid</codeExplanation>
          </missingValueCode>
        </attribute>
        <attribute id="att.7">
          <attributeName>Avg_radial_growth_4_yr</attributeName>
          <attributeDefinition>Average radial growth for the 4 most recent growth years; millimeters (mm).</attributeDefinition>
          <storageType>float</storageType>
          <measurementScale>
            <ratio>
              <unit>
                <standardUnit>millimeter</standardUnit>
              </unit>
              <precision>0.00001</precision>
              <numericDomain>
                <numberType>real</numberType>
              </numericDomain>
            </ratio>
          </measurementScale>
          <missingValueCode>
            <code>NaN</code>
            <codeExplanation>value not recorded or invalid</codeExplanation>
          </missingValueCode>
        </attribute>
        <attribute id="att.8">
          <attributeName>Avg_radial_growth_3_yr</attributeName>
          <attributeDefinition>Average radial growth for the 3 most recent growth years; millimeters (mm).</attributeDefinition>
          <storageType>float</storageType>
          <measurementScale>
            <ratio>
              <unit>
                <standardUnit>millimeter</standardUnit>
              </unit>
              <precision>0.00001</precision>
              <numericDomain>
                <numberType>real</numberType>
              </numericDomain>
            </ratio>
          </measurementScale>
          <missingValueCode>
            <code>NaN</code>
            <codeExplanation>value not recorded or invalid</codeExplanation>
          </missingValueCode>
        </attribute>
        <attribute id="att.9">
          <attributeName>Avg_radial_growth_2_yr</attributeName>
          <attributeDefinition>Average radial growth for the 2 most recent growth years; millimeters (mm).</attributeDefinition>
          <storageType>float</storageType>
          <measurementScale>
            <ratio>
              <unit>
                <standardUnit>millimeter</standardUnit>
              </unit>
              <precision>0.00001</precision>
              <numericDomain>
                <numberType>real</numberType>
              </numericDomain>
            </ratio>
          </measurementScale>
          <missingValueCode>
            <code>NaN</code>
            <codeExplanation>value not recorded or invalid</codeExplanation>
          </missingValueCode>
        </attribute>
        <attribute id="att.10">
          <attributeName>Avg_radial_growth_1_yr</attributeName>
          <attributeDefinition>Average radial growth for the 1 most recent growth years; millimeters (mm).</attributeDefinition>
          <storageType>float</storageType>
          <measurementScale>
            <ratio>
              <unit>
                <standardUnit>millimeter</standardUnit>
              </unit>
              <precision>0.00001</precision>
              <numericDomain>
                <numberType>real</numberType>
              </numericDomain>
            </ratio>
          </measurementScale>
          <missingValueCode>
            <code>NaN</code>
            <codeExplanation>value not recorded or invalid</codeExplanation>
          </missingValueCode>
        </attribute>
      </attributeList>
    </dataTable>
    <otherEntity id="1004.kml">
      <entityName>1004.kml</entityName>
      <entityDescription>Google Earth Keyhole Markup Language file describing the geographic locations sampled in data set knb-lter-cwt.1004.13</entityDescription>
      <physical>
        <objectName>1004.kml</objectName>
        <dataFormat>
          <externallyDefinedFormat>
            <formatName>application/vnd.google-earth.kml+xml</formatName>
          </externallyDefinedFormat>
        </dataFormat>
        <distribution>
          <online>
            <url function="download">https://pasta.lternet.edu/package/data/eml/knb-lter-cwt/1004/13/4092e5ff8c39f09c4c37bc55977eaaab</url>
          </online>
          <access authSystem="https://pasta.lternet.edu/authentication"
            order="allowFirst" scope="document" system="https://pasta.lternet.edu">
            <allow>
              <principal>uid=CWT,o=lter,dc=ecoinformatics,dc=org</principal>
              <permission>all</permission>
            </allow>
            <allow>
              <principal>public</principal>
              <permission>read</permission>
            </allow>
          </access>
        </distribution>
      </physical>
      <entityType>KML</entityType>
    </otherEntity>
  </dataset>
</eml:eml>
