<?xml version="1.0" encoding="UTF-8"?>
<eml:eml packageId="knb-lter-cwt.1121.73"
  system="https://pasta.lternet.edu"
  xmlns:ds="eml://ecoinformatics.org/dataset-2.1.0"
  xmlns:eml="eml://ecoinformatics.org/eml-2.1.1"
  xmlns:stmml="http://www.xml-cml.org/schema/stmml-1.1"
  xmlns:xsi="http://www.w3.org/2001/XMLSchema-instance" xsi:schemaLocation="eml://ecoinformatics.org/eml-2.1.0 http://gce-lter.marsci.uga.edu/public/files/schemas/eml-210/eml.xsd">
  <access authSystem="https://pasta.lternet.edu/authentication"
    order="allowFirst" scope="document" system="https://pasta.lternet.edu">
    <allow>
      <principal>uid=CWT,o=lter,dc=ecoinformatics,dc=org</principal>
      <permission>all</permission>
    </allow>
    <allow>
      <principal>public</principal>
      <permission>read</permission>
    </allow>
  </access>
  <dataset>
    <alternateIdentifier>knb-lter-cwt.1121.7.1</alternateIdentifier>
    <title>TLeaf litter weights, Coweeta LTER, Terrestrial Gradient Sites, 1994-2009</title>
    <creator id="CWT-LTER">
      <organizationName>Coweeta Long Term Ecological Research Program</organizationName>
      <address>
        <deliveryPoint>Daniel B. Warnell School of Forestry and Natural Resources</deliveryPoint>
        <deliveryPoint>University of Georgia</deliveryPoint>
        <city>Athens</city>
        <administrativeArea>Georgia</administrativeArea>
        <postalCode>30602</postalCode>
        <country>USA</country>
      </address>
      <electronicMailAddress>cwtim@uga.edu</electronicMailAddress>
      <onlineUrl>http://coweeta.uga.edu/</onlineUrl>
    </creator>
    <creator>
      <individualName>
        <salutation>Dr.</salutation>
        <givenName>Jennifer</givenName>
        <givenName>D.</givenName>
        <surName>Knoepp</surName>
      </individualName>
      <organizationName>USDA Forest Service</organizationName>
      <address>
        <deliveryPoint>USDA Forest Service</deliveryPoint>
        <deliveryPoint>3160 Coweeta Lab Road</deliveryPoint>
        <city>Otto</city>
        <administrativeArea>NC</administrativeArea>
        <postalCode>28763</postalCode>
        <country>USA</country>
      </address>
      <electronicMailAddress>jknoepp@fs.fed.us</electronicMailAddress>
      <onlineUrl>http://www.srs.fs.usda.gov/coweeta/staff/knoepp/</onlineUrl>
    </creator>
    <metadataProvider>
      <references>CWT-LTER</references>
    </metadataProvider>
    <associatedParty>
      <individualName>
        <salutation>Dr.</salutation>
        <givenName>James</givenName>
        <givenName>S.</givenName>
        <surName>Clark</surName>
      </individualName>
      <organizationName>Duke University</organizationName>
      <electronicMailAddress>jimclark@duke.edu</electronicMailAddress>
      <role>PI</role>
    </associatedParty>
    <associatedParty>
      <individualName>
        <salutation>Dr.</salutation>
        <givenName>James</givenName>
        <givenName>M.</givenName>
        <surName>Vose</surName>
      </individualName>
      <organizationName>USDA Forest Service</organizationName>
      <electronicMailAddress>jvose@fs.fed.us</electronicMailAddress>
      <role>PI</role>
    </associatedParty>
    <associatedParty>
      <individualName>
        <givenName>Bruce</givenName>
        <givenName>R.</givenName>
        <surName>Haines</surName>
      </individualName>
      <organizationName>University of Georgia</organizationName>
      <role>PI (deceased)</role>
    </associatedParty>
    <associatedParty>
      <individualName>
        <givenName>Dac</givenName>
        <givenName>A.</givenName>
        <surName>Crossley</surName>
      </individualName>
      <organizationName>University of Georgia</organizationName>
      <role>PI (retired)</role>
    </associatedParty>
    <associatedParty>
      <individualName>
        <givenName>Jason</givenName>
        <surName>Love</surName>
      </individualName>
      <organizationName>University of Georgia</organizationName>
      <electronicMailAddress>jplove@uga.edu</electronicMailAddress>
      <role>Site Manager</role>
    </associatedParty>
    <pubDate>2010</pubDate>
    <abstract>
      <para>This project was started by Haines and Crossley in 1992 to compare leaf litter weights among the five gradient plots (though data from the first collections were not included in this dataset because the original dataset did not represent a complete quarter of collection).  Litter is collected from 10 0.92 × 0.92 m leaf collectors within each of the gradient plots. Litter is collected on a quarterly basis (monthly in the autumn).  The litter is then separated by category, dried, weighed, and processed in a Wiley mill for later nutrient analyses.  Since the project first started, the collection process has expanded to include non-leaf litter (e.g., lichens, bark, and seeds), fine twigs (0-2.5 cm diameter), and medium twigs (2.5-10 cm diameter).</para>
    </abstract>
    <keywordSet>
      <keyword keywordType="theme">Coweeta Hydrologic Laboratory</keyword>
      <keyword keywordType="theme">deciduous</keyword>
      <keyword keywordType="theme">leaf litter</keyword>
      <keyword keywordType="theme">mass</keyword>
      <keyword keywordType="theme">pine</keyword>
      <keyword keywordType="theme">Rhododendron maximum</keyword>
      <keyword keywordType="theme">twigs</keyword>
    </keywordSet>
    <keywordSet>
      <keyword keywordType="place">Coweeta Hydrologic Laboratory</keyword>
      <keyword keywordType="place">North Carolina</keyword>
      <keyword keywordType="place">USA</keyword>
      <keyword keywordType="theme">CWT</keyword>
      <keyword keywordType="theme">LTER</keyword>
      <keywordThesaurus>GCE-LTER Controlled Vocabulary</keywordThesaurus>
    </keywordSet>
    <keywordSet>
      <keyword keywordType="theme">Organic Matter/Decomposition</keyword>
      <keywordThesaurus>LTER Core Research Areas</keywordThesaurus>
    </keywordSet>
    <intellectualRights>
      <para>publicly available</para>
    </intellectualRights>
    <distribution>
      <online>
        <url function="information">http://coweeta.uga.edu/dbpublic/dataset_details.asp?accession=1121</url>
      </online>
    </distribution>
    <coverage>
      <geographicCoverage>
        <geographicDescription>Overall bounding box describing the geographic region within the Coweeta LTER study domain represented in data set 1121, based on the maximum geographic extents of all site polygons referenced in the data set</geographicDescription>
        <boundingCoordinates>
          <westBoundingCoordinate>-83.464543</westBoundingCoordinate>
          <eastBoundingCoordinate>-83.431865</eastBoundingCoordinate>
          <northBoundingCoordinate>35.051388</northBoundingCoordinate>
          <southBoundingCoordinate>35.029138</southBoundingCoordinate>
        </boundingCoordinates>
      </geographicCoverage>
      <temporalCoverage>
        <rangeOfDates>
          <beginDate>
            <calendarDate>1994-10-01</calendarDate>
          </beginDate>
          <endDate>
            <calendarDate>2009-12-31</calendarDate>
          </endDate>
        </rangeOfDates>
      </temporalCoverage>
    </coverage>
    <contact>
      <positionName>Information Manager</positionName>
      <organizationName>LTER Network Office</organizationName>
      <address>
        <deliveryPoint>UNM Biology Department, MSC03-2020</deliveryPoint>
        <deliveryPoint>1 University of New Mexico</deliveryPoint>
        <city>Albuquerque</city>
        <administrativeArea>NM</administrativeArea>
        <postalCode>87131-0001</postalCode>
        <country>USA</country>
      </address>
      <phone phonetype="voice">505 277-2535</phone>
      <phone phonetype="fax">505 277-2541</phone>
      <electronicMailAddress>tech-support@lternet.edu</electronicMailAddress>
      <onlineUrl>http://www.lternet.edu</onlineUrl>
    </contact>
    <contact>
      <positionName>Coweeta LTER Information Manager</positionName>
      <address>
        <deliveryPoint>Department of Anthropology</deliveryPoint>
        <deliveryPoint>University of Georgia</deliveryPoint>
        <city>Athens</city>
        <administrativeArea>Georgia</administrativeArea>
        <postalCode>30602-1619</postalCode>
        <country>USA</country>
      </address>
      <electronicMailAddress>cwtim@uga.edu</electronicMailAddress>
    </contact>
    <publisher>
      <references>CWT-LTER</references>
    </publisher>
    <methods>
      <methodStep>
        <description>
          <section>
            <title>Leaf Collection and drying</title>
            <para>	Litter is collected from 10 0.92 × 0.92 m leaf collectors within each of the gradient plots. The litter traps are approximately 1 m high.  Litter is collected at the end of each quarter (monthly in the autumn): Quarter 1: April – June,  Quarter 2: July – September, Quarter 3: October – December, Quarter 4: January – March After the litter is collected, the samples are sorted into several categories: Deciduous leaves, Pine needles, Rhododendron leaves, Other (loose bark, seeds, nuts, loose lichens, etc.), Fine twigs (0-2.5 cm diameter), Medium twigs (2.5-10 cm diameter). The samples are then dried at 65° C for 48 hours or until dry.  The samples are then weighed to the nearest 0.01 g.  After weighing, the samples are combined from each category/site and processed in a Wiley mill before being placed in scintillation vials for nutrient analysis (1 sample of each is preserved for archiving).</para>
          </section>
        </description>
      </methodStep>
      <sampling>
        <studyExtent>
          <coverage>
            <temporalCoverage>
              <rangeOfDates>
                <beginDate>
                  <calendarDate>1994-10-01</calendarDate>
                </beginDate>
                <endDate>
                  <calendarDate>2009-12-31</calendarDate>
                </endDate>
              </rangeOfDates>
            </temporalCoverage>
          </coverage>
          <coverage>
            <geographicCoverage>
              <geographicDescription>CWT Study Site WS18 -- Watershed 18, North Carolina, USA.  Grady Branch Watershed. Control watershed undisturbed since 1927. Records begin  3 July 1936. 120 degree V-notch weir.</geographicDescription>
              <boundingCoordinates>
                <westBoundingCoordinate>-83.436027</westBoundingCoordinate>
                <eastBoundingCoordinate>-83.431865</eastBoundingCoordinate>
                <northBoundingCoordinate>35.051388</northBoundingCoordinate>
                <southBoundingCoordinate>35.045522</southBoundingCoordinate>
              </boundingCoordinates>
            </geographicCoverage>
            <geographicCoverage>
              <geographicDescription>CWT Study Site WS27 -- Watershed 27, North Carolina, USA.  Hard Luck Creek Watershed. Control watershed with records beginning 2 Nov. 1946. The weir is a 120 degree V notch. Partially defoliated by fall cankerworm infestations from 1972 to 1979.</geographicDescription>
              <boundingCoordinates>
                <westBoundingCoordinate>-83.464543</westBoundingCoordinate>
                <eastBoundingCoordinate>-83.458009</eastBoundingCoordinate>
                <northBoundingCoordinate>35.038446</northBoundingCoordinate>
                <southBoundingCoordinate>35.029138</southBoundingCoordinate>
              </boundingCoordinates>
            </geographicCoverage>
          </coverage>
        </studyExtent>
        <samplingDescription>
          <section>
            <title>Terrestrial gradient leaf litter weights</title>
            <para>See site descriptions.</para>
            <para>This project is part of a larger examination of site productivity along an elevational gradient.  Leaf litter collections were started by Haines and Crossley in 1992 to compare leaf litter weights among the five gradient plots (though data from the first collections were not included in this dataset because the original dataset did not represent a complete quarter of collection).  Litter is collected from 10 0.92 × 0.92 m leaf collectors within each of the gradient plots. Litter is collected on a quarterly basis (monthly in the autumn).  The litter is then separated by category, dried, weighed, and processed in a Wiley mill for later nutrient analyses.  Since the project first started, the collection process has expanded to include non-leaf litter (e.g., lichens, bark, and seeds), fine twigs (0-2.5 cm diameter), and medium twigs (2.5-10 cm diameter).</para>
            <para>Litter is collected from 10 0.92 × 0.92 m leaf collectors within each of the gradient plots. The litter traps are approximately 1 m high.  Litter is collected at the end of each quarter (monthly in the autumn):
 
Quarter 1: April – June
Quarter 2: July – September
Quarter 3: October – December
Quarter 4: January – March
 
After the litter is collected, the samples are sorted into several categories:
 
Deciduous leaves
Pine needles
Rhododendron leaves
Other (loose bark, seeds, nuts, loose lichens, etc.)
Fine twigs (0-2.5 cm diameter)
Medium twigs (2.5-10 cm diameter)
 
The samples are then dried at 65° C for 48 hours or until dry.  The samples are then weighed to the nearest 0.01 g.  After weighing, the samples are combined from each category/site and processed in a Wiley mill before being placed in scintillation vials for nutrient analysis and archiving.</para>
          </section>
        </samplingDescription>
        <spatialSamplingUnits>
          <referencedEntityId>1121.kml</referencedEntityId>
        </spatialSamplingUnits>
      </sampling>
    </methods>
    <project>
      <title>Coweeta LTER Program V</title>
      <personnel>
        <individualName>
          <givenName>Ted</givenName>
          <givenName>L</givenName>
          <surName>Gragson</surName>
        </individualName>
        <role>principalInvestigator</role>
      </personnel>
      <personnel>
        <individualName>
          <givenName>James</givenName>
          <surName>Vose</surName>
        </individualName>
        <role>principalInvestigator</role>
      </personnel>
      <personnel>
        <individualName>
          <givenName>Brian</givenName>
          <surName>Kloeppel</surName>
        </individualName>
        <role>principalInvestigator</role>
      </personnel>
      <personnel>
        <individualName>
          <givenName>James</givenName>
          <givenName>Barrie</givenName>
          <surName>Collins</surName>
        </individualName>
        <role>informationManager</role>
      </personnel>
      <abstract>
        <para>The Coweeta LTER Research Program has evolved since 1980 from a site-based to a site- and region-based project examining the effects of disturbance and environmental gradients on biogeochemical cycling, and the underlying watershed ecosystem processes that regulate and respond to those cycles. The current interdisciplinary research integrates ecological and socioeconomic components across 54,000 km2 of the southern Appalachian Mountains, a biogeophysical and socioeconomic region in which evolutionary and historical processes converge (Whittaker 1956, Markusen 1987, Barnes 1991, Kretzschmar et al. 1993, Bailey 1996). Our research objective in 2002-2008 is to advance scientific understanding of the spatial, temporal, and decision-making components of land use and land-use change in the southern Appalachian Mountains over the last 200 years, and forecast patterns into the future 30 years. Our guiding hypothesis is that the frequency, intensity, and extent of land use represents human decision-making in response to socioeconomic and biogeophysical conditions with consequences that cascade through ecosystems.</para>
      </abstract>
      <funding>
        <para>This material is based upon work supported by the National Science Foundation under grant number OCE-9982133. Any opinions, findings, conclusions, or recommendations expressed in the material are those of the author(s) and do not necessarily reflect the views of the National Science Foundation.</para>
      </funding>
    </project>
    <dataTable>
      <entityName>CWT_TER_11211994</entityName>
      <entityDescription>Terrestrial gradients Leaf Litter Weights from 1994 through 2009</entityDescription>
      <physical>
        <objectName>1121.csv</objectName>
        <size unit="rows">155</size>
        <characterEncoding>ASCII</characterEncoding>
        <dataFormat>
          <textFormat>
            <numHeaderLines>1</numHeaderLines>
            <numFooterLines>0</numFooterLines>
            <recordDelimiter>\r\n</recordDelimiter>
            <numPhysicalLinesPerRecord>1</numPhysicalLinesPerRecord>
            <attributeOrientation>column</attributeOrientation>
            <simpleDelimited>
              <fieldDelimiter>,</fieldDelimiter>
            </simpleDelimited>
          </textFormat>
        </dataFormat>
        <distribution>
          <online>
            <url function="download">https://pasta.lternet.edu/package/data/eml/knb-lter-cwt/1121/73/d39e8b5a2c5690b2edd5c2cb9f1fa132</url>
          </online>
          <access authSystem="https://pasta.lternet.edu/authentication"
            order="allowFirst" scope="document" system="https://pasta.lternet.edu">
            <allow>
              <principal>uid=CWT,o=lter,dc=ecoinformatics,dc=org</principal>
              <permission>all</permission>
            </allow>
            <allow>
              <principal>public</principal>
              <permission>read</permission>
            </allow>
          </access>
        </distribution>
      </physical>
      <methods>
        <methodStep>
          <description>
            <para>Data file post-processing in the CWT-LTER Information Management Office</para>
          </description>
        </methodStep>
        <qualityControl>
          <description>
            <para>none reported.</para>
          </description>
        </qualityControl>
      </methods>
      <attributeList>
        <attribute id="att.1">
          <attributeName>year</attributeName>
          <attributeDefinition>Year the leaf litter was collected.</attributeDefinition>
          <storageType>integer</storageType>
          <measurementScale>
            <dateTime>
              <formatString>YYYY</formatString>
              <dateTimePrecision>1</dateTimePrecision>
              <dateTimeDomain/>
            </dateTime>
          </measurementScale>
          <missingValueCode>
            <code>NaN</code>
            <codeExplanation>value not recorded or invalid</codeExplanation>
          </missingValueCode>
        </attribute>
        <attribute id="att.2">
          <attributeName>Collection_Year</attributeName>
          <attributeDefinition>Year since collection began.  A collection year begins in April, at the start of Quarter 1 and ends in March a the end of quarter 4.</attributeDefinition>
          <storageType>integer</storageType>
          <measurementScale>
            <dateTime>
              <formatString>YYYY</formatString>
              <dateTimePrecision>1</dateTimePrecision>
              <dateTimeDomain/>
            </dateTime>
          </measurementScale>
          <missingValueCode>
            <code>NaN</code>
            <codeExplanation>value not recorded or invalid</codeExplanation>
          </missingValueCode>
        </attribute>
        <attribute id="att.3">
          <attributeName>Quarter</attributeName>
          <attributeDefinition>Quarter the leaf litter samples were collected.  Quarter 1 = April - June; Quarter 2 = July - September; Quarter 3 = October - December; Quarter 4 = January - March.</attributeDefinition>
          <storageType>integer</storageType>
          <measurementScale>
            <nominal>
              <nonNumericDomain>
                <textDomain>
                  <definition>Quarter the leaf litter samples were collected.  Quarter 1 = April - June; Quarter 2 = July - September; Quarter 3 = October - December; Quarter 4 = January - March.</definition>
                </textDomain>
              </nonNumericDomain>
            </nominal>
          </measurementScale>
          <missingValueCode>
            <code>NaN</code>
            <codeExplanation>value not recorded or invalid</codeExplanation>
          </missingValueCode>
        </attribute>
        <attribute id="att.4">
          <attributeName>Site</attributeName>
          <attributeDefinition>Terrestrial gradient site number.</attributeDefinition>
          <storageType>string</storageType>
          <measurementScale>
            <nominal>
              <nonNumericDomain>
                <textDomain>
                  <definition>Terrestrial gradient site number.</definition>
                </textDomain>
              </nonNumericDomain>
            </nominal>
          </measurementScale>
        </attribute>
        <attribute id="att.5">
          <attributeName>Trap</attributeName>
          <attributeDefinition>Leaf litter trap number (A-J).  There are 10 traps at each site.  Each trap is 0.92 x 0.92-m.</attributeDefinition>
          <storageType>integer</storageType>
          <measurementScale>
            <ordinal>
              <nonNumericDomain>
                <textDomain>
                  <definition>Leaf litter trap number (A-J).  There are 10 traps at each site.  Each trap is 0.92 x 0.92-m.</definition>
                </textDomain>
              </nonNumericDomain>
            </ordinal>
          </measurementScale>
          <missingValueCode>
            <code>NaN</code>
            <codeExplanation>value not recorded or invalid</codeExplanation>
          </missingValueCode>
        </attribute>
        <attribute id="att.6">
          <attributeName>Deciduous</attributeName>
          <attributeDefinition>Dried weight of deciduous leaf litter (including Kalmia latifolia) from each leaf litter trap.</attributeDefinition>
          <storageType>float</storageType>
          <measurementScale>
            <ratio>
              <unit>
                <standardUnit>gram</standardUnit>
              </unit>
              <precision>0.01</precision>
              <numericDomain>
                <numberType>real</numberType>
              </numericDomain>
            </ratio>
          </measurementScale>
          <missingValueCode>
            <code>NaN</code>
            <codeExplanation>value not recorded or invalid</codeExplanation>
          </missingValueCode>
        </attribute>
        <attribute id="att.7">
          <attributeName>Pine</attributeName>
          <attributeDefinition>Dried weight of pine leaf litter from each leaf litter trap.</attributeDefinition>
          <storageType>float</storageType>
          <measurementScale>
            <ratio>
              <unit>
                <standardUnit>gram</standardUnit>
              </unit>
              <precision>0.01</precision>
              <numericDomain>
                <numberType>real</numberType>
              </numericDomain>
            </ratio>
          </measurementScale>
          <missingValueCode>
            <code>NaN</code>
            <codeExplanation>value not recorded or invalid</codeExplanation>
          </missingValueCode>
        </attribute>
        <attribute id="att.8">
          <attributeName>Rhododendron</attributeName>
          <attributeDefinition>Dried weight of Rhododendron maximum leaf litter from each leaf litter trap.</attributeDefinition>
          <storageType>float</storageType>
          <measurementScale>
            <ratio>
              <unit>
                <standardUnit>gram</standardUnit>
              </unit>
              <precision>0.01</precision>
              <numericDomain>
                <numberType>real</numberType>
              </numericDomain>
            </ratio>
          </measurementScale>
          <missingValueCode>
            <code>NaN</code>
            <codeExplanation>value not recorded or invalid</codeExplanation>
          </missingValueCode>
        </attribute>
        <attribute id="att.9">
          <attributeName>Other</attributeName>
          <attributeDefinition>Dried weight of other leaf litter debris from each leaf litter trap.  This includes seeds, bark, lichens, etc. and other non-leaf or non-twig debris.</attributeDefinition>
          <storageType>float</storageType>
          <measurementScale>
            <ratio>
              <unit>
                <standardUnit>gram</standardUnit>
              </unit>
              <precision>0.01</precision>
              <numericDomain>
                <numberType>real</numberType>
              </numericDomain>
            </ratio>
          </measurementScale>
          <missingValueCode>
            <code>NaN</code>
            <codeExplanation>value not recorded or invalid</codeExplanation>
          </missingValueCode>
        </attribute>
        <attribute id="att.10">
          <attributeName>Twigs_0-2.5</attributeName>
          <attributeDefinition>Dried weight of fine twigs &lt;2.5cm diameter from each leaf litter trap.</attributeDefinition>
          <storageType>float</storageType>
          <measurementScale>
            <ratio>
              <unit>
                <standardUnit>gram</standardUnit>
              </unit>
              <precision>0.01</precision>
              <numericDomain>
                <numberType>real</numberType>
              </numericDomain>
            </ratio>
          </measurementScale>
          <missingValueCode>
            <code>NaN</code>
            <codeExplanation>value not recorded or invalid</codeExplanation>
          </missingValueCode>
        </attribute>
        <attribute id="att.11">
          <attributeName>Twigs_2.5-10</attributeName>
          <attributeDefinition>Dried weight of  twigs 2.5-10 cm diameter from each leaf litter trap.</attributeDefinition>
          <storageType>float</storageType>
          <measurementScale>
            <ratio>
              <unit>
                <standardUnit>gram</standardUnit>
              </unit>
              <precision>0.01</precision>
              <numericDomain>
                <numberType>real</numberType>
              </numericDomain>
            </ratio>
          </measurementScale>
          <missingValueCode>
            <code>NaN</code>
            <codeExplanation>value not recorded or invalid</codeExplanation>
          </missingValueCode>
        </attribute>
        <attribute id="att.12">
          <attributeName>Lvs_Non_Rhodo</attributeName>
          <attributeDefinition>Dried weight of  leaves other than Rhododendron maximum from each leaf litter trap.  This category was abandoned after Collection Year 2; category divided into 'Deciduous', 'Pine', and 'Other' after Collection Year 4.</attributeDefinition>
          <storageType>float</storageType>
          <measurementScale>
            <ratio>
              <unit>
                <standardUnit>gram</standardUnit>
              </unit>
              <precision>0.01</precision>
              <numericDomain>
                <numberType>real</numberType>
              </numericDomain>
            </ratio>
          </measurementScale>
          <missingValueCode>
            <code>NaN</code>
            <codeExplanation>value not recorded or invalid</codeExplanation>
          </missingValueCode>
        </attribute>
        <attribute id="att.13">
          <attributeName>Total_Leaves</attributeName>
          <attributeDefinition>Dried weight of  all leaves from each leaf litter trap.</attributeDefinition>
          <storageType>float</storageType>
          <measurementScale>
            <ratio>
              <unit>
                <standardUnit>gram</standardUnit>
              </unit>
              <precision>0.01</precision>
              <numericDomain>
                <numberType>real</numberType>
              </numericDomain>
            </ratio>
          </measurementScale>
          <missingValueCode>
            <code>NaN</code>
            <codeExplanation>value not recorded or invalid</codeExplanation>
          </missingValueCode>
        </attribute>
        <attribute id="att.14">
          <attributeName>Total+Other</attributeName>
          <attributeDefinition>Dried weight of  all leaves plus 'Other'  from each leaf litter trap.</attributeDefinition>
          <storageType>float</storageType>
          <measurementScale>
            <ratio>
              <unit>
                <standardUnit>gram</standardUnit>
              </unit>
              <precision>0.01</precision>
              <numericDomain>
                <numberType>real</numberType>
              </numericDomain>
            </ratio>
          </measurementScale>
          <missingValueCode>
            <code>NaN</code>
            <codeExplanation>value not recorded or invalid</codeExplanation>
          </missingValueCode>
        </attribute>
        <attribute id="att.15">
          <attributeName>Comments</attributeName>
          <attributeDefinition>Comments about leaf litter sample.</attributeDefinition>
          <storageType>string</storageType>
          <measurementScale>
            <nominal>
              <nonNumericDomain>
                <textDomain>
                  <definition>Comments about leaf litter sample.</definition>
                </textDomain>
              </nonNumericDomain>
            </nominal>
          </measurementScale>
        </attribute>
      </attributeList>
    </dataTable>
    <otherEntity id="1121.kml">
      <entityName>1121.kml</entityName>
      <entityDescription>Google Earth Keyhole Markup Language file describing the geographic locations sampled in data set knb-lter-cwt.1121.73</entityDescription>
      <physical>
        <objectName>1121.kml</objectName>
        <dataFormat>
          <externallyDefinedFormat>
            <formatName>application/vnd.google-earth.kml+xml</formatName>
          </externallyDefinedFormat>
        </dataFormat>
        <distribution>
          <online>
            <url function="download">https://pasta.lternet.edu/package/data/eml/knb-lter-cwt/1121/73/b59de508606313fdd2b5853c7918ee1e</url>
          </online>
          <access authSystem="https://pasta.lternet.edu/authentication"
            order="allowFirst" scope="document" system="https://pasta.lternet.edu">
            <allow>
              <principal>uid=CWT,o=lter,dc=ecoinformatics,dc=org</principal>
              <permission>all</permission>
            </allow>
            <allow>
              <principal>public</principal>
              <permission>read</permission>
            </allow>
          </access>
        </distribution>
      </physical>
      <entityType>KML</entityType>
    </otherEntity>
  </dataset>
  <additionalMetadata>
    <metadata>
      <stmml:unitList
        xmlns:stmml="http://www.xml-cml.org/schema/stmml-1.1" xsi:schemaLocation="http://www.xml-cml.org/schema/stmml-1.1 http://gce-lter.marsci.uga.edu/public/files/schemas/eml-210/stmml.xsd">
        <!--note that the unitTypes here are taken from the eml-unitDictionary.xml-->
        <stmml:unit abbreviation="YYYY" id="year" name="year" unitType="time">
          <stmml:description>year</stmml:description>
        </stmml:unit>
      </stmml:unitList>
    </metadata>
  </additionalMetadata>
</eml:eml>
