<?xml version="1.0" encoding="UTF-8"?>
<eml:eml packageId="knb-lter-cwt.3004.13"
  system="https://pasta.lternet.edu"
  xmlns:ds="eml://ecoinformatics.org/dataset-2.1.0"
  xmlns:eml="eml://ecoinformatics.org/eml-2.1.1"
  xmlns:stmml="http://www.xml-cml.org/schema/stmml-1.1"
  xmlns:xsi="http://www.w3.org/2001/XMLSchema-instance" xsi:schemaLocation="eml://ecoinformatics.org/eml-2.1.0 http://gce-lter.marsci.uga.edu/public/files/schemas/eml-210/eml.xsd">
  <access authSystem="https://pasta.lternet.edu/authentication"
    order="allowFirst" scope="document" system="https://pasta.lternet.edu">
    <allow>
      <principal>uid=CWT,o=lter,dc=ecoinformatics,dc=org</principal>
      <permission>all</permission>
    </allow>
    <allow>
      <principal>public</principal>
      <permission>read</permission>
    </allow>
  </access>
  <dataset>
    <alternateIdentifier>knb-lter-cwt.3004.1.1</alternateIdentifier>
    <title>Geomorphology of Ball Creek and Coweeta Creek in 1989</title>
    <creator id="CWT-LTER">
      <organizationName>Coweeta Long Term Ecological Research Program</organizationName>
      <address>
        <deliveryPoint>Daniel B. Warnell School of Forestry and Natural Resources</deliveryPoint>
        <deliveryPoint>University of Georgia</deliveryPoint>
        <city>Athens</city>
        <administrativeArea>Georgia</administrativeArea>
        <postalCode>30602</postalCode>
        <country>USA</country>
      </address>
      <electronicMailAddress>cwtim@uga.edu</electronicMailAddress>
      <onlineUrl>http://coweeta.uga.edu/</onlineUrl>
    </creator>
    <creator>
      <individualName>
        <salutation>Dr.</salutation>
        <givenName>Jackson</givenName>
        <givenName>R.</givenName>
        <surName>Webster</surName>
      </individualName>
      <organizationName>Viriginia Polytechnic Institute and State Univ.</organizationName>
      <address>
        <deliveryPoint>Department of Biological Sciences</deliveryPoint>
        <deliveryPoint>Virginia Tech</deliveryPoint>
        <deliveryPoint>2125 Derring Hall</deliveryPoint>
        <city>Blacksburg</city>
        <administrativeArea>VA</administrativeArea>
        <postalCode>24601</postalCode>
        <country>USA</country>
      </address>
      <electronicMailAddress>jwebster@vt.edu</electronicMailAddress>
      <onlineUrl>http://www.biol.vt.edu/faculty/webster/</onlineUrl>
    </creator>
    <metadataProvider>
      <references>CWT-LTER</references>
    </metadataProvider>
    <associatedParty>
      <individualName>
        <givenName>J.</givenName>
        <givenName>Bruce</givenName>
        <surName>Wallace</surName>
      </individualName>
      <organizationName>University of Georgia</organizationName>
      <role>PI (retired)</role>
    </associatedParty>
    <associatedParty>
      <individualName>
        <givenName>Judy</givenName>
        <givenName>L.</givenName>
        <surName>Meyer</surName>
      </individualName>
      <organizationName>University of Georgia</organizationName>
      <role>PI (retired)</role>
    </associatedParty>
    <associatedParty>
      <individualName>
        <salutation>Dr.</salutation>
        <givenName>E.</givenName>
        <givenName>Fred</givenName>
        <surName>Benfield</surName>
      </individualName>
      <organizationName>Virginia Polytechnic Institute and State Univ.</organizationName>
      <electronicMailAddress>benfield@vt.edu</electronicMailAddress>
      <role>PI</role>
    </associatedParty>
    <associatedParty>
      <individualName>
        <givenName>Gary</givenName>
        <givenName>D.</givenName>
        <surName>Grossman</surName>
      </individualName>
      <role>PI (retired)</role>
    </associatedParty>
    <pubDate>2003</pubDate>
    <abstract>
      <para>Measurements of geomorphological parameters were made every 10m along the entire length of Ball Creek / Coweeta Creek down to the Forest Service boundary. Measurements started 300m from the headwaters because most of the first 300m are underground.</para>
    </abstract>
    <keywordSet>
      <keyword keywordType="theme">bankfull width</keyword>
      <keyword keywordType="theme">boulder</keyword>
      <keyword keywordType="theme">cobble</keyword>
      <keyword keywordType="theme">Coweeta Hydrologic Laboratory</keyword>
      <keyword keywordType="theme">Coweeta LTER</keyword>
      <keyword keywordType="theme">CWT</keyword>
      <keyword keywordType="theme">debris</keyword>
      <keyword keywordType="theme">gravel</keyword>
      <keyword keywordType="theme">LTER</keyword>
      <keyword keywordType="theme">LTER funding</keyword>
      <keyword keywordType="theme">North Carolina</keyword>
      <keyword keywordType="theme">Otto</keyword>
      <keyword keywordType="theme">overstory vegetation</keyword>
      <keyword keywordType="theme">reach</keyword>
      <keyword keywordType="theme">rockface</keyword>
      <keyword keywordType="theme">silt</keyword>
      <keyword keywordType="theme">uneven sampling interval</keyword>
      <keyword keywordType="theme">University of Georgia</keyword>
      <keyword keywordType="theme">Virginia Tech</keyword>
      <keyword keywordType="theme">water quality and water quantity</keyword>
    </keywordSet>
    <keywordSet>
      <keyword keywordType="place">Coweeta Hydrologic Laboratory</keyword>
      <keyword keywordType="place">North Carolina</keyword>
      <keyword keywordType="place">USA</keyword>
      <keyword keywordType="theme">CWT</keyword>
      <keyword keywordType="theme">LTER</keyword>
      <keywordThesaurus>GCE-LTER Controlled Vocabulary</keywordThesaurus>
    </keywordSet>
    <keywordSet>
      <keyword keywordType="theme">depth</keyword>
      <keyword keywordType="theme">elevation</keyword>
      <keyword keywordType="theme">geomorphology</keyword>
      <keyword keywordType="theme">gradient</keyword>
      <keyword keywordType="theme">hydrology</keyword>
      <keyword keywordType="theme">sand</keyword>
      <keyword keywordType="theme">understory vegetation</keyword>
      <keyword keywordType="theme">wood</keyword>
      <keywordThesaurus>LTER Controlled Vocabulary</keywordThesaurus>
    </keywordSet>
    <keywordSet>
      <keyword keywordType="theme">Disturbance Patterns</keyword>
      <keywordThesaurus>LTER Core Research Areas</keywordThesaurus>
    </keywordSet>
    <intellectualRights>
      <para>publicly available</para>
    </intellectualRights>
    <distribution>
      <online>
        <url function="information">http://coweeta.uga.edu/dbpublic/dataset_details.asp?accession=3004</url>
      </online>
    </distribution>
    <coverage>
      <temporalCoverage>
        <rangeOfDates>
          <beginDate>
            <calendarDate>1989-07-01</calendarDate>
          </beginDate>
          <endDate>
            <calendarDate>1989-07-30</calendarDate>
          </endDate>
        </rangeOfDates>
      </temporalCoverage>
    </coverage>
    <contact>
      <positionName>Information Manager</positionName>
      <organizationName>LTER Network Office</organizationName>
      <address>
        <deliveryPoint>UNM Biology Department, MSC03-2020</deliveryPoint>
        <deliveryPoint>1 University of New Mexico</deliveryPoint>
        <city>Albuquerque</city>
        <administrativeArea>NM</administrativeArea>
        <postalCode>87131-0001</postalCode>
        <country>USA</country>
      </address>
      <phone phonetype="voice">505 277-2535</phone>
      <phone phonetype="fax">505 277-2541</phone>
      <electronicMailAddress>tech-support@lternet.edu</electronicMailAddress>
      <onlineUrl>http://www.lternet.edu</onlineUrl>
    </contact>
    <contact>
      <positionName>Coweeta LTER Information Manager</positionName>
      <address>
        <deliveryPoint>Department of Anthropology</deliveryPoint>
        <deliveryPoint>University of Georgia</deliveryPoint>
        <city>Athens</city>
        <administrativeArea>Georgia</administrativeArea>
        <postalCode>30602-1619</postalCode>
        <country>USA</country>
      </address>
      <electronicMailAddress>cwtim@uga.edu</electronicMailAddress>
    </contact>
    <publisher>
      <references>CWT-LTER</references>
    </publisher>
    <methods>
      <methodStep>
        <description>
          <section>
            <title>Methods</title>
            <para>Variable Formats: I4 DIST no m F6.1 ELEV no m F4.2 GRADIENT no m/m I4 WIDTH no cm F4.2 REACH_US no ocular estimates F4.2 REACH_OS no ocular estimates F4.2 ROCK no ocular estimates F4.2 BOULDER no ocular estimates F4.2 COBBLE no ocular estimates F4.2 GSS no ocular estimates F4.2 WOOD_COV no ocular estimates I2 DEBRIS49 no counted I2 DEBRIS51 no counted F5.1 DEPTH no cm</para>
          </section>
        </description>
        <instrumentation>Forest Service altimeter</instrumentation>
      </methodStep>
      <sampling>
        <studyExtent>
          <coverage>
            <temporalCoverage>
              <rangeOfDates>
                <beginDate>
                  <calendarDate>1989-07-01</calendarDate>
                </beginDate>
                <endDate>
                  <calendarDate>1989-07-30</calendarDate>
                </endDate>
              </rangeOfDates>
            </temporalCoverage>
          </coverage>
        </studyExtent>
        <samplingDescription>
          <section>
            <title>Geomorphology of Ball Creek and Coweeta Creek</title>
            <para>Measurements of geomorphological parameters were made every 10m along the entire length of Ball Creek / Coweeta Creek down to the Forest Service boundary. Measurements started 300m from the headwaters because most of the first 300m are underground.</para>
            <para>not specified</para>
          </section>
        </samplingDescription>
        <spatialSamplingUnits>
          <referencedEntityId>3004.kml</referencedEntityId>
        </spatialSamplingUnits>
      </sampling>
    </methods>
    <project>
      <title>Coweeta LTER Program V</title>
      <personnel>
        <individualName>
          <givenName>Ted</givenName>
          <givenName>L</givenName>
          <surName>Gragson</surName>
        </individualName>
        <role>principalInvestigator</role>
      </personnel>
      <personnel>
        <individualName>
          <givenName>James</givenName>
          <surName>Vose</surName>
        </individualName>
        <role>principalInvestigator</role>
      </personnel>
      <personnel>
        <individualName>
          <givenName>Brian</givenName>
          <surName>Kloeppel</surName>
        </individualName>
        <role>principalInvestigator</role>
      </personnel>
      <personnel>
        <individualName>
          <givenName>James</givenName>
          <givenName>Barrie</givenName>
          <surName>Collins</surName>
        </individualName>
        <role>informationManager</role>
      </personnel>
      <abstract>
        <para>The Coweeta LTER Research Program has evolved since 1980 from a site-based to a site- and region-based project examining the effects of disturbance and environmental gradients on biogeochemical cycling, and the underlying watershed ecosystem processes that regulate and respond to those cycles. The current interdisciplinary research integrates ecological and socioeconomic components across 54,000 km2 of the southern Appalachian Mountains, a biogeophysical and socioeconomic region in which evolutionary and historical processes converge (Whittaker 1956, Markusen 1987, Barnes 1991, Kretzschmar et al. 1993, Bailey 1996). Our research objective in 2002-2008 is to advance scientific understanding of the spatial, temporal, and decision-making components of land use and land-use change in the southern Appalachian Mountains over the last 200 years, and forecast patterns into the future 30 years. Our guiding hypothesis is that the frequency, intensity, and extent of land use represents human decision-making in response to socioeconomic and biogeophysical conditions with consequences that cascade through ecosystems.</para>
      </abstract>
      <funding>
        <para>This material is based upon work supported by the National Science Foundation under grant number OCE-9982133. Any opinions, findings, conclusions, or recommendations expressed in the material are those of the author(s) and do not necessarily reflect the views of the National Science Foundation.</para>
      </funding>
    </project>
    <dataTable>
      <entityName>3004</entityName>
      <entityDescription>Main data table for data set 3004</entityDescription>
      <physical>
        <objectName>3004_1_0.TXT</objectName>
        <size unit="rows"/>
        <characterEncoding>ASCII</characterEncoding>
        <dataFormat>
          <textFormat>
            <numHeaderLines>1</numHeaderLines>
            <numFooterLines>0</numFooterLines>
            <recordDelimiter>\r\n</recordDelimiter>
            <numPhysicalLinesPerRecord>1</numPhysicalLinesPerRecord>
            <attributeOrientation>column</attributeOrientation>
            <simpleDelimited>
              <fieldDelimiter>\t</fieldDelimiter>
            </simpleDelimited>
          </textFormat>
        </dataFormat>
        <distribution>
          <online>
            <url function="download">https://pasta.lternet.edu/package/data/eml/knb-lter-cwt/3004/13/20479c788fb27378c2c99eadcf207e7f</url>
          </online>
          <access authSystem="https://pasta.lternet.edu/authentication"
            order="allowFirst" scope="document" system="https://pasta.lternet.edu">
            <allow>
              <principal>uid=CWT,o=lter,dc=ecoinformatics,dc=org</principal>
              <permission>all</permission>
            </allow>
            <allow>
              <principal>public</principal>
              <permission>read</permission>
            </allow>
          </access>
        </distribution>
      </physical>
      <methods>
        <methodStep>
          <description>
            <para>Data file post-processing in the CWT-LTER Information Management Office</para>
          </description>
          <subStep>
            <description>
              <para>09/19/2013: new GCE Data Structure 1.1 created ('newstruct')</para>
            </description>
          </subStep>
          <subStep>
            <description>
              <para>09/19/2013: new GCE Data Structure 1.1 created ('newstruct')</para>
            </description>
          </subStep>
          <subStep>
            <description>
              <para>09/19/2013: new GCE Data Structure 1.1 created ('newstruct')</para>
            </description>
          </subStep>
          <subStep>
            <description>
              <para>09/19/2013: new GCE Data Structure 1.1 created ('newstruct')</para>
            </description>
          </subStep>
          <subStep>
            <description>
              <para>09/19/2013: new GCE Data Structure 1.1 created ('newstruct')</para>
            </description>
          </subStep>
          <subStep>
            <description>
              <para>09/19/2013: 526 rows imported from ASCII data file '3004.csv' ('imp_ascii')</para>
            </description>
          </subStep>
          <subStep>
            <description>
              <para>09/19/2013: 526 rows imported from ASCII data file '3004.csv' ('imp_ascii')</para>
            </description>
          </subStep>
          <subStep>
            <description>
              <para>09/19/2013: 526 rows imported from ASCII data file '3004.csv' ('imp_ascii')</para>
            </description>
          </subStep>
          <subStep>
            <description>
              <para>09/19/2013: 526 rows imported from ASCII data file '3004.csv' ('imp_ascii')</para>
            </description>
          </subStep>
          <subStep>
            <description>
              <para>09/19/2013: 526 rows imported from ASCII data file '3004.csv' ('imp_ascii')</para>
            </description>
          </subStep>
          <subStep>
            <description>
              <para>09/19/2013: automatically assigned numerical types and precisions for columns ELEV, GRADIENT, REACH_US, BOULDER, COBBLE, GSS, WOOD_COV and DEPTH; assigned data types of columns ELEV, GRADIENT, REACH_US, BOULDER, COBBLE, GSS, WOOD_COV and DEPTH to 'f' (floating-point) ('assign_numtype')</para>
            </description>
          </subStep>
          <subStep>
            <description>
              <para>09/19/2013: automatically assigned numerical types and precisions for columns ELEV, GRADIENT, REACH_US, BOULDER, COBBLE, GSS, WOOD_COV and DEPTH; assigned data types of columns ELEV, GRADIENT, REACH_US, BOULDER, COBBLE, GSS, WOOD_COV and DEPTH to 'f' (floating-point) ('assign_numtype')</para>
            </description>
          </subStep>
          <subStep>
            <description>
              <para>09/19/2013: automatically assigned numerical types and precisions for columns ELEV, GRADIENT, REACH_US, BOULDER, COBBLE, GSS, WOOD_COV and DEPTH; assigned data types of columns ELEV, GRADIENT, REACH_US, BOULDER, COBBLE, GSS, WOOD_COV and DEPTH to 'f' (floating-point) ('assign_numtype')</para>
            </description>
          </subStep>
          <subStep>
            <description>
              <para>09/19/2013: automatically assigned numerical types and precisions for columns ELEV, GRADIENT, REACH_US, BOULDER, COBBLE, GSS, WOOD_COV and DEPTH; assigned data types of columns ELEV, GRADIENT, REACH_US, BOULDER, COBBLE, GSS, WOOD_COV and DEPTH to 'f' (floating-point) ('assign_numtype')</para>
            </description>
          </subStep>
          <subStep>
            <description>
              <para>09/19/2013: automatically assigned numerical types and precisions for columns ELEV, GRADIENT, REACH_US, BOULDER, COBBLE, GSS, WOOD_COV and DEPTH; assigned data types of columns ELEV, GRADIENT, REACH_US, BOULDER, COBBLE, GSS, WOOD_COV and DEPTH to 'f' (floating-point) ('assign_numtype')</para>
            </description>
          </subStep>
          <subStep>
            <description>
              <para>09/19/2013: data structure validated ('gce_valid')</para>
            </description>
          </subStep>
          <subStep>
            <description>
              <para>09/19/2013: data structure validated ('gce_valid')</para>
            </description>
          </subStep>
          <subStep>
            <description>
              <para>09/19/2013: data structure validated ('gce_valid')</para>
            </description>
          </subStep>
          <subStep>
            <description>
              <para>09/19/2013: data structure validated ('gce_valid')</para>
            </description>
          </subStep>
          <subStep>
            <description>
              <para>09/19/2013: data structure validated ('gce_valid')</para>
            </description>
          </subStep>
          <subStep>
            <description>
              <para>09/19/2013: updated title ('newtitle')</para>
            </description>
          </subStep>
          <subStep>
            <description>
              <para>09/19/2013: updated title ('newtitle')</para>
            </description>
          </subStep>
          <subStep>
            <description>
              <para>09/19/2013: updated title ('newtitle')</para>
            </description>
          </subStep>
          <subStep>
            <description>
              <para>09/19/2013: updated title ('newtitle')</para>
            </description>
          </subStep>
          <subStep>
            <description>
              <para>09/19/2013: updated title ('newtitle')</para>
            </description>
          </subStep>
          <subStep>
            <description>
              <para>09/19/2013: updated 1 metadata fields in the Dataset sections ('addmeta')</para>
            </description>
          </subStep>
          <subStep>
            <description>
              <para>09/19/2013: updated 1 metadata fields in the Dataset sections ('addmeta')</para>
            </description>
          </subStep>
          <subStep>
            <description>
              <para>09/19/2013: updated 1 metadata fields in the Dataset sections ('addmeta')</para>
            </description>
          </subStep>
          <subStep>
            <description>
              <para>09/19/2013: updated 1 metadata fields in the Dataset sections ('addmeta')</para>
            </description>
          </subStep>
          <subStep>
            <description>
              <para>09/19/2013: updated 1 metadata fields in the Dataset sections ('addmeta')</para>
            </description>
          </subStep>
          <subStep>
            <description>
              <para>09/19/2013: manually edited data set metadata ('ui_editmetadata')</para>
            </description>
          </subStep>
          <subStep>
            <description>
              <para>09/19/2013: manually edited data set metadata ('ui_editmetadata')</para>
            </description>
          </subStep>
          <subStep>
            <description>
              <para>09/19/2013: manually edited data set metadata ('ui_editmetadata')</para>
            </description>
          </subStep>
          <subStep>
            <description>
              <para>09/19/2013: manually edited data set metadata ('ui_editmetadata')</para>
            </description>
          </subStep>
          <subStep>
            <description>
              <para>09/19/2013: manually edited data set metadata ('ui_editmetadata')</para>
            </description>
          </subStep>
          <subStep>
            <description>
              <para>09/19/2013: Descriptions of columns DIST, ELEV, GRADIENT, WIDTH, REACH_US, REACH_OV, ROCK, BOULDER, COBBLE, GSS, WOOD_COV, DEBRIS49, DEBRIS51 and DEPTH edited; Name of column DIST changed to Distance; Name of column ELEV changed to Elevation; Name of column GRADIENT changed to Gradient; Name of column WIDTH changed to Bankfull_width; Name of column REACH_US changed to Reach_shaded_understory_percent; Name of column REACH_OV changed to Reach_shaded_overstory_percent; Name of column ROCK changed to Percent_mineral_substrate_rockface; Name of column BOULDER changed to Percent_boulder; Name of column COBBLE changed to Percent_cobble; Name of column GSS changed to Percent_gravel_sand_silt; Name of column WOOD_COV changed to Percent_mineral_substrate_wood; Name of column DEBRIS49 changed to Woody_debris_dams_less_than_50_percent; Name of column DEBRIS51 changed to Woody_debris_dams_more_than_50_percent; Name of column DEPTH changed to Mean_water_depth;Units of column Distance changed from '' to 'm'; Units of column Elevation changed from '' to 'm'; Units of column Gradient changed from '' to 'm/m'; Units of column Bankfull_width changed from '' to 'cm'; Units of column Reach_shaded_understory_percent changed from '' to '%'; Units of column Reach_shaded_overstory_percent changed from '' to '%'; Units of column Percent_mineral_substrate_rockface changed from '' to '%'; Units of column Percent_boulder changed from '' to '%'; Units of column Percent_cobble changed from '' to '%'; Units of column Percent_mineral_substrate_wood changed from '' to '%'; Units of column Woody_debris_dams_less_than_50_percent changed from '' to 'Count'; Units of column Woody_debris_dams_more_than_50_percent changed from '' to 'Count'; Units of column Mean_water_depth changed from '' to 'cm';Variable Type of column Mean_water_depth changed from 'data' to 'calculation ('ui_editor')</para>
            </description>
          </subStep>
          <subStep>
            <description>
              <para>09/19/2013: Descriptions of columns DIST, ELEV, GRADIENT, WIDTH, REACH_US, REACH_OV, ROCK, BOULDER, COBBLE, GSS, WOOD_COV, DEBRIS49, DEBRIS51 and DEPTH edited; Name of column DIST changed to Distance; Name of column ELEV changed to Elevation; Name of column GRADIENT changed to Gradient; Name of column WIDTH changed to Bankfull_width; Name of column REACH_US changed to Reach_shaded_understory_percent; Name of column REACH_OV changed to Reach_shaded_overstory_percent; Name of column ROCK changed to Percent_mineral_substrate_rockface; Name of column BOULDER changed to Percent_boulder; Name of column COBBLE changed to Percent_cobble; Name of column GSS changed to Percent_gravel_sand_silt; Name of column WOOD_COV changed to Percent_mineral_substrate_wood; Name of column DEBRIS49 changed to Woody_debris_dams_less_than_50_percent; Name of column DEBRIS51 changed to Woody_debris_dams_more_than_50_percent; Name of column DEPTH changed to Mean_water_depth;Units of column Distance changed from '' to 'm'; Units of column Elevation changed from '' to 'm'; Units of column Gradient changed from '' to 'm/m'; Units of column Bankfull_width changed from '' to 'cm'; Units of column Reach_shaded_understory_percent changed from '' to '%'; Units of column Reach_shaded_overstory_percent changed from '' to '%'; Units of column Percent_mineral_substrate_rockface changed from '' to '%'; Units of column Percent_boulder changed from '' to '%'; Units of column Percent_cobble changed from '' to '%'; Units of column Percent_mineral_substrate_wood changed from '' to '%'; Units of column Woody_debris_dams_less_than_50_percent changed from '' to 'Count'; Units of column Woody_debris_dams_more_than_50_percent changed from '' to 'Count'; Units of column Mean_water_depth changed from '' to 'cm';Variable Type of column Mean_water_depth changed from 'data' to 'calculation ('ui_editor')</para>
            </description>
          </subStep>
          <subStep>
            <description>
              <para>09/19/2013: Descriptions of columns DIST, ELEV, GRADIENT, WIDTH, REACH_US, REACH_OV, ROCK, BOULDER, COBBLE, GSS, WOOD_COV, DEBRIS49, DEBRIS51 and DEPTH edited; Name of column DIST changed to Distance; Name of column ELEV changed to Elevation; Name of column GRADIENT changed to Gradient; Name of column WIDTH changed to Bankfull_width; Name of column REACH_US changed to Reach_shaded_understory_percent; Name of column REACH_OV changed to Reach_shaded_overstory_percent; Name of column ROCK changed to Percent_mineral_substrate_rockface; Name of column BOULDER changed to Percent_boulder; Name of column COBBLE changed to Percent_cobble; Name of column GSS changed to Percent_gravel_sand_silt; Name of column WOOD_COV changed to Percent_mineral_substrate_wood; Name of column DEBRIS49 changed to Woody_debris_dams_less_than_50_percent; Name of column DEBRIS51 changed to Woody_debris_dams_more_than_50_percent; Name of column DEPTH changed to Mean_water_depth;Units of column Distance changed from '' to 'm'; Units of column Elevation changed from '' to 'm'; Units of column Gradient changed from '' to 'm/m'; Units of column Bankfull_width changed from '' to 'cm'; Units of column Reach_shaded_understory_percent changed from '' to '%'; Units of column Reach_shaded_overstory_percent changed from '' to '%'; Units of column Percent_mineral_substrate_rockface changed from '' to '%'; Units of column Percent_boulder changed from '' to '%'; Units of column Percent_cobble changed from '' to '%'; Units of column Percent_mineral_substrate_wood changed from '' to '%'; Units of column Woody_debris_dams_less_than_50_percent changed from '' to 'Count'; Units of column Woody_debris_dams_more_than_50_percent changed from '' to 'Count'; Units of column Mean_water_depth changed from '' to 'cm';Variable Type of column Mean_water_depth changed from 'data' to 'calculation ('ui_editor')</para>
            </description>
          </subStep>
          <subStep>
            <description>
              <para>09/19/2013: Descriptions of columns DIST, ELEV, GRADIENT, WIDTH, REACH_US, REACH_OV, ROCK, BOULDER, COBBLE, GSS, WOOD_COV, DEBRIS49, DEBRIS51 and DEPTH edited; Name of column DIST changed to Distance; Name of column ELEV changed to Elevation; Name of column GRADIENT changed to Gradient; Name of column WIDTH changed to Bankfull_width; Name of column REACH_US changed to Reach_shaded_understory_percent; Name of column REACH_OV changed to Reach_shaded_overstory_percent; Name of column ROCK changed to Percent_mineral_substrate_rockface; Name of column BOULDER changed to Percent_boulder; Name of column COBBLE changed to Percent_cobble; Name of column GSS changed to Percent_gravel_sand_silt; Name of column WOOD_COV changed to Percent_mineral_substrate_wood; Name of column DEBRIS49 changed to Woody_debris_dams_less_than_50_percent; Name of column DEBRIS51 changed to Woody_debris_dams_more_than_50_percent; Name of column DEPTH changed to Mean_water_depth;Units of column Distance changed from '' to 'm'; Units of column Elevation changed from '' to 'm'; Units of column Gradient changed from '' to 'm/m'; Units of column Bankfull_width changed from '' to 'cm'; Units of column Reach_shaded_understory_percent changed from '' to '%'; Units of column Reach_shaded_overstory_percent changed from '' to '%'; Units of column Percent_mineral_substrate_rockface changed from '' to '%'; Units of column Percent_boulder changed from '' to '%'; Units of column Percent_cobble changed from '' to '%'; Units of column Percent_mineral_substrate_wood changed from '' to '%'; Units of column Woody_debris_dams_less_than_50_percent changed from '' to 'Count'; Units of column Woody_debris_dams_more_than_50_percent changed from '' to 'Count'; Units of column Mean_water_depth changed from '' to 'cm';Variable Type of column Mean_water_depth changed from 'data' to 'calculation ('ui_editor')</para>
            </description>
          </subStep>
          <subStep>
            <description>
              <para>09/19/2013: Descriptions of columns DIST, ELEV, GRADIENT, WIDTH, REACH_US, REACH_OV, ROCK, BOULDER, COBBLE, GSS, WOOD_COV, DEBRIS49, DEBRIS51 and DEPTH edited; Name of column DIST changed to Distance; Name of column ELEV changed to Elevation; Name of column GRADIENT changed to Gradient; Name of column WIDTH changed to Bankfull_width; Name of column REACH_US changed to Reach_shaded_understory_percent; Name of column REACH_OV changed to Reach_shaded_overstory_percent; Name of column ROCK changed to Percent_mineral_substrate_rockface; Name of column BOULDER changed to Percent_boulder; Name of column COBBLE changed to Percent_cobble; Name of column GSS changed to Percent_gravel_sand_silt; Name of column WOOD_COV changed to Percent_mineral_substrate_wood; Name of column DEBRIS49 changed to Woody_debris_dams_less_than_50_percent; Name of column DEBRIS51 changed to Woody_debris_dams_more_than_50_percent; Name of column DEPTH changed to Mean_water_depth;Units of column Distance changed from '' to 'm'; Units of column Elevation changed from '' to 'm'; Units of column Gradient changed from '' to 'm/m'; Units of column Bankfull_width changed from '' to 'cm'; Units of column Reach_shaded_understory_percent changed from '' to '%'; Units of column Reach_shaded_overstory_percent changed from '' to '%'; Units of column Percent_mineral_substrate_rockface changed from '' to '%'; Units of column Percent_boulder changed from '' to '%'; Units of column Percent_cobble changed from '' to '%'; Units of column Percent_mineral_substrate_wood changed from '' to '%'; Units of column Woody_debris_dams_less_than_50_percent changed from '' to 'Count'; Units of column Woody_debris_dams_more_than_50_percent changed from '' to 'Count'; Units of column Mean_water_depth changed from '' to 'cm';Variable Type of column Mean_water_depth changed from 'data' to 'calculation ('ui_editor')</para>
            </description>
          </subStep>
          <subStep>
            <description>
              <para>10/15/2013: manually edited data set metadata ('ui_editmetadata')</para>
            </description>
          </subStep>
          <subStep>
            <description>
              <para>10/15/2013: manually edited data set metadata ('ui_editmetadata')</para>
            </description>
          </subStep>
          <subStep>
            <description>
              <para>10/15/2013: manually edited data set metadata ('ui_editmetadata')</para>
            </description>
          </subStep>
          <subStep>
            <description>
              <para>10/15/2013: manually edited data set metadata ('ui_editmetadata')</para>
            </description>
          </subStep>
          <subStep>
            <description>
              <para>10/15/2013: manually edited data set metadata ('ui_editmetadata')</para>
            </description>
          </subStep>
          <subStep>
            <description>
              <para>11/07/2013: manually edited data set metadata ('ui_editmetadata')</para>
            </description>
          </subStep>
          <subStep>
            <description>
              <para>11/07/2013: manually edited data set metadata ('ui_editmetadata')</para>
            </description>
          </subStep>
          <subStep>
            <description>
              <para>11/07/2013: manually edited data set metadata ('ui_editmetadata')</para>
            </description>
          </subStep>
          <subStep>
            <description>
              <para>11/07/2013: manually edited data set metadata ('ui_editmetadata')</para>
            </description>
          </subStep>
          <subStep>
            <description>
              <para>11/07/2013: manually edited data set metadata ('ui_editmetadata')</para>
            </description>
          </subStep>
          <subStep>
            <description>
              <para>11/07/2013: Description of column Gradient edited; Name of column Reach_shaded_understory_percent changed to Reach_shaded_understory_perc; Name of column Reach_shaded_overstory_percent changed to Reach_shaded_overstory_perc; Name of column Percent_mineral_substrate_rockface changed to Perc_mineral_substrate_rockface; Name of column Percent_mineral_substrate_wood changed to Percent_mineral_substr_wood; Name of column Woody_debris_dams_less_than_50_percent changed to Woody_debris_dams_less_50_perc; Name of column Woody_debris_dams_more_than_50_percent changed to Woody_debris_dams_more_50_perc;Units of column Gradient changed from 'm/m' to 'none'; Units of column Percent_gravel_sand_silt changed from '' to '%'; Units of column Woody_debris_dams_less_50_perc changed from 'Count' to 'count'; Units of column Woody_debris_dams_more_50_perc changed from 'Count' to 'count';Data Type of column Distance changed from 'd' to 'f'; Data Type of column Bankfull_width changed from 'd' to 'f'; Data Type of column Reach_shaded_overstory_perc changed from 'd' to 'f'; Data Type of column Perc_mineral_substrate_rockface changed from 'd' to 'f';Variable Type of column Reach_shaded_understory_perc changed from 'data' to 'calculation'; Variable Type of column Reach_shaded_overstory_perc changed from 'data' to 'calculation'; Variable Type of column Perc_mineral_substrate_rockface changed from 'data' to 'calculation'; Variable Type of column Percent_boulder changed from 'data' to 'calculation'; Variable Type of column Percent_cobble changed from 'data' to 'calculation'; Variable Type of column Percent_gravel_sand_silt changed from 'data' to 'calculation'; Variable Type of column Percent_mineral_substr_wood changed from 'data' to 'calculation';Numeric Type of column Distance changed from 'discrete' to 'continuous'; Numeric Type of column Bankfull_width changed from 'discrete' to 'continuous'; Numeric Type of column Reach_shaded_overstory_perc changed from 'discrete' to 'continuous'; Numeric Type of column Perc_mineral_substrate_rockface changed from 'discrete' to 'continuous ('ui_editor')</para>
            </description>
          </subStep>
          <subStep>
            <description>
              <para>11/07/2013: Description of column Gradient edited; Name of column Reach_shaded_understory_percent changed to Reach_shaded_understory_perc; Name of column Reach_shaded_overstory_percent changed to Reach_shaded_overstory_perc; Name of column Percent_mineral_substrate_rockface changed to Perc_mineral_substrate_rockface; Name of column Percent_mineral_substrate_wood changed to Percent_mineral_substr_wood; Name of column Woody_debris_dams_less_than_50_percent changed to Woody_debris_dams_less_50_perc; Name of column Woody_debris_dams_more_than_50_percent changed to Woody_debris_dams_more_50_perc;Units of column Gradient changed from 'm/m' to 'none'; Units of column Percent_gravel_sand_silt changed from '' to '%'; Units of column Woody_debris_dams_less_50_perc changed from 'Count' to 'count'; Units of column Woody_debris_dams_more_50_perc changed from 'Count' to 'count';Data Type of column Distance changed from 'd' to 'f'; Data Type of column Bankfull_width changed from 'd' to 'f'; Data Type of column Reach_shaded_overstory_perc changed from 'd' to 'f'; Data Type of column Perc_mineral_substrate_rockface changed from 'd' to 'f';Variable Type of column Reach_shaded_understory_perc changed from 'data' to 'calculation'; Variable Type of column Reach_shaded_overstory_perc changed from 'data' to 'calculation'; Variable Type of column Perc_mineral_substrate_rockface changed from 'data' to 'calculation'; Variable Type of column Percent_boulder changed from 'data' to 'calculation'; Variable Type of column Percent_cobble changed from 'data' to 'calculation'; Variable Type of column Percent_gravel_sand_silt changed from 'data' to 'calculation'; Variable Type of column Percent_mineral_substr_wood changed from 'data' to 'calculation';Numeric Type of column Distance changed from 'discrete' to 'continuous'; Numeric Type of column Bankfull_width changed from 'discrete' to 'continuous'; Numeric Type of column Reach_shaded_overstory_perc changed from 'discrete' to 'continuous'; Numeric Type of column Perc_mineral_substrate_rockface changed from 'discrete' to 'continuous ('ui_editor')</para>
            </description>
          </subStep>
          <subStep>
            <description>
              <para>11/07/2013: Description of column Gradient edited; Name of column Reach_shaded_understory_percent changed to Reach_shaded_understory_perc; Name of column Reach_shaded_overstory_percent changed to Reach_shaded_overstory_perc; Name of column Percent_mineral_substrate_rockface changed to Perc_mineral_substrate_rockface; Name of column Percent_mineral_substrate_wood changed to Percent_mineral_substr_wood; Name of column Woody_debris_dams_less_than_50_percent changed to Woody_debris_dams_less_50_perc; Name of column Woody_debris_dams_more_than_50_percent changed to Woody_debris_dams_more_50_perc;Units of column Gradient changed from 'm/m' to 'none'; Units of column Percent_gravel_sand_silt changed from '' to '%'; Units of column Woody_debris_dams_less_50_perc changed from 'Count' to 'count'; Units of column Woody_debris_dams_more_50_perc changed from 'Count' to 'count';Data Type of column Distance changed from 'd' to 'f'; Data Type of column Bankfull_width changed from 'd' to 'f'; Data Type of column Reach_shaded_overstory_perc changed from 'd' to 'f'; Data Type of column Perc_mineral_substrate_rockface changed from 'd' to 'f';Variable Type of column Reach_shaded_understory_perc changed from 'data' to 'calculation'; Variable Type of column Reach_shaded_overstory_perc changed from 'data' to 'calculation'; Variable Type of column Perc_mineral_substrate_rockface changed from 'data' to 'calculation'; Variable Type of column Percent_boulder changed from 'data' to 'calculation'; Variable Type of column Percent_cobble changed from 'data' to 'calculation'; Variable Type of column Percent_gravel_sand_silt changed from 'data' to 'calculation'; Variable Type of column Percent_mineral_substr_wood changed from 'data' to 'calculation';Numeric Type of column Distance changed from 'discrete' to 'continuous'; Numeric Type of column Bankfull_width changed from 'discrete' to 'continuous'; Numeric Type of column Reach_shaded_overstory_perc changed from 'discrete' to 'continuous'; Numeric Type of column Perc_mineral_substrate_rockface changed from 'discrete' to 'continuous ('ui_editor')</para>
            </description>
          </subStep>
          <subStep>
            <description>
              <para>11/07/2013: Description of column Gradient edited; Name of column Reach_shaded_understory_percent changed to Reach_shaded_understory_perc; Name of column Reach_shaded_overstory_percent changed to Reach_shaded_overstory_perc; Name of column Percent_mineral_substrate_rockface changed to Perc_mineral_substrate_rockface; Name of column Percent_mineral_substrate_wood changed to Percent_mineral_substr_wood; Name of column Woody_debris_dams_less_than_50_percent changed to Woody_debris_dams_less_50_perc; Name of column Woody_debris_dams_more_than_50_percent changed to Woody_debris_dams_more_50_perc;Units of column Gradient changed from 'm/m' to 'none'; Units of column Percent_gravel_sand_silt changed from '' to '%'; Units of column Woody_debris_dams_less_50_perc changed from 'Count' to 'count'; Units of column Woody_debris_dams_more_50_perc changed from 'Count' to 'count';Data Type of column Distance changed from 'd' to 'f'; Data Type of column Bankfull_width changed from 'd' to 'f'; Data Type of column Reach_shaded_overstory_perc changed from 'd' to 'f'; Data Type of column Perc_mineral_substrate_rockface changed from 'd' to 'f';Variable Type of column Reach_shaded_understory_perc changed from 'data' to 'calculation'; Variable Type of column Reach_shaded_overstory_perc changed from 'data' to 'calculation'; Variable Type of column Perc_mineral_substrate_rockface changed from 'data' to 'calculation'; Variable Type of column Percent_boulder changed from 'data' to 'calculation'; Variable Type of column Percent_cobble changed from 'data' to 'calculation'; Variable Type of column Percent_gravel_sand_silt changed from 'data' to 'calculation'; Variable Type of column Percent_mineral_substr_wood changed from 'data' to 'calculation';Numeric Type of column Distance changed from 'discrete' to 'continuous'; Numeric Type of column Bankfull_width changed from 'discrete' to 'continuous'; Numeric Type of column Reach_shaded_overstory_perc changed from 'discrete' to 'continuous'; Numeric Type of column Perc_mineral_substrate_rockface changed from 'discrete' to 'continuous ('ui_editor')</para>
            </description>
          </subStep>
          <subStep>
            <description>
              <para>11/07/2013: Description of column Gradient edited; Name of column Reach_shaded_understory_percent changed to Reach_shaded_understory_perc; Name of column Reach_shaded_overstory_percent changed to Reach_shaded_overstory_perc; Name of column Percent_mineral_substrate_rockface changed to Perc_mineral_substrate_rockface; Name of column Percent_mineral_substrate_wood changed to Percent_mineral_substr_wood; Name of column Woody_debris_dams_less_than_50_percent changed to Woody_debris_dams_less_50_perc; Name of column Woody_debris_dams_more_than_50_percent changed to Woody_debris_dams_more_50_perc;Units of column Gradient changed from 'm/m' to 'none'; Units of column Percent_gravel_sand_silt changed from '' to '%'; Units of column Woody_debris_dams_less_50_perc changed from 'Count' to 'count'; Units of column Woody_debris_dams_more_50_perc changed from 'Count' to 'count';Data Type of column Distance changed from 'd' to 'f'; Data Type of column Bankfull_width changed from 'd' to 'f'; Data Type of column Reach_shaded_overstory_perc changed from 'd' to 'f'; Data Type of column Perc_mineral_substrate_rockface changed from 'd' to 'f';Variable Type of column Reach_shaded_understory_perc changed from 'data' to 'calculation'; Variable Type of column Reach_shaded_overstory_perc changed from 'data' to 'calculation'; Variable Type of column Perc_mineral_substrate_rockface changed from 'data' to 'calculation'; Variable Type of column Percent_boulder changed from 'data' to 'calculation'; Variable Type of column Percent_cobble changed from 'data' to 'calculation'; Variable Type of column Percent_gravel_sand_silt changed from 'data' to 'calculation'; Variable Type of column Percent_mineral_substr_wood changed from 'data' to 'calculation';Numeric Type of column Distance changed from 'discrete' to 'continuous'; Numeric Type of column Bankfull_width changed from 'discrete' to 'continuous'; Numeric Type of column Reach_shaded_overstory_perc changed from 'discrete' to 'continuous'; Numeric Type of column Perc_mineral_substrate_rockface changed from 'discrete' to 'continuous ('ui_editor')</para>
            </description>
          </subStep>
          <subStep>
            <description>
              <para>11/07/2013: updated 4 metadata fields ('addmeta')</para>
            </description>
          </subStep>
          <subStep>
            <description>
              <para>11/07/2013: updated 4 metadata fields ('addmeta')</para>
            </description>
          </subStep>
          <subStep>
            <description>
              <para>11/07/2013: updated 4 metadata fields ('addmeta')</para>
            </description>
          </subStep>
          <subStep>
            <description>
              <para>11/07/2013: updated 4 metadata fields ('addmeta')</para>
            </description>
          </subStep>
          <subStep>
            <description>
              <para>11/07/2013: updated 4 metadata fields ('addmeta')</para>
            </description>
          </subStep>
          <subStep>
            <description>
              <para>11/07/2013: updated 15 metadata fields in the Status, Data sections to reflect attribute metadata ('updatecols')</para>
            </description>
          </subStep>
          <subStep>
            <description>
              <para>11/07/2013: updated 15 metadata fields in the Status, Data sections to reflect attribute metadata ('updatecols')</para>
            </description>
          </subStep>
          <subStep>
            <description>
              <para>11/07/2013: updated 15 metadata fields in the Status, Data sections to reflect attribute metadata ('updatecols')</para>
            </description>
          </subStep>
          <subStep>
            <description>
              <para>11/07/2013: updated 15 metadata fields in the Status, Data sections to reflect attribute metadata ('updatecols')</para>
            </description>
          </subStep>
          <subStep>
            <description>
              <para>11/07/2013: updated 15 metadata fields in the Status, Data sections to reflect attribute metadata ('updatecols')</para>
            </description>
          </subStep>
        </methodStep>
        <qualityControl>
          <description>
            <para>Quality control analysis was performed using the GCE Data Toolbox for MATLAB software. Column data types are validated upon importing the table into MATLAB, and qualifier flags are automatically generated for data values based on QA/QC criteria for each data column pre-defined in metadata templates (e.g. value range checks, sanity checks, pattern checks). Qualifier flags are also assigned to values that are imputed or derived, revised, or otherwise differ from values in the original data submission. A column of coded qualifier flags is generated and included in the data table if flags are assigned to any value in a data column.</para>
          </description>
        </qualityControl>
      </methods>
      <attributeList>
        <attribute id="att.1">
          <attributeName>Distance</attributeName>
          <attributeDefinition>Distance upstream from laboratory boundary. Measured with a tape. It can be converted to distance from headwaters by subtracting from 5550. Distance from headwaters is what is marked along the stream. </attributeDefinition>
          <storageType>float</storageType>
          <measurementScale>
            <ratio>
              <unit>
                <standardUnit>meter</standardUnit>
              </unit>
              <precision>1</precision>
              <numericDomain>
                <numberType>real</numberType>
              </numericDomain>
            </ratio>
          </measurementScale>
          <missingValueCode>
            <code>NaN</code>
            <codeExplanation>value not recorded or invalid</codeExplanation>
          </missingValueCode>
        </attribute>
        <attribute id="att.2">
          <attributeName>Elevation</attributeName>
          <attributeDefinition>Measurements were made every 50m (or less often downstream) and calibrated to known elevations from the Coweeta topographic map (weirs, roads). Measurements were made with the Forest Service altimeter. Elevations between measurements were calculated by interpolation. </attributeDefinition>
          <storageType>float</storageType>
          <measurementScale>
            <ratio>
              <unit>
                <standardUnit>meter</standardUnit>
              </unit>
              <precision>0.01</precision>
              <numericDomain>
                <numberType>real</numberType>
              </numericDomain>
            </ratio>
          </measurementScale>
          <missingValueCode>
            <code>NaN</code>
            <codeExplanation>value not recorded or invalid</codeExplanation>
          </missingValueCode>
        </attribute>
        <attribute id="att.3">
          <attributeName>Gradient</attributeName>
          <attributeDefinition>Calculated from elevation 20 m above and 20 m below each site (m/m).</attributeDefinition>
          <storageType>float</storageType>
          <measurementScale>
            <ratio>
              <unit>
                <standardUnit>dimensionless</standardUnit>
              </unit>
              <precision>0.000001</precision>
              <numericDomain>
                <numberType>real</numberType>
              </numericDomain>
            </ratio>
          </measurementScale>
          <missingValueCode>
            <code>NaN</code>
            <codeExplanation>value not recorded or invalid</codeExplanation>
          </missingValueCode>
        </attribute>
        <attribute id="att.4">
          <attributeName>Bankfull_width</attributeName>
          <attributeDefinition>Bankfull width. Measured with a tape. </attributeDefinition>
          <storageType>float</storageType>
          <measurementScale>
            <ratio>
              <unit>
                <standardUnit>centimeter</standardUnit>
              </unit>
              <precision>1</precision>
              <numericDomain>
                <numberType>real</numberType>
              </numericDomain>
            </ratio>
          </measurementScale>
          <missingValueCode>
            <code>NaN</code>
            <codeExplanation>value not recorded or invalid</codeExplanation>
          </missingValueCode>
        </attribute>
        <attribute id="att.5">
          <attributeName>Reach_shaded_understory_perc</attributeName>
          <attributeDefinition>Percent of 10m reach shaded by understory vegetation. </attributeDefinition>
          <storageType>float</storageType>
          <measurementScale>
            <interval>
              <unit>
                <customUnit>percentabbr.</customUnit>
              </unit>
              <precision>0.000001</precision>
              <numericDomain>
                <numberType>real</numberType>
              </numericDomain>
            </interval>
          </measurementScale>
          <missingValueCode>
            <code>NaN</code>
            <codeExplanation>value not recorded or invalid</codeExplanation>
          </missingValueCode>
        </attribute>
        <attribute id="att.6">
          <attributeName>Reach_shaded_overstory_perc</attributeName>
          <attributeDefinition>Percent of 10m reach shaded by overstory vegetation. </attributeDefinition>
          <storageType>float</storageType>
          <measurementScale>
            <interval>
              <unit>
                <customUnit>percentabbr.</customUnit>
              </unit>
              <precision>1</precision>
              <numericDomain>
                <numberType>real</numberType>
              </numericDomain>
            </interval>
          </measurementScale>
          <missingValueCode>
            <code>NaN</code>
            <codeExplanation>value not recorded or invalid</codeExplanation>
          </missingValueCode>
        </attribute>
        <attribute id="att.7">
          <attributeName>Perc_mineral_substrate_rockface</attributeName>
          <attributeDefinition>Percent of mineral substrate made up by rockface. </attributeDefinition>
          <storageType>float</storageType>
          <measurementScale>
            <interval>
              <unit>
                <customUnit>percentabbr.</customUnit>
              </unit>
              <precision>1</precision>
              <numericDomain>
                <numberType>real</numberType>
              </numericDomain>
            </interval>
          </measurementScale>
          <missingValueCode>
            <code>NaN</code>
            <codeExplanation>value not recorded or invalid</codeExplanation>
          </missingValueCode>
        </attribute>
        <attribute id="att.8">
          <attributeName>Percent_boulder</attributeName>
          <attributeDefinition>Percent of mineral substrate made up by boulder. </attributeDefinition>
          <storageType>float</storageType>
          <measurementScale>
            <interval>
              <unit>
                <customUnit>percentabbr.</customUnit>
              </unit>
              <precision>0.000001</precision>
              <numericDomain>
                <numberType>real</numberType>
              </numericDomain>
            </interval>
          </measurementScale>
          <missingValueCode>
            <code>NaN</code>
            <codeExplanation>value not recorded or invalid</codeExplanation>
          </missingValueCode>
        </attribute>
        <attribute id="att.9">
          <attributeName>Percent_cobble</attributeName>
          <attributeDefinition>Percent of mineral substrate made up by cobble. </attributeDefinition>
          <storageType>float</storageType>
          <measurementScale>
            <interval>
              <unit>
                <customUnit>percentabbr.</customUnit>
              </unit>
              <precision>0.000001</precision>
              <numericDomain>
                <numberType>real</numberType>
              </numericDomain>
            </interval>
          </measurementScale>
          <missingValueCode>
            <code>NaN</code>
            <codeExplanation>value not recorded or invalid</codeExplanation>
          </missingValueCode>
        </attribute>
        <attribute id="att.10">
          <attributeName>Percent_gravel_sand_silt</attributeName>
          <attributeDefinition>Percent of mineral substrate made up by gravel, sand, and silt. </attributeDefinition>
          <storageType>float</storageType>
          <measurementScale>
            <interval>
              <unit>
                <customUnit>percentabbr.</customUnit>
              </unit>
              <precision>0.000001</precision>
              <numericDomain>
                <numberType>real</numberType>
              </numericDomain>
            </interval>
          </measurementScale>
          <missingValueCode>
            <code>NaN</code>
            <codeExplanation>value not recorded or invalid</codeExplanation>
          </missingValueCode>
        </attribute>
        <attribute id="att.11">
          <attributeName>Percent_mineral_substr_wood</attributeName>
          <attributeDefinition>Percent of mineral substrate covered by wood. </attributeDefinition>
          <storageType>float</storageType>
          <measurementScale>
            <interval>
              <unit>
                <customUnit>percentabbr.</customUnit>
              </unit>
              <precision>0.000001</precision>
              <numericDomain>
                <numberType>real</numberType>
              </numericDomain>
            </interval>
          </measurementScale>
          <missingValueCode>
            <code>NaN</code>
            <codeExplanation>value not recorded or invalid</codeExplanation>
          </missingValueCode>
        </attribute>
        <attribute id="att.12">
          <attributeName>Woody_debris_dams_less_50_perc</attributeName>
          <attributeDefinition>Number of woody debris dams spanning less than 50% of the channel width. </attributeDefinition>
          <storageType>integer</storageType>
          <measurementScale>
            <ratio>
              <unit>
                <standardUnit>number</standardUnit>
              </unit>
              <precision>1</precision>
              <numericDomain>
                <numberType>whole</numberType>
              </numericDomain>
            </ratio>
          </measurementScale>
          <missingValueCode>
            <code>NaN</code>
            <codeExplanation>value not recorded or invalid</codeExplanation>
          </missingValueCode>
        </attribute>
        <attribute id="att.13">
          <attributeName>Woody_debris_dams_more_50_perc</attributeName>
          <attributeDefinition>Number of woody debris dams spanning more than 50% of the channel width. </attributeDefinition>
          <storageType>integer</storageType>
          <measurementScale>
            <ratio>
              <unit>
                <standardUnit>number</standardUnit>
              </unit>
              <precision>1</precision>
              <numericDomain>
                <numberType>whole</numberType>
              </numericDomain>
            </ratio>
          </measurementScale>
          <missingValueCode>
            <code>NaN</code>
            <codeExplanation>value not recorded or invalid</codeExplanation>
          </missingValueCode>
        </attribute>
        <attribute id="att.14">
          <attributeName>Mean_water_depth</attributeName>
          <attributeDefinition>Mean water depth. Average of 5 or more measurements made with a meter stick over the wetted width of the stream. </attributeDefinition>
          <storageType>float</storageType>
          <measurementScale>
            <ratio>
              <unit>
                <standardUnit>centimeter</standardUnit>
              </unit>
              <precision>0.0001</precision>
              <numericDomain>
                <numberType>real</numberType>
              </numericDomain>
            </ratio>
          </measurementScale>
          <missingValueCode>
            <code>NaN</code>
            <codeExplanation>value not recorded or invalid</codeExplanation>
          </missingValueCode>
        </attribute>
      </attributeList>
    </dataTable>
    <otherEntity id="3004.kml">
      <entityName>3004.kml</entityName>
      <entityDescription>Google Earth Keyhole Markup Language file describing the geographic locations sampled in data set knb-lter-cwt.3004.13</entityDescription>
      <physical>
        <objectName>3004.kml</objectName>
        <dataFormat>
          <externallyDefinedFormat>
            <formatName>application/vnd.google-earth.kml+xml</formatName>
          </externallyDefinedFormat>
        </dataFormat>
        <distribution>
          <online>
            <url function="download">https://pasta.lternet.edu/package/data/eml/knb-lter-cwt/3004/13/862c0ad7d798e783abecdefda9c1682a</url>
          </online>
          <access authSystem="https://pasta.lternet.edu/authentication"
            order="allowFirst" scope="document" system="https://pasta.lternet.edu">
            <allow>
              <principal>uid=CWT,o=lter,dc=ecoinformatics,dc=org</principal>
              <permission>all</permission>
            </allow>
            <allow>
              <principal>public</principal>
              <permission>read</permission>
            </allow>
          </access>
        </distribution>
      </physical>
      <entityType>KML</entityType>
    </otherEntity>
  </dataset>
  <additionalMetadata>
    <metadata>
      <stmml:unitList
        xmlns:stmml="http://www.xml-cml.org/schema/stmml-1.1" xsi:schemaLocation="http://www.xml-cml.org/schema/stmml-1.1 http://gce-lter.marsci.uga.edu/public/files/schemas/eml-210/stmml.xsd">
        <!--note that the unitTypes here are taken from the eml-unitDictionary.xml-->
        <stmml:unit abbreviation="%" id="percentabbr."
          multiplierToSI="1" name="percent" unitType="dimensionless">
          <stmml:description>ratio of two quantities as percent composition (1:100)</stmml:description>
        </stmml:unit>
      </stmml:unitList>
    </metadata>
  </additionalMetadata>
</eml:eml>
