<?xml version="1.0" encoding="UTF-8"?>
<eml:eml packageId="knb-lter-cwt.4036.13"
  system="https://pasta.lternet.edu"
  xmlns:ds="eml://ecoinformatics.org/dataset-2.1.0"
  xmlns:eml="eml://ecoinformatics.org/eml-2.1.1"
  xmlns:stmml="http://www.xml-cml.org/schema/stmml-1.1"
  xmlns:xsi="http://www.w3.org/2001/XMLSchema-instance" xsi:schemaLocation="eml://ecoinformatics.org/eml-2.1.0 http://gce-lter.marsci.uga.edu/public/files/schemas/eml-210/eml.xsd">
  <access authSystem="https://pasta.lternet.edu/authentication"
    order="allowFirst" scope="document" system="https://pasta.lternet.edu">
    <allow>
      <principal>uid=CWT,o=lter,dc=ecoinformatics,dc=org</principal>
      <permission>all</permission>
    </allow>
    <allow>
      <principal>public</principal>
      <permission>read</permission>
    </allow>
  </access>
  <dataset>
    <alternateIdentifier>knb-lter-cwt.4036.1.1</alternateIdentifier>
    <title>Post-burn study of woody plants at the Jacobs Branch West burn site, 1994</title>
    <creator id="CWT-LTER">
      <organizationName>Coweeta Long Term Ecological Research Program</organizationName>
      <address>
        <deliveryPoint>Daniel B. Warnell School of Forestry and Natural Resources</deliveryPoint>
        <deliveryPoint>University of Georgia</deliveryPoint>
        <city>Athens</city>
        <administrativeArea>Georgia</administrativeArea>
        <postalCode>30602</postalCode>
        <country>USA</country>
      </address>
      <electronicMailAddress>cwtim@uga.edu</electronicMailAddress>
      <onlineUrl>http://coweeta.uga.edu/</onlineUrl>
    </creator>
    <creator>
      <individualName>
        <salutation>Dr.</salutation>
        <givenName>Barton</givenName>
        <givenName>D.</givenName>
        <surName>Clinton</surName>
      </individualName>
      <organizationName>USDA Forest Service</organizationName>
      <address>
        <deliveryPoint>Coweeta Hydrologic Laboratory</deliveryPoint>
        <deliveryPoint>3160 Coweeta Lab Road</deliveryPoint>
        <city>Otto</city>
        <administrativeArea>NC</administrativeArea>
        <postalCode>28763</postalCode>
        <country>USA</country>
      </address>
      <electronicMailAddress>bclinton@fs.fed.us</electronicMailAddress>
      <onlineUrl>http://www.srs.fs.usda.gov/coweeta/staff/clinton/</onlineUrl>
    </creator>
    <metadataProvider>
      <references>CWT-LTER</references>
    </metadataProvider>
    <pubDate>2004</pubDate>
    <abstract>
      <para> 	Recent declines in the yellow pine component of pine-hardwood stands in the southern   Appalachian Mountains has prompted managers to increase the use of fire as a silviculture   tool. The fell and burn treatment is designed to remove competing vegetation (hardwoods and   mountain laurel [Kalmia latifolia]) to ensure successful establishment of planted eastern   white pine (Pinus strobus). Two years after burning, mountain laurel had accumulated more   biomass than any other species and accounted for 43% of total biomass in year 1 and 20% in   year 2. By year 4, mountain laurel ranked fifth (8.9% of total) in total biomass among   hardwood species behind Allegheny serviceberry (Amalanchier arborea, 14.3%), chestnut oak   (Quercus prinus, 13.7%), red maple (Acer rubrum, 12.4%), and scarlet oak (Q. coccinea,   9.3%). Across sites, woody species richness ranged from 19-24 in year 1 and 14-22 in year 4.   Species richness varied across sites and years, and there were substantial changes in the   distribution of biomass among species. The introduction of fire allowed the once dominant   pitch pine (P. rigida) to successfully reestablish.</para>
    </abstract>
    <keywordSet>
      <keyword keywordType="theme">basal stem diameter</keyword>
      <keyword keywordType="theme">Coweeta Hydrologic Laboratory</keyword>
      <keyword keywordType="theme">Coweeta LTER</keyword>
      <keyword keywordType="theme">CWT</keyword>
      <keyword keywordType="theme">ecosystem response</keyword>
      <keyword keywordType="theme">evergreen clumps</keyword>
      <keyword keywordType="theme">fell and burn</keyword>
      <keyword keywordType="theme">fire</keyword>
      <keyword keywordType="theme">forest structure and function</keyword>
      <keyword keywordType="theme">forest succession</keyword>
      <keyword keywordType="theme">Jacob’s Branch West</keyword>
      <keyword keywordType="theme">LTER</keyword>
      <keyword keywordType="theme">Man and Biosphere Program</keyword>
      <keyword keywordType="theme">North Carolina</keyword>
      <keyword keywordType="theme">Otto</keyword>
      <keyword keywordType="theme">pine restoration</keyword>
      <keyword keywordType="theme">prescribed burning</keyword>
      <keyword keywordType="theme">site preparation</keyword>
      <keyword keywordType="theme">Southern Appalachian Forest Ecosystems Project</keyword>
      <keyword keywordType="theme">southern Appalachians</keyword>
      <keyword keywordType="theme">stem origin</keyword>
      <keyword keywordType="theme">uneven sampling interval</keyword>
      <keyword keywordType="theme">US Forest Service-funded</keyword>
      <keyword keywordType="theme">USDA Forest Service</keyword>
      <keyword keywordType="theme">woody vegetation</keyword>
    </keywordSet>
    <keywordSet>
      <keyword keywordType="place">Coweeta Hydrologic Laboratory</keyword>
      <keyword keywordType="place">North Carolina</keyword>
      <keyword keywordType="place">USA</keyword>
      <keyword keywordType="theme">CWT</keyword>
      <keyword keywordType="theme">LTER</keyword>
      <keywordThesaurus>GCE-LTER Controlled Vocabulary</keywordThesaurus>
    </keywordSet>
    <keywordSet>
      <keyword keywordType="theme">burning</keyword>
      <keyword keywordType="theme">plant ecology</keyword>
      <keyword keywordType="theme">regeneration</keyword>
      <keyword keywordType="theme">restoration</keyword>
      <keyword keywordType="theme">silviculture</keyword>
      <keyword keywordType="theme">stems</keyword>
      <keywordThesaurus>LTER Controlled Vocabulary</keywordThesaurus>
    </keywordSet>
    <keywordSet>
      <keyword keywordType="theme">Disturbance Patterns</keyword>
      <keywordThesaurus>LTER Core Research Areas</keywordThesaurus>
    </keywordSet>
    <intellectualRights>
      <para>publicly available</para>
    </intellectualRights>
    <distribution>
      <online>
        <url function="information">http://coweeta.uga.edu/dbpublic/dataset_details.asp?accession=4036</url>
      </online>
    </distribution>
    <coverage>
      <geographicCoverage>
        <geographicDescription>Overall bounding box describing the geographic region within the Coweeta LTER study domain represented in data set 4036, based on the maximum geographic extents of all site polygons referenced in the data set</geographicDescription>
        <boundingCoordinates>
          <westBoundingCoordinate>-85.112290</westBoundingCoordinate>
          <eastBoundingCoordinate>-79.594315</eastBoundingCoordinate>
          <northBoundingCoordinate>37.659474</northBoundingCoordinate>
          <southBoundingCoordinate>34.049038</southBoundingCoordinate>
        </boundingCoordinates>
      </geographicCoverage>
      <temporalCoverage>
        <rangeOfDates>
          <beginDate>
            <calendarDate>1994-01-01</calendarDate>
          </beginDate>
          <endDate>
            <calendarDate>1994-12-30</calendarDate>
          </endDate>
        </rangeOfDates>
      </temporalCoverage>
    </coverage>
    <contact>
      <positionName>Information Manager</positionName>
      <organizationName>LTER Network Office</organizationName>
      <address>
        <deliveryPoint>UNM Biology Department, MSC03-2020</deliveryPoint>
        <deliveryPoint>1 University of New Mexico</deliveryPoint>
        <city>Albuquerque</city>
        <administrativeArea>NM</administrativeArea>
        <postalCode>87131-0001</postalCode>
        <country>USA</country>
      </address>
      <phone phonetype="voice">505 277-2535</phone>
      <phone phonetype="fax">505 277-2541</phone>
      <electronicMailAddress>tech-support@lternet.edu</electronicMailAddress>
      <onlineUrl>http://www.lternet.edu</onlineUrl>
    </contact>
    <contact>
      <positionName>Coweeta LTER Information Manager</positionName>
      <address>
        <deliveryPoint>Department of Anthropology</deliveryPoint>
        <deliveryPoint>University of Georgia</deliveryPoint>
        <city>Athens</city>
        <administrativeArea>Georgia</administrativeArea>
        <postalCode>30602-1619</postalCode>
        <country>USA</country>
      </address>
      <electronicMailAddress>cwtim@uga.edu</electronicMailAddress>
    </contact>
    <publisher>
      <references>CWT-LTER</references>
    </publisher>
    <methods>
      <methodStep>
        <description>
          <section>
            <title>Methods</title>
            <para>Woody plots were 3 meters by 3 meters each.</para>
          </section>
        </description>
      </methodStep>
      <sampling>
        <studyExtent>
          <coverage>
            <temporalCoverage>
              <rangeOfDates>
                <beginDate>
                  <calendarDate>1994-01-01</calendarDate>
                </beginDate>
                <endDate>
                  <calendarDate>1994-12-30</calendarDate>
                </endDate>
              </rangeOfDates>
            </temporalCoverage>
          </coverage>
          <coverage>
            <geographicCoverage>
              <geographicDescription>CWT Study Site SOUTHERNAP -- Southern Appalachia, Parts of Georgia, North Carolina, South Carolina, Tennessee, and Virginia.  The Coweeta LTER Regional Study Area, as described by the perimeter cirumscribing the 73 counties that intersect zones 57 and 58 and of the NLCD terrain classification for the continental United States.</geographicDescription>
              <boundingCoordinates>
                <westBoundingCoordinate>-85.112290</westBoundingCoordinate>
                <eastBoundingCoordinate>-79.594315</eastBoundingCoordinate>
                <northBoundingCoordinate>37.659474</northBoundingCoordinate>
                <southBoundingCoordinate>34.049038</southBoundingCoordinate>
              </boundingCoordinates>
            </geographicCoverage>
          </coverage>
        </studyExtent>
        <samplingDescription>
          <section>
            <title>Post-burn study of woody plants</title>
            <para>Treatments were imposed on three sites that were paired with control watersheds in the Nantahala National Forest of western North Carolina. Treated watersheds averaged about 4 ha and adjacent controls, about 1 ha. Two sites, denoted as Jacob East (JE) and Jacob West (JW), were within 200 m of each other. The Devil Den (DD) site was located approximately 20 km from the JE and JW sites. All three watersheds were burned in September 1990 with fires of high intensity and low severity (Ottmar and Vihnanek 1991).</para>
            <para>not specified</para>
          </section>
        </samplingDescription>
        <spatialSamplingUnits>
          <referencedEntityId>4036.kml</referencedEntityId>
        </spatialSamplingUnits>
      </sampling>
    </methods>
    <project>
      <title>Coweeta LTER Program V</title>
      <personnel>
        <individualName>
          <givenName>Ted</givenName>
          <givenName>L</givenName>
          <surName>Gragson</surName>
        </individualName>
        <role>principalInvestigator</role>
      </personnel>
      <personnel>
        <individualName>
          <givenName>James</givenName>
          <surName>Vose</surName>
        </individualName>
        <role>principalInvestigator</role>
      </personnel>
      <personnel>
        <individualName>
          <givenName>Brian</givenName>
          <surName>Kloeppel</surName>
        </individualName>
        <role>principalInvestigator</role>
      </personnel>
      <personnel>
        <individualName>
          <givenName>James</givenName>
          <givenName>Barrie</givenName>
          <surName>Collins</surName>
        </individualName>
        <role>informationManager</role>
      </personnel>
      <abstract>
        <para>The Coweeta LTER Research Program has evolved since 1980 from a site-based to a site- and region-based project examining the effects of disturbance and environmental gradients on biogeochemical cycling, and the underlying watershed ecosystem processes that regulate and respond to those cycles. The current interdisciplinary research integrates ecological and socioeconomic components across 54,000 km2 of the southern Appalachian Mountains, a biogeophysical and socioeconomic region in which evolutionary and historical processes converge (Whittaker 1956, Markusen 1987, Barnes 1991, Kretzschmar et al. 1993, Bailey 1996). Our research objective in 2002-2008 is to advance scientific understanding of the spatial, temporal, and decision-making components of land use and land-use change in the southern Appalachian Mountains over the last 200 years, and forecast patterns into the future 30 years. Our guiding hypothesis is that the frequency, intensity, and extent of land use represents human decision-making in response to socioeconomic and biogeophysical conditions with consequences that cascade through ecosystems.</para>
      </abstract>
      <funding>
        <para>This material is based upon work supported by the National Science Foundation under grant number OCE-9982133. Any opinions, findings, conclusions, or recommendations expressed in the material are those of the author(s) and do not necessarily reflect the views of the National Science Foundation.</para>
      </funding>
    </project>
    <dataTable>
      <entityName>4036</entityName>
      <entityDescription>Main data table for data set 4036</entityDescription>
      <physical>
        <objectName>4036_1_0.TXT</objectName>
        <size unit="rows"/>
        <characterEncoding>ASCII</characterEncoding>
        <dataFormat>
          <textFormat>
            <numHeaderLines>1</numHeaderLines>
            <numFooterLines>0</numFooterLines>
            <recordDelimiter>\r\n</recordDelimiter>
            <numPhysicalLinesPerRecord>1</numPhysicalLinesPerRecord>
            <attributeOrientation>column</attributeOrientation>
            <simpleDelimited>
              <fieldDelimiter>\t</fieldDelimiter>
            </simpleDelimited>
          </textFormat>
        </dataFormat>
        <distribution>
          <online>
            <url function="download">https://pasta.lternet.edu/package/data/eml/knb-lter-cwt/4036/13/5b5e6cc50cefa5e9f1f5ca272b136475</url>
          </online>
          <access authSystem="https://pasta.lternet.edu/authentication"
            order="allowFirst" scope="document" system="https://pasta.lternet.edu">
            <allow>
              <principal>uid=CWT,o=lter,dc=ecoinformatics,dc=org</principal>
              <permission>all</permission>
            </allow>
            <allow>
              <principal>public</principal>
              <permission>read</permission>
            </allow>
          </access>
        </distribution>
      </physical>
      <methods>
        <methodStep>
          <description>
            <para>Data file post-processing in the CWT-LTER Information Management Office</para>
          </description>
          <subStep>
            <description>
              <para>09/24/2013: new GCE Data Structure 1.1 created ('newstruct')</para>
            </description>
          </subStep>
          <subStep>
            <description>
              <para>09/24/2013: new GCE Data Structure 1.1 created ('newstruct')</para>
            </description>
          </subStep>
          <subStep>
            <description>
              <para>09/24/2013: new GCE Data Structure 1.1 created ('newstruct')</para>
            </description>
          </subStep>
          <subStep>
            <description>
              <para>09/24/2013: new GCE Data Structure 1.1 created ('newstruct')</para>
            </description>
          </subStep>
          <subStep>
            <description>
              <para>09/24/2013: new GCE Data Structure 1.1 created ('newstruct')</para>
            </description>
          </subStep>
          <subStep>
            <description>
              <para>09/24/2013: 830 rows imported from ASCII data file '4036.csv' ('imp_ascii')</para>
            </description>
          </subStep>
          <subStep>
            <description>
              <para>09/24/2013: 830 rows imported from ASCII data file '4036.csv' ('imp_ascii')</para>
            </description>
          </subStep>
          <subStep>
            <description>
              <para>09/24/2013: 830 rows imported from ASCII data file '4036.csv' ('imp_ascii')</para>
            </description>
          </subStep>
          <subStep>
            <description>
              <para>09/24/2013: 830 rows imported from ASCII data file '4036.csv' ('imp_ascii')</para>
            </description>
          </subStep>
          <subStep>
            <description>
              <para>09/24/2013: 830 rows imported from ASCII data file '4036.csv' ('imp_ascii')</para>
            </description>
          </subStep>
          <subStep>
            <description>
              <para>09/24/2013: automatically assigned numerical types and precisions for columns bdiameter and eclumpht; assigned data type of column eclumpht to 'd' (integer); assigned data type of column bdiameter to 'f' (floating-point) ('assign_numtype')</para>
            </description>
          </subStep>
          <subStep>
            <description>
              <para>09/24/2013: automatically assigned numerical types and precisions for columns bdiameter and eclumpht; assigned data type of column eclumpht to 'd' (integer); assigned data type of column bdiameter to 'f' (floating-point) ('assign_numtype')</para>
            </description>
          </subStep>
          <subStep>
            <description>
              <para>09/24/2013: automatically assigned numerical types and precisions for columns bdiameter and eclumpht; assigned data type of column eclumpht to 'd' (integer); assigned data type of column bdiameter to 'f' (floating-point) ('assign_numtype')</para>
            </description>
          </subStep>
          <subStep>
            <description>
              <para>09/24/2013: automatically assigned numerical types and precisions for columns bdiameter and eclumpht; assigned data type of column eclumpht to 'd' (integer); assigned data type of column bdiameter to 'f' (floating-point) ('assign_numtype')</para>
            </description>
          </subStep>
          <subStep>
            <description>
              <para>09/24/2013: automatically assigned numerical types and precisions for columns bdiameter and eclumpht; assigned data type of column eclumpht to 'd' (integer); assigned data type of column bdiameter to 'f' (floating-point) ('assign_numtype')</para>
            </description>
          </subStep>
          <subStep>
            <description>
              <para>09/24/2013: data structure validated ('gce_valid')</para>
            </description>
          </subStep>
          <subStep>
            <description>
              <para>09/24/2013: data structure validated ('gce_valid')</para>
            </description>
          </subStep>
          <subStep>
            <description>
              <para>09/24/2013: data structure validated ('gce_valid')</para>
            </description>
          </subStep>
          <subStep>
            <description>
              <para>09/24/2013: data structure validated ('gce_valid')</para>
            </description>
          </subStep>
          <subStep>
            <description>
              <para>09/24/2013: data structure validated ('gce_valid')</para>
            </description>
          </subStep>
          <subStep>
            <description>
              <para>09/24/2013: updated title ('newtitle')</para>
            </description>
          </subStep>
          <subStep>
            <description>
              <para>09/24/2013: updated title ('newtitle')</para>
            </description>
          </subStep>
          <subStep>
            <description>
              <para>09/24/2013: updated title ('newtitle')</para>
            </description>
          </subStep>
          <subStep>
            <description>
              <para>09/24/2013: updated title ('newtitle')</para>
            </description>
          </subStep>
          <subStep>
            <description>
              <para>09/24/2013: updated title ('newtitle')</para>
            </description>
          </subStep>
          <subStep>
            <description>
              <para>09/24/2013: updated 1 metadata fields in the Dataset sections ('addmeta')</para>
            </description>
          </subStep>
          <subStep>
            <description>
              <para>09/24/2013: updated 1 metadata fields in the Dataset sections ('addmeta')</para>
            </description>
          </subStep>
          <subStep>
            <description>
              <para>09/24/2013: updated 1 metadata fields in the Dataset sections ('addmeta')</para>
            </description>
          </subStep>
          <subStep>
            <description>
              <para>09/24/2013: updated 1 metadata fields in the Dataset sections ('addmeta')</para>
            </description>
          </subStep>
          <subStep>
            <description>
              <para>09/24/2013: updated 1 metadata fields in the Dataset sections ('addmeta')</para>
            </description>
          </subStep>
          <subStep>
            <description>
              <para>09/24/2013: manually edited data set metadata ('ui_editmetadata')</para>
            </description>
          </subStep>
          <subStep>
            <description>
              <para>09/24/2013: manually edited data set metadata ('ui_editmetadata')</para>
            </description>
          </subStep>
          <subStep>
            <description>
              <para>09/24/2013: manually edited data set metadata ('ui_editmetadata')</para>
            </description>
          </subStep>
          <subStep>
            <description>
              <para>09/24/2013: manually edited data set metadata ('ui_editmetadata')</para>
            </description>
          </subStep>
          <subStep>
            <description>
              <para>09/24/2013: manually edited data set metadata ('ui_editmetadata')</para>
            </description>
          </subStep>
          <subStep>
            <description>
              <para>09/24/2013: Descriptions of columns year, site, plot, subplot, species, bdiameter, eclumplth, eclumpwth, eclumpht and stem_origin edited; Name of column year changed to Year; Name of column site changed to Site; Name of column plot changed to Plot; Name of column subplot changed to Subplot; Name of column species changed to Species; Name of column bdiameter changed to Basal_diameter_woody_plants; Name of column eclumplth changed to Evergreen_clump_length; Name of column eclumpwth changed to Evergreen_clump_width; Name of column eclumpht changed to Evergreen_clump_height; Name of column stem_origin changed to Stem_origin;Units of column Year changed from '' to 'YY'; Units of column Basal_diameter_woody_plants changed from '' to 'cm'; Units of column Evergreen_clump_length changed from '' to 'cm'; Units of column Evergreen_clump_width changed from '' to 'cm'; Units of column Evergreen_clump_height changed from '' to 'cm';Variable Type of column Year changed from 'data' to 'datetime'; Variable Type of column Site changed from 'data' to 'code'; Variable Type of column Plot changed from 'data' to 'nominal'; Variable Type of column Subplot changed from 'data' to 'nominal'; Variable Type of column Species changed from 'data' to 'code'; Variable Type of column Stem_origin changed from 'data' to 'code ('ui_editor')</para>
            </description>
          </subStep>
          <subStep>
            <description>
              <para>09/24/2013: Descriptions of columns year, site, plot, subplot, species, bdiameter, eclumplth, eclumpwth, eclumpht and stem_origin edited; Name of column year changed to Year; Name of column site changed to Site; Name of column plot changed to Plot; Name of column subplot changed to Subplot; Name of column species changed to Species; Name of column bdiameter changed to Basal_diameter_woody_plants; Name of column eclumplth changed to Evergreen_clump_length; Name of column eclumpwth changed to Evergreen_clump_width; Name of column eclumpht changed to Evergreen_clump_height; Name of column stem_origin changed to Stem_origin;Units of column Year changed from '' to 'YY'; Units of column Basal_diameter_woody_plants changed from '' to 'cm'; Units of column Evergreen_clump_length changed from '' to 'cm'; Units of column Evergreen_clump_width changed from '' to 'cm'; Units of column Evergreen_clump_height changed from '' to 'cm';Variable Type of column Year changed from 'data' to 'datetime'; Variable Type of column Site changed from 'data' to 'code'; Variable Type of column Plot changed from 'data' to 'nominal'; Variable Type of column Subplot changed from 'data' to 'nominal'; Variable Type of column Species changed from 'data' to 'code'; Variable Type of column Stem_origin changed from 'data' to 'code ('ui_editor')</para>
            </description>
          </subStep>
          <subStep>
            <description>
              <para>09/24/2013: Descriptions of columns year, site, plot, subplot, species, bdiameter, eclumplth, eclumpwth, eclumpht and stem_origin edited; Name of column year changed to Year; Name of column site changed to Site; Name of column plot changed to Plot; Name of column subplot changed to Subplot; Name of column species changed to Species; Name of column bdiameter changed to Basal_diameter_woody_plants; Name of column eclumplth changed to Evergreen_clump_length; Name of column eclumpwth changed to Evergreen_clump_width; Name of column eclumpht changed to Evergreen_clump_height; Name of column stem_origin changed to Stem_origin;Units of column Year changed from '' to 'YY'; Units of column Basal_diameter_woody_plants changed from '' to 'cm'; Units of column Evergreen_clump_length changed from '' to 'cm'; Units of column Evergreen_clump_width changed from '' to 'cm'; Units of column Evergreen_clump_height changed from '' to 'cm';Variable Type of column Year changed from 'data' to 'datetime'; Variable Type of column Site changed from 'data' to 'code'; Variable Type of column Plot changed from 'data' to 'nominal'; Variable Type of column Subplot changed from 'data' to 'nominal'; Variable Type of column Species changed from 'data' to 'code'; Variable Type of column Stem_origin changed from 'data' to 'code ('ui_editor')</para>
            </description>
          </subStep>
          <subStep>
            <description>
              <para>09/24/2013: Descriptions of columns year, site, plot, subplot, species, bdiameter, eclumplth, eclumpwth, eclumpht and stem_origin edited; Name of column year changed to Year; Name of column site changed to Site; Name of column plot changed to Plot; Name of column subplot changed to Subplot; Name of column species changed to Species; Name of column bdiameter changed to Basal_diameter_woody_plants; Name of column eclumplth changed to Evergreen_clump_length; Name of column eclumpwth changed to Evergreen_clump_width; Name of column eclumpht changed to Evergreen_clump_height; Name of column stem_origin changed to Stem_origin;Units of column Year changed from '' to 'YY'; Units of column Basal_diameter_woody_plants changed from '' to 'cm'; Units of column Evergreen_clump_length changed from '' to 'cm'; Units of column Evergreen_clump_width changed from '' to 'cm'; Units of column Evergreen_clump_height changed from '' to 'cm';Variable Type of column Year changed from 'data' to 'datetime'; Variable Type of column Site changed from 'data' to 'code'; Variable Type of column Plot changed from 'data' to 'nominal'; Variable Type of column Subplot changed from 'data' to 'nominal'; Variable Type of column Species changed from 'data' to 'code'; Variable Type of column Stem_origin changed from 'data' to 'code ('ui_editor')</para>
            </description>
          </subStep>
          <subStep>
            <description>
              <para>09/24/2013: Descriptions of columns year, site, plot, subplot, species, bdiameter, eclumplth, eclumpwth, eclumpht and stem_origin edited; Name of column year changed to Year; Name of column site changed to Site; Name of column plot changed to Plot; Name of column subplot changed to Subplot; Name of column species changed to Species; Name of column bdiameter changed to Basal_diameter_woody_plants; Name of column eclumplth changed to Evergreen_clump_length; Name of column eclumpwth changed to Evergreen_clump_width; Name of column eclumpht changed to Evergreen_clump_height; Name of column stem_origin changed to Stem_origin;Units of column Year changed from '' to 'YY'; Units of column Basal_diameter_woody_plants changed from '' to 'cm'; Units of column Evergreen_clump_length changed from '' to 'cm'; Units of column Evergreen_clump_width changed from '' to 'cm'; Units of column Evergreen_clump_height changed from '' to 'cm';Variable Type of column Year changed from 'data' to 'datetime'; Variable Type of column Site changed from 'data' to 'code'; Variable Type of column Plot changed from 'data' to 'nominal'; Variable Type of column Subplot changed from 'data' to 'nominal'; Variable Type of column Species changed from 'data' to 'code'; Variable Type of column Stem_origin changed from 'data' to 'code ('ui_editor')</para>
            </description>
          </subStep>
          <subStep>
            <description>
              <para>10/17/2013: manually edited data set metadata ('ui_editmetadata')</para>
            </description>
          </subStep>
          <subStep>
            <description>
              <para>10/17/2013: manually edited data set metadata ('ui_editmetadata')</para>
            </description>
          </subStep>
          <subStep>
            <description>
              <para>10/17/2013: manually edited data set metadata ('ui_editmetadata')</para>
            </description>
          </subStep>
          <subStep>
            <description>
              <para>10/17/2013: manually edited data set metadata ('ui_editmetadata')</para>
            </description>
          </subStep>
          <subStep>
            <description>
              <para>10/17/2013: manually edited data set metadata ('ui_editmetadata')</para>
            </description>
          </subStep>
          <subStep>
            <description>
              <para>10/17/2013: Descriptions of columns Site, Species and Stem_origin edited ('ui_editor')</para>
            </description>
          </subStep>
          <subStep>
            <description>
              <para>10/17/2013: Descriptions of columns Site, Species and Stem_origin edited ('ui_editor')</para>
            </description>
          </subStep>
          <subStep>
            <description>
              <para>10/17/2013: Descriptions of columns Site, Species and Stem_origin edited ('ui_editor')</para>
            </description>
          </subStep>
          <subStep>
            <description>
              <para>10/17/2013: Descriptions of columns Site, Species and Stem_origin edited ('ui_editor')</para>
            </description>
          </subStep>
          <subStep>
            <description>
              <para>10/17/2013: Descriptions of columns Site, Species and Stem_origin edited ('ui_editor')</para>
            </description>
          </subStep>
          <subStep>
            <description>
              <para>11/12/2013: converted units of 'Year' column from YY to YYYY ('unit_convert')</para>
            </description>
          </subStep>
          <subStep>
            <description>
              <para>11/12/2013: converted units of 'Year' column from YY to YYYY ('unit_convert')</para>
            </description>
          </subStep>
          <subStep>
            <description>
              <para>11/12/2013: converted units of 'Year' column from YY to YYYY ('unit_convert')</para>
            </description>
          </subStep>
          <subStep>
            <description>
              <para>11/12/2013: converted units of 'Year' column from YY to YYYY ('unit_convert')</para>
            </description>
          </subStep>
          <subStep>
            <description>
              <para>11/12/2013: converted units of 'Year' column from YY to YYYY ('unit_convert')</para>
            </description>
          </subStep>
          <subStep>
            <description>
              <para>11/12/2013: Q/C flagging criteria applied for column(s) Year, 'flags' field updated ('dataflag')</para>
            </description>
          </subStep>
          <subStep>
            <description>
              <para>11/12/2013: Q/C flagging criteria applied for column(s) Year, 'flags' field updated ('dataflag')</para>
            </description>
          </subStep>
          <subStep>
            <description>
              <para>11/12/2013: Q/C flagging criteria applied for column(s) Year, 'flags' field updated ('dataflag')</para>
            </description>
          </subStep>
          <subStep>
            <description>
              <para>11/12/2013: Q/C flagging criteria applied for column(s) Year, 'flags' field updated ('dataflag')</para>
            </description>
          </subStep>
          <subStep>
            <description>
              <para>11/12/2013: Q/C flagging criteria applied for column(s) Year, 'flags' field updated ('dataflag')</para>
            </description>
          </subStep>
          <subStep>
            <description>
              <para>11/12/2013: manually edited data set metadata ('ui_editmetadata')</para>
            </description>
          </subStep>
          <subStep>
            <description>
              <para>11/12/2013: manually edited data set metadata ('ui_editmetadata')</para>
            </description>
          </subStep>
          <subStep>
            <description>
              <para>11/12/2013: manually edited data set metadata ('ui_editmetadata')</para>
            </description>
          </subStep>
          <subStep>
            <description>
              <para>11/12/2013: manually edited data set metadata ('ui_editmetadata')</para>
            </description>
          </subStep>
          <subStep>
            <description>
              <para>11/12/2013: manually edited data set metadata ('ui_editmetadata')</para>
            </description>
          </subStep>
          <subStep>
            <description>
              <para>11/12/2013: Units of column Site changed from '' to 'none'; Units of column Plot changed from '' to 'none'; Units of column Subplot changed from '' to 'none'; Units of column Species changed from '' to 'none'; Units of column Stem_origin changed from '' to 'none';Data Type of column Evergreen_clump_length changed from 'd' to 'f'; Data Type of column Evergreen_clump_width changed from 'd' to 'f'; Data Type of column Evergreen_clump_height changed from 'd' to 'f';Numeric Type of column Evergreen_clump_length changed from 'discrete' to 'continuous'; Numeric Type of column Evergreen_clump_width changed from 'discrete' to 'continuous'; Numeric Type of column Evergreen_clump_height changed from 'discrete' to 'continuous ('ui_editor')</para>
            </description>
          </subStep>
          <subStep>
            <description>
              <para>11/12/2013: Units of column Site changed from '' to 'none'; Units of column Plot changed from '' to 'none'; Units of column Subplot changed from '' to 'none'; Units of column Species changed from '' to 'none'; Units of column Stem_origin changed from '' to 'none';Data Type of column Evergreen_clump_length changed from 'd' to 'f'; Data Type of column Evergreen_clump_width changed from 'd' to 'f'; Data Type of column Evergreen_clump_height changed from 'd' to 'f';Numeric Type of column Evergreen_clump_length changed from 'discrete' to 'continuous'; Numeric Type of column Evergreen_clump_width changed from 'discrete' to 'continuous'; Numeric Type of column Evergreen_clump_height changed from 'discrete' to 'continuous ('ui_editor')</para>
            </description>
          </subStep>
          <subStep>
            <description>
              <para>11/12/2013: Units of column Site changed from '' to 'none'; Units of column Plot changed from '' to 'none'; Units of column Subplot changed from '' to 'none'; Units of column Species changed from '' to 'none'; Units of column Stem_origin changed from '' to 'none';Data Type of column Evergreen_clump_length changed from 'd' to 'f'; Data Type of column Evergreen_clump_width changed from 'd' to 'f'; Data Type of column Evergreen_clump_height changed from 'd' to 'f';Numeric Type of column Evergreen_clump_length changed from 'discrete' to 'continuous'; Numeric Type of column Evergreen_clump_width changed from 'discrete' to 'continuous'; Numeric Type of column Evergreen_clump_height changed from 'discrete' to 'continuous ('ui_editor')</para>
            </description>
          </subStep>
          <subStep>
            <description>
              <para>11/12/2013: Units of column Site changed from '' to 'none'; Units of column Plot changed from '' to 'none'; Units of column Subplot changed from '' to 'none'; Units of column Species changed from '' to 'none'; Units of column Stem_origin changed from '' to 'none';Data Type of column Evergreen_clump_length changed from 'd' to 'f'; Data Type of column Evergreen_clump_width changed from 'd' to 'f'; Data Type of column Evergreen_clump_height changed from 'd' to 'f';Numeric Type of column Evergreen_clump_length changed from 'discrete' to 'continuous'; Numeric Type of column Evergreen_clump_width changed from 'discrete' to 'continuous'; Numeric Type of column Evergreen_clump_height changed from 'discrete' to 'continuous ('ui_editor')</para>
            </description>
          </subStep>
          <subStep>
            <description>
              <para>11/12/2013: Units of column Site changed from '' to 'none'; Units of column Plot changed from '' to 'none'; Units of column Subplot changed from '' to 'none'; Units of column Species changed from '' to 'none'; Units of column Stem_origin changed from '' to 'none';Data Type of column Evergreen_clump_length changed from 'd' to 'f'; Data Type of column Evergreen_clump_width changed from 'd' to 'f'; Data Type of column Evergreen_clump_height changed from 'd' to 'f';Numeric Type of column Evergreen_clump_length changed from 'discrete' to 'continuous'; Numeric Type of column Evergreen_clump_width changed from 'discrete' to 'continuous'; Numeric Type of column Evergreen_clump_height changed from 'discrete' to 'continuous ('ui_editor')</para>
            </description>
          </subStep>
          <subStep>
            <description>
              <para>11/12/2013: updated 4 metadata fields ('addmeta')</para>
            </description>
          </subStep>
          <subStep>
            <description>
              <para>11/12/2013: updated 4 metadata fields ('addmeta')</para>
            </description>
          </subStep>
          <subStep>
            <description>
              <para>11/12/2013: updated 4 metadata fields ('addmeta')</para>
            </description>
          </subStep>
          <subStep>
            <description>
              <para>11/12/2013: updated 4 metadata fields ('addmeta')</para>
            </description>
          </subStep>
          <subStep>
            <description>
              <para>11/12/2013: updated 4 metadata fields ('addmeta')</para>
            </description>
          </subStep>
          <subStep>
            <description>
              <para>11/12/2013: updated 15 metadata fields in the Status, Data sections to reflect attribute metadata ('updatecols')</para>
            </description>
          </subStep>
          <subStep>
            <description>
              <para>11/12/2013: updated 15 metadata fields in the Status, Data sections to reflect attribute metadata ('updatecols')</para>
            </description>
          </subStep>
          <subStep>
            <description>
              <para>11/12/2013: updated 15 metadata fields in the Status, Data sections to reflect attribute metadata ('updatecols')</para>
            </description>
          </subStep>
          <subStep>
            <description>
              <para>11/12/2013: updated 15 metadata fields in the Status, Data sections to reflect attribute metadata ('updatecols')</para>
            </description>
          </subStep>
          <subStep>
            <description>
              <para>11/12/2013: updated 15 metadata fields in the Status, Data sections to reflect attribute metadata ('updatecols')</para>
            </description>
          </subStep>
        </methodStep>
        <qualityControl>
          <description>
            <para>Quality control analysis was performed using the GCE Data Toolbox for MATLAB software. Column data types are validated upon importing the table into MATLAB, and qualifier flags are automatically generated for data values based on QA/QC criteria for each data column pre-defined in metadata templates (e.g. value range checks, sanity checks, pattern checks). Qualifier flags are also assigned to values that are imputed or derived, revised, or otherwise differ from values in the original data submission. A column of coded qualifier flags is generated and included in the data table if flags are assigned to any value in a data column.</para>
          </description>
        </qualityControl>
      </methods>
      <attributeList>
        <attribute id="att.1">
          <attributeName>Year</attributeName>
          <attributeDefinition>Sampling year</attributeDefinition>
          <storageType>integer</storageType>
          <measurementScale>
            <dateTime>
              <formatString>YYYY</formatString>
              <dateTimePrecision>1</dateTimePrecision>
              <dateTimeDomain/>
            </dateTime>
          </measurementScale>
          <missingValueCode>
            <code>NaN</code>
            <codeExplanation>value not recorded or invalid</codeExplanation>
          </missingValueCode>
          <methods>
            <methodStep>
              <description>
                <para>Calculations: Year(YYYY) = Year(YY) + 1900</para>
              </description>
            </methodStep>
          </methods>
        </attribute>
        <attribute id="att.2">
          <attributeName>Site</attributeName>
          <attributeDefinition>Coded variable for sampling site</attributeDefinition>
          <storageType>integer</storageType>
          <measurementScale>
            <ordinal>
              <nonNumericDomain>
                <enumeratedDomain>
                  <codeDefinition>
                    <code>2</code>
                    <definition>Jacob's Branch West</definition>
                  </codeDefinition>
                </enumeratedDomain>
              </nonNumericDomain>
            </ordinal>
          </measurementScale>
          <missingValueCode>
            <code>NaN</code>
            <codeExplanation>value not recorded or invalid</codeExplanation>
          </missingValueCode>
        </attribute>
        <attribute id="att.3">
          <attributeName>Plot</attributeName>
          <attributeDefinition>Plot number</attributeDefinition>
          <storageType>integer</storageType>
          <measurementScale>
            <nominal>
              <nonNumericDomain>
                <textDomain>
                  <definition>Plot number</definition>
                </textDomain>
              </nonNumericDomain>
            </nominal>
          </measurementScale>
          <missingValueCode>
            <code>NaN</code>
            <codeExplanation>value not recorded or invalid</codeExplanation>
          </missingValueCode>
        </attribute>
        <attribute id="att.4">
          <attributeName>Subplot</attributeName>
          <attributeDefinition>Subplot number</attributeDefinition>
          <storageType>integer</storageType>
          <measurementScale>
            <nominal>
              <nonNumericDomain>
                <textDomain>
                  <definition>Subplot number</definition>
                </textDomain>
              </nonNumericDomain>
            </nominal>
          </measurementScale>
          <missingValueCode>
            <code>NaN</code>
            <codeExplanation>value not recorded or invalid</codeExplanation>
          </missingValueCode>
        </attribute>
        <attribute id="att.5">
          <attributeName>Species</attributeName>
          <attributeDefinition>Coded variable for woody species name</attributeDefinition>
          <storageType>integer</storageType>
          <measurementScale>
            <ordinal>
              <nonNumericDomain>
                <enumeratedDomain>
                  <codeDefinition>
                    <code>3</code>
                    <definition>Acer rubrum L. Red Maple</definition>
                  </codeDefinition>
                  <codeDefinition>
                    <code>6</code>
                    <definition>Amelanchier arborea Michaux f. Serviceberry Sarvis</definition>
                  </codeDefinition>
                  <codeDefinition>
                    <code>10</code>
                    <definition>Carya glabra Miller Sweet Pignut Hickory</definition>
                  </codeDefinition>
                  <codeDefinition>
                    <code>13</code>
                    <definition>Castanea dentata Marshall Borkh. American Chestnut</definition>
                  </codeDefinition>
                  <codeDefinition>
                    <code>14</code>
                    <definition>Castanea pumila Miller Allegheny Chinquapin</definition>
                  </codeDefinition>
                  <codeDefinition>
                    <code>16</code>
                    <definition>unspecified</definition>
                  </codeDefinition>
                  <codeDefinition>
                    <code>23</code>
                    <definition>Liriodendron tulipifera L. Yellow Tulip Poplar</definition>
                  </codeDefinition>
                  <codeDefinition>
                    <code>28</code>
                    <definition>Nyssa sylvatica Marshall var. sylvatica Black Tupelo Blackgum</definition>
                  </codeDefinition>
                  <codeDefinition>
                    <code>30</code>
                    <definition>Oxydendron arboreum L. DC. Sourwood</definition>
                  </codeDefinition>
                  <codeDefinition>
                    <code>32</code>
                    <definition>Pinus rigida Miller Pitch Pine</definition>
                  </codeDefinition>
                  <codeDefinition>
                    <code>33</code>
                    <definition>Pinus strobus L. Eastern White Pine</definition>
                  </codeDefinition>
                  <codeDefinition>
                    <code>38</code>
                    <definition>unspecified</definition>
                  </codeDefinition>
                  <codeDefinition>
                    <code>39</code>
                    <definition>Quercus coccinea Muenchh. Scarlet Oak</definition>
                  </codeDefinition>
                  <codeDefinition>
                    <code>40</code>
                    <definition>Quercus falcata Michaux Southern Red Oak</definition>
                  </codeDefinition>
                  <codeDefinition>
                    <code>42</code>
                    <definition>Quercus prinus L. Chestnut Oak</definition>
                  </codeDefinition>
                  <codeDefinition>
                    <code>43</code>
                    <definition>unspecified</definition>
                  </codeDefinition>
                  <codeDefinition>
                    <code>45</code>
                    <definition>Quercus velutina Lam. Black Oak</definition>
                  </codeDefinition>
                  <codeDefinition>
                    <code>47</code>
                    <definition>Robinia pseudoacacia L. Black Locust</definition>
                  </codeDefinition>
                  <codeDefinition>
                    <code>48</code>
                    <definition>Sassafras albidum Nutt. Ness Sassafras</definition>
                  </codeDefinition>
                  <codeDefinition>
                    <code>53</code>
                    <definition>Kalmia latifolia L. Mountain Laurel</definition>
                  </codeDefinition>
                  <codeDefinition>
                    <code>55</code>
                    <definition>Aralia spinosa L. Devils Walkingstick</definition>
                  </codeDefinition>
                  <codeDefinition>
                    <code>67</code>
                    <definition>Ilex ambigua Michaux Torrey var. montana Mountain Holly deciduous</definition>
                  </codeDefinition>
                  <codeDefinition>
                    <code>78</code>
                    <definition>Rhus glabra L. Smooth Sumac</definition>
                  </codeDefinition>
                  <codeDefinition>
                    <code>101</code>
                    <definition>Vitus labrusca L. Fox Grape</definition>
                  </codeDefinition>
                </enumeratedDomain>
              </nonNumericDomain>
            </ordinal>
          </measurementScale>
          <missingValueCode>
            <code>NaN</code>
            <codeExplanation>value not recorded or invalid</codeExplanation>
          </missingValueCode>
        </attribute>
        <attribute id="att.6">
          <attributeName>Basal_diameter_woody_plants</attributeName>
          <attributeDefinition>Basal diameter of each woody plant in centimeters</attributeDefinition>
          <storageType>float</storageType>
          <measurementScale>
            <ratio>
              <unit>
                <standardUnit>centimeter</standardUnit>
              </unit>
              <precision>0.00001</precision>
              <numericDomain>
                <numberType>real</numberType>
              </numericDomain>
            </ratio>
          </measurementScale>
          <missingValueCode>
            <code>NaN</code>
            <codeExplanation>value not recorded or invalid</codeExplanation>
          </missingValueCode>
        </attribute>
        <attribute id="att.7">
          <attributeName>Evergreen_clump_length</attributeName>
          <attributeDefinition>Evergreen clump (clumps of mountain laurel or rhododendron) length in centimeters</attributeDefinition>
          <storageType>float</storageType>
          <measurementScale>
            <ratio>
              <unit>
                <standardUnit>centimeter</standardUnit>
              </unit>
              <precision>1</precision>
              <numericDomain>
                <numberType>real</numberType>
              </numericDomain>
            </ratio>
          </measurementScale>
          <missingValueCode>
            <code>NaN</code>
            <codeExplanation>value not recorded or invalid</codeExplanation>
          </missingValueCode>
        </attribute>
        <attribute id="att.8">
          <attributeName>Evergreen_clump_width</attributeName>
          <attributeDefinition>Evergreen clump (clumps of mountain laurel or rhododendron) width in centimeters</attributeDefinition>
          <storageType>float</storageType>
          <measurementScale>
            <ratio>
              <unit>
                <standardUnit>centimeter</standardUnit>
              </unit>
              <precision>1</precision>
              <numericDomain>
                <numberType>real</numberType>
              </numericDomain>
            </ratio>
          </measurementScale>
          <missingValueCode>
            <code>NaN</code>
            <codeExplanation>value not recorded or invalid</codeExplanation>
          </missingValueCode>
        </attribute>
        <attribute id="att.9">
          <attributeName>Evergreen_clump_height</attributeName>
          <attributeDefinition>Evergreen clump (clumps of mountain laurel or rhododendron) height in centimeters</attributeDefinition>
          <storageType>float</storageType>
          <measurementScale>
            <ratio>
              <unit>
                <standardUnit>centimeter</standardUnit>
              </unit>
              <precision>1</precision>
              <numericDomain>
                <numberType>real</numberType>
              </numericDomain>
            </ratio>
          </measurementScale>
          <missingValueCode>
            <code>NaN</code>
            <codeExplanation>value not recorded or invalid</codeExplanation>
          </missingValueCode>
        </attribute>
        <attribute id="att.10">
          <attributeName>Stem_origin</attributeName>
          <attributeDefinition>Coded variable for stem origin</attributeDefinition>
          <storageType>integer</storageType>
          <measurementScale>
            <ordinal>
              <nonNumericDomain>
                <enumeratedDomain>
                  <codeDefinition>
                    <code>0</code>
                    <definition>solitary stem</definition>
                  </codeDefinition>
                  <codeDefinition>
                    <code>1</code>
                    <definition>multiple stem</definition>
                  </codeDefinition>
                  <codeDefinition>
                    <code>NaN</code>
                    <definition>unspecified</definition>
                  </codeDefinition>
                  <codeDefinition>
                    <code>NaN</code>
                    <definition>unspecified</definition>
                  </codeDefinition>
                  <codeDefinition>
                    <code>NaN</code>
                    <definition>unspecified</definition>
                  </codeDefinition>
                  <codeDefinition>
                    <code>NaN</code>
                    <definition>unspecified</definition>
                  </codeDefinition>
                  <codeDefinition>
                    <code>NaN</code>
                    <definition>unspecified</definition>
                  </codeDefinition>
                  <codeDefinition>
                    <code>NaN</code>
                    <definition>unspecified</definition>
                  </codeDefinition>
                  <codeDefinition>
                    <code>NaN</code>
                    <definition>unspecified</definition>
                  </codeDefinition>
                  <codeDefinition>
                    <code>NaN</code>
                    <definition>unspecified</definition>
                  </codeDefinition>
                  <codeDefinition>
                    <code>NaN</code>
                    <definition>unspecified</definition>
                  </codeDefinition>
                  <codeDefinition>
                    <code>NaN</code>
                    <definition>unspecified</definition>
                  </codeDefinition>
                  <codeDefinition>
                    <code>NaN</code>
                    <definition>unspecified</definition>
                  </codeDefinition>
                  <codeDefinition>
                    <code>NaN</code>
                    <definition>unspecified</definition>
                  </codeDefinition>
                  <codeDefinition>
                    <code>NaN</code>
                    <definition>unspecified</definition>
                  </codeDefinition>
                  <codeDefinition>
                    <code>NaN</code>
                    <definition>unspecified</definition>
                  </codeDefinition>
                  <codeDefinition>
                    <code>NaN</code>
                    <definition>unspecified</definition>
                  </codeDefinition>
                  <codeDefinition>
                    <code>NaN</code>
                    <definition>unspecified</definition>
                  </codeDefinition>
                  <codeDefinition>
                    <code>NaN</code>
                    <definition>unspecified</definition>
                  </codeDefinition>
                  <codeDefinition>
                    <code>NaN</code>
                    <definition>unspecified</definition>
                  </codeDefinition>
                  <codeDefinition>
                    <code>NaN</code>
                    <definition>unspecified</definition>
                  </codeDefinition>
                  <codeDefinition>
                    <code>NaN</code>
                    <definition>unspecified</definition>
                  </codeDefinition>
                  <codeDefinition>
                    <code>NaN</code>
                    <definition>unspecified</definition>
                  </codeDefinition>
                  <codeDefinition>
                    <code>NaN</code>
                    <definition>unspecified</definition>
                  </codeDefinition>
                  <codeDefinition>
                    <code>NaN</code>
                    <definition>unspecified</definition>
                  </codeDefinition>
                  <codeDefinition>
                    <code>NaN</code>
                    <definition>unspecified</definition>
                  </codeDefinition>
                  <codeDefinition>
                    <code>NaN</code>
                    <definition>unspecified</definition>
                  </codeDefinition>
                  <codeDefinition>
                    <code>NaN</code>
                    <definition>unspecified</definition>
                  </codeDefinition>
                  <codeDefinition>
                    <code>NaN</code>
                    <definition>unspecified</definition>
                  </codeDefinition>
                  <codeDefinition>
                    <code>NaN</code>
                    <definition>unspecified</definition>
                  </codeDefinition>
                  <codeDefinition>
                    <code>NaN</code>
                    <definition>unspecified</definition>
                  </codeDefinition>
                  <codeDefinition>
                    <code>NaN</code>
                    <definition>unspecified</definition>
                  </codeDefinition>
                  <codeDefinition>
                    <code>NaN</code>
                    <definition>unspecified</definition>
                  </codeDefinition>
                  <codeDefinition>
                    <code>NaN</code>
                    <definition>unspecified</definition>
                  </codeDefinition>
                  <codeDefinition>
                    <code>NaN</code>
                    <definition>unspecified</definition>
                  </codeDefinition>
                  <codeDefinition>
                    <code>NaN</code>
                    <definition>unspecified</definition>
                  </codeDefinition>
                  <codeDefinition>
                    <code>NaN</code>
                    <definition>unspecified</definition>
                  </codeDefinition>
                  <codeDefinition>
                    <code>NaN</code>
                    <definition>unspecified</definition>
                  </codeDefinition>
                  <codeDefinition>
                    <code>NaN</code>
                    <definition>unspecified</definition>
                  </codeDefinition>
                  <codeDefinition>
                    <code>NaN</code>
                    <definition>unspecified</definition>
                  </codeDefinition>
                  <codeDefinition>
                    <code>NaN</code>
                    <definition>unspecified</definition>
                  </codeDefinition>
                  <codeDefinition>
                    <code>NaN</code>
                    <definition>unspecified</definition>
                  </codeDefinition>
                  <codeDefinition>
                    <code>NaN</code>
                    <definition>unspecified</definition>
                  </codeDefinition>
                  <codeDefinition>
                    <code>NaN</code>
                    <definition>unspecified</definition>
                  </codeDefinition>
                  <codeDefinition>
                    <code>NaN</code>
                    <definition>unspecified</definition>
                  </codeDefinition>
                  <codeDefinition>
                    <code>NaN</code>
                    <definition>unspecified</definition>
                  </codeDefinition>
                  <codeDefinition>
                    <code>NaN</code>
                    <definition>unspecified</definition>
                  </codeDefinition>
                  <codeDefinition>
                    <code>NaN</code>
                    <definition>unspecified</definition>
                  </codeDefinition>
                  <codeDefinition>
                    <code>NaN</code>
                    <definition>unspecified</definition>
                  </codeDefinition>
                  <codeDefinition>
                    <code>NaN</code>
                    <definition>unspecified</definition>
                  </codeDefinition>
                  <codeDefinition>
                    <code>NaN</code>
                    <definition>unspecified</definition>
                  </codeDefinition>
                  <codeDefinition>
                    <code>NaN</code>
                    <definition>unspecified</definition>
                  </codeDefinition>
                  <codeDefinition>
                    <code>NaN</code>
                    <definition>unspecified</definition>
                  </codeDefinition>
                  <codeDefinition>
                    <code>NaN</code>
                    <definition>unspecified</definition>
                  </codeDefinition>
                </enumeratedDomain>
              </nonNumericDomain>
            </ordinal>
          </measurementScale>
          <missingValueCode>
            <code>NaN</code>
            <codeExplanation>value not recorded or invalid</codeExplanation>
          </missingValueCode>
        </attribute>
      </attributeList>
    </dataTable>
    <otherEntity id="4036.kml">
      <entityName>4036.kml</entityName>
      <entityDescription>Google Earth Keyhole Markup Language file describing the geographic locations sampled in data set knb-lter-cwt.4036.13</entityDescription>
      <physical>
        <objectName>4036.kml</objectName>
        <dataFormat>
          <externallyDefinedFormat>
            <formatName>application/vnd.google-earth.kml+xml</formatName>
          </externallyDefinedFormat>
        </dataFormat>
        <distribution>
          <online>
            <url function="download">https://pasta.lternet.edu/package/data/eml/knb-lter-cwt/4036/13/337e91610f4d9760e0ed059f2dd4c76e</url>
          </online>
          <access authSystem="https://pasta.lternet.edu/authentication"
            order="allowFirst" scope="document" system="https://pasta.lternet.edu">
            <allow>
              <principal>uid=CWT,o=lter,dc=ecoinformatics,dc=org</principal>
              <permission>all</permission>
            </allow>
            <allow>
              <principal>public</principal>
              <permission>read</permission>
            </allow>
          </access>
        </distribution>
      </physical>
      <entityType>KML</entityType>
    </otherEntity>
  </dataset>
  <additionalMetadata>
    <metadata>
      <stmml:unitList
        xmlns:stmml="http://www.xml-cml.org/schema/stmml-1.1" xsi:schemaLocation="http://www.xml-cml.org/schema/stmml-1.1 http://gce-lter.marsci.uga.edu/public/files/schemas/eml-210/stmml.xsd">
        <!--note that the unitTypes here are taken from the eml-unitDictionary.xml-->
        <stmml:unit abbreviation="YYYY" id="year" name="year" unitType="time">
          <stmml:description>year</stmml:description>
        </stmml:unit>
      </stmml:unitList>
    </metadata>
  </additionalMetadata>
</eml:eml>
