<?xml version="1.0" encoding="UTF-8"?>
<eml:eml packageId="knb-lter-cwt.4057.13"
  system="https://pasta.lternet.edu"
  xmlns:ds="eml://ecoinformatics.org/dataset-2.1.0"
  xmlns:eml="eml://ecoinformatics.org/eml-2.1.1"
  xmlns:stmml="http://www.xml-cml.org/schema/stmml-1.1"
  xmlns:xsi="http://www.w3.org/2001/XMLSchema-instance" xsi:schemaLocation="eml://ecoinformatics.org/eml-2.1.0 http://gce-lter.marsci.uga.edu/public/files/schemas/eml-210/eml.xsd">
  <access authSystem="https://pasta.lternet.edu/authentication"
    order="allowFirst" scope="document" system="https://pasta.lternet.edu">
    <allow>
      <principal>uid=CWT,o=lter,dc=ecoinformatics,dc=org</principal>
      <permission>all</permission>
    </allow>
    <allow>
      <principal>public</principal>
      <permission>read</permission>
    </allow>
  </access>
  <dataset>
    <alternateIdentifier>knb-lter-cwt.CWT_NUT_4057.1.1</alternateIdentifier>
    <title>Terrestrial-Stream Biodiversity Litter Processing Datasets from Watershed 20 within the Coweeta Hydrologic Laboratory</title>
    <creator id="CWT-LTER">
      <organizationName>Coweeta Long Term Ecological Research Program</organizationName>
      <address>
        <deliveryPoint>Daniel B. Warnell School of Forestry and Natural Resources</deliveryPoint>
        <deliveryPoint>University of Georgia</deliveryPoint>
        <city>Athens</city>
        <administrativeArea>Georgia</administrativeArea>
        <postalCode>30602</postalCode>
        <country>USA</country>
      </address>
      <electronicMailAddress>cwtim@uga.edu</electronicMailAddress>
      <onlineUrl>http://coweeta.uga.edu/</onlineUrl>
    </creator>
    <creator>
      <individualName>
        <salutation>Dr.</salutation>
        <givenName>Catherine</givenName>
        <surName>Pringle</surName>
      </individualName>
      <organizationName>University of Georgia</organizationName>
      <address>
        <deliveryPoint>Odum School of Ecology</deliveryPoint>
        <deliveryPoint>308 Biological Sciences Building</deliveryPoint>
        <city>Athens</city>
        <administrativeArea>GA</administrativeArea>
        <postalCode>30602</postalCode>
        <country>USA</country>
      </address>
      <electronicMailAddress>cpringle@uga.edu</electronicMailAddress>
      <onlineUrl>http://blackbear.ecology.uga.edu/pringlelab/lab_site/</onlineUrl>
    </creator>
    <metadataProvider>
      <references>CWT-LTER</references>
    </metadataProvider>
    <associatedParty>
      <individualName>
        <givenName>John</givenName>
        <givenName>S.</givenName>
        <surName>Kominoski</surName>
      </individualName>
      <organizationName>University of Georgia</organizationName>
      <role>PI</role>
    </associatedParty>
    <associatedParty>
      <individualName>
        <givenName>Becky</givenName>
        <givenName>A.</givenName>
        <surName>Ball</surName>
      </individualName>
      <organizationName>University of Georgia</organizationName>
      <role>PI</role>
    </associatedParty>
    <pubDate>2014</pubDate>
    <abstract>
      <para>Although litter decomposition is a fundamental ecological process, most of our understandings comes from studies of single-species decay. Recently, litter-mixing studies have tested whether monoculture data can be applied to mixed-litter systems. These studies have mainly attempted to detect non-additive effects of litter mixing, which address potential consequences of random species loss -- the focus is not on which species are lost, but the decline in diversity per se. Under global change, species loss is likely to be non-random, with some species more vulnerable to extinction than others. Under such scenarios, the effects of individual species (additivity) as well as of species interactions (non-additivity) on decomposition rates are of interest. To examine potential impacts of non-random species loss on ecosystems, we studied additive and non-additive effects of litter mixing on decomposition. A full-factorial litterbag experiment was conducted using four deciduous leaf species, from which mass loss and nitrogen content were measured. This study was conducted at the Coweeta Hydrologic Laboratory in Watershed 20 on Ball Creek that drains into Coweeta Creek, a tributary of the Little Tennessee River. Data were analyzed using a statistical approach that first looks for additive identiy effects based on the presence or absence of species and then significant species interactions occurring beyond those. It partitions non-additive effects into those caused by richness and/ or composition. This approach addresses questions key to understanding the potential effects of species loss on ecosystem processes. If additive effects dominate, the consequences for decomposition dynamics will be predictable based on our knowledge of individual species, but not statistically predictable if non-additive effects dominate.</para>
    </abstract>
    <keywordSet>
      <keyword keywordType="theme">ecosystem function</keyword>
      <keyword keywordType="theme">litter mixtures</keyword>
      <keyword keywordType="theme">litter quality</keyword>
      <keyword keywordType="theme">movement of organic matter</keyword>
      <keyword keywordType="theme">non-random species loss</keyword>
    </keywordSet>
    <keywordSet>
      <keyword keywordType="place">Coweeta Hydrologic Laboratory</keyword>
      <keyword keywordType="place">North Carolina</keyword>
      <keyword keywordType="place">USA</keyword>
      <keyword keywordType="theme">CWT</keyword>
      <keyword keywordType="theme">LTER</keyword>
      <keywordThesaurus>GCE-LTER Controlled Vocabulary</keywordThesaurus>
    </keywordSet>
    <keywordSet>
      <keyword keywordType="theme">biodiversity</keyword>
      <keyword keywordType="theme">decomposition</keyword>
      <keyword keywordType="theme">leaf litter</keyword>
      <keyword keywordType="theme">litter</keyword>
      <keyword keywordType="theme">litter decomposition</keyword>
      <keyword keywordType="theme">species composition</keyword>
      <keyword keywordType="theme">species diversity</keyword>
      <keywordThesaurus>LTER Controlled Vocabulary</keywordThesaurus>
    </keywordSet>
    <keywordSet>
      <keyword keywordType="theme">Organic Matter/Decomposition</keyword>
      <keywordThesaurus>LTER Core Research Areas</keywordThesaurus>
    </keywordSet>
    <intellectualRights>
      <para>publicly available</para>
    </intellectualRights>
    <distribution>
      <online>
        <url function="information">http://coweeta.uga.edu/dbpublic/dataset_details.asp?accession=CWT_NUT_4057</url>
      </online>
    </distribution>
    <coverage>
      <geographicCoverage>
        <geographicDescription>Overall bounding box describing the geographic region within the Coweeta LTER study domain represented in data set CWT_NUT_4057, based on the maximum geographic extents of all site polygons referenced in the data set</geographicDescription>
        <boundingCoordinates>
          <westBoundingCoordinate>-83.478450</westBoundingCoordinate>
          <eastBoundingCoordinate>-83.421658</eastBoundingCoordinate>
          <northBoundingCoordinate>35.073819</northBoundingCoordinate>
          <southBoundingCoordinate>35.027341</southBoundingCoordinate>
        </boundingCoordinates>
      </geographicCoverage>
      <temporalCoverage>
        <rangeOfDates>
          <beginDate>
            <calendarDate>2003-10-01</calendarDate>
          </beginDate>
          <endDate>
            <calendarDate>2004-07-31</calendarDate>
          </endDate>
        </rangeOfDates>
      </temporalCoverage>
    </coverage>
    <contact>
      <positionName>Information Manager</positionName>
      <organizationName>LTER Network Office</organizationName>
      <address>
        <deliveryPoint>UNM Biology Department, MSC03-2020</deliveryPoint>
        <deliveryPoint>1 University of New Mexico</deliveryPoint>
        <city>Albuquerque</city>
        <administrativeArea>NM</administrativeArea>
        <postalCode>87131-0001</postalCode>
        <country>USA</country>
      </address>
      <phone phonetype="voice">505 277-2535</phone>
      <phone phonetype="fax">505 277-2541</phone>
      <electronicMailAddress>tech-support@lternet.edu</electronicMailAddress>
      <onlineUrl>http://www.lternet.edu</onlineUrl>
    </contact>
    <contact>
      <positionName>Coweeta LTER Information Manager</positionName>
      <address>
        <deliveryPoint>Department of Anthropology</deliveryPoint>
        <deliveryPoint>University of Georgia</deliveryPoint>
        <city>Athens</city>
        <administrativeArea>Georgia</administrativeArea>
        <postalCode>30602-1619</postalCode>
        <country>USA</country>
      </address>
      <electronicMailAddress>cwtim@uga.edu</electronicMailAddress>
    </contact>
    <publisher>
      <references>CWT-LTER</references>
    </publisher>
    <methods>
      <methodStep>
        <description>
          <section>
            <title>Litter Analysis-AFDM</title>
            <para>The ash free dry mass (AFDM) remaining for each litterbag was determined by incineration at 550 degrees Celsius for 1 hour.</para>
          </section>
        </description>
        <instrumentation>Oven</instrumentation>
      </methodStep>
      <methodStep>
        <description>
          <section>
            <title>Litter Analysis-Nitrogen</title>
            <para>Nitrogen content was determined by combustion in a Carlo Erba Elemental Analyser (Carlo Erba, Milan, Italy) and reported as percentage nitrogen (%N) of litter dry mass.</para>
          </section>
        </description>
        <instrumentation>Carlo Erba Elemental Analyser (Carlo Erba, Milan, Italy)</instrumentation>
      </methodStep>
      <methodStep>
        <description>
          <section>
            <title>Litter Analysis_Prep</title>
            <para>Litter was dried and ground using a Spex CertiPrep 8000-D Mixer Mill (Spex CertiPrep, Metuchen, NJ).</para>
          </section>
        </description>
        <instrumentation>Spex CertiPrep 8000-D Mixer Mill (Spex CertiPrep, Metuchen, NJ)</instrumentation>
      </methodStep>
      <methodStep>
        <description>
          <section>
            <title>Litter Collection</title>
            <para>Litters were collected from four tree species: Liriodendron tulipifera L. (tulip popular, L), Acer rubrum L. (red maple, A), Quercus prinus L. (chestnut oak, Q), and Rhododendron maximum L. (rhododendron, R). Senesced leaves of each species were collected in October 2003 and air-dried at room temperature in paper bags in the laboratory for 1 week.</para>
          </section>
        </description>
      </methodStep>
      <methodStep>
        <description>
          <section>
            <title>Litterbags</title>
            <para>Litterbags (15 cm x 15 cm) were constructed from 1 mm nylon mesh and heat-sealed at the edges. Each litterbag contained 5 g of leaves, and all species in any one combination were equally represented in mass.</para>
          </section>
        </description>
      </methodStep>
      <methodStep>
        <description>
          <section>
            <title>Replica Blocks</title>
            <para>On November 17, 2003, one set of all 15 combinations was placed in each of four replicate blocks for each of nine collection dates across three years: 0, 92, 181, 273, 365, 546, 730, 911, and 1065 days. At each collection date, one set from each replicate plot was randomly chosen for processing, and litterbags were transported back to the laboratory on ice.</para>
          </section>
        </description>
      </methodStep>
      <sampling>
        <studyExtent>
          <coverage>
            <temporalCoverage>
              <rangeOfDates>
                <beginDate>
                  <calendarDate>2003-10-01</calendarDate>
                </beginDate>
                <endDate>
                  <calendarDate>2004-07-31</calendarDate>
                </endDate>
              </rangeOfDates>
            </temporalCoverage>
          </coverage>
          <coverage>
            <geographicCoverage>
              <geographicDescription>CWT Study Site CWTBASIN -- Coweeta Basin, Macon County, North Carolina, USA.  The overall boundary for the Coweeta Hydrologic laboratory.</geographicDescription>
              <boundingCoordinates>
                <westBoundingCoordinate>-83.478450</westBoundingCoordinate>
                <eastBoundingCoordinate>-83.421658</eastBoundingCoordinate>
                <northBoundingCoordinate>35.073819</northBoundingCoordinate>
                <southBoundingCoordinate>35.027341</southBoundingCoordinate>
              </boundingCoordinates>
            </geographicCoverage>
          </coverage>
        </studyExtent>
        <samplingDescription>
          <section>
            <title>Terrestrial-Stream Litter Processing</title>
            <para>The researchers selected four dominant riparian tree species in the Coweeta basin (tulip poplar, red maple, chestnut oak, and rhododendron). The experimental design was a randomized complete block. All 15 possible single-species and mixed-species combinations were crossed with nine levels of exposure time (i.e., nine sampling dates) and were replicated at four stream locations (blocks), giving a total of 540 experimental units. Note that although time was an experimental factor, this was not a repeated-measures design.</para>
            <para>In October 2003, the researchers collected freshly abscised leaves and then air-dried them. On November 17, 2003, one set of all 15 combinations was placed in each of the four replicate blocks for each of nine collection dates across 3 years: 0, 92, 181, 273, 365, 546, 730, 911, and 1065 days. At each collection date, one set from each replicate plot was randomly chosen for processing. The researchers used a randomized complete block design of 15 single-species and mixed-species litter treatments, four replicate blocks and eight sampling dates.</para>
          </section>
        </samplingDescription>
        <spatialSamplingUnits>
          <referencedEntityId>CWT_NUT_4057.kml</referencedEntityId>
        </spatialSamplingUnits>
      </sampling>
    </methods>
    <project>
      <title>Coweeta LTER Program V</title>
      <personnel>
        <individualName>
          <givenName>Ted</givenName>
          <givenName>L</givenName>
          <surName>Gragson</surName>
        </individualName>
        <role>principalInvestigator</role>
      </personnel>
      <personnel>
        <individualName>
          <givenName>James</givenName>
          <surName>Vose</surName>
        </individualName>
        <role>principalInvestigator</role>
      </personnel>
      <personnel>
        <individualName>
          <givenName>Brian</givenName>
          <surName>Kloeppel</surName>
        </individualName>
        <role>principalInvestigator</role>
      </personnel>
      <personnel>
        <individualName>
          <givenName>James</givenName>
          <givenName>Barrie</givenName>
          <surName>Collins</surName>
        </individualName>
        <role>informationManager</role>
      </personnel>
      <abstract>
        <para>The Coweeta LTER Research Program has evolved since 1980 from a site-based to a site- and region-based project examining the effects of disturbance and environmental gradients on biogeochemical cycling, and the underlying watershed ecosystem processes that regulate and respond to those cycles. The current interdisciplinary research integrates ecological and socioeconomic components across 54,000 km2 of the southern Appalachian Mountains, a biogeophysical and socioeconomic region in which evolutionary and historical processes converge (Whittaker 1956, Markusen 1987, Barnes 1991, Kretzschmar et al. 1993, Bailey 1996). Our research objective in 2002-2008 is to advance scientific understanding of the spatial, temporal, and decision-making components of land use and land-use change in the southern Appalachian Mountains over the last 200 years, and forecast patterns into the future 30 years. Our guiding hypothesis is that the frequency, intensity, and extent of land use represents human decision-making in response to socioeconomic and biogeophysical conditions with consequences that cascade through ecosystems.</para>
      </abstract>
      <funding>
        <para>This material is based upon work supported by the National Science Foundation under grant number OCE-9982133. Any opinions, findings, conclusions, or recommendations expressed in the material are those of the author(s) and do not necessarily reflect the views of the National Science Foundation.</para>
      </funding>
    </project>
    <dataTable>
      <entityName>4057_Biota_Data</entityName>
      <entityDescription>Terrestrial-Stream Biodiversity Biota Data for dataset 4057</entityDescription>
      <physical>
        <objectName>4057_Biota_Data_1_0.TXT</objectName>
        <size unit="rows"/>
        <characterEncoding>ASCII</characterEncoding>
        <dataFormat>
          <textFormat>
            <numHeaderLines>1</numHeaderLines>
            <numFooterLines>0</numFooterLines>
            <recordDelimiter>\r\n</recordDelimiter>
            <numPhysicalLinesPerRecord>1</numPhysicalLinesPerRecord>
            <attributeOrientation>column</attributeOrientation>
            <simpleDelimited>
              <fieldDelimiter>\t</fieldDelimiter>
            </simpleDelimited>
          </textFormat>
        </dataFormat>
        <distribution>
          <online>
            <url function="download">https://pasta.lternet.edu/package/data/eml/knb-lter-cwt/4057/13/ce73c0367f64c5d2bf75b19292880ffa</url>
          </online>
          <access authSystem="https://pasta.lternet.edu/authentication"
            order="allowFirst" scope="document" system="https://pasta.lternet.edu">
            <allow>
              <principal>uid=CWT,o=lter,dc=ecoinformatics,dc=org</principal>
              <permission>all</permission>
            </allow>
            <allow>
              <principal>public</principal>
              <permission>read</permission>
            </allow>
          </access>
        </distribution>
      </physical>
      <methods>
        <methodStep>
          <description>
            <para>Data file post-processing in the CWT-LTER Information Management Office</para>
          </description>
          <subStep>
            <description>
              <para>10/24/2013: new GCE Data Structure 1.1 created ('newstruct')</para>
            </description>
          </subStep>
          <subStep>
            <description>
              <para>10/24/2013: new GCE Data Structure 1.1 created ('newstruct')</para>
            </description>
          </subStep>
          <subStep>
            <description>
              <para>10/24/2013: new GCE Data Structure 1.1 created ('newstruct')</para>
            </description>
          </subStep>
          <subStep>
            <description>
              <para>10/24/2013: new GCE Data Structure 1.1 created ('newstruct')</para>
            </description>
          </subStep>
          <subStep>
            <description>
              <para>10/24/2013: new GCE Data Structure 1.1 created ('newstruct')</para>
            </description>
          </subStep>
          <subStep>
            <description>
              <para>10/24/2013: 240 rows imported from ASCII data file 'data_submission_template_2013_terrestrial_dataset_kominoski_ball_biota_tab.txt' ('imp_ascii')</para>
            </description>
          </subStep>
          <subStep>
            <description>
              <para>10/24/2013: 240 rows imported from ASCII data file 'data_submission_template_2013_terrestrial_dataset_kominoski_ball_biota_tab.txt' ('imp_ascii')</para>
            </description>
          </subStep>
          <subStep>
            <description>
              <para>10/24/2013: 240 rows imported from ASCII data file 'data_submission_template_2013_terrestrial_dataset_kominoski_ball_biota_tab.txt' ('imp_ascii')</para>
            </description>
          </subStep>
          <subStep>
            <description>
              <para>10/24/2013: 240 rows imported from ASCII data file 'data_submission_template_2013_terrestrial_dataset_kominoski_ball_biota_tab.txt' ('imp_ascii')</para>
            </description>
          </subStep>
          <subStep>
            <description>
              <para>10/24/2013: 240 rows imported from ASCII data file 'data_submission_template_2013_terrestrial_dataset_kominoski_ball_biota_tab.txt' ('imp_ascii')</para>
            </description>
          </subStep>
          <subStep>
            <description>
              <para>10/24/2013: 81 metadata fields in file header parsed ('parse_header')</para>
            </description>
          </subStep>
          <subStep>
            <description>
              <para>10/24/2013: 81 metadata fields in file header parsed ('parse_header')</para>
            </description>
          </subStep>
          <subStep>
            <description>
              <para>10/24/2013: 81 metadata fields in file header parsed ('parse_header')</para>
            </description>
          </subStep>
          <subStep>
            <description>
              <para>10/24/2013: 81 metadata fields in file header parsed ('parse_header')</para>
            </description>
          </subStep>
          <subStep>
            <description>
              <para>10/24/2013: 81 metadata fields in file header parsed ('parse_header')</para>
            </description>
          </subStep>
          <subStep>
            <description>
              <para>10/24/2013: data structure validated ('gce_valid')</para>
            </description>
          </subStep>
          <subStep>
            <description>
              <para>10/24/2013: data structure validated ('gce_valid')</para>
            </description>
          </subStep>
          <subStep>
            <description>
              <para>10/24/2013: data structure validated ('gce_valid')</para>
            </description>
          </subStep>
          <subStep>
            <description>
              <para>10/24/2013: data structure validated ('gce_valid')</para>
            </description>
          </subStep>
          <subStep>
            <description>
              <para>10/24/2013: data structure validated ('gce_valid')</para>
            </description>
          </subStep>
          <subStep>
            <description>
              <para>06/23/2014: manually edited data set metadata ('ui_editmetadata')</para>
            </description>
          </subStep>
          <subStep>
            <description>
              <para>06/23/2014: manually edited data set metadata ('ui_editmetadata')</para>
            </description>
          </subStep>
          <subStep>
            <description>
              <para>06/23/2014: manually edited data set metadata ('ui_editmetadata')</para>
            </description>
          </subStep>
          <subStep>
            <description>
              <para>06/23/2014: manually edited data set metadata ('ui_editmetadata')</para>
            </description>
          </subStep>
          <subStep>
            <description>
              <para>06/23/2014: manually edited data set metadata ('ui_editmetadata')</para>
            </description>
          </subStep>
          <subStep>
            <description>
              <para>06/23/2014: updated 4 metadata fields ('addmeta')</para>
            </description>
          </subStep>
          <subStep>
            <description>
              <para>06/23/2014: updated 4 metadata fields ('addmeta')</para>
            </description>
          </subStep>
          <subStep>
            <description>
              <para>06/23/2014: updated 4 metadata fields ('addmeta')</para>
            </description>
          </subStep>
          <subStep>
            <description>
              <para>06/23/2014: updated 4 metadata fields ('addmeta')</para>
            </description>
          </subStep>
          <subStep>
            <description>
              <para>06/23/2014: updated 4 metadata fields ('addmeta')</para>
            </description>
          </subStep>
          <subStep>
            <description>
              <para>06/23/2014: updated 15 metadata fields in the Status, Data sections to reflect attribute metadata ('updatecols')</para>
            </description>
          </subStep>
          <subStep>
            <description>
              <para>06/23/2014: updated 15 metadata fields in the Status, Data sections to reflect attribute metadata ('updatecols')</para>
            </description>
          </subStep>
          <subStep>
            <description>
              <para>06/23/2014: updated 15 metadata fields in the Status, Data sections to reflect attribute metadata ('updatecols')</para>
            </description>
          </subStep>
          <subStep>
            <description>
              <para>06/23/2014: updated 15 metadata fields in the Status, Data sections to reflect attribute metadata ('updatecols')</para>
            </description>
          </subStep>
          <subStep>
            <description>
              <para>06/23/2014: updated 15 metadata fields in the Status, Data sections to reflect attribute metadata ('updatecols')</para>
            </description>
          </subStep>
        </methodStep>
        <qualityControl>
          <description>
            <para>Quality control analysis was performed using the GCE Data Toolbox for MATLAB software. Column data types are validated upon importing the table into MATLAB, and qualifier flags are automatically generated for data values based on QA/QC criteria for each data column pre-defined in metadata templates (e.g. value range checks, sanity checks, pattern checks). Qualifier flags are also assigned to values that are imputed or derived, revised, or otherwise differ from values in the original data submission. A column of coded qualifier flags is generated and included in the data table if flags are assigned to any value in a data column.</para>
          </description>
        </qualityControl>
      </methods>
      <attributeList>
        <attribute id="att.1">
          <attributeName>Time</attributeName>
          <attributeDefinition>Time in days; represents the sampling day from when leaf packs were deployed on January 10, 2004 along a 75-m reach of Ball Creek. Litter was incubated in Ball Creek from January 10, 2004 to July 31, 2004.</attributeDefinition>
          <storageType>float</storageType>
          <measurementScale>
            <interval>
              <unit>
                <customUnit>day</customUnit>
              </unit>
              <precision>1</precision>
              <numericDomain>
                <numberType>real</numberType>
              </numericDomain>
            </interval>
          </measurementScale>
          <missingValueCode>
            <code>NaN</code>
            <codeExplanation>value not recorded or invalid</codeExplanation>
          </missingValueCode>
        </attribute>
        <attribute id="att.2">
          <attributeName>Block</attributeName>
          <attributeDefinition>A block represents one of the four replicate blocks. A block is a stream location, and four stream locations were utilized in this study.</attributeDefinition>
          <storageType>string</storageType>
          <measurementScale>
            <nominal>
              <nonNumericDomain>
                <textDomain>
                  <definition>A block represents one of the four replicate blocks. A block is a stream location, and four stream locations were utilized in this study.</definition>
                </textDomain>
              </nonNumericDomain>
            </nominal>
          </measurementScale>
        </attribute>
        <attribute id="att.3">
          <attributeName>Richness</attributeName>
          <attributeDefinition>Richness is the number of species present in mixed species packs (2, 3, or 4). In a single-species pack, the richness is 1.</attributeDefinition>
          <storageType>integer</storageType>
          <measurementScale>
            <nominal>
              <nonNumericDomain>
                <textDomain>
                  <definition>Richness is the number of species present in mixed species packs (2, 3, or 4). In a single-species pack, the richness is 1.</definition>
                </textDomain>
              </nonNumericDomain>
            </nominal>
          </measurementScale>
          <missingValueCode>
            <code>NaN</code>
            <codeExplanation>value not recorded or invalid</codeExplanation>
          </missingValueCode>
        </attribute>
        <attribute id="att.4">
          <attributeName>Treatment</attributeName>
          <attributeDefinition>Treatment; Packs within each experimental block were grouped in array of 15 treatments. Each treatment number directly corresponds to a particular species composition in a leaf pack. For instance, Treatment "1" corresponds to Composition "L" (Liriodendron tulipifera). There are 15 possible single species and mixed-species combinations.</attributeDefinition>
          <storageType>integer</storageType>
          <measurementScale>
            <nominal>
              <nonNumericDomain>
                <textDomain>
                  <definition>Treatment; Packs within each experimental block were grouped in array of 15 treatments. Each treatment number directly corresponds to a particular species composition in a leaf pack. For instance, Treatment "1" corresponds to Composition "L" (Liriodendron tulipifera). There are 15 possible single species and mixed-species combinations.</definition>
                </textDomain>
              </nonNumericDomain>
            </nominal>
          </measurementScale>
          <missingValueCode>
            <code>NaN</code>
            <codeExplanation>value not recorded or invalid</codeExplanation>
          </missingValueCode>
        </attribute>
        <attribute id="att.5">
          <attributeName>Composition</attributeName>
          <attributeDefinition>Tree species composition refers to which particular species are present together in mixed-species packs (tulip poplar, Liriodendron tulipifera [L]; red maple, Acer rubrum [A]; chestnut oak, Quercus prinus [Q]; and rhododendron, Rhododendron maximum [R]).</attributeDefinition>
          <storageType>string</storageType>
          <measurementScale>
            <nominal>
              <nonNumericDomain>
                <textDomain>
                  <definition>Tree species composition refers to which particular species are present together in mixed-species packs (tulip poplar, Liriodendron tulipifera [L]; red maple, Acer rubrum [A]; chestnut oak, Quercus prinus [Q]; and rhododendron, Rhododendron maximum [R]).</definition>
                </textDomain>
              </nonNumericDomain>
            </nominal>
          </measurementScale>
        </attribute>
        <attribute id="att.6">
          <attributeName>Bacteria_Biomass</attributeName>
          <attributeDefinition>Bacteria biomass (mg/g AFDM)</attributeDefinition>
          <storageType>float</storageType>
          <measurementScale>
            <ratio>
              <unit>
                <standardUnit>number</standardUnit>
              </unit>
              <precision>0.000000000</precision>
              <numericDomain>
                <numberType>real</numberType>
              </numericDomain>
            </ratio>
          </measurementScale>
          <missingValueCode>
            <code>NaN</code>
            <codeExplanation>value not recorded or invalid</codeExplanation>
          </missingValueCode>
        </attribute>
        <attribute id="att.7">
          <attributeName>Fungi_Biomass</attributeName>
          <attributeDefinition>Fungi biomass (mg/g AFDM)</attributeDefinition>
          <storageType>float</storageType>
          <measurementScale>
            <ratio>
              <unit>
                <standardUnit>number</standardUnit>
              </unit>
              <precision>0.000000000</precision>
              <numericDomain>
                <numberType>real</numberType>
              </numericDomain>
            </ratio>
          </measurementScale>
          <missingValueCode>
            <code>NaN</code>
            <codeExplanation>value not recorded or invalid</codeExplanation>
          </missingValueCode>
        </attribute>
        <attribute id="att.8">
          <attributeName>Invertebrate_Abundance</attributeName>
          <attributeDefinition>Invertebrate abundance (# per g AFDM)</attributeDefinition>
          <storageType>float</storageType>
          <measurementScale>
            <ratio>
              <unit>
                <standardUnit>number</standardUnit>
              </unit>
              <precision>0.000000000</precision>
              <numericDomain>
                <numberType>real</numberType>
              </numericDomain>
            </ratio>
          </measurementScale>
          <missingValueCode>
            <code>NaN</code>
            <codeExplanation>value not recorded or invalid</codeExplanation>
          </missingValueCode>
        </attribute>
        <attribute id="att.9">
          <attributeName>Invertebrate_Richness</attributeName>
          <attributeDefinition>Invertebrate richness (per leaf pack)</attributeDefinition>
          <storageType>integer</storageType>
          <measurementScale>
            <nominal>
              <nonNumericDomain>
                <textDomain>
                  <definition>Invertebrate richness (per leaf pack)</definition>
                </textDomain>
              </nonNumericDomain>
            </nominal>
          </measurementScale>
          <missingValueCode>
            <code>NaN</code>
            <codeExplanation>value not recorded or invalid</codeExplanation>
          </missingValueCode>
        </attribute>
        <attribute id="att.10">
          <attributeName>Invertebrate_Shannons_Evenness</attributeName>
          <attributeDefinition>Invertebrate Shannon's Evenness (per leaf pack)</attributeDefinition>
          <storageType>float</storageType>
          <measurementScale>
            <ratio>
              <unit>
                <standardUnit>dimensionless</standardUnit>
              </unit>
              <precision>0.000000000</precision>
              <numericDomain>
                <numberType>real</numberType>
              </numericDomain>
            </ratio>
          </measurementScale>
          <missingValueCode>
            <code>NaN</code>
            <codeExplanation>value not recorded or invalid</codeExplanation>
          </missingValueCode>
        </attribute>
        <attribute id="att.11">
          <attributeName>Invertebrate_Simpsons _Diversity</attributeName>
          <attributeDefinition>Invertebrate Simpson's  Diversity (per leaf pack)</attributeDefinition>
          <storageType>float</storageType>
          <measurementScale>
            <ratio>
              <unit>
                <standardUnit>dimensionless</standardUnit>
              </unit>
              <precision>0.000000000</precision>
              <numericDomain>
                <numberType>real</numberType>
              </numericDomain>
            </ratio>
          </measurementScale>
          <missingValueCode>
            <code>NaN</code>
            <codeExplanation>value not recorded or invalid</codeExplanation>
          </missingValueCode>
        </attribute>
      </attributeList>
    </dataTable>
    <dataTable>
      <entityName>4057_Chemistry_Data</entityName>
      <entityDescription>Terrestrial-Stream Biodiversity Chemistry Data for dataset 4057</entityDescription>
      <physical>
        <objectName>4057_Chemistry_Data_1_4057.TXT</objectName>
        <size unit="rows"/>
        <characterEncoding>ASCII</characterEncoding>
        <dataFormat>
          <textFormat>
            <numHeaderLines>1</numHeaderLines>
            <numFooterLines>0</numFooterLines>
            <recordDelimiter>\r\n</recordDelimiter>
            <numPhysicalLinesPerRecord>1</numPhysicalLinesPerRecord>
            <attributeOrientation>column</attributeOrientation>
            <simpleDelimited>
              <fieldDelimiter>\t</fieldDelimiter>
            </simpleDelimited>
          </textFormat>
        </dataFormat>
        <distribution>
          <online>
            <url function="download">https://pasta.lternet.edu/package/data/eml/knb-lter-cwt/4057/13/acac73209ac5eee0c342cd1f178f4d1d</url>
          </online>
          <access authSystem="https://pasta.lternet.edu/authentication"
            order="allowFirst" scope="document" system="https://pasta.lternet.edu">
            <allow>
              <principal>uid=CWT,o=lter,dc=ecoinformatics,dc=org</principal>
              <permission>all</permission>
            </allow>
            <allow>
              <principal>public</principal>
              <permission>read</permission>
            </allow>
          </access>
        </distribution>
      </physical>
      <methods>
        <methodStep>
          <description>
            <para>Data file post-processing in the CWT-LTER Information Management Office</para>
          </description>
          <subStep>
            <description>
              <para>10/25/2013: new GCE Data Structure 1.1 created ('newstruct')</para>
            </description>
          </subStep>
          <subStep>
            <description>
              <para>10/25/2013: new GCE Data Structure 1.1 created ('newstruct')</para>
            </description>
          </subStep>
          <subStep>
            <description>
              <para>10/25/2013: new GCE Data Structure 1.1 created ('newstruct')</para>
            </description>
          </subStep>
          <subStep>
            <description>
              <para>10/25/2013: new GCE Data Structure 1.1 created ('newstruct')</para>
            </description>
          </subStep>
          <subStep>
            <description>
              <para>10/25/2013: new GCE Data Structure 1.1 created ('newstruct')</para>
            </description>
          </subStep>
          <subStep>
            <description>
              <para>10/25/2013: 532 rows imported from ASCII data file 'data_submission_template_2013_terrestrial_dataset_kominoski_ball_mass_loss_tab_oct_25_2013.txt' ('imp_ascii')</para>
            </description>
          </subStep>
          <subStep>
            <description>
              <para>10/25/2013: 532 rows imported from ASCII data file 'data_submission_template_2013_terrestrial_dataset_kominoski_ball_mass_loss_tab_oct_25_2013.txt' ('imp_ascii')</para>
            </description>
          </subStep>
          <subStep>
            <description>
              <para>10/25/2013: 532 rows imported from ASCII data file 'data_submission_template_2013_terrestrial_dataset_kominoski_ball_mass_loss_tab_oct_25_2013.txt' ('imp_ascii')</para>
            </description>
          </subStep>
          <subStep>
            <description>
              <para>10/25/2013: 532 rows imported from ASCII data file 'data_submission_template_2013_terrestrial_dataset_kominoski_ball_mass_loss_tab_oct_25_2013.txt' ('imp_ascii')</para>
            </description>
          </subStep>
          <subStep>
            <description>
              <para>10/25/2013: 532 rows imported from ASCII data file 'data_submission_template_2013_terrestrial_dataset_kominoski_ball_mass_loss_tab_oct_25_2013.txt' ('imp_ascii')</para>
            </description>
          </subStep>
          <subStep>
            <description>
              <para>10/25/2013: 81 metadata fields in file header parsed ('parse_header')</para>
            </description>
          </subStep>
          <subStep>
            <description>
              <para>10/25/2013: 81 metadata fields in file header parsed ('parse_header')</para>
            </description>
          </subStep>
          <subStep>
            <description>
              <para>10/25/2013: 81 metadata fields in file header parsed ('parse_header')</para>
            </description>
          </subStep>
          <subStep>
            <description>
              <para>10/25/2013: 81 metadata fields in file header parsed ('parse_header')</para>
            </description>
          </subStep>
          <subStep>
            <description>
              <para>10/25/2013: 81 metadata fields in file header parsed ('parse_header')</para>
            </description>
          </subStep>
          <subStep>
            <description>
              <para>10/25/2013: data structure validated ('gce_valid')</para>
            </description>
          </subStep>
          <subStep>
            <description>
              <para>10/25/2013: data structure validated ('gce_valid')</para>
            </description>
          </subStep>
          <subStep>
            <description>
              <para>10/25/2013: data structure validated ('gce_valid')</para>
            </description>
          </subStep>
          <subStep>
            <description>
              <para>10/25/2013: data structure validated ('gce_valid')</para>
            </description>
          </subStep>
          <subStep>
            <description>
              <para>10/25/2013: data structure validated ('gce_valid')</para>
            </description>
          </subStep>
          <subStep>
            <description>
              <para>06/23/2014: manually edited data set metadata ('ui_editmetadata')</para>
            </description>
          </subStep>
          <subStep>
            <description>
              <para>06/23/2014: manually edited data set metadata ('ui_editmetadata')</para>
            </description>
          </subStep>
          <subStep>
            <description>
              <para>06/23/2014: manually edited data set metadata ('ui_editmetadata')</para>
            </description>
          </subStep>
          <subStep>
            <description>
              <para>06/23/2014: manually edited data set metadata ('ui_editmetadata')</para>
            </description>
          </subStep>
          <subStep>
            <description>
              <para>06/23/2014: manually edited data set metadata ('ui_editmetadata')</para>
            </description>
          </subStep>
          <subStep>
            <description>
              <para>06/23/2014: updated 4 metadata fields ('addmeta')</para>
            </description>
          </subStep>
          <subStep>
            <description>
              <para>06/23/2014: updated 4 metadata fields ('addmeta')</para>
            </description>
          </subStep>
          <subStep>
            <description>
              <para>06/23/2014: updated 4 metadata fields ('addmeta')</para>
            </description>
          </subStep>
          <subStep>
            <description>
              <para>06/23/2014: updated 4 metadata fields ('addmeta')</para>
            </description>
          </subStep>
          <subStep>
            <description>
              <para>06/23/2014: updated 4 metadata fields ('addmeta')</para>
            </description>
          </subStep>
          <subStep>
            <description>
              <para>06/23/2014: updated 15 metadata fields in the Status, Data sections to reflect attribute metadata ('updatecols')</para>
            </description>
          </subStep>
          <subStep>
            <description>
              <para>06/23/2014: updated 15 metadata fields in the Status, Data sections to reflect attribute metadata ('updatecols')</para>
            </description>
          </subStep>
          <subStep>
            <description>
              <para>06/23/2014: updated 15 metadata fields in the Status, Data sections to reflect attribute metadata ('updatecols')</para>
            </description>
          </subStep>
          <subStep>
            <description>
              <para>06/23/2014: updated 15 metadata fields in the Status, Data sections to reflect attribute metadata ('updatecols')</para>
            </description>
          </subStep>
          <subStep>
            <description>
              <para>06/23/2014: updated 15 metadata fields in the Status, Data sections to reflect attribute metadata ('updatecols')</para>
            </description>
          </subStep>
        </methodStep>
        <qualityControl>
          <description>
            <para>Quality control analysis was performed using the GCE Data Toolbox for MATLAB software. Column data types are validated upon importing the table into MATLAB, and qualifier flags are automatically generated for data values based on QA/QC criteria for each data column pre-defined in metadata templates (e.g. value range checks, sanity checks, pattern checks). Qualifier flags are also assigned to values that are imputed or derived, revised, or otherwise differ from values in the original data submission. A column of coded qualifier flags is generated and included in the data table if flags are assigned to any value in a data column.</para>
          </description>
        </qualityControl>
      </methods>
      <attributeList>
        <attribute id="att.12">
          <attributeName>Time</attributeName>
          <attributeDefinition>Time in days; represents the sampling day from when leaf packs were deployed on January 10, 2004 along a 75-m reach of Ball Creek. Litter was incubated in Ball Creek from January 10, 2004 to July 31, 2004.</attributeDefinition>
          <storageType>float</storageType>
          <measurementScale>
            <interval>
              <unit>
                <customUnit>day</customUnit>
              </unit>
              <precision>1</precision>
              <numericDomain>
                <numberType>real</numberType>
              </numericDomain>
            </interval>
          </measurementScale>
          <missingValueCode>
            <code>NaN</code>
            <codeExplanation>value not recorded or invalid</codeExplanation>
          </missingValueCode>
        </attribute>
        <attribute id="att.13">
          <attributeName>Block</attributeName>
          <attributeDefinition>A block represents one of the four replicate blocks.</attributeDefinition>
          <storageType>string</storageType>
          <measurementScale>
            <nominal>
              <nonNumericDomain>
                <textDomain>
                  <definition>A block represents one of the four replicate blocks.</definition>
                </textDomain>
              </nonNumericDomain>
            </nominal>
          </measurementScale>
        </attribute>
        <attribute id="att.14">
          <attributeName>Treatment</attributeName>
          <attributeDefinition>Treatment; Packs within each experimental block were grouped in array of 15 treatments. Each treatment number directly corresponds to a particular species composition in a leaf pack. For instance, Treatment "1" corresponds to Composition "L" (Liriodendron tulipifera). There are 15 possible single species and mixed-species combinations.</attributeDefinition>
          <storageType>integer</storageType>
          <measurementScale>
            <nominal>
              <nonNumericDomain>
                <textDomain>
                  <definition>Treatment; Packs within each experimental block were grouped in array of 15 treatments. Each treatment number directly corresponds to a particular species composition in a leaf pack. For instance, Treatment "1" corresponds to Composition "L" (Liriodendron tulipifera). There are 15 possible single species and mixed-species combinations.</definition>
                </textDomain>
              </nonNumericDomain>
            </nominal>
          </measurementScale>
          <missingValueCode>
            <code>NaN</code>
            <codeExplanation>value not recorded or invalid</codeExplanation>
          </missingValueCode>
        </attribute>
        <attribute id="att.15">
          <attributeName>Richness</attributeName>
          <attributeDefinition># of leaf litter species; Richness is the number of species present in mixed species packs (2, 3, or 4). In a single-species pack, the richness is 1.</attributeDefinition>
          <storageType>integer</storageType>
          <measurementScale>
            <nominal>
              <nonNumericDomain>
                <textDomain>
                  <definition># of leaf litter species; Richness is the number of species present in mixed species packs (2, 3, or 4). In a single-species pack, the richness is 1.</definition>
                </textDomain>
              </nonNumericDomain>
            </nominal>
          </measurementScale>
          <missingValueCode>
            <code>NaN</code>
            <codeExplanation>value not recorded or invalid</codeExplanation>
          </missingValueCode>
        </attribute>
        <attribute id="att.16">
          <attributeName>Composition</attributeName>
          <attributeDefinition>Tree species composition refers to which particular species are present together in mixed-species packs (tulip poplar, Liriodendron tulipifera [L]; red maple, Acer rubrum [A]; chestnut oak, Quercus prinus [Q]; and rhododendron, Rhododendron maximum [R]).</attributeDefinition>
          <storageType>string</storageType>
          <measurementScale>
            <nominal>
              <nonNumericDomain>
                <textDomain>
                  <definition>Tree species composition refers to which particular species are present together in mixed-species packs (tulip poplar, Liriodendron tulipifera [L]; red maple, Acer rubrum [A]; chestnut oak, Quercus prinus [Q]; and rhododendron, Rhododendron maximum [R]).</definition>
                </textDomain>
              </nonNumericDomain>
            </nominal>
          </measurementScale>
        </attribute>
        <attribute id="att.17">
          <attributeName>AFDM</attributeName>
          <attributeDefinition>Ash Free Dry Mass</attributeDefinition>
          <storageType>float</storageType>
          <measurementScale>
            <ratio>
              <unit>
                <standardUnit>gram</standardUnit>
              </unit>
              <precision>0.0001</precision>
              <numericDomain>
                <numberType>real</numberType>
              </numericDomain>
            </ratio>
          </measurementScale>
          <missingValueCode>
            <code>NaN</code>
            <codeExplanation>value not recorded or invalid</codeExplanation>
          </missingValueCode>
        </attribute>
        <attribute id="att.18">
          <attributeName>Percent_AFDM</attributeName>
          <attributeDefinition>% Ash Free Dry Mass</attributeDefinition>
          <storageType>float</storageType>
          <measurementScale>
            <interval>
              <unit>
                <customUnit>percentabbr.</customUnit>
              </unit>
              <precision>0.00001</precision>
              <numericDomain>
                <numberType>real</numberType>
              </numericDomain>
            </interval>
          </measurementScale>
          <missingValueCode>
            <code>NaN</code>
            <codeExplanation>value not recorded or invalid</codeExplanation>
          </missingValueCode>
        </attribute>
        <attribute id="att.19">
          <attributeName>C_N</attributeName>
          <attributeDefinition>% Carbon:% Nitrogen ratio (both per unit AFDM)</attributeDefinition>
          <storageType>float</storageType>
          <measurementScale>
            <ratio>
              <unit>
                <standardUnit>dimensionless</standardUnit>
              </unit>
              <precision>0.0001</precision>
              <numericDomain>
                <numberType>real</numberType>
              </numericDomain>
            </ratio>
          </measurementScale>
          <missingValueCode>
            <code>NaN</code>
            <codeExplanation>value not recorded or invalid</codeExplanation>
          </missingValueCode>
        </attribute>
        <attribute id="att.20">
          <attributeName>Percent_C</attributeName>
          <attributeDefinition>% Carbon per unit AFDM</attributeDefinition>
          <storageType>float</storageType>
          <measurementScale>
            <interval>
              <unit>
                <customUnit>percentabbr.</customUnit>
              </unit>
              <precision>0.0001</precision>
              <numericDomain>
                <numberType>real</numberType>
              </numericDomain>
            </interval>
          </measurementScale>
          <missingValueCode>
            <code>NaN</code>
            <codeExplanation>value not recorded or invalid</codeExplanation>
          </missingValueCode>
        </attribute>
        <attribute id="att.21">
          <attributeName>Percent_N</attributeName>
          <attributeDefinition>% Nitrogen per unit AFDM</attributeDefinition>
          <storageType>float</storageType>
          <measurementScale>
            <interval>
              <unit>
                <customUnit>percentabbr.</customUnit>
              </unit>
              <precision>0.0001</precision>
              <numericDomain>
                <numberType>real</numberType>
              </numericDomain>
            </interval>
          </measurementScale>
          <missingValueCode>
            <code>NaN</code>
            <codeExplanation>value not recorded or invalid</codeExplanation>
          </missingValueCode>
        </attribute>
        <attribute id="att.22">
          <attributeName>Percent_P</attributeName>
          <attributeDefinition>% Total Phosphorus per unit AFDM</attributeDefinition>
          <storageType>float</storageType>
          <measurementScale>
            <interval>
              <unit>
                <customUnit>percentabbr.</customUnit>
              </unit>
              <precision>0.0001</precision>
              <numericDomain>
                <numberType>real</numberType>
              </numericDomain>
            </interval>
          </measurementScale>
          <missingValueCode>
            <code>NaN</code>
            <codeExplanation>value not recorded or invalid</codeExplanation>
          </missingValueCode>
        </attribute>
        <attribute id="att.23">
          <attributeName>Percent_Cellulose</attributeName>
          <attributeDefinition>% Cellulose per unit AFDM</attributeDefinition>
          <storageType>float</storageType>
          <measurementScale>
            <interval>
              <unit>
                <customUnit>percentabbr.</customUnit>
              </unit>
              <precision>0.0001</precision>
              <numericDomain>
                <numberType>real</numberType>
              </numericDomain>
            </interval>
          </measurementScale>
          <missingValueCode>
            <code>NaN</code>
            <codeExplanation>value not recorded or invalid</codeExplanation>
          </missingValueCode>
        </attribute>
        <attribute id="att.24">
          <attributeName>Percent_Hemicellulose</attributeName>
          <attributeDefinition>% Hemicellulose per unit AFDM</attributeDefinition>
          <storageType>float</storageType>
          <measurementScale>
            <interval>
              <unit>
                <customUnit>percentabbr.</customUnit>
              </unit>
              <precision>0.0001</precision>
              <numericDomain>
                <numberType>real</numberType>
              </numericDomain>
            </interval>
          </measurementScale>
          <missingValueCode>
            <code>NaN</code>
            <codeExplanation>value not recorded or invalid</codeExplanation>
          </missingValueCode>
        </attribute>
        <attribute id="att.25">
          <attributeName>Percent_Lignin</attributeName>
          <attributeDefinition>% Lignin per unit AFDM</attributeDefinition>
          <storageType>float</storageType>
          <measurementScale>
            <interval>
              <unit>
                <customUnit>percentabbr.</customUnit>
              </unit>
              <precision>0.0001</precision>
              <numericDomain>
                <numberType>real</numberType>
              </numericDomain>
            </interval>
          </measurementScale>
          <missingValueCode>
            <code>NaN</code>
            <codeExplanation>value not recorded or invalid</codeExplanation>
          </missingValueCode>
        </attribute>
        <attribute id="att.26">
          <attributeName>Percent_Condensed_Tannins</attributeName>
          <attributeDefinition>% Condensed Tannins per unit AFDM</attributeDefinition>
          <storageType>float</storageType>
          <measurementScale>
            <interval>
              <unit>
                <customUnit>percentabbr.</customUnit>
              </unit>
              <precision>0.0001</precision>
              <numericDomain>
                <numberType>real</numberType>
              </numericDomain>
            </interval>
          </measurementScale>
          <missingValueCode>
            <code>NaN</code>
            <codeExplanation>value not recorded or invalid</codeExplanation>
          </missingValueCode>
        </attribute>
        <attribute id="att.27">
          <attributeName>Percent_Hydrolysable_Tannins</attributeName>
          <attributeDefinition>% Hydrolyzable Tannins per unit AFDM</attributeDefinition>
          <storageType>float</storageType>
          <measurementScale>
            <interval>
              <unit>
                <customUnit>percentabbr.</customUnit>
              </unit>
              <precision>0.0001</precision>
              <numericDomain>
                <numberType>real</numberType>
              </numericDomain>
            </interval>
          </measurementScale>
          <missingValueCode>
            <code>NaN</code>
            <codeExplanation>value not recorded or invalid</codeExplanation>
          </missingValueCode>
        </attribute>
        <attribute id="att.28">
          <attributeName>Percent_Total_Phenolics</attributeName>
          <attributeDefinition>% Total Phenolics per unit AFDM</attributeDefinition>
          <storageType>float</storageType>
          <measurementScale>
            <interval>
              <unit>
                <customUnit>percentabbr.</customUnit>
              </unit>
              <precision>0.00001</precision>
              <numericDomain>
                <numberType>real</numberType>
              </numericDomain>
            </interval>
          </measurementScale>
          <missingValueCode>
            <code>NaN</code>
            <codeExplanation>value not recorded or invalid</codeExplanation>
          </missingValueCode>
        </attribute>
      </attributeList>
    </dataTable>
    <otherEntity id="CWT_NUT_4057.kml">
      <entityName>CWT_NUT_4057.kml</entityName>
      <entityDescription>Google Earth Keyhole Markup Language file describing the geographic locations sampled in data set knb-lter-cwt.4057.13</entityDescription>
      <physical>
        <objectName>CWT_NUT_4057.kml</objectName>
        <dataFormat>
          <externallyDefinedFormat>
            <formatName>application/vnd.google-earth.kml+xml</formatName>
          </externallyDefinedFormat>
        </dataFormat>
        <distribution>
          <online>
            <url function="download">https://pasta.lternet.edu/package/data/eml/knb-lter-cwt/4057/13/c69e1857bdce8cef8aced23579e652f9</url>
          </online>
          <access authSystem="https://pasta.lternet.edu/authentication"
            order="allowFirst" scope="document" system="https://pasta.lternet.edu">
            <allow>
              <principal>uid=CWT,o=lter,dc=ecoinformatics,dc=org</principal>
              <permission>all</permission>
            </allow>
            <allow>
              <principal>public</principal>
              <permission>read</permission>
            </allow>
          </access>
        </distribution>
      </physical>
      <entityType>KML</entityType>
    </otherEntity>
  </dataset>
  <additionalMetadata>
    <metadata>
      <stmml:unitList
        xmlns:stmml="http://www.xml-cml.org/schema/stmml-1.1" xsi:schemaLocation="http://www.xml-cml.org/schema/stmml-1.1 http://gce-lter.marsci.uga.edu/public/files/schemas/eml-210/stmml.xsd">
        <!--note that the unitTypes here are taken from the eml-unitDictionary.xml-->
        <stmml:unit abbreviation="day" id="day" multiplierToSI="86400"
          name="day" parentSI="second">
          <stmml:description>day (86400 seconds)</stmml:description>
        </stmml:unit>
        <stmml:unit abbreviation="%" id="percentabbr."
          multiplierToSI="1" name="percent" unitType="dimensionless">
          <stmml:description>ratio of two quantities as percent composition (1:100)</stmml:description>
        </stmml:unit>
      </stmml:unitList>
    </metadata>
  </additionalMetadata>
</eml:eml>
