<?xml version="1.0" encoding="UTF-8"?>
<eml:eml packageId="knb-lter-cwt.4107.13"
  system="https://pasta.edirepository.org"
  xmlns:ds="eml://ecoinformatics.org/dataset-2.1.0"
  xmlns:eml="eml://ecoinformatics.org/eml-2.1.1"
  xmlns:stmml="http://www.xml-cml.org/schema/stmml-1.1"
  xmlns:xsi="http://www.w3.org/2001/XMLSchema-instance" xsi:schemaLocation="eml://ecoinformatics.org/eml-2.1.0 http://gce-lter.marsci.uga.edu/public/files/schemas/eml-210/eml.xsd">
  <access authSystem="https://pasta.edirepository.org/authentication"
    order="allowFirst" scope="document" system="https://pasta.edirepository.org">
    <allow>
      <principal>uid=CWT,o=lter,dc=ecoinformatics,dc=org</principal>
      <permission>all</permission>
    </allow>
    <allow>
      <principal>public</principal>
      <permission>read</permission>
    </allow>
  </access>
  <dataset>
    <alternateIdentifier>knb-lter-cwt.4107.1.1</alternateIdentifier>
    <title>Weather measurements above the Cullasaja River, Highlands, NC</title>
    <creator id="CWT-LTER">
      <organizationName>Coweeta Long Term Ecological Research Program</organizationName>
      <address>
        <deliveryPoint>Daniel B. Warnell School of Forestry and Natural Resources</deliveryPoint>
        <deliveryPoint>University of Georgia</deliveryPoint>
        <city>Athens</city>
        <administrativeArea>Georgia</administrativeArea>
        <postalCode>30602</postalCode>
        <country>USA</country>
      </address>
      <electronicMailAddress>cwtim@uga.edu</electronicMailAddress>
      <onlineUrl>http://coweeta.uga.edu/</onlineUrl>
    </creator>
    <creator>
      <individualName>
        <salutation>Dr.</salutation>
        <givenName>J.</givenName>
        <givenName>Marshall</givenName>
        <surName>Shepherd</surName>
      </individualName>
      <organizationName>University of Georgia</organizationName>
      <address>
        <deliveryPoint>UGA Department of Geography</deliveryPoint>
        <deliveryPoint>Atmospheric Sciences Program</deliveryPoint>
        <city>Athens</city>
        <administrativeArea>GA</administrativeArea>
        <postalCode>30602</postalCode>
      </address>
      <electronicMailAddress>marshgeo@uga.edu</electronicMailAddress>
      <onlineUrl>http://geography.uga.edu/directory/profile/shepherd-marshall/</onlineUrl>
    </creator>
    <metadataProvider>
      <references>CWT-LTER</references>
    </metadataProvider>
    <associatedParty>
      <individualName>
        <givenName>Jason</givenName>
        <surName>Love</surName>
      </individualName>
      <organizationName>University of Georgia</organizationName>
      <electronicMailAddress>jplove@uga.edu</electronicMailAddress>
      <role>Site Manager</role>
    </associatedParty>
    <associatedParty>
      <individualName>
        <givenName>Brian</givenName>
        <givenName>P.</givenName>
        <surName>Herndon</surName>
      </individualName>
      <organizationName>University of Georgia</organizationName>
      <electronicMailAddress>bherndon@uga.edu</electronicMailAddress>
      <role>Information Manager</role>
    </associatedParty>
    <pubDate>2017</pubDate>
    <abstract>
      <para>This data set contains measurements of air temperature, relative humidity, wind speed, wind direction, solar radiation, and rainfall from a site located above the Cullasaja River near Highlands, North Carolina. Air temperature, relative humidity, wind speed, and solar radiation are measured every 60 seconds with average, minimum, maximum, and discrete top of the hour values saved to the output data hourly. Wind direction is measured every 60 seconds with the average value saved to the output data table every hour. Hourly rainfall is totalized and a continuous 24 hour rainfall value is calculated. Calculations for evapotranspiration, dew point, heat index, wind chill, and wind vector are calculated hourly and saved to the output data table.</para>
    </abstract>
    <keywordSet>
      <keyword keywordType="theme">Cullasaja River</keyword>
      <keyword keywordType="theme">Heat Index</keyword>
      <keyword keywordType="theme">Highlands North Carolina</keyword>
      <keyword keywordType="theme">Meteorolgy</keyword>
      <keyword keywordType="theme">movement of inorganic matter</keyword>
      <keyword keywordType="theme">Regional Climate</keyword>
      <keyword keywordType="theme">Wind Chill</keyword>
      <keyword keywordType="theme">WindVector</keyword>
    </keywordSet>
    <keywordSet>
      <keyword keywordType="place">Coweeta Hydrologic Laboratory</keyword>
      <keyword keywordType="place">North Carolina</keyword>
      <keyword keywordType="place">USA</keyword>
      <keyword keywordType="theme">CWT</keyword>
      <keyword keywordType="theme">LTER</keyword>
      <keywordThesaurus>GCE-LTER Controlled Vocabulary</keywordThesaurus>
    </keywordSet>
    <keywordSet>
      <keyword keywordType="theme">air temperature</keyword>
      <keyword keywordType="theme">climate change</keyword>
      <keyword keywordType="theme">Coweeta LTER</keyword>
      <keyword keywordType="theme">dew point</keyword>
      <keyword keywordType="theme">evapotranspiration</keyword>
      <keyword keywordType="theme">precipitation</keyword>
      <keyword keywordType="theme">rainfall</keyword>
      <keyword keywordType="theme">relative humidity</keyword>
      <keyword keywordType="theme">solar radiation</keyword>
      <keyword keywordType="theme">weather</keyword>
      <keyword keywordType="theme">wind</keyword>
      <keyword keywordType="theme">wind direction</keyword>
      <keyword keywordType="theme">wind speed</keyword>
      <keywordThesaurus>LTER Controlled Vocabulary</keywordThesaurus>
    </keywordSet>
    <keywordSet>
      <keyword keywordType="theme">Inorganic Fluxes</keyword>
      <keywordThesaurus>LTER Core Research Areas</keywordThesaurus>
    </keywordSet>
    <intellectualRights>
      <para>not specified</para>
    </intellectualRights>
    <distribution>
      <online>
        <url function="information">http://coweeta.uga.edu/dbpublic/dataset_details.asp?accession=4107</url>
      </online>
    </distribution>
    <coverage>
      <temporalCoverage>
        <rangeOfDates>
          <beginDate>
            <calendarDate>2014-03-28</calendarDate>
          </beginDate>
          <endDate>
            <calendarDate>2016-12-31</calendarDate>
          </endDate>
        </rangeOfDates>
      </temporalCoverage>
    </coverage>
    <contact>
      <positionName>Coweeta LTER Information Manager</positionName>
      <address>
        <deliveryPoint>Department of Anthropology</deliveryPoint>
        <deliveryPoint>University of Georgia</deliveryPoint>
        <city>Athens</city>
        <administrativeArea>Georgia</administrativeArea>
        <postalCode>30602-1619</postalCode>
        <country>USA</country>
      </address>
      <electronicMailAddress>cwtim@uga.edu</electronicMailAddress>
    </contact>
    <publisher>
      <references>CWT-LTER</references>
    </publisher>
    <methods>
      <methodStep>
        <description>
          <section>
            <title> Air temperature and relative humidity</title>
            <para>Air temperature and relative humidity are measured using a HMP60-ETS Probe inside a 
gill radiation shield at approximately 2.5 meter height.</para>
          </section>
        </description>
        <instrumentation>This sensor is a component of Campbell Scientific's ET107 monitoring station.</instrumentation>
      </methodStep>
      <methodStep>
        <description>
          <section>
            <title>Rainfall</title>
            <para>Rainfall is measured using a Texas Electronics TE525-ET tipping bucking rain gage at approximately 2.5 meter height.</para>
          </section>
        </description>
        <instrumentation>This sensor is a component of Campbell Scientific's ET107 monitoring station.</instrumentation>
      </methodStep>
      <methodStep>
        <description>
          <section>
            <title>Solar radiation</title>
            <para>Solar radiation is measured using CS305-ET Sensor at approximately 2.5 meter height.</para>
          </section>
        </description>
        <instrumentation>This sensor is a component of Campbell Scientific's ET107 monitoring station.</instrumentation>
      </methodStep>
      <methodStep>
        <description>
          <section>
            <title>Wind speed and direction</title>
            <para>Wind speed and direction is measured using a Met One 034B-ETM wind sensor at        
approximately 2.5 meter height.</para>
          </section>
        </description>
        <instrumentation>This sensor is a component of Campbell Scientific's ET107 monitoring station.</instrumentation>
      </methodStep>
      <sampling>
        <studyExtent>
          <coverage>
            <temporalCoverage>
              <rangeOfDates>
                <beginDate>
                  <calendarDate>2014-03-28</calendarDate>
                </beginDate>
                <endDate>
                  <calendarDate>2016-12-31</calendarDate>
                </endDate>
              </rangeOfDates>
            </temporalCoverage>
          </coverage>
        </studyExtent>
        <samplingDescription>
          <section>
            <title>Cullasaja River Weather Data</title>
            <para>This data set contains measurements of air temperature, relative humidity, wind speed, wind   
direction, solar radiation, and rainfall from a site located above the Cullasaja River near   
Highlands, North Carolina. Air temperature, relative humidity, wind speed, and solar radiation
are measured every 60 seconds with average, minimum, maximum, and discrete top of the hour    
values saved to the output data hourly. Wind direction is measured every 60 seconds with the  
average value saved to the output data table every hour. Hourly rainfall is totalized and a   
continuous 24 hour rainfall value is calculated. Calculations for evapotranspiration, dew     
point, heat index, wind chill, and wind vector are calculated hourly and saved to the output  
data table.</para>
            <para>Measurements are made every 60 seconds with hourly calcuations recorded in the data table. Top of the hour discrete measurements are taken for some parameters and recorded in the data table. Some 24 hour calculations also are recorded in the data table.</para>
          </section>
        </samplingDescription>
        <spatialSamplingUnits>
          <referencedEntityId>4107.kml</referencedEntityId>
        </spatialSamplingUnits>
      </sampling>
    </methods>
    <project>
      <title>Coweeta LTER Project VI</title>
      <personnel>
        <individualName>
          <givenName>Ted</givenName>
          <givenName>L</givenName>
          <surName>Gragson</surName>
        </individualName>
        <role>principalInvestigator</role>
      </personnel>
      <personnel>
        <individualName>
          <givenName>John</givenName>
          <givenName>F.</givenName>
          <surName>Chamblee</surName>
        </individualName>
        <role>information Manager</role>
      </personnel>
      <abstract>
        <para>Multi-scale process-oriented research is proposed on the consequences to the southernAppalachian socio-ecological system of the interaction between changing climate and landuse. Landscapes in the southeastern U.S. are expected to change profoundly in the next fivedecades as the socioeconomic factors driving the dramatic exurbanization of the past threedecades persist, and the changes to the rates, frequencies, and intensities of importantclimatic factors occur. Climate and land use change will especially impact the rural andquasi-rural lands that still characterize much of southern Appalachia where this research iscentered.The proposed research will extend long-term measurements, field experiments andinterdisciplinary modeling from small watershed studies to regional-scale analyses so as toaccount for increases in resource demand and competition from adjacent and more distantareas. The research focus will be on the provisioning service of water quantity, the regulatingservice of water quality, and the supporting service of maintaining biodiversity. Theoverarching question that guides this research is: How will key ecosystem processes and thefocal ecosystem services of water quantity, water quality, and biodiversity be impacted bythe: (1) transition in land uses from wildland to urban and peri-urban; (2) changes in climate;and (3) interactions between changes in land use and climate including both on-site and off-site feedbacks?</para>
      </abstract>
      <funding>
        <para>This material is based upon work supported by the National Science Foundation under grant numbers DEB-0823293, DEB-9632854 and DEB-0218001. Any opinions, findings, conclusions, or recommendations expressed in the material are those of the author(s) and do not necessarily reflect the views of the National Science Foundation.</para>
      </funding>
    </project>
    <dataTable>
      <entityName>4107_DataTable</entityName>
      <entityDescription>Weather data from Cullasaja River</entityDescription>
      <physical>
        <objectName>4107_DataTable_1_0.TXT</objectName>
        <size unit="rows"/>
        <characterEncoding>ASCII</characterEncoding>
        <dataFormat>
          <textFormat>
            <numHeaderLines>1</numHeaderLines>
            <numFooterLines>0</numFooterLines>
            <recordDelimiter>\r\n</recordDelimiter>
            <numPhysicalLinesPerRecord>1</numPhysicalLinesPerRecord>
            <attributeOrientation>column</attributeOrientation>
            <simpleDelimited>
              <fieldDelimiter>\t</fieldDelimiter>
            </simpleDelimited>
          </textFormat>
        </dataFormat>
        <distribution>
          <online>
            <url function="download">https://pasta.lternet.edu/package/data/eml/knb-lter-cwt/4107/13/79978a572637a120f871690e268c1836</url>
          </online>
          <access
            authSystem="https://pasta.edirepository.org/authentication"
            order="allowFirst" scope="document" system="https://pasta.edirepository.org">
            <allow>
              <principal>uid=CWT,o=lter,dc=ecoinformatics,dc=org</principal>
              <permission>all</permission>
            </allow>
            <allow>
              <principal>public</principal>
              <permission>read</permission>
            </allow>
          </access>
        </distribution>
      </physical>
      <methods>
        <methodStep>
          <description>
            <para>Data file post-processing in the CWT-LTER Information Management Office</para>
          </description>
          <subStep>
            <description>
              <para>01/05/2017: new GCE Data Structure 1.1 created ('newstruct')</para>
            </description>
          </subStep>
          <subStep>
            <description>
              <para>01/05/2017: new GCE Data Structure 1.1 created ('newstruct')</para>
            </description>
          </subStep>
          <subStep>
            <description>
              <para>01/05/2017: new GCE Data Structure 1.1 created ('newstruct')</para>
            </description>
          </subStep>
          <subStep>
            <description>
              <para>01/05/2017: new GCE Data Structure 1.1 created ('newstruct')</para>
            </description>
          </subStep>
          <subStep>
            <description>
              <para>01/05/2017: new GCE Data Structure 1.1 created ('newstruct')</para>
            </description>
          </subStep>
          <subStep>
            <description>
              <para>01/05/2017: 22856 rows imported from ASCII data file 'Cullasaja_Cullasaja.dat' ('imp_ascii')</para>
            </description>
          </subStep>
          <subStep>
            <description>
              <para>01/05/2017: 22856 rows imported from ASCII data file 'Cullasaja_Cullasaja.dat' ('imp_ascii')</para>
            </description>
          </subStep>
          <subStep>
            <description>
              <para>01/05/2017: 22856 rows imported from ASCII data file 'Cullasaja_Cullasaja.dat' ('imp_ascii')</para>
            </description>
          </subStep>
          <subStep>
            <description>
              <para>01/05/2017: 22856 rows imported from ASCII data file 'Cullasaja_Cullasaja.dat' ('imp_ascii')</para>
            </description>
          </subStep>
          <subStep>
            <description>
              <para>01/05/2017: 22856 rows imported from ASCII data file 'Cullasaja_Cullasaja.dat' ('imp_ascii')</para>
            </description>
          </subStep>
          <subStep>
            <description>
              <para>01/05/2017: 4 metadata fields in file header parsed ('parse_header')</para>
            </description>
          </subStep>
          <subStep>
            <description>
              <para>01/05/2017: 4 metadata fields in file header parsed ('parse_header')</para>
            </description>
          </subStep>
          <subStep>
            <description>
              <para>01/05/2017: 4 metadata fields in file header parsed ('parse_header')</para>
            </description>
          </subStep>
          <subStep>
            <description>
              <para>01/05/2017: 4 metadata fields in file header parsed ('parse_header')</para>
            </description>
          </subStep>
          <subStep>
            <description>
              <para>01/05/2017: 4 metadata fields in file header parsed ('parse_header')</para>
            </description>
          </subStep>
          <subStep>
            <description>
              <para>01/05/2017: automatically assigned numerical types and precisions for columns Second%%temp, BattV_Min, PTemp_Max, Enc_RHumidity_Max, WSpeed_ms_Avg, WSpeed_ms_Max, WSpeed_ms_Min, WSpeed_ms, WDir_Avg, WindVector, WSpeed_ms_WVc(2), WSpeed_ms_WVc(3), Rain_mm_Tot, Rain24Ttl, ATempC_Avg, ATempC_Min, ATempC_Max, ATempC, RHumidity_Avg, RHumidity_Min, RHumidity_Max, RHumidity, SlrRad_W_Avg, SlrRad_W_Min, SlrRad_W_Max, Evapotranspiration, ATempC_RSo, DewPointC_Avg, WindChillC_Avg and HeatIndexC_Avg; assigned data type of column Second%%temp to 'd' (integer); assigned data types of columns BattV_Min, PTemp_Max, Enc_RHumidity_Max, WSpeed_ms_Avg, WSpeed_ms_Max, WSpeed_ms_Min, WSpeed_ms, WDir_Avg, WindVector, WSpeed_ms_WVc(2), WSpeed_ms_WVc(3), Rain_mm_Tot, Rain24Ttl, ATempC_Avg, ATempC_Min, ATempC_Max, ATempC, RHumidity_Avg, RHumidity_Min, RHumidity_Max, RHumidity, SlrRad_W_Avg, SlrRad_W_Min, SlrRad_W_Max, Evapotranspiration, ATempC_RSo, DewPointC_Avg, WindChillC_Avg and HeatIndexC_Avg to 'f' (floating-point) ('assign_numtype')</para>
            </description>
          </subStep>
          <subStep>
            <description>
              <para>01/05/2017: automatically assigned numerical types and precisions for columns Second%%temp, BattV_Min, PTemp_Max, Enc_RHumidity_Max, WSpeed_ms_Avg, WSpeed_ms_Max, WSpeed_ms_Min, WSpeed_ms, WDir_Avg, WindVector, WSpeed_ms_WVc(2), WSpeed_ms_WVc(3), Rain_mm_Tot, Rain24Ttl, ATempC_Avg, ATempC_Min, ATempC_Max, ATempC, RHumidity_Avg, RHumidity_Min, RHumidity_Max, RHumidity, SlrRad_W_Avg, SlrRad_W_Min, SlrRad_W_Max, Evapotranspiration, ATempC_RSo, DewPointC_Avg, WindChillC_Avg and HeatIndexC_Avg; assigned data type of column Second%%temp to 'd' (integer); assigned data types of columns BattV_Min, PTemp_Max, Enc_RHumidity_Max, WSpeed_ms_Avg, WSpeed_ms_Max, WSpeed_ms_Min, WSpeed_ms, WDir_Avg, WindVector, WSpeed_ms_WVc(2), WSpeed_ms_WVc(3), Rain_mm_Tot, Rain24Ttl, ATempC_Avg, ATempC_Min, ATempC_Max, ATempC, RHumidity_Avg, RHumidity_Min, RHumidity_Max, RHumidity, SlrRad_W_Avg, SlrRad_W_Min, SlrRad_W_Max, Evapotranspiration, ATempC_RSo, DewPointC_Avg, WindChillC_Avg and HeatIndexC_Avg to 'f' (floating-point) ('assign_numtype')</para>
            </description>
          </subStep>
          <subStep>
            <description>
              <para>01/05/2017: automatically assigned numerical types and precisions for columns Second%%temp, BattV_Min, PTemp_Max, Enc_RHumidity_Max, WSpeed_ms_Avg, WSpeed_ms_Max, WSpeed_ms_Min, WSpeed_ms, WDir_Avg, WindVector, WSpeed_ms_WVc(2), WSpeed_ms_WVc(3), Rain_mm_Tot, Rain24Ttl, ATempC_Avg, ATempC_Min, ATempC_Max, ATempC, RHumidity_Avg, RHumidity_Min, RHumidity_Max, RHumidity, SlrRad_W_Avg, SlrRad_W_Min, SlrRad_W_Max, Evapotranspiration, ATempC_RSo, DewPointC_Avg, WindChillC_Avg and HeatIndexC_Avg; assigned data type of column Second%%temp to 'd' (integer); assigned data types of columns BattV_Min, PTemp_Max, Enc_RHumidity_Max, WSpeed_ms_Avg, WSpeed_ms_Max, WSpeed_ms_Min, WSpeed_ms, WDir_Avg, WindVector, WSpeed_ms_WVc(2), WSpeed_ms_WVc(3), Rain_mm_Tot, Rain24Ttl, ATempC_Avg, ATempC_Min, ATempC_Max, ATempC, RHumidity_Avg, RHumidity_Min, RHumidity_Max, RHumidity, SlrRad_W_Avg, SlrRad_W_Min, SlrRad_W_Max, Evapotranspiration, ATempC_RSo, DewPointC_Avg, WindChillC_Avg and HeatIndexC_Avg to 'f' (floating-point) ('assign_numtype')</para>
            </description>
          </subStep>
          <subStep>
            <description>
              <para>01/05/2017: automatically assigned numerical types and precisions for columns Second%%temp, BattV_Min, PTemp_Max, Enc_RHumidity_Max, WSpeed_ms_Avg, WSpeed_ms_Max, WSpeed_ms_Min, WSpeed_ms, WDir_Avg, WindVector, WSpeed_ms_WVc(2), WSpeed_ms_WVc(3), Rain_mm_Tot, Rain24Ttl, ATempC_Avg, ATempC_Min, ATempC_Max, ATempC, RHumidity_Avg, RHumidity_Min, RHumidity_Max, RHumidity, SlrRad_W_Avg, SlrRad_W_Min, SlrRad_W_Max, Evapotranspiration, ATempC_RSo, DewPointC_Avg, WindChillC_Avg and HeatIndexC_Avg; assigned data type of column Second%%temp to 'd' (integer); assigned data types of columns BattV_Min, PTemp_Max, Enc_RHumidity_Max, WSpeed_ms_Avg, WSpeed_ms_Max, WSpeed_ms_Min, WSpeed_ms, WDir_Avg, WindVector, WSpeed_ms_WVc(2), WSpeed_ms_WVc(3), Rain_mm_Tot, Rain24Ttl, ATempC_Avg, ATempC_Min, ATempC_Max, ATempC, RHumidity_Avg, RHumidity_Min, RHumidity_Max, RHumidity, SlrRad_W_Avg, SlrRad_W_Min, SlrRad_W_Max, Evapotranspiration, ATempC_RSo, DewPointC_Avg, WindChillC_Avg and HeatIndexC_Avg to 'f' (floating-point) ('assign_numtype')</para>
            </description>
          </subStep>
          <subStep>
            <description>
              <para>01/05/2017: automatically assigned numerical types and precisions for columns Second%%temp, BattV_Min, PTemp_Max, Enc_RHumidity_Max, WSpeed_ms_Avg, WSpeed_ms_Max, WSpeed_ms_Min, WSpeed_ms, WDir_Avg, WindVector, WSpeed_ms_WVc(2), WSpeed_ms_WVc(3), Rain_mm_Tot, Rain24Ttl, ATempC_Avg, ATempC_Min, ATempC_Max, ATempC, RHumidity_Avg, RHumidity_Min, RHumidity_Max, RHumidity, SlrRad_W_Avg, SlrRad_W_Min, SlrRad_W_Max, Evapotranspiration, ATempC_RSo, DewPointC_Avg, WindChillC_Avg and HeatIndexC_Avg; assigned data type of column Second%%temp to 'd' (integer); assigned data types of columns BattV_Min, PTemp_Max, Enc_RHumidity_Max, WSpeed_ms_Avg, WSpeed_ms_Max, WSpeed_ms_Min, WSpeed_ms, WDir_Avg, WindVector, WSpeed_ms_WVc(2), WSpeed_ms_WVc(3), Rain_mm_Tot, Rain24Ttl, ATempC_Avg, ATempC_Min, ATempC_Max, ATempC, RHumidity_Avg, RHumidity_Min, RHumidity_Max, RHumidity, SlrRad_W_Avg, SlrRad_W_Min, SlrRad_W_Max, Evapotranspiration, ATempC_RSo, DewPointC_Avg, WindChillC_Avg and HeatIndexC_Avg to 'f' (floating-point) ('assign_numtype')</para>
            </description>
          </subStep>
          <subStep>
            <description>
              <para>01/05/2017: data structure validated ('gce_valid')</para>
            </description>
          </subStep>
          <subStep>
            <description>
              <para>01/05/2017: data structure validated ('gce_valid')</para>
            </description>
          </subStep>
          <subStep>
            <description>
              <para>01/05/2017: data structure validated ('gce_valid')</para>
            </description>
          </subStep>
          <subStep>
            <description>
              <para>01/05/2017: data structure validated ('gce_valid')</para>
            </description>
          </subStep>
          <subStep>
            <description>
              <para>01/05/2017: data structure validated ('gce_valid')</para>
            </description>
          </subStep>
          <subStep>
            <description>
              <para>01/05/2017: calculated calendar date in MATLAB serial day (base 1/1/0000) format from individual date component columns Year%%temp, Month%%temp, Day%%temp, Hour%%temp, Minute%%temp and Second%%temp, added 'Date' column at position 1 ('add_datecol')</para>
            </description>
          </subStep>
          <subStep>
            <description>
              <para>01/05/2017: calculated calendar date in MATLAB serial day (base 1/1/0000) format from individual date component columns Year%%temp, Month%%temp, Day%%temp, Hour%%temp, Minute%%temp and Second%%temp, added 'Date' column at position 1 ('add_datecol')</para>
            </description>
          </subStep>
          <subStep>
            <description>
              <para>01/05/2017: calculated calendar date in MATLAB serial day (base 1/1/0000) format from individual date component columns Year%%temp, Month%%temp, Day%%temp, Hour%%temp, Minute%%temp and Second%%temp, added 'Date' column at position 1 ('add_datecol')</para>
            </description>
          </subStep>
          <subStep>
            <description>
              <para>01/05/2017: calculated calendar date in MATLAB serial day (base 1/1/0000) format from individual date component columns Year%%temp, Month%%temp, Day%%temp, Hour%%temp, Minute%%temp and Second%%temp, added 'Date' column at position 1 ('add_datecol')</para>
            </description>
          </subStep>
          <subStep>
            <description>
              <para>01/05/2017: calculated calendar date in MATLAB serial day (base 1/1/0000) format from individual date component columns Year%%temp, Month%%temp, Day%%temp, Hour%%temp, Minute%%temp and Second%%temp, added 'Date' column at position 1 ('add_datecol')</para>
            </description>
          </subStep>
          <subStep>
            <description>
              <para>01/05/2017: updated attribute metadata descriptors ('update_attributes'): updated units for column Date from serial day (base 1/1/0000) to serial day (base 1/1/0000) - EST</para>
            </description>
          </subStep>
          <subStep>
            <description>
              <para>01/05/2017: updated attribute metadata descriptors ('update_attributes'): updated units for column Date from serial day (base 1/1/0000) to serial day (base 1/1/0000) - EST</para>
            </description>
          </subStep>
          <subStep>
            <description>
              <para>01/05/2017: updated attribute metadata descriptors ('update_attributes'): updated units for column Date from serial day (base 1/1/0000) to serial day (base 1/1/0000) - EST</para>
            </description>
          </subStep>
          <subStep>
            <description>
              <para>01/05/2017: updated attribute metadata descriptors ('update_attributes'): updated units for column Date from serial day (base 1/1/0000) to serial day (base 1/1/0000) - EST</para>
            </description>
          </subStep>
          <subStep>
            <description>
              <para>01/05/2017: updated attribute metadata descriptors ('update_attributes'): updated units for column Date from serial day (base 1/1/0000) to serial day (base 1/1/0000) - EST</para>
            </description>
          </subStep>
          <subStep>
            <description>
              <para>01/05/2017: deleted columns Year%%temp, Month%%temp, Day%%temp, Hour%%temp, Minute%%temp and Second%%temp from the structure ('deletecols')</para>
            </description>
          </subStep>
          <subStep>
            <description>
              <para>01/05/2017: deleted columns Year%%temp, Month%%temp, Day%%temp, Hour%%temp, Minute%%temp and Second%%temp from the structure ('deletecols')</para>
            </description>
          </subStep>
          <subStep>
            <description>
              <para>01/05/2017: deleted columns Year%%temp, Month%%temp, Day%%temp, Hour%%temp, Minute%%temp and Second%%temp from the structure ('deletecols')</para>
            </description>
          </subStep>
          <subStep>
            <description>
              <para>01/05/2017: deleted columns Year%%temp, Month%%temp, Day%%temp, Hour%%temp, Minute%%temp and Second%%temp from the structure ('deletecols')</para>
            </description>
          </subStep>
          <subStep>
            <description>
              <para>01/05/2017: deleted columns Year%%temp, Month%%temp, Day%%temp, Hour%%temp, Minute%%temp and Second%%temp from the structure ('deletecols')</para>
            </description>
          </subStep>
          <subStep>
            <description>
              <para>01/05/2017: automatically assigned study date metadata descriptors based on the range of date values in date/time columns (add_studydates)</para>
            </description>
          </subStep>
          <subStep>
            <description>
              <para>01/05/2017: automatically assigned study date metadata descriptors based on the range of date values in date/time columns (add_studydates)</para>
            </description>
          </subStep>
          <subStep>
            <description>
              <para>01/05/2017: automatically assigned study date metadata descriptors based on the range of date values in date/time columns (add_studydates)</para>
            </description>
          </subStep>
          <subStep>
            <description>
              <para>01/05/2017: automatically assigned study date metadata descriptors based on the range of date values in date/time columns (add_studydates)</para>
            </description>
          </subStep>
          <subStep>
            <description>
              <para>01/05/2017: automatically assigned study date metadata descriptors based on the range of date values in date/time columns (add_studydates)</para>
            </description>
          </subStep>
          <subStep>
            <description>
              <para>01/05/2017: imported all documentation metadata from the template 'Cullasaja', updating descriptors for columns Date, BattV_Min, PTemp_Max, Enc_RHumidity_Max, WSpeed_ms_Avg, WSpeed_ms_Max, WSpeed_ms_Min, WSpeed_ms, WDir_Avg, WindVector, WindVector_Speed, WindVector_std._dev., Rain_mm_Tot, Rain24Ttl, ATempC_Avg, ATempC_Min, ATempC_Max, ATempC, RHumidity_Avg, RHumidity_Min, RHumidity_Max, RHumidity, SlrRad_W_Avg, SlrRad_W_Min, SlrRad_W_Max, Evapotranspiration, ATempC_RSo, DewPointC_Avg, WindChillC_Avg and HeatIndexC_Avg ('meta_template')</para>
            </description>
          </subStep>
          <subStep>
            <description>
              <para>01/05/2017: imported all documentation metadata from the template 'Cullasaja', updating descriptors for columns Date, BattV_Min, PTemp_Max, Enc_RHumidity_Max, WSpeed_ms_Avg, WSpeed_ms_Max, WSpeed_ms_Min, WSpeed_ms, WDir_Avg, WindVector, WindVector_Speed, WindVector_std._dev., Rain_mm_Tot, Rain24Ttl, ATempC_Avg, ATempC_Min, ATempC_Max, ATempC, RHumidity_Avg, RHumidity_Min, RHumidity_Max, RHumidity, SlrRad_W_Avg, SlrRad_W_Min, SlrRad_W_Max, Evapotranspiration, ATempC_RSo, DewPointC_Avg, WindChillC_Avg and HeatIndexC_Avg ('meta_template')</para>
            </description>
          </subStep>
          <subStep>
            <description>
              <para>01/05/2017: imported all documentation metadata from the template 'Cullasaja', updating descriptors for columns Date, BattV_Min, PTemp_Max, Enc_RHumidity_Max, WSpeed_ms_Avg, WSpeed_ms_Max, WSpeed_ms_Min, WSpeed_ms, WDir_Avg, WindVector, WindVector_Speed, WindVector_std._dev., Rain_mm_Tot, Rain24Ttl, ATempC_Avg, ATempC_Min, ATempC_Max, ATempC, RHumidity_Avg, RHumidity_Min, RHumidity_Max, RHumidity, SlrRad_W_Avg, SlrRad_W_Min, SlrRad_W_Max, Evapotranspiration, ATempC_RSo, DewPointC_Avg, WindChillC_Avg and HeatIndexC_Avg ('meta_template')</para>
            </description>
          </subStep>
          <subStep>
            <description>
              <para>01/05/2017: imported all documentation metadata from the template 'Cullasaja', updating descriptors for columns Date, BattV_Min, PTemp_Max, Enc_RHumidity_Max, WSpeed_ms_Avg, WSpeed_ms_Max, WSpeed_ms_Min, WSpeed_ms, WDir_Avg, WindVector, WindVector_Speed, WindVector_std._dev., Rain_mm_Tot, Rain24Ttl, ATempC_Avg, ATempC_Min, ATempC_Max, ATempC, RHumidity_Avg, RHumidity_Min, RHumidity_Max, RHumidity, SlrRad_W_Avg, SlrRad_W_Min, SlrRad_W_Max, Evapotranspiration, ATempC_RSo, DewPointC_Avg, WindChillC_Avg and HeatIndexC_Avg ('meta_template')</para>
            </description>
          </subStep>
          <subStep>
            <description>
              <para>01/05/2017: imported all documentation metadata from the template 'Cullasaja', updating descriptors for columns Date, BattV_Min, PTemp_Max, Enc_RHumidity_Max, WSpeed_ms_Avg, WSpeed_ms_Max, WSpeed_ms_Min, WSpeed_ms, WDir_Avg, WindVector, WindVector_Speed, WindVector_std._dev., Rain_mm_Tot, Rain24Ttl, ATempC_Avg, ATempC_Min, ATempC_Max, ATempC, RHumidity_Avg, RHumidity_Min, RHumidity_Max, RHumidity, SlrRad_W_Avg, SlrRad_W_Min, SlrRad_W_Max, Evapotranspiration, ATempC_RSo, DewPointC_Avg, WindChillC_Avg and HeatIndexC_Avg ('meta_template')</para>
            </description>
          </subStep>
          <subStep>
            <description>
              <para>01/05/2017: updated 23 metadata fields in the Data, Dataset, Project, Site, Status, Study sections ('addmeta')</para>
            </description>
          </subStep>
          <subStep>
            <description>
              <para>01/05/2017: updated 23 metadata fields in the Data, Dataset, Project, Site, Status, Study sections ('addmeta')</para>
            </description>
          </subStep>
          <subStep>
            <description>
              <para>01/05/2017: updated 23 metadata fields in the Data, Dataset, Project, Site, Status, Study sections ('addmeta')</para>
            </description>
          </subStep>
          <subStep>
            <description>
              <para>01/05/2017: updated 23 metadata fields in the Data, Dataset, Project, Site, Status, Study sections ('addmeta')</para>
            </description>
          </subStep>
          <subStep>
            <description>
              <para>01/05/2017: updated 23 metadata fields in the Data, Dataset, Project, Site, Status, Study sections ('addmeta')</para>
            </description>
          </subStep>
          <subStep>
            <description>
              <para>01/05/2017: updated title ('newtitle')</para>
            </description>
          </subStep>
          <subStep>
            <description>
              <para>01/05/2017: updated title ('newtitle')</para>
            </description>
          </subStep>
          <subStep>
            <description>
              <para>01/05/2017: updated title ('newtitle')</para>
            </description>
          </subStep>
          <subStep>
            <description>
              <para>01/05/2017: updated title ('newtitle')</para>
            </description>
          </subStep>
          <subStep>
            <description>
              <para>01/05/2017: updated title ('newtitle')</para>
            </description>
          </subStep>
          <subStep>
            <description>
              <para>01/05/2017: Q/C flagging criteria applied, 'flags' field updated ('dataflag')</para>
            </description>
          </subStep>
          <subStep>
            <description>
              <para>01/05/2017: Q/C flagging criteria applied, 'flags' field updated ('dataflag')</para>
            </description>
          </subStep>
          <subStep>
            <description>
              <para>01/05/2017: Q/C flagging criteria applied, 'flags' field updated ('dataflag')</para>
            </description>
          </subStep>
          <subStep>
            <description>
              <para>01/05/2017: Q/C flagging criteria applied, 'flags' field updated ('dataflag')</para>
            </description>
          </subStep>
          <subStep>
            <description>
              <para>01/05/2017: Q/C flagging criteria applied, 'flags' field updated ('dataflag')</para>
            </description>
          </subStep>
          <subStep>
            <description>
              <para>01/05/2017: added column 'Site' at position 1 ('addcol')</para>
            </description>
          </subStep>
          <subStep>
            <description>
              <para>01/05/2017: added column 'Site' at position 1 ('addcol')</para>
            </description>
          </subStep>
          <subStep>
            <description>
              <para>01/05/2017: added column 'Site' at position 1 ('addcol')</para>
            </description>
          </subStep>
          <subStep>
            <description>
              <para>01/05/2017: added column 'Site' at position 1 ('addcol')</para>
            </description>
          </subStep>
          <subStep>
            <description>
              <para>01/05/2017: added column 'Site' at position 1 ('addcol')</para>
            </description>
          </subStep>
          <subStep>
            <description>
              <para>01/05/2017: documented flagged and missing values in columns PTemp_Max, Enc_RHumidity_Max, Rain24Ttl, RHumidity_Avg, RHumidity_Min, RHumidity_Max and RHumidity as data set anomalies in the metadata ('add_anomalies')</para>
            </description>
          </subStep>
          <subStep>
            <description>
              <para>01/05/2017: documented flagged and missing values in columns PTemp_Max, Enc_RHumidity_Max, Rain24Ttl, RHumidity_Avg, RHumidity_Min, RHumidity_Max and RHumidity as data set anomalies in the metadata ('add_anomalies')</para>
            </description>
          </subStep>
          <subStep>
            <description>
              <para>01/05/2017: documented flagged and missing values in columns PTemp_Max, Enc_RHumidity_Max, Rain24Ttl, RHumidity_Avg, RHumidity_Min, RHumidity_Max and RHumidity as data set anomalies in the metadata ('add_anomalies')</para>
            </description>
          </subStep>
          <subStep>
            <description>
              <para>01/05/2017: documented flagged and missing values in columns PTemp_Max, Enc_RHumidity_Max, Rain24Ttl, RHumidity_Avg, RHumidity_Min, RHumidity_Max and RHumidity as data set anomalies in the metadata ('add_anomalies')</para>
            </description>
          </subStep>
          <subStep>
            <description>
              <para>01/05/2017: documented flagged and missing values in columns PTemp_Max, Enc_RHumidity_Max, Rain24Ttl, RHumidity_Avg, RHumidity_Min, RHumidity_Max and RHumidity as data set anomalies in the metadata ('add_anomalies')</para>
            </description>
          </subStep>
          <subStep>
            <description>
              <para>01/05/2017: added calculated Year, YearDay and Hours columns based on date/time information in the data structure ('add_year_yearday_hours')</para>
            </description>
          </subStep>
          <subStep>
            <description>
              <para>01/05/2017: added calculated Year, YearDay and Hours columns based on date/time information in the data structure ('add_year_yearday_hours')</para>
            </description>
          </subStep>
          <subStep>
            <description>
              <para>01/05/2017: added calculated Year, YearDay and Hours columns based on date/time information in the data structure ('add_year_yearday_hours')</para>
            </description>
          </subStep>
          <subStep>
            <description>
              <para>01/05/2017: added calculated Year, YearDay and Hours columns based on date/time information in the data structure ('add_year_yearday_hours')</para>
            </description>
          </subStep>
          <subStep>
            <description>
              <para>01/05/2017: added calculated Year, YearDay and Hours columns based on date/time information in the data structure ('add_year_yearday_hours')</para>
            </description>
          </subStep>
          <subStep>
            <description>
              <para>01/06/2017: copied/reordered columns Site, Date, Year, YearDay, Hours, BattV_Min, PTemp_Max, Enc_RHumidity_Max, WSpeed_ms_Avg, WSpeed_ms_Max, WSpeed_ms_Min, WSpeed_ms, WDir_Avg, WindVector, WindVector_Speed, WindVector_std._dev., Rain_mm_Tot, Rain24Ttl, ATempC_Avg, ATempC_Min, ATempC_Max, ATempC, RHumidity_Avg, RHumidity_Min, RHumidity_Max, RHumidity, SlrRad_W_Avg, SlrRad_W_Min, SlrRad_W_Max, Evapotranspiration, ATempC_RSo, DewPointC_Avg, WindChillC_Avg, HeatIndexC_Avg and Date ('copycols')</para>
            </description>
          </subStep>
          <subStep>
            <description>
              <para>01/06/2017: copied/reordered columns Site, Date, Year, YearDay, Hours, BattV_Min, PTemp_Max, Enc_RHumidity_Max, WSpeed_ms_Avg, WSpeed_ms_Max, WSpeed_ms_Min, WSpeed_ms, WDir_Avg, WindVector, WindVector_Speed, WindVector_std._dev., Rain_mm_Tot, Rain24Ttl, ATempC_Avg, ATempC_Min, ATempC_Max, ATempC, RHumidity_Avg, RHumidity_Min, RHumidity_Max, RHumidity, SlrRad_W_Avg, SlrRad_W_Min, SlrRad_W_Max, Evapotranspiration, ATempC_RSo, DewPointC_Avg, WindChillC_Avg, HeatIndexC_Avg and Date ('copycols')</para>
            </description>
          </subStep>
          <subStep>
            <description>
              <para>01/06/2017: copied/reordered columns Site, Date, Year, YearDay, Hours, BattV_Min, PTemp_Max, Enc_RHumidity_Max, WSpeed_ms_Avg, WSpeed_ms_Max, WSpeed_ms_Min, WSpeed_ms, WDir_Avg, WindVector, WindVector_Speed, WindVector_std._dev., Rain_mm_Tot, Rain24Ttl, ATempC_Avg, ATempC_Min, ATempC_Max, ATempC, RHumidity_Avg, RHumidity_Min, RHumidity_Max, RHumidity, SlrRad_W_Avg, SlrRad_W_Min, SlrRad_W_Max, Evapotranspiration, ATempC_RSo, DewPointC_Avg, WindChillC_Avg, HeatIndexC_Avg and Date ('copycols')</para>
            </description>
          </subStep>
          <subStep>
            <description>
              <para>01/06/2017: copied/reordered columns Site, Date, Year, YearDay, Hours, BattV_Min, PTemp_Max, Enc_RHumidity_Max, WSpeed_ms_Avg, WSpeed_ms_Max, WSpeed_ms_Min, WSpeed_ms, WDir_Avg, WindVector, WindVector_Speed, WindVector_std._dev., Rain_mm_Tot, Rain24Ttl, ATempC_Avg, ATempC_Min, ATempC_Max, ATempC, RHumidity_Avg, RHumidity_Min, RHumidity_Max, RHumidity, SlrRad_W_Avg, SlrRad_W_Min, SlrRad_W_Max, Evapotranspiration, ATempC_RSo, DewPointC_Avg, WindChillC_Avg, HeatIndexC_Avg and Date ('copycols')</para>
            </description>
          </subStep>
          <subStep>
            <description>
              <para>01/06/2017: copied/reordered columns Site, Date, Year, YearDay, Hours, BattV_Min, PTemp_Max, Enc_RHumidity_Max, WSpeed_ms_Avg, WSpeed_ms_Max, WSpeed_ms_Min, WSpeed_ms, WDir_Avg, WindVector, WindVector_Speed, WindVector_std._dev., Rain_mm_Tot, Rain24Ttl, ATempC_Avg, ATempC_Min, ATempC_Max, ATempC, RHumidity_Avg, RHumidity_Min, RHumidity_Max, RHumidity, SlrRad_W_Avg, SlrRad_W_Min, SlrRad_W_Max, Evapotranspiration, ATempC_RSo, DewPointC_Avg, WindChillC_Avg, HeatIndexC_Avg and Date ('copycols')</para>
            </description>
          </subStep>
          <subStep>
            <description>
              <para>01/06/2017: renamed column 'Date' to 'Date_copy' and propagated the change to any dependent Q/C flag criteria ('rename_column')</para>
            </description>
          </subStep>
          <subStep>
            <description>
              <para>01/06/2017: renamed column 'Date' to 'Date_copy' and propagated the change to any dependent Q/C flag criteria ('rename_column')</para>
            </description>
          </subStep>
          <subStep>
            <description>
              <para>01/06/2017: renamed column 'Date' to 'Date_copy' and propagated the change to any dependent Q/C flag criteria ('rename_column')</para>
            </description>
          </subStep>
          <subStep>
            <description>
              <para>01/06/2017: renamed column 'Date' to 'Date_copy' and propagated the change to any dependent Q/C flag criteria ('rename_column')</para>
            </description>
          </subStep>
          <subStep>
            <description>
              <para>01/06/2017: renamed column 'Date' to 'Date_copy' and propagated the change to any dependent Q/C flag criteria ('rename_column')</para>
            </description>
          </subStep>
          <subStep>
            <description>
              <para>01/06/2017: copied/reordered columns Site, Date, Date_copy, Year, YearDay, Hours, BattV_Min, PTemp_Max, Enc_RHumidity_Max, WSpeed_ms_Avg, WSpeed_ms_Max, WSpeed_ms_Min, WSpeed_ms, WDir_Avg, WindVector, WindVector_Speed, WindVector_std._dev., Rain_mm_Tot, Rain24Ttl, ATempC_Avg, ATempC_Min, ATempC_Max, ATempC, RHumidity_Avg, RHumidity_Min, RHumidity_Max, RHumidity, SlrRad_W_Avg, SlrRad_W_Min, SlrRad_W_Max, Evapotranspiration, ATempC_RSo, DewPointC_Avg, WindChillC_Avg and HeatIndexC_Avg ('copycols')</para>
            </description>
          </subStep>
          <subStep>
            <description>
              <para>01/06/2017: copied/reordered columns Site, Date, Date_copy, Year, YearDay, Hours, BattV_Min, PTemp_Max, Enc_RHumidity_Max, WSpeed_ms_Avg, WSpeed_ms_Max, WSpeed_ms_Min, WSpeed_ms, WDir_Avg, WindVector, WindVector_Speed, WindVector_std._dev., Rain_mm_Tot, Rain24Ttl, ATempC_Avg, ATempC_Min, ATempC_Max, ATempC, RHumidity_Avg, RHumidity_Min, RHumidity_Max, RHumidity, SlrRad_W_Avg, SlrRad_W_Min, SlrRad_W_Max, Evapotranspiration, ATempC_RSo, DewPointC_Avg, WindChillC_Avg and HeatIndexC_Avg ('copycols')</para>
            </description>
          </subStep>
          <subStep>
            <description>
              <para>01/06/2017: copied/reordered columns Site, Date, Date_copy, Year, YearDay, Hours, BattV_Min, PTemp_Max, Enc_RHumidity_Max, WSpeed_ms_Avg, WSpeed_ms_Max, WSpeed_ms_Min, WSpeed_ms, WDir_Avg, WindVector, WindVector_Speed, WindVector_std._dev., Rain_mm_Tot, Rain24Ttl, ATempC_Avg, ATempC_Min, ATempC_Max, ATempC, RHumidity_Avg, RHumidity_Min, RHumidity_Max, RHumidity, SlrRad_W_Avg, SlrRad_W_Min, SlrRad_W_Max, Evapotranspiration, ATempC_RSo, DewPointC_Avg, WindChillC_Avg and HeatIndexC_Avg ('copycols')</para>
            </description>
          </subStep>
          <subStep>
            <description>
              <para>01/06/2017: copied/reordered columns Site, Date, Date_copy, Year, YearDay, Hours, BattV_Min, PTemp_Max, Enc_RHumidity_Max, WSpeed_ms_Avg, WSpeed_ms_Max, WSpeed_ms_Min, WSpeed_ms, WDir_Avg, WindVector, WindVector_Speed, WindVector_std._dev., Rain_mm_Tot, Rain24Ttl, ATempC_Avg, ATempC_Min, ATempC_Max, ATempC, RHumidity_Avg, RHumidity_Min, RHumidity_Max, RHumidity, SlrRad_W_Avg, SlrRad_W_Min, SlrRad_W_Max, Evapotranspiration, ATempC_RSo, DewPointC_Avg, WindChillC_Avg and HeatIndexC_Avg ('copycols')</para>
            </description>
          </subStep>
          <subStep>
            <description>
              <para>01/06/2017: copied/reordered columns Site, Date, Date_copy, Year, YearDay, Hours, BattV_Min, PTemp_Max, Enc_RHumidity_Max, WSpeed_ms_Avg, WSpeed_ms_Max, WSpeed_ms_Min, WSpeed_ms, WDir_Avg, WindVector, WindVector_Speed, WindVector_std._dev., Rain_mm_Tot, Rain24Ttl, ATempC_Avg, ATempC_Min, ATempC_Max, ATempC, RHumidity_Avg, RHumidity_Min, RHumidity_Max, RHumidity, SlrRad_W_Avg, SlrRad_W_Min, SlrRad_W_Max, Evapotranspiration, ATempC_RSo, DewPointC_Avg, WindChillC_Avg and HeatIndexC_Avg ('copycols')</para>
            </description>
          </subStep>
          <subStep>
            <description>
              <para>01/06/2017: converted dates in column(s) Date_copy to format HH:MM</para>
            </description>
          </subStep>
          <subStep>
            <description>
              <para>01/06/2017: converted dates in column(s) Date_copy to format HH:MM</para>
            </description>
          </subStep>
          <subStep>
            <description>
              <para>01/06/2017: converted dates in column(s) Date_copy to format HH:MM</para>
            </description>
          </subStep>
          <subStep>
            <description>
              <para>01/06/2017: converted dates in column(s) Date_copy to format HH:MM</para>
            </description>
          </subStep>
          <subStep>
            <description>
              <para>01/06/2017: converted dates in column(s) Date_copy to format HH:MM</para>
            </description>
          </subStep>
          <subStep>
            <description>
              <para>01/06/2017: Description of column Date_copy edited; Name of column Date_copy changed to Tim ('ui_editor')</para>
            </description>
          </subStep>
          <subStep>
            <description>
              <para>01/06/2017: Description of column Date_copy edited; Name of column Date_copy changed to Tim ('ui_editor')</para>
            </description>
          </subStep>
          <subStep>
            <description>
              <para>01/06/2017: Description of column Date_copy edited; Name of column Date_copy changed to Tim ('ui_editor')</para>
            </description>
          </subStep>
          <subStep>
            <description>
              <para>01/06/2017: Description of column Date_copy edited; Name of column Date_copy changed to Tim ('ui_editor')</para>
            </description>
          </subStep>
          <subStep>
            <description>
              <para>01/06/2017: Description of column Date_copy edited; Name of column Date_copy changed to Tim ('ui_editor')</para>
            </description>
          </subStep>
          <subStep>
            <description>
              <para>01/06/2017: converted dates in column(s) Date to format mm/dd/yyyy</para>
            </description>
          </subStep>
          <subStep>
            <description>
              <para>01/06/2017: converted dates in column(s) Date to format mm/dd/yyyy</para>
            </description>
          </subStep>
          <subStep>
            <description>
              <para>01/06/2017: converted dates in column(s) Date to format mm/dd/yyyy</para>
            </description>
          </subStep>
          <subStep>
            <description>
              <para>01/06/2017: converted dates in column(s) Date to format mm/dd/yyyy</para>
            </description>
          </subStep>
          <subStep>
            <description>
              <para>01/06/2017: converted dates in column(s) Date to format mm/dd/yyyy</para>
            </description>
          </subStep>
          <subStep>
            <description>
              <para>01/06/2017: manually edited data set metadata ('ui_editmetadata')</para>
            </description>
          </subStep>
          <subStep>
            <description>
              <para>01/06/2017: manually edited data set metadata ('ui_editmetadata')</para>
            </description>
          </subStep>
          <subStep>
            <description>
              <para>01/06/2017: manually edited data set metadata ('ui_editmetadata')</para>
            </description>
          </subStep>
          <subStep>
            <description>
              <para>01/06/2017: manually edited data set metadata ('ui_editmetadata')</para>
            </description>
          </subStep>
          <subStep>
            <description>
              <para>01/06/2017: manually edited data set metadata ('ui_editmetadata')</para>
            </description>
          </subStep>
          <subStep>
            <description>
              <para>01/06/2017: Description of column Date edited; deleted columns Year, YearDay and Hours from data structure ('ui_editor')</para>
            </description>
          </subStep>
          <subStep>
            <description>
              <para>01/06/2017: Description of column Date edited; deleted columns Year, YearDay and Hours from data structure ('ui_editor')</para>
            </description>
          </subStep>
          <subStep>
            <description>
              <para>01/06/2017: Description of column Date edited; deleted columns Year, YearDay and Hours from data structure ('ui_editor')</para>
            </description>
          </subStep>
          <subStep>
            <description>
              <para>01/06/2017: Description of column Date edited; deleted columns Year, YearDay and Hours from data structure ('ui_editor')</para>
            </description>
          </subStep>
          <subStep>
            <description>
              <para>01/06/2017: Description of column Date edited; deleted columns Year, YearDay and Hours from data structure ('ui_editor')</para>
            </description>
          </subStep>
          <subStep>
            <description>
              <para>01/06/2017: edited structure data ('ui_datagrid'): deleted record(s) 22832, 22833, 22834, 22835, 22836, 22837, 22838, 22839, 22840, 22841, 22842, 22843, 22844, 22845, 22846, 22847, 22848, 22849, 22850, 22851, 22852, 22853, 22854, 22855 and 22856, deleted record(s) 22807, 22808, 22809, 22810, 22811, 22812, 22813, 22814, 22815, 22816, 22817, 22818, 22819, 22820, 22821, 22822, 22823, 22824, 22825, 22826, 22827, 22828, 22829, 22830 and 22831, deleted record(s) 22782, 22783, 22784, 22785, 22786, 22787, 22788, 22789, 22790, 22791, 22792, 22793, 22794, 22795, 22796, 22797, 22798, 22799, 22800, 22801, 22802, 22803, 22804, 22805 and 22806, deleted record(s) 22757, 22758, 22759, 22760, 22761, 22762, 22763, 22764, 22765, 22766, 22767, 22768, 22769, 22770, 22771, 22772, 22773, 22774, 22775, 22776, 22777, 22778, 22779, 22780 and 22781, deleted record(s) 22748, 22749, 22750, 22751, 22752, 22753, 22754, 22755 and 22756</para>
            </description>
          </subStep>
          <subStep>
            <description>
              <para>01/06/2017: edited structure data ('ui_datagrid'): deleted record(s) 22832, 22833, 22834, 22835, 22836, 22837, 22838, 22839, 22840, 22841, 22842, 22843, 22844, 22845, 22846, 22847, 22848, 22849, 22850, 22851, 22852, 22853, 22854, 22855 and 22856, deleted record(s) 22807, 22808, 22809, 22810, 22811, 22812, 22813, 22814, 22815, 22816, 22817, 22818, 22819, 22820, 22821, 22822, 22823, 22824, 22825, 22826, 22827, 22828, 22829, 22830 and 22831, deleted record(s) 22782, 22783, 22784, 22785, 22786, 22787, 22788, 22789, 22790, 22791, 22792, 22793, 22794, 22795, 22796, 22797, 22798, 22799, 22800, 22801, 22802, 22803, 22804, 22805 and 22806, deleted record(s) 22757, 22758, 22759, 22760, 22761, 22762, 22763, 22764, 22765, 22766, 22767, 22768, 22769, 22770, 22771, 22772, 22773, 22774, 22775, 22776, 22777, 22778, 22779, 22780 and 22781, deleted record(s) 22748, 22749, 22750, 22751, 22752, 22753, 22754, 22755 and 22756</para>
            </description>
          </subStep>
          <subStep>
            <description>
              <para>01/06/2017: edited structure data ('ui_datagrid'): deleted record(s) 22832, 22833, 22834, 22835, 22836, 22837, 22838, 22839, 22840, 22841, 22842, 22843, 22844, 22845, 22846, 22847, 22848, 22849, 22850, 22851, 22852, 22853, 22854, 22855 and 22856, deleted record(s) 22807, 22808, 22809, 22810, 22811, 22812, 22813, 22814, 22815, 22816, 22817, 22818, 22819, 22820, 22821, 22822, 22823, 22824, 22825, 22826, 22827, 22828, 22829, 22830 and 22831, deleted record(s) 22782, 22783, 22784, 22785, 22786, 22787, 22788, 22789, 22790, 22791, 22792, 22793, 22794, 22795, 22796, 22797, 22798, 22799, 22800, 22801, 22802, 22803, 22804, 22805 and 22806, deleted record(s) 22757, 22758, 22759, 22760, 22761, 22762, 22763, 22764, 22765, 22766, 22767, 22768, 22769, 22770, 22771, 22772, 22773, 22774, 22775, 22776, 22777, 22778, 22779, 22780 and 22781, deleted record(s) 22748, 22749, 22750, 22751, 22752, 22753, 22754, 22755 and 22756</para>
            </description>
          </subStep>
          <subStep>
            <description>
              <para>01/06/2017: edited structure data ('ui_datagrid'): deleted record(s) 22832, 22833, 22834, 22835, 22836, 22837, 22838, 22839, 22840, 22841, 22842, 22843, 22844, 22845, 22846, 22847, 22848, 22849, 22850, 22851, 22852, 22853, 22854, 22855 and 22856, deleted record(s) 22807, 22808, 22809, 22810, 22811, 22812, 22813, 22814, 22815, 22816, 22817, 22818, 22819, 22820, 22821, 22822, 22823, 22824, 22825, 22826, 22827, 22828, 22829, 22830 and 22831, deleted record(s) 22782, 22783, 22784, 22785, 22786, 22787, 22788, 22789, 22790, 22791, 22792, 22793, 22794, 22795, 22796, 22797, 22798, 22799, 22800, 22801, 22802, 22803, 22804, 22805 and 22806, deleted record(s) 22757, 22758, 22759, 22760, 22761, 22762, 22763, 22764, 22765, 22766, 22767, 22768, 22769, 22770, 22771, 22772, 22773, 22774, 22775, 22776, 22777, 22778, 22779, 22780 and 22781, deleted record(s) 22748, 22749, 22750, 22751, 22752, 22753, 22754, 22755 and 22756</para>
            </description>
          </subStep>
          <subStep>
            <description>
              <para>01/06/2017: edited structure data ('ui_datagrid'): deleted record(s) 22832, 22833, 22834, 22835, 22836, 22837, 22838, 22839, 22840, 22841, 22842, 22843, 22844, 22845, 22846, 22847, 22848, 22849, 22850, 22851, 22852, 22853, 22854, 22855 and 22856, deleted record(s) 22807, 22808, 22809, 22810, 22811, 22812, 22813, 22814, 22815, 22816, 22817, 22818, 22819, 22820, 22821, 22822, 22823, 22824, 22825, 22826, 22827, 22828, 22829, 22830 and 22831, deleted record(s) 22782, 22783, 22784, 22785, 22786, 22787, 22788, 22789, 22790, 22791, 22792, 22793, 22794, 22795, 22796, 22797, 22798, 22799, 22800, 22801, 22802, 22803, 22804, 22805 and 22806, deleted record(s) 22757, 22758, 22759, 22760, 22761, 22762, 22763, 22764, 22765, 22766, 22767, 22768, 22769, 22770, 22771, 22772, 22773, 22774, 22775, 22776, 22777, 22778, 22779, 22780 and 22781, deleted record(s) 22748, 22749, 22750, 22751, 22752, 22753, 22754, 22755 and 22756</para>
            </description>
          </subStep>
          <subStep>
            <description>
              <para>01/06/2017: Q/C flagging criteria applied, 'flags' field updated ('dataflag')</para>
            </description>
          </subStep>
          <subStep>
            <description>
              <para>01/06/2017: Q/C flagging criteria applied, 'flags' field updated ('dataflag')</para>
            </description>
          </subStep>
          <subStep>
            <description>
              <para>01/06/2017: Q/C flagging criteria applied, 'flags' field updated ('dataflag')</para>
            </description>
          </subStep>
          <subStep>
            <description>
              <para>01/06/2017: Q/C flagging criteria applied, 'flags' field updated ('dataflag')</para>
            </description>
          </subStep>
          <subStep>
            <description>
              <para>01/06/2017: Q/C flagging criteria applied, 'flags' field updated ('dataflag')</para>
            </description>
          </subStep>
          <subStep>
            <description>
              <para>01/06/2017: updated 4 metadata fields ('addmeta')</para>
            </description>
          </subStep>
          <subStep>
            <description>
              <para>01/06/2017: updated 4 metadata fields ('addmeta')</para>
            </description>
          </subStep>
          <subStep>
            <description>
              <para>01/06/2017: updated 4 metadata fields ('addmeta')</para>
            </description>
          </subStep>
          <subStep>
            <description>
              <para>01/06/2017: updated 4 metadata fields ('addmeta')</para>
            </description>
          </subStep>
          <subStep>
            <description>
              <para>01/06/2017: updated 4 metadata fields ('addmeta')</para>
            </description>
          </subStep>
          <subStep>
            <description>
              <para>01/06/2017: updated 15 metadata fields in the Status, Data sections to reflect attribute metadata ('updatecols')</para>
            </description>
          </subStep>
          <subStep>
            <description>
              <para>01/06/2017: updated 15 metadata fields in the Status, Data sections to reflect attribute metadata ('updatecols')</para>
            </description>
          </subStep>
          <subStep>
            <description>
              <para>01/06/2017: updated 15 metadata fields in the Status, Data sections to reflect attribute metadata ('updatecols')</para>
            </description>
          </subStep>
          <subStep>
            <description>
              <para>01/06/2017: updated 15 metadata fields in the Status, Data sections to reflect attribute metadata ('updatecols')</para>
            </description>
          </subStep>
          <subStep>
            <description>
              <para>01/06/2017: updated 15 metadata fields in the Status, Data sections to reflect attribute metadata ('updatecols')</para>
            </description>
          </subStep>
          <subStep>
            <description>
              <para>01/06/2017: flags for columns PTemp_Max, Enc_RHumidity_Max, Rain24Ttl, RHumidity_Avg, RHumidity_Min, RHumidity_Max and RHumidity converted to data columns, flag codes updated in metadata ('flags2cols')</para>
            </description>
          </subStep>
          <subStep>
            <description>
              <para>01/06/2017: flags for columns PTemp_Max, Enc_RHumidity_Max, Rain24Ttl, RHumidity_Avg, RHumidity_Min, RHumidity_Max and RHumidity converted to data columns, flag codes updated in metadata ('flags2cols')</para>
            </description>
          </subStep>
          <subStep>
            <description>
              <para>01/06/2017: flags for columns PTemp_Max, Enc_RHumidity_Max, Rain24Ttl, RHumidity_Avg, RHumidity_Min, RHumidity_Max and RHumidity converted to data columns, flag codes updated in metadata ('flags2cols')</para>
            </description>
          </subStep>
          <subStep>
            <description>
              <para>01/06/2017: flags for columns PTemp_Max, Enc_RHumidity_Max, Rain24Ttl, RHumidity_Avg, RHumidity_Min, RHumidity_Max and RHumidity converted to data columns, flag codes updated in metadata ('flags2cols')</para>
            </description>
          </subStep>
          <subStep>
            <description>
              <para>01/06/2017: flags for columns PTemp_Max, Enc_RHumidity_Max, Rain24Ttl, RHumidity_Avg, RHumidity_Min, RHumidity_Max and RHumidity converted to data columns, flag codes updated in metadata ('flags2cols')</para>
            </description>
          </subStep>
        </methodStep>
        <qualityControl>
          <description>
            <para>Quality control analysis was performed using the GCE Data Toolbox for MATLAB software. Column data types are validated upon importing the table into MATLAB, and qualifier flags are automatically generated for data values based on QA/QC criteria for each data column pre-defined in metadata templates (e.g. value range checks, sanity checks, pattern checks). Qualifier flags are also assigned to values that are imputed or derived, revised, or otherwise differ from values in the original data submission. A column of coded qualifier flags is generated and included in the data table if flags are assigned to any value in a data column.</para>
          </description>
        </qualityControl>
      </methods>
      <attributeList>
        <attribute id="att.1">
          <attributeName>Site</attributeName>
          <attributeDefinition>Site code</attributeDefinition>
          <storageType>string</storageType>
          <measurementScale>
            <nominal>
              <nonNumericDomain>
                <textDomain>
                  <definition>Site code</definition>
                </textDomain>
              </nonNumericDomain>
            </nominal>
          </measurementScale>
        </attribute>
        <attribute id="att.2">
          <attributeName>Date</attributeName>
          <attributeDefinition>Calendar date of observation</attributeDefinition>
          <storageType>dateTime</storageType>
          <measurementScale>
            <dateTime>
              <formatString>mm/dd/yyyy</formatString>
              <dateTimePrecision>1</dateTimePrecision>
              <dateTimeDomain/>
            </dateTime>
          </measurementScale>
        </attribute>
        <attribute id="att.3">
          <attributeName>Time</attributeName>
          <attributeDefinition>Time of observation</attributeDefinition>
          <storageType>string</storageType>
          <measurementScale>
            <dateTime>
              <formatString>hh:mm</formatString>
              <dateTimePrecision>1</dateTimePrecision>
              <dateTimeDomain/>
            </dateTime>
          </measurementScale>
        </attribute>
        <attribute id="att.4">
          <attributeName>BattV_Min</attributeName>
          <attributeDefinition>Hourly minimum of battery voltage</attributeDefinition>
          <storageType>float</storageType>
          <measurementScale>
            <ratio>
              <unit>
                <standardUnit>volt</standardUnit>
              </unit>
              <precision>0.01</precision>
              <numericDomain>
                <numberType>real</numberType>
                <bounds>
                  <maximum exclusive="false">17</maximum>
                </bounds>
              </numericDomain>
            </ratio>
          </measurementScale>
          <missingValueCode>
            <code>NaN</code>
            <codeExplanation>value not recorded or invalid</codeExplanation>
          </missingValueCode>
        </attribute>
        <attribute id="att.5">
          <attributeName>PTemp_Max</attributeName>
          <attributeDefinition>Hourly maximum of panel temperature</attributeDefinition>
          <storageType>float</storageType>
          <measurementScale>
            <interval>
              <unit>
                <standardUnit>celsius</standardUnit>
              </unit>
              <precision>0.01</precision>
              <numericDomain>
                <numberType>real</numberType>
                <bounds>
                  <minimum exclusive="false">-40</minimum>
                  <maximum exclusive="false">50</maximum>
                </bounds>
              </numericDomain>
            </interval>
          </measurementScale>
          <missingValueCode>
            <code>NaN</code>
            <codeExplanation>value not recorded or invalid</codeExplanation>
          </missingValueCode>
        </attribute>
        <attribute id="att.6">
          <attributeName>Flag_PTemp_Max</attributeName>
          <attributeDefinition>QA/QC flags for Hourly maximum of panel temperature (flagging criteria, where "x" is PTemp_Max: x&lt;-40="I", x&lt;-20="Q", x&gt;40="Q", x&gt;50="I")</attributeDefinition>
          <storageType>string</storageType>
          <measurementScale>
            <nominal>
              <nonNumericDomain>
                <enumeratedDomain>
                  <codeDefinition>
                    <code>Q</code>
                    <definition>questionable value</definition>
                  </codeDefinition>
                </enumeratedDomain>
              </nonNumericDomain>
            </nominal>
          </measurementScale>
        </attribute>
        <attribute id="att.7">
          <attributeName>Enc_RHumidity_Max</attributeName>
          <attributeDefinition>hourly maximum enclosure relative humidity</attributeDefinition>
          <storageType>float</storageType>
          <measurementScale>
            <interval>
              <unit>
                <customUnit>percentabbr.</customUnit>
              </unit>
              <precision>0.01</precision>
              <numericDomain>
                <numberType>real</numberType>
                <bounds>
                  <minimum exclusive="false">0</minimum>
                  <maximum exclusive="false">105</maximum>
                </bounds>
              </numericDomain>
            </interval>
          </measurementScale>
          <missingValueCode>
            <code>NaN</code>
            <codeExplanation>value not recorded or invalid</codeExplanation>
          </missingValueCode>
        </attribute>
        <attribute id="att.8">
          <attributeName>Flag_Enc_RHumidity_Max</attributeName>
          <attributeDefinition>QA/QC flags for hourly maximum enclosure relative humidity (flagging criteria, where "x" is Enc_RHumidity_Max: x&lt;0="I", x&lt;10="Q", x&gt;100="Q", x&gt;105="I")</attributeDefinition>
          <storageType>string</storageType>
          <measurementScale>
            <nominal>
              <nonNumericDomain>
                <enumeratedDomain>
                  <codeDefinition>
                    <code>Q</code>
                    <definition>questionable value</definition>
                  </codeDefinition>
                </enumeratedDomain>
              </nonNumericDomain>
            </nominal>
          </measurementScale>
        </attribute>
        <attribute id="att.9">
          <attributeName>WSpeed_ms_Avg</attributeName>
          <attributeDefinition>Hourly average of wind speed</attributeDefinition>
          <storageType>float</storageType>
          <measurementScale>
            <ratio>
              <unit>
                <standardUnit>metersPerSecond</standardUnit>
              </unit>
              <precision>0.01</precision>
              <numericDomain>
                <numberType>real</numberType>
                <bounds>
                  <minimum exclusive="false">0</minimum>
                  <maximum exclusive="false">75</maximum>
                </bounds>
              </numericDomain>
            </ratio>
          </measurementScale>
          <missingValueCode>
            <code>NaN</code>
            <codeExplanation>value not recorded or invalid</codeExplanation>
          </missingValueCode>
        </attribute>
        <attribute id="att.10">
          <attributeName>WSpeed_ms_Max</attributeName>
          <attributeDefinition>Hourly maximum of wind speed</attributeDefinition>
          <storageType>float</storageType>
          <measurementScale>
            <ratio>
              <unit>
                <standardUnit>metersPerSecond</standardUnit>
              </unit>
              <precision>0.01</precision>
              <numericDomain>
                <numberType>real</numberType>
                <bounds>
                  <minimum exclusive="false">0</minimum>
                  <maximum exclusive="false">75</maximum>
                </bounds>
              </numericDomain>
            </ratio>
          </measurementScale>
          <missingValueCode>
            <code>NaN</code>
            <codeExplanation>value not recorded or invalid</codeExplanation>
          </missingValueCode>
        </attribute>
        <attribute id="att.11">
          <attributeName>WSpeed_ms_Min</attributeName>
          <attributeDefinition>Hourly minimum of wind speed</attributeDefinition>
          <storageType>float</storageType>
          <measurementScale>
            <ratio>
              <unit>
                <standardUnit>metersPerSecond</standardUnit>
              </unit>
              <precision>0.01</precision>
              <numericDomain>
                <numberType>real</numberType>
                <bounds>
                  <minimum exclusive="false">0</minimum>
                  <maximum exclusive="false">75</maximum>
                </bounds>
              </numericDomain>
            </ratio>
          </measurementScale>
          <missingValueCode>
            <code>NaN</code>
            <codeExplanation>value not recorded or invalid</codeExplanation>
          </missingValueCode>
        </attribute>
        <attribute id="att.12">
          <attributeName>WSpeed_ms</attributeName>
          <attributeDefinition>Wind speed measurement taken at top of the hour</attributeDefinition>
          <storageType>float</storageType>
          <measurementScale>
            <ratio>
              <unit>
                <standardUnit>metersPerSecond</standardUnit>
              </unit>
              <precision>0.01</precision>
              <numericDomain>
                <numberType>real</numberType>
                <bounds>
                  <minimum exclusive="false">0</minimum>
                  <maximum exclusive="false">75</maximum>
                </bounds>
              </numericDomain>
            </ratio>
          </measurementScale>
          <missingValueCode>
            <code>NaN</code>
            <codeExplanation>value not recorded or invalid</codeExplanation>
          </missingValueCode>
        </attribute>
        <attribute id="att.13">
          <attributeName>WDir_Avg</attributeName>
          <attributeDefinition>Hourly average of Wind direction</attributeDefinition>
          <storageType>integer</storageType>
          <measurementScale>
            <nominal>
              <nonNumericDomain>
                <textDomain>
                  <definition>Hourly average of Wind direction</definition>
                </textDomain>
              </nonNumericDomain>
            </nominal>
          </measurementScale>
          <missingValueCode>
            <code>NaN</code>
            <codeExplanation>value not recorded or invalid</codeExplanation>
          </missingValueCode>
        </attribute>
        <attribute id="att.14">
          <attributeName>WindVector</attributeName>
          <attributeDefinition>unit vector mean wind direction</attributeDefinition>
          <storageType>integer</storageType>
          <measurementScale>
            <nominal>
              <nonNumericDomain>
                <textDomain>
                  <definition>unit vector mean wind direction</definition>
                </textDomain>
              </nonNumericDomain>
            </nominal>
          </measurementScale>
          <missingValueCode>
            <code>NaN</code>
            <codeExplanation>value not recorded or invalid</codeExplanation>
          </missingValueCode>
        </attribute>
        <attribute id="att.15">
          <attributeName>WindVector_Speed</attributeName>
          <attributeDefinition>Mean horizontal wind speed</attributeDefinition>
          <storageType>float</storageType>
          <measurementScale>
            <ratio>
              <unit>
                <standardUnit>metersPerSecond</standardUnit>
              </unit>
              <precision>0.01</precision>
              <numericDomain>
                <numberType>real</numberType>
                <bounds>
                  <minimum exclusive="false">0</minimum>
                  <maximum exclusive="false">75</maximum>
                </bounds>
              </numericDomain>
            </ratio>
          </measurementScale>
          <missingValueCode>
            <code>NaN</code>
            <codeExplanation>value not recorded or invalid</codeExplanation>
          </missingValueCode>
        </attribute>
        <attribute id="att.16">
          <attributeName>WindVector_std._dev.</attributeName>
          <attributeDefinition>Standard deviation of WindVector</attributeDefinition>
          <storageType>float</storageType>
          <measurementScale>
            <ratio>
              <unit>
                <standardUnit>metersPerSecond</standardUnit>
              </unit>
              <precision>0.01</precision>
              <numericDomain>
                <numberType>real</numberType>
                <bounds>
                  <minimum exclusive="false">0</minimum>
                  <maximum exclusive="false">75</maximum>
                </bounds>
              </numericDomain>
            </ratio>
          </measurementScale>
          <missingValueCode>
            <code>NaN</code>
            <codeExplanation>value not recorded or invalid</codeExplanation>
          </missingValueCode>
        </attribute>
        <attribute id="att.17">
          <attributeName>Rain_mm_Tot</attributeName>
          <attributeDefinition>Total rain measured during the hour</attributeDefinition>
          <storageType>float</storageType>
          <measurementScale>
            <ratio>
              <unit>
                <standardUnit>millimeter</standardUnit>
              </unit>
              <precision>0.001</precision>
              <numericDomain>
                <numberType>real</numberType>
                <bounds>
                  <minimum exclusive="false">0</minimum>
                </bounds>
              </numericDomain>
            </ratio>
          </measurementScale>
          <missingValueCode>
            <code>NaN</code>
            <codeExplanation>value not recorded or invalid</codeExplanation>
          </missingValueCode>
        </attribute>
        <attribute id="att.18">
          <attributeName>Rain24Ttl</attributeName>
          <attributeDefinition>Total rain measured over last 24 hrs.</attributeDefinition>
          <storageType>float</storageType>
          <measurementScale>
            <ratio>
              <unit>
                <standardUnit>millimeter</standardUnit>
              </unit>
              <precision>0.001</precision>
              <numericDomain>
                <numberType>real</numberType>
                <bounds>
                  <minimum exclusive="false">0</minimum>
                </bounds>
              </numericDomain>
            </ratio>
          </measurementScale>
          <missingValueCode>
            <code>NaN</code>
            <codeExplanation>value not recorded or invalid</codeExplanation>
          </missingValueCode>
        </attribute>
        <attribute id="att.19">
          <attributeName>Flag_Rain24Ttl</attributeName>
          <attributeDefinition>QA/QC flags for Total rain measured over last 24 hrs. (flagging criteria, where "x" is Rain24Ttl: x&lt;0="I", x&gt;150="Q")</attributeDefinition>
          <storageType>string</storageType>
          <measurementScale>
            <nominal>
              <nonNumericDomain>
                <enumeratedDomain>
                  <codeDefinition>
                    <code>Q</code>
                    <definition>questionable value</definition>
                  </codeDefinition>
                </enumeratedDomain>
              </nonNumericDomain>
            </nominal>
          </measurementScale>
        </attribute>
        <attribute id="att.20">
          <attributeName>ATempC_Avg</attributeName>
          <attributeDefinition>Hourly average of air temperature</attributeDefinition>
          <storageType>float</storageType>
          <measurementScale>
            <interval>
              <unit>
                <standardUnit>celsius</standardUnit>
              </unit>
              <precision>0.01</precision>
              <numericDomain>
                <numberType>real</numberType>
                <bounds>
                  <minimum exclusive="false">-40</minimum>
                  <maximum exclusive="false">60</maximum>
                </bounds>
              </numericDomain>
            </interval>
          </measurementScale>
          <missingValueCode>
            <code>NaN</code>
            <codeExplanation>value not recorded or invalid</codeExplanation>
          </missingValueCode>
        </attribute>
        <attribute id="att.21">
          <attributeName>ATempC_Min</attributeName>
          <attributeDefinition>Hourly minimum of air temperature</attributeDefinition>
          <storageType>float</storageType>
          <measurementScale>
            <interval>
              <unit>
                <standardUnit>celsius</standardUnit>
              </unit>
              <precision>0.01</precision>
              <numericDomain>
                <numberType>real</numberType>
                <bounds>
                  <minimum exclusive="false">-40</minimum>
                  <maximum exclusive="false">60</maximum>
                </bounds>
              </numericDomain>
            </interval>
          </measurementScale>
          <missingValueCode>
            <code>NaN</code>
            <codeExplanation>value not recorded or invalid</codeExplanation>
          </missingValueCode>
        </attribute>
        <attribute id="att.22">
          <attributeName>ATempC_Max</attributeName>
          <attributeDefinition>Hourly maximum of air temperature</attributeDefinition>
          <storageType>float</storageType>
          <measurementScale>
            <interval>
              <unit>
                <standardUnit>celsius</standardUnit>
              </unit>
              <precision>0.01</precision>
              <numericDomain>
                <numberType>real</numberType>
                <bounds>
                  <minimum exclusive="false">-40</minimum>
                  <maximum exclusive="false">60</maximum>
                </bounds>
              </numericDomain>
            </interval>
          </measurementScale>
          <missingValueCode>
            <code>NaN</code>
            <codeExplanation>value not recorded or invalid</codeExplanation>
          </missingValueCode>
        </attribute>
        <attribute id="att.23">
          <attributeName>ATempC</attributeName>
          <attributeDefinition>Air temperature measurement taken at top of the hour</attributeDefinition>
          <storageType>float</storageType>
          <measurementScale>
            <interval>
              <unit>
                <standardUnit>celsius</standardUnit>
              </unit>
              <precision>0.01</precision>
              <numericDomain>
                <numberType>real</numberType>
                <bounds>
                  <minimum exclusive="false">-40</minimum>
                  <maximum exclusive="false">60</maximum>
                </bounds>
              </numericDomain>
            </interval>
          </measurementScale>
          <missingValueCode>
            <code>NaN</code>
            <codeExplanation>value not recorded or invalid</codeExplanation>
          </missingValueCode>
        </attribute>
        <attribute id="att.24">
          <attributeName>RHumidity_Avg</attributeName>
          <attributeDefinition>Hourly average relative humidity</attributeDefinition>
          <storageType>float</storageType>
          <measurementScale>
            <interval>
              <unit>
                <customUnit>percentabbr.</customUnit>
              </unit>
              <precision>0.01</precision>
              <numericDomain>
                <numberType>real</numberType>
                <bounds>
                  <minimum exclusive="false">0</minimum>
                  <maximum exclusive="false">105</maximum>
                </bounds>
              </numericDomain>
            </interval>
          </measurementScale>
          <missingValueCode>
            <code>NaN</code>
            <codeExplanation>value not recorded or invalid</codeExplanation>
          </missingValueCode>
        </attribute>
        <attribute id="att.25">
          <attributeName>Flag_RHumidity_Avg</attributeName>
          <attributeDefinition>QA/QC flags for Hourly average relative humidity (flagging criteria, where "x" is RHumidity_Avg: x&lt;0="I", x&lt;10="Q", x&gt;100="Q", x&gt;105="I")</attributeDefinition>
          <storageType>string</storageType>
          <measurementScale>
            <nominal>
              <nonNumericDomain>
                <enumeratedDomain>
                  <codeDefinition>
                    <code>Q</code>
                    <definition>questionable value</definition>
                  </codeDefinition>
                </enumeratedDomain>
              </nonNumericDomain>
            </nominal>
          </measurementScale>
        </attribute>
        <attribute id="att.26">
          <attributeName>RHumidity_Min</attributeName>
          <attributeDefinition>Hourly minimum relative humidity</attributeDefinition>
          <storageType>float</storageType>
          <measurementScale>
            <interval>
              <unit>
                <customUnit>percentabbr.</customUnit>
              </unit>
              <precision>0.01</precision>
              <numericDomain>
                <numberType>real</numberType>
                <bounds>
                  <minimum exclusive="false">0</minimum>
                  <maximum exclusive="false">105</maximum>
                </bounds>
              </numericDomain>
            </interval>
          </measurementScale>
          <missingValueCode>
            <code>NaN</code>
            <codeExplanation>value not recorded or invalid</codeExplanation>
          </missingValueCode>
        </attribute>
        <attribute id="att.27">
          <attributeName>Flag_RHumidity_Min</attributeName>
          <attributeDefinition>QA/QC flags for Hourly minimum relative humidity (flagging criteria, where "x" is RHumidity_Min: x&lt;0="I", x&lt;10="Q", x&gt;100="Q", x&gt;105="I")</attributeDefinition>
          <storageType>string</storageType>
          <measurementScale>
            <nominal>
              <nonNumericDomain>
                <enumeratedDomain>
                  <codeDefinition>
                    <code>Q</code>
                    <definition>questionable value</definition>
                  </codeDefinition>
                </enumeratedDomain>
              </nonNumericDomain>
            </nominal>
          </measurementScale>
        </attribute>
        <attribute id="att.28">
          <attributeName>RHumidity_Max</attributeName>
          <attributeDefinition>Hourly maximum relative humidity</attributeDefinition>
          <storageType>float</storageType>
          <measurementScale>
            <interval>
              <unit>
                <customUnit>percentabbr.</customUnit>
              </unit>
              <precision>0.01</precision>
              <numericDomain>
                <numberType>real</numberType>
                <bounds>
                  <minimum exclusive="false">0</minimum>
                  <maximum exclusive="false">105</maximum>
                </bounds>
              </numericDomain>
            </interval>
          </measurementScale>
          <missingValueCode>
            <code>NaN</code>
            <codeExplanation>value not recorded or invalid</codeExplanation>
          </missingValueCode>
        </attribute>
        <attribute id="att.29">
          <attributeName>Flag_RHumidity_Max</attributeName>
          <attributeDefinition>QA/QC flags for Hourly maximum relative humidity (flagging criteria, where "x" is RHumidity_Max: x&lt;0="I", x&lt;10="Q", x&gt;100="Q", x&gt;105="I")</attributeDefinition>
          <storageType>string</storageType>
          <measurementScale>
            <nominal>
              <nonNumericDomain>
                <enumeratedDomain>
                  <codeDefinition>
                    <code>Q</code>
                    <definition>questionable value</definition>
                  </codeDefinition>
                </enumeratedDomain>
              </nonNumericDomain>
            </nominal>
          </measurementScale>
        </attribute>
        <attribute id="att.30">
          <attributeName>RHumidity</attributeName>
          <attributeDefinition>Relative Humidity measurement taken at top of the hour</attributeDefinition>
          <storageType>float</storageType>
          <measurementScale>
            <interval>
              <unit>
                <customUnit>percentabbr.</customUnit>
              </unit>
              <precision>0.01</precision>
              <numericDomain>
                <numberType>real</numberType>
                <bounds>
                  <minimum exclusive="false">0</minimum>
                  <maximum exclusive="false">105</maximum>
                </bounds>
              </numericDomain>
            </interval>
          </measurementScale>
          <missingValueCode>
            <code>NaN</code>
            <codeExplanation>value not recorded or invalid</codeExplanation>
          </missingValueCode>
        </attribute>
        <attribute id="att.31">
          <attributeName>Flag_RHumidity</attributeName>
          <attributeDefinition>QA/QC flags for Relative Humidity measurement taken at top of the hour (flagging criteria, where "x" is RHumidity: x&lt;0="I", x&lt;10="Q", x&gt;100="Q", x&gt;105="I")</attributeDefinition>
          <storageType>string</storageType>
          <measurementScale>
            <nominal>
              <nonNumericDomain>
                <enumeratedDomain>
                  <codeDefinition>
                    <code>Q</code>
                    <definition>questionable value</definition>
                  </codeDefinition>
                </enumeratedDomain>
              </nonNumericDomain>
            </nominal>
          </measurementScale>
        </attribute>
        <attribute id="att.32">
          <attributeName>SlrRad_W_Avg</attributeName>
          <attributeDefinition>Hourly average of solar radiation</attributeDefinition>
          <storageType>float</storageType>
          <measurementScale>
            <ratio>
              <unit>
                <customUnit>wattPerMeterSquared</customUnit>
              </unit>
              <precision>0.001</precision>
              <numericDomain>
                <numberType>real</numberType>
                <bounds>
                  <minimum exclusive="false">0</minimum>
                  <maximum exclusive="false">2000</maximum>
                </bounds>
              </numericDomain>
            </ratio>
          </measurementScale>
          <missingValueCode>
            <code>NaN</code>
            <codeExplanation>value not recorded or invalid</codeExplanation>
          </missingValueCode>
        </attribute>
        <attribute id="att.33">
          <attributeName>SlrRad_W_Min</attributeName>
          <attributeDefinition>Hourly minimum of solar radiation</attributeDefinition>
          <storageType>float</storageType>
          <measurementScale>
            <ratio>
              <unit>
                <customUnit>wattPerMeterSquared</customUnit>
              </unit>
              <precision>0.001</precision>
              <numericDomain>
                <numberType>real</numberType>
                <bounds>
                  <minimum exclusive="false">0</minimum>
                  <maximum exclusive="false">2000</maximum>
                </bounds>
              </numericDomain>
            </ratio>
          </measurementScale>
          <missingValueCode>
            <code>NaN</code>
            <codeExplanation>value not recorded or invalid</codeExplanation>
          </missingValueCode>
        </attribute>
        <attribute id="att.34">
          <attributeName>SlrRad_W_Max</attributeName>
          <attributeDefinition>Hourly maximum of solar radiation</attributeDefinition>
          <storageType>float</storageType>
          <measurementScale>
            <ratio>
              <unit>
                <customUnit>wattPerMeterSquared</customUnit>
              </unit>
              <precision>0.001</precision>
              <numericDomain>
                <numberType>real</numberType>
                <bounds>
                  <minimum exclusive="false">0</minimum>
                  <maximum exclusive="false">2000</maximum>
                </bounds>
              </numericDomain>
            </ratio>
          </measurementScale>
          <missingValueCode>
            <code>NaN</code>
            <codeExplanation>value not recorded or invalid</codeExplanation>
          </missingValueCode>
        </attribute>
        <attribute id="att.35">
          <attributeName>Evapotranspiration</attributeName>
          <attributeDefinition>Hourly water lost due to evapotranspiration</attributeDefinition>
          <storageType>float</storageType>
          <measurementScale>
            <ratio>
              <unit>
                <standardUnit>millimeter</standardUnit>
              </unit>
              <precision>0.001</precision>
              <numericDomain>
                <numberType>real</numberType>
                <bounds>
                  <minimum exclusive="false">0</minimum>
                </bounds>
              </numericDomain>
            </ratio>
          </measurementScale>
          <missingValueCode>
            <code>NaN</code>
            <codeExplanation>value not recorded or invalid</codeExplanation>
          </missingValueCode>
        </attribute>
        <attribute id="att.36">
          <attributeName>ATempC_RSo</attributeName>
          <attributeDefinition>Air temperature used for evapotranspiration calculation</attributeDefinition>
          <storageType>float</storageType>
          <measurementScale>
            <interval>
              <unit>
                <standardUnit>celsius</standardUnit>
              </unit>
              <precision>0.01</precision>
              <numericDomain>
                <numberType>real</numberType>
                <bounds>
                  <minimum exclusive="false">-40</minimum>
                  <maximum exclusive="false">60</maximum>
                </bounds>
              </numericDomain>
            </interval>
          </measurementScale>
          <missingValueCode>
            <code>NaN</code>
            <codeExplanation>value not recorded or invalid</codeExplanation>
          </missingValueCode>
        </attribute>
        <attribute id="att.37">
          <attributeName>DewPointC_Avg</attributeName>
          <attributeDefinition>Hourly Average Dew Point</attributeDefinition>
          <storageType>float</storageType>
          <measurementScale>
            <interval>
              <unit>
                <standardUnit>celsius</standardUnit>
              </unit>
              <precision>0.01</precision>
              <numericDomain>
                <numberType>real</numberType>
                <bounds>
                  <minimum exclusive="false">-50</minimum>
                  <maximum exclusive="false">50</maximum>
                </bounds>
              </numericDomain>
            </interval>
          </measurementScale>
          <missingValueCode>
            <code>NaN</code>
            <codeExplanation>value not recorded or invalid</codeExplanation>
          </missingValueCode>
        </attribute>
        <attribute id="att.38">
          <attributeName>WindChillC_Avg</attributeName>
          <attributeDefinition>Hourly Average Wind Chill</attributeDefinition>
          <storageType>float</storageType>
          <measurementScale>
            <interval>
              <unit>
                <standardUnit>celsius</standardUnit>
              </unit>
              <precision>0.01</precision>
              <numericDomain>
                <numberType>real</numberType>
                <bounds>
                  <minimum exclusive="false">-40</minimum>
                  <maximum exclusive="false">60</maximum>
                </bounds>
              </numericDomain>
            </interval>
          </measurementScale>
          <missingValueCode>
            <code>NaN</code>
            <codeExplanation>value not recorded or invalid</codeExplanation>
          </missingValueCode>
        </attribute>
        <attribute id="att.39">
          <attributeName>HeatIndexC_Avg</attributeName>
          <attributeDefinition>Hourly Average Heat Index</attributeDefinition>
          <storageType>float</storageType>
          <measurementScale>
            <interval>
              <unit>
                <standardUnit>celsius</standardUnit>
              </unit>
              <precision>0.01</precision>
              <numericDomain>
                <numberType>real</numberType>
              </numericDomain>
            </interval>
          </measurementScale>
          <missingValueCode>
            <code>NaN</code>
            <codeExplanation>value not recorded or invalid</codeExplanation>
          </missingValueCode>
        </attribute>
      </attributeList>
    </dataTable>
    <otherEntity id="4107.kml">
      <entityName>4107.kml</entityName>
      <entityDescription>Google Earth Keyhole Markup Language file describing the geographic locations sampled in data set knb-lter-cwt.4107.13</entityDescription>
      <physical>
        <objectName>4107.kml</objectName>
        <dataFormat>
          <externallyDefinedFormat>
            <formatName>application/vnd.google-earth.kml+xml</formatName>
          </externallyDefinedFormat>
        </dataFormat>
        <distribution>
          <online>
            <url function="download">https://pasta.lternet.edu/package/data/eml/knb-lter-cwt/4107/13/50f8a3fde65a65274370a679cc7251c9</url>
          </online>
          <access
            authSystem="https://pasta.edirepository.org/authentication"
            order="allowFirst" scope="document" system="https://pasta.edirepository.org">
            <allow>
              <principal>uid=CWT,o=lter,dc=ecoinformatics,dc=org</principal>
              <permission>all</permission>
            </allow>
            <allow>
              <principal>public</principal>
              <permission>read</permission>
            </allow>
          </access>
        </distribution>
      </physical>
      <entityType>KML</entityType>
    </otherEntity>
  </dataset>
  <additionalMetadata>
    <metadata>
      <stmml:unitList
        xmlns:stmml="http://www.xml-cml.org/schema/stmml-1.1" xsi:schemaLocation="http://www.xml-cml.org/schema/stmml-1.1 http://gce-lter.marsci.uga.edu/public/files/schemas/eml-210/stmml.xsd">
        <!--note that the unitTypes here are taken from the eml-unitDictionary.xml-->
        <stmml:unit abbreviation="yyyy-mm-dd HH:MM:SS" id="date"
          name="Date" unitType="time">
          <stmml:description>Fractional MATLAB serial day (based on 1 = January 1, 0000)</stmml:description>
        </stmml:unit>
        <stmml:unit abbreviation="%" id="percentabbr."
          multiplierToSI="1" name="percent" unitType="dimensionless">
          <stmml:description>ratio of two quantities as percent composition (1:100)</stmml:description>
        </stmml:unit>
        <stmml:unit abbreviation="W/m^2" id="wattPerMeterSquared"
          name="wattPerMeterSquared" unitType="currentDensity">
          <stmml:description>watts per square meter</stmml:description>
        </stmml:unit>
      </stmml:unitList>
    </metadata>
  </additionalMetadata>
</eml:eml>
