<?xml version="1.0" encoding="UTF-8"?>
<eml:eml packageId="knb-lter-gce.438.8" system="knb" xmlns:ds="eml://ecoinformatics.org/dataset-2.1.0" xmlns:eml="eml://ecoinformatics.org/eml-2.1.1" xmlns:stmml="http://www.xml-cml.org/schema/stmml-1.1" xmlns:xsi="http://www.w3.org/2001/XMLSchema-instance" xsi:schemaLocation="eml://ecoinformatics.org/eml-2.1.0 http://gce-lter.marsci.uga.edu/public/files/schemas/eml-210/eml.xsd">
<access authSystem="knb" order="allowFirst" scope="document">
<allow>
<principal>uid=GCE,o=lter,dc=ecoinformatics,dc=org</principal>
<permission>all</permission>
</allow>
<allow>
<principal>public</principal>
<permission>read</permission>
</allow>
</access>
<dataset>
<alternateIdentifier>INV-GCEM-1309.2.0</alternateIdentifier>
<title>Mollusc population size distribution monitoring: Fall 2012 mid-marsh and creekbank infaunal and epifaunal mollusc size distributions based on collections from GCE marsh monitoring sites 1-10</title>
<creator id="GCE-LTER"><organizationName>Georgia Coastal Ecosystems LTER Project</organizationName>
<address>
<deliveryPoint>Dept. of Marine Sciences</deliveryPoint>
<deliveryPoint>University of Georgia</deliveryPoint>
<city>Athens</city>
<administrativeArea>Georgia</administrativeArea>
<postalCode>30602-3636</postalCode>
<country>USA</country>
</address>
<electronicMailAddress>gcelter@uga.edu</electronicMailAddress>
<onlineUrl>http://gce-lter.marsci.uga.edu/</onlineUrl>
</creator>
<creator>
<individualName>
<salutation>Dr.</salutation>
<givenName>Steven</givenName>
<givenName>C.</givenName>
<surName>Pennings</surName>
</individualName>
<organizationName>University of Houston</organizationName>
<address>
<deliveryPoint>Department of Biology and Biochemistry</deliveryPoint>
<deliveryPoint>University of Houston</deliveryPoint>
<city>Houston</city>
<administrativeArea>Texas</administrativeArea>
<postalCode>77204-5513</postalCode>
<country>USA</country>
</address>
<electronicMailAddress>scpennin@central.uh.edu</electronicMailAddress>
<onlineUrl>http://www.bchs.uh.edu/~steve/</onlineUrl>
</creator>
<metadataProvider><references>GCE-LTER</references></metadataProvider>
<associatedParty>
<individualName>
<salutation>Dr.</salutation>
<givenName>Merryl</givenName>
<surName>Alber</surName>
</individualName>
<organizationName>University of Georgia</organizationName>
<electronicMailAddress>malber@uga.edu</electronicMailAddress>
<role>investigator</role>
</associatedParty>
<associatedParty>
<individualName>
<givenName>Jacob</givenName>
<surName>Shalack</surName>
</individualName>
<organizationName>University of Georgia Marine Institute</organizationName>
<electronicMailAddress>shalack@uga.edu</electronicMailAddress>
<role>field technician</role>
</associatedParty>
<associatedParty>
<individualName>
<givenName>Caroline</givenName>
<givenName>M.</givenName>
<surName>Reddy</surName>
</individualName>
<organizationName>University of Georgia</organizationName>
<electronicMailAddress>cmreddy@uga.edu</electronicMailAddress>
<role>field technician</role>
</associatedParty>
<associatedParty>
<individualName>
<givenName>Elizabeth</givenName>
<givenName>Ashby</givenName>
<surName>Nix</surName>
</individualName>
<organizationName>University of Georgia Marine Institute</organizationName>
<electronicMailAddress>anix@uga.edu</electronicMailAddress>
<role>field technician</role>
</associatedParty>
<associatedParty>
<individualName>
<givenName>Hongyu</givenName>
<surName>Guo</surName>
</individualName>
<organizationName>University of Houston</organizationName>
<electronicMailAddress>greatuniverse@hotmail.com</electronicMailAddress>
<role>postdoctoral associate</role>
</associatedParty>
<associatedParty>
<individualName>
<salutation>Dr.</salutation>
<givenName>Kazimierz</givenName>
<surName>Wieski</surName>
</individualName>
<organizationName>University of Houston</organizationName>
<electronicMailAddress>trudnoswietnie@gmail.com</electronicMailAddress>
<role>postdoctoral associate</role>
</associatedParty>
<pubDate>2013</pubDate>
<abstract>
<para>This data set is the Fall 2012 report of infaunal and epifaunal mollusk species size distributions at the GCE-LTER marsh sites used for population monitoring. Infaunal and epifaunal molluscs were hand-collected from within quadrats of known area from mid-marsh and creekbank zones (n = 4 quadrats per zone) at all sites. The molluscs were returned to the lab, preserved in ethanol, measured and counted (count data is reported separately). Length of each measurable individual was determined using calipers or an ocular micrometer mounted in a stereomicroscope.  Species abundance and density data for these collections may be found in the GCE-LTER data set INV-GCEM-1302. Numbers of individuals of each species in the abundance data file may not correspond exactly to the numbers of individuals in the size data file because some individuals may not have been measureable.</para>
</abstract>
<keywordSet>
<keyword keywordType="place">Georgia</keyword>
<keyword keywordType="place">Sapelo Island</keyword>
<keyword keywordType="place">USA</keyword>
<keyword keywordType="taxonomic">Detracia</keyword>
<keyword keywordType="taxonomic">Geukensia</keyword>
<keyword keywordType="taxonomic">Hydrobiidae</keyword>
<keyword keywordType="taxonomic">Littoraria</keyword>
<keyword keywordType="taxonomic">Melampus</keyword>
<keyword keywordType="taxonomic">mollusks</keyword>
<keyword keywordType="taxonomic">Polymesoda</keyword>
<keyword keywordType="taxonomic">Succineidae</keyword>
<keyword keywordType="temporal">fall</keyword>
<keyword keywordType="theme">GCE</keyword>
<keyword keywordType="theme">Georgia Coastal Ecosystems</keyword>
<keyword keywordType="theme">LTER</keyword>
<keywordThesaurus>GCE-LTER Controlled Vocabulary</keywordThesaurus>
</keywordSet>
<keywordSet>
<keyword keywordType="taxonomic">Animalia</keyword>
<keyword keywordType="taxonomic">Archaeopulmonata</keyword>
<keyword keywordType="taxonomic">Bilateria</keyword>
<keyword keywordType="taxonomic">Bivalvia</keyword>
<keyword keywordType="taxonomic">Corbiculidae</keyword>
<keyword keywordType="taxonomic">Corbiculoidea</keyword>
<keyword keywordType="taxonomic">Detracia floridana</keyword>
<keyword keywordType="taxonomic">Ellobiidae</keyword>
<keyword keywordType="taxonomic">Gastropoda</keyword>
<keyword keywordType="taxonomic">Geukensia demissa</keyword>
<keyword keywordType="taxonomic">Heterodonta</keyword>
<keyword keywordType="taxonomic">Hydrobiidae</keyword>
<keyword keywordType="taxonomic">Littoraria irrorata</keyword>
<keyword keywordType="taxonomic">Littorinidae</keyword>
<keyword keywordType="taxonomic">Lophozoa</keyword>
<keyword keywordType="taxonomic">Melampus bidentatus</keyword>
<keyword keywordType="taxonomic">Mollusca</keyword>
<keyword keywordType="taxonomic">Mytilidae</keyword>
<keyword keywordType="taxonomic">Mytiloida</keyword>
<keyword keywordType="taxonomic">Nassariidae</keyword>
<keyword keywordType="taxonomic">Nassarius obsoletus</keyword>
<keyword keywordType="taxonomic">Neogastropoda</keyword>
<keyword keywordType="taxonomic">Neotaenioglossa</keyword>
<keyword keywordType="taxonomic">Polymesoda caroliniana</keyword>
<keyword keywordType="taxonomic">Prosobranchia</keyword>
<keyword keywordType="taxonomic">Protostomia</keyword>
<keyword keywordType="taxonomic">Pteriomorphia</keyword>
<keyword keywordType="taxonomic">Stylommatophora</keyword>
<keyword keywordType="taxonomic">Succineidae</keyword>
<keyword keywordType="taxonomic">Veneroida</keyword>
<keywordThesaurus>GCE-LTER Species List</keywordThesaurus>
</keywordSet>
<keywordSet>
<keyword keywordType="theme">creek bank</keyword>
<keyword keywordType="theme">epifauna</keyword>
<keyword keywordType="theme">infauna</keyword>
<keyword keywordType="theme">intertidal</keyword>
<keyword keywordType="theme">length</keyword>
<keyword keywordType="theme">marshes</keyword>
<keyword keywordType="theme">mid-marsh</keyword>
<keyword keywordType="theme">monitoring</keyword>
<keyword keywordType="theme">size distribution</keyword>
<keyword keywordType="theme">species diversity</keyword>
<keyword keywordType="theme">vegetation</keyword>
<keywordThesaurus>LTER Controlled Vocabulary</keywordThesaurus>
</keywordSet>
<keywordSet>
<keyword keywordType="theme">Populations</keyword>
<keywordThesaurus>LTER Core Research Areas</keywordThesaurus>
</keywordSet>
<intellectualRights>
<para>All publications based on this data set must cite the contributor and Georgia Coastal Ecosystems LTER project, and two copies of the manuscript must be submitted to the GCE-LTER Information Management Office.</para>
</intellectualRights>
<distribution>
<online>
<url function="information">http://gce-lter.marsci.uga.edu/public/app/dataset_details.asp?accession=INV-GCEM-1309</url>
</online>
</distribution>
<coverage>
<geographicCoverage>
<geographicDescription>Overall bounding box describing the geographic region within the Georgia Coastal Ecosystems LTER study domain represented in data set INV-GCEM-1309, based on geographic coordinates present in the data table</geographicDescription>
<boundingCoordinates>
<westBoundingCoordinate>-81.478709</westBoundingCoordinate>
<eastBoundingCoordinate>-81.228956</eastBoundingCoordinate>
<northBoundingCoordinate>31.539491</northBoundingCoordinate>
<southBoundingCoordinate>31.307529</southBoundingCoordinate>
</boundingCoordinates>
</geographicCoverage>
<temporalCoverage>
<rangeOfDates>
<beginDate>
<calendarDate>2012-10-01</calendarDate>
</beginDate>
<endDate>
<calendarDate>2012-10-11</calendarDate>
</endDate>
</rangeOfDates>
</temporalCoverage>
<taxonomicCoverage>
<generalTaxonomicCoverage>Participants were trained to recognize mollusc species in the field by D. Bishop. Final species identifications were made (under the supervision of D. Bishop) when specimens were sorted and measured in the lab. Most species were common and easily recognizable. Useful references for marsh species and molluscs in general are: 1) Heard, R.W. 1982. Guide to Common Tidal Marsh Invertebrates of the Northeastern Gulf of Mexico. Mississippi Alabama Sea Grant Consortium, MASGP-79-004. 82 pp. and 2) Abbott, R.T. 1974. American Seashells. Van Nostrand Reinhold Co., New York, Second Edition. 663 pp.</generalTaxonomicCoverage>
<taxonomicClassification>
<taxonRankName>Kingdom</taxonRankName>
<taxonRankValue>Animalia</taxonRankValue>
<taxonomicClassification>
<taxonRankName>Subkingdom</taxonRankName>
<taxonRankValue>Bilateria</taxonRankValue>
<taxonomicClassification>
<taxonRankName>Infrakingdom</taxonRankName>
<taxonRankValue>Protostomia</taxonRankValue>
<taxonomicClassification>
<taxonRankName>Superphylum</taxonRankName>
<taxonRankValue>Lophozoa</taxonRankValue>
<taxonomicClassification>
<taxonRankName>Phylum</taxonRankName>
<taxonRankValue>Mollusca</taxonRankValue>
<taxonomicClassification>
<taxonRankName>Class</taxonRankName>
<taxonRankValue>Gastropoda</taxonRankValue>
<taxonomicClassification>
<taxonRankName>Order</taxonRankName>
<taxonRankValue>Archaeopulmonata</taxonRankValue>
<taxonomicClassification>
<taxonRankName>Family</taxonRankName>
<taxonRankValue>Ellobiidae</taxonRankValue>
<taxonomicClassification>
<taxonRankName>Genus</taxonRankName>
<taxonRankValue>Detracia</taxonRankValue>
<taxonomicClassification>
<taxonRankName>Species</taxonRankName>
<taxonRankValue>Detracia floridana</taxonRankValue>
<commonName>florida melampus</commonName>
</taxonomicClassification>
</taxonomicClassification>
</taxonomicClassification>
</taxonomicClassification>
</taxonomicClassification>
</taxonomicClassification>
</taxonomicClassification>
</taxonomicClassification>
</taxonomicClassification>
</taxonomicClassification>
<taxonomicClassification>
<taxonRankName>Kingdom</taxonRankName>
<taxonRankValue>Animalia</taxonRankValue>
<taxonomicClassification>
<taxonRankName>Subkingdom</taxonRankName>
<taxonRankValue>Bilateria</taxonRankValue>
<taxonomicClassification>
<taxonRankName>Infrakingdom</taxonRankName>
<taxonRankValue>Protostomia</taxonRankValue>
<taxonomicClassification>
<taxonRankName>Superphylum</taxonRankName>
<taxonRankValue>Lophozoa</taxonRankValue>
<taxonomicClassification>
<taxonRankName>Phylum</taxonRankName>
<taxonRankValue>Mollusca</taxonRankValue>
<taxonomicClassification>
<taxonRankName>Class</taxonRankName>
<taxonRankValue>Bivalvia</taxonRankValue>
<taxonomicClassification>
<taxonRankName>Subclass</taxonRankName>
<taxonRankValue>Pteriomorphia</taxonRankValue>
<taxonomicClassification>
<taxonRankName>Order</taxonRankName>
<taxonRankValue>Mytiloida</taxonRankValue>
<taxonomicClassification>
<taxonRankName>Family</taxonRankName>
<taxonRankValue>Mytilidae</taxonRankValue>
<taxonomicClassification>
<taxonRankName>Genus</taxonRankName>
<taxonRankValue>Geukensia</taxonRankValue>
<taxonomicClassification>
<taxonRankName>Species</taxonRankName>
<taxonRankValue>Geukensia demissa</taxonRankValue>
<commonName>ribbed mussel, ribbed-mussel</commonName>
</taxonomicClassification>
</taxonomicClassification>
</taxonomicClassification>
</taxonomicClassification>
</taxonomicClassification>
</taxonomicClassification>
</taxonomicClassification>
</taxonomicClassification>
</taxonomicClassification>
</taxonomicClassification>
</taxonomicClassification>
<taxonomicClassification>
<taxonRankName>Kingdom</taxonRankName>
<taxonRankValue>Animalia</taxonRankValue>
<taxonomicClassification>
<taxonRankName>Subkingdom</taxonRankName>
<taxonRankValue>Bilateria</taxonRankValue>
<taxonomicClassification>
<taxonRankName>Infrakingdom</taxonRankName>
<taxonRankValue>Protostomia</taxonRankValue>
<taxonomicClassification>
<taxonRankName>Superphylum</taxonRankName>
<taxonRankValue>Lophozoa</taxonRankValue>
<taxonomicClassification>
<taxonRankName>Phylum</taxonRankName>
<taxonRankValue>Mollusca</taxonRankValue>
<taxonomicClassification>
<taxonRankName>Class</taxonRankName>
<taxonRankValue>Gastropoda</taxonRankValue>
<taxonomicClassification>
<taxonRankName>Order</taxonRankName>
<taxonRankValue>Neotaenioglossa</taxonRankValue>
<taxonomicClassification>
<taxonRankName>Family</taxonRankName>
<taxonRankValue>Hydrobiidae</taxonRankValue>
</taxonomicClassification>
</taxonomicClassification>
</taxonomicClassification>
</taxonomicClassification>
</taxonomicClassification>
</taxonomicClassification>
</taxonomicClassification>
</taxonomicClassification>
<taxonomicClassification>
<taxonRankName>Kingdom</taxonRankName>
<taxonRankValue>Animalia</taxonRankValue>
<taxonomicClassification>
<taxonRankName>Subkingdom</taxonRankName>
<taxonRankValue>Bilateria</taxonRankValue>
<taxonomicClassification>
<taxonRankName>Infrakingdom</taxonRankName>
<taxonRankValue>Protostomia</taxonRankValue>
<taxonomicClassification>
<taxonRankName>Superphylum</taxonRankName>
<taxonRankValue>Lophozoa</taxonRankValue>
<taxonomicClassification>
<taxonRankName>Phylum</taxonRankName>
<taxonRankValue>Mollusca</taxonRankValue>
<taxonomicClassification>
<taxonRankName>Class</taxonRankName>
<taxonRankValue>Gastropoda</taxonRankValue>
<taxonomicClassification>
<taxonRankName>Subclass</taxonRankName>
<taxonRankValue>Prosobranchia</taxonRankValue>
<taxonomicClassification>
<taxonRankName>Order</taxonRankName>
<taxonRankValue>Neogastropoda</taxonRankValue>
<taxonomicClassification>
<taxonRankName>Family</taxonRankName>
<taxonRankValue>Nassariidae</taxonRankValue>
<taxonomicClassification>
<taxonRankName>Genus</taxonRankName>
<taxonRankValue>Nassarius</taxonRankValue>
<taxonomicClassification>
<taxonRankName>Species</taxonRankName>
<taxonRankValue>Nassarius obsoletus</taxonRankValue>
<commonName>eastern mudsnail</commonName>
</taxonomicClassification>
</taxonomicClassification>
</taxonomicClassification>
</taxonomicClassification>
</taxonomicClassification>
</taxonomicClassification>
</taxonomicClassification>
</taxonomicClassification>
</taxonomicClassification>
</taxonomicClassification>
</taxonomicClassification>
<taxonomicClassification>
<taxonRankName>Kingdom</taxonRankName>
<taxonRankValue>Animalia</taxonRankValue>
<taxonomicClassification>
<taxonRankName>Subkingdom</taxonRankName>
<taxonRankValue>Bilateria</taxonRankValue>
<taxonomicClassification>
<taxonRankName>Infrakingdom</taxonRankName>
<taxonRankValue>Protostomia</taxonRankValue>
<taxonomicClassification>
<taxonRankName>Superphylum</taxonRankName>
<taxonRankValue>Lophozoa</taxonRankValue>
<taxonomicClassification>
<taxonRankName>Phylum</taxonRankName>
<taxonRankValue>Mollusca</taxonRankValue>
<taxonomicClassification>
<taxonRankName>Class</taxonRankName>
<taxonRankValue>Gastropoda</taxonRankValue>
<taxonomicClassification>
<taxonRankName>Order</taxonRankName>
<taxonRankValue>Neotaenioglossa</taxonRankValue>
<taxonomicClassification>
<taxonRankName>Family</taxonRankName>
<taxonRankValue>Littorinidae</taxonRankValue>
<taxonomicClassification>
<taxonRankName>Genus</taxonRankName>
<taxonRankValue>Littoraria</taxonRankValue>
<taxonomicClassification>
<taxonRankName>Species</taxonRankName>
<taxonRankValue>Littoraria irrorata</taxonRankValue>
<commonName>marsh periwinkle</commonName>
</taxonomicClassification>
</taxonomicClassification>
</taxonomicClassification>
</taxonomicClassification>
</taxonomicClassification>
</taxonomicClassification>
</taxonomicClassification>
</taxonomicClassification>
</taxonomicClassification>
</taxonomicClassification>
<taxonomicClassification>
<taxonRankName>Kingdom</taxonRankName>
<taxonRankValue>Animalia</taxonRankValue>
<taxonomicClassification>
<taxonRankName>Subkingdom</taxonRankName>
<taxonRankValue>Bilateria</taxonRankValue>
<taxonomicClassification>
<taxonRankName>Infrakingdom</taxonRankName>
<taxonRankValue>Protostomia</taxonRankValue>
<taxonomicClassification>
<taxonRankName>Superphylum</taxonRankName>
<taxonRankValue>Lophozoa</taxonRankValue>
<taxonomicClassification>
<taxonRankName>Phylum</taxonRankName>
<taxonRankValue>Mollusca</taxonRankValue>
<taxonomicClassification>
<taxonRankName>Class</taxonRankName>
<taxonRankValue>Gastropoda</taxonRankValue>
<taxonomicClassification>
<taxonRankName>Order</taxonRankName>
<taxonRankValue>Archaeopulmonata</taxonRankValue>
<taxonomicClassification>
<taxonRankName>Family</taxonRankName>
<taxonRankValue>Ellobiidae</taxonRankValue>
<taxonomicClassification>
<taxonRankName>Genus</taxonRankName>
<taxonRankValue>Melampus</taxonRankValue>
<taxonomicClassification>
<taxonRankName>Species</taxonRankName>
<taxonRankValue>Melampus bidentatus</taxonRankValue>
<commonName>eastern melampus</commonName>
</taxonomicClassification>
</taxonomicClassification>
</taxonomicClassification>
</taxonomicClassification>
</taxonomicClassification>
</taxonomicClassification>
</taxonomicClassification>
</taxonomicClassification>
</taxonomicClassification>
</taxonomicClassification>
<taxonomicClassification>
<taxonRankName>Kingdom</taxonRankName>
<taxonRankValue>Animalia</taxonRankValue>
<taxonomicClassification>
<taxonRankName>Subkingdom</taxonRankName>
<taxonRankValue>Bilateria</taxonRankValue>
<taxonomicClassification>
<taxonRankName>Infrakingdom</taxonRankName>
<taxonRankValue>Protostomia</taxonRankValue>
<taxonomicClassification>
<taxonRankName>Superphylum</taxonRankName>
<taxonRankValue>Lophozoa</taxonRankValue>
<taxonomicClassification>
<taxonRankName>Phylum</taxonRankName>
<taxonRankValue>Mollusca</taxonRankValue>
<taxonomicClassification>
<taxonRankName>Class</taxonRankName>
<taxonRankValue>Bivalvia</taxonRankValue>
<taxonomicClassification>
<taxonRankName>Subclass</taxonRankName>
<taxonRankValue>Heterodonta</taxonRankValue>
<taxonomicClassification>
<taxonRankName>Order</taxonRankName>
<taxonRankValue>Veneroida</taxonRankValue>
<taxonomicClassification>
<taxonRankName>Superfamily</taxonRankName>
<taxonRankValue>Corbiculoidea</taxonRankValue>
<taxonomicClassification>
<taxonRankName>Family</taxonRankName>
<taxonRankValue>Corbiculidae</taxonRankValue>
<taxonomicClassification>
<taxonRankName>Genus</taxonRankName>
<taxonRankValue>Polymesoda</taxonRankValue>
<taxonomicClassification>
<taxonRankName>Species</taxonRankName>
<taxonRankValue>Polymesoda caroliniana</taxonRankValue>
<commonName>Carolina marshclam</commonName>
</taxonomicClassification>
</taxonomicClassification>
</taxonomicClassification>
</taxonomicClassification>
</taxonomicClassification>
</taxonomicClassification>
</taxonomicClassification>
</taxonomicClassification>
</taxonomicClassification>
</taxonomicClassification>
</taxonomicClassification>
</taxonomicClassification>
<taxonomicClassification>
<taxonRankName>Kingdom</taxonRankName>
<taxonRankValue>Animalia</taxonRankValue>
<taxonomicClassification>
<taxonRankName>Subkingdom</taxonRankName>
<taxonRankValue>Bilateria</taxonRankValue>
<taxonomicClassification>
<taxonRankName>Infrakingdom</taxonRankName>
<taxonRankValue>Protostomia</taxonRankValue>
<taxonomicClassification>
<taxonRankName>Superphylum</taxonRankName>
<taxonRankValue>Lophozoa</taxonRankValue>
<taxonomicClassification>
<taxonRankName>Phylum</taxonRankName>
<taxonRankValue>Mollusca</taxonRankValue>
<taxonomicClassification>
<taxonRankName>Class</taxonRankName>
<taxonRankValue>Gastropoda</taxonRankValue>
<taxonomicClassification>
<taxonRankName>Order</taxonRankName>
<taxonRankValue>Stylommatophora</taxonRankValue>
<taxonomicClassification>
<taxonRankName>Family</taxonRankName>
<taxonRankValue>Succineidae</taxonRankValue>
</taxonomicClassification>
</taxonomicClassification>
</taxonomicClassification>
</taxonomicClassification>
</taxonomicClassification>
</taxonomicClassification>
</taxonomicClassification>
</taxonomicClassification>
</taxonomicCoverage>
</coverage>
<contact><positionName>GCE-LTER Information Manager</positionName>
<address>
<deliveryPoint>Dept. of Marine Sciences</deliveryPoint>
<deliveryPoint>University of Georgia</deliveryPoint>
<city>Athens</city>
<administrativeArea>Georgia</administrativeArea>
<postalCode>30602-3636</postalCode>
<country>USA</country>
</address>
<electronicMailAddress>gcelter@uga.edu</electronicMailAddress>
</contact>
<publisher><references>GCE-LTER</references></publisher>
<methods>
<methodStep>
<description>
<section>
<title>Mollusc Collection</title>
<para> A quadrat device, constructed of treated, 1" X 3/4" slats, drilled and joined with bolts and wing nuts, was designed to enclose selectable areas of 0.0625, 0.25 or 0.5 m^2. The quadrat size used for each sample may have varied between plots, zones, and sites and was dependent on apparent density of molluscs (particularly Littoraria) in the immediate area. In high density areas, smaller quadrats were used and vice versa. Quadrat selection was guided by the need to balance accuracy of abundance estimates, prevention of excessive removal of fauna and ensurance that field sampling was kept to a reasonable amount of time. The quadrat was placed around the bases of the plants in the selected sampling area. Snails were collected first, from the standing plants. Collection started at the tops of the plants and proceeded downward to the marsh surface. Particular attention was given to enrolled, scenescing leaves, when present, as new recruits and smaller species were often concentrated there. After the plants had been inspected, the marsh surface was examined for snails and signs of infaunal bivalves. After all epifaunal molluscs were removed, the infaunal bivalves were dug from the sediment. This often required feeling (centimeter by centimeter) along the marsh surface and probing down inside crab holes to make sure all individuals were collected. All molluscs were placed in pre-labeled plastic bags and transported back to the lab. The molluscs were washed free of sediment over a sieve (&lt; 500 micron-mesh) and preserved in 70% ethanol. Missing values were recorded on data sheets when observations could not be made due to problems locating plots, loss of plots (creek  bank erosion, trampling), logistical problems accessing plots, tidal inundation or other factors.</para>
</section>
</description>
</methodStep>
<methodStep>
<description>
<section>
<title>Size Determination</title>
<para>Species were identified to the lowest practicable taxonomic unit and the length of each individual that was measurable was determined to the nearest 0.1mm using (dial or vernier) calipers or an ocular micrometer mounted in a stereomicroscope. The Condition column in the data set indicates that an individual was undamaged (0) or suffered shell damage (1) that may have affected the accuracy of its measurement. Best efforts to measure these specimens accurately were made but, the user may wish to discard these individuals before data analysis.</para>
</section>
</description>
<instrumentation>Calipers; manufacturer: Fisher Scientific (model: ISO 17025); parameter: Length (accuracy: 0.1mm, readability: Metric, range: 0.0mm -)</instrumentation>
<instrumentation>Fiber Optic Light; manufacturer: Fostec (model: DDL)</instrumentation>
<instrumentation>Miniscalse Ruler; manufacturer: Bioquip (model: Metric); parameter: Length (accuracy: 0.1mm, readability: Metric, range: 0.0mm -)</instrumentation>
<instrumentation>Stereomicroscope; manufacturer: Leica (model: MZ 7.5)</instrumentation>
</methodStep>
<sampling>
<studyExtent>
<coverage>
<temporalCoverage>
<rangeOfDates>
<beginDate>
<calendarDate>2012-10-01</calendarDate>
</beginDate>
<endDate>
<calendarDate>2012-10-11</calendarDate>
</endDate>
</rangeOfDates>
</temporalCoverage>
</coverage>
<coverage>
<geographicCoverage>
<geographicDescription>GCE Study Site GCE1 -- Eulonia, Georgia, USA.  Transitional salt marsh/upland forest site at the upper reach of the Sapelo River near Eulonia, Georgia. The main marsh area is to the north of the channel where the upland is controlled by DNR. Several small creeks lie within the study area.  Residential development is increasing on the upland areas south of the channel. A hydrographic sonde is deployed within this site attached to a private dock to the south of the main channel near the HW-17 bridge.</geographicDescription>
<boundingCoordinates>
<westBoundingCoordinate>-81.428481</westBoundingCoordinate>
<eastBoundingCoordinate>-81.410732</eastBoundingCoordinate>
<northBoundingCoordinate>31.546750</northBoundingCoordinate>
<southBoundingCoordinate>31.533963</southBoundingCoordinate>
</boundingCoordinates>
</geographicCoverage>
<geographicCoverage>
<geographicDescription>GCE Study Site GCE2 -- Four Mile Island, Georgia, USA.  Low salt marsh/estuary site encompassing the southwestern end of Four Mile Island and the Sapelo River near Sapelo Sound. The large island is totally marsh, with no upland, and no development. Nearby areas, like "Sutherland Bluff", are developing with golf courses. A hydrographic sonde is deployed within this site attached to channel marker 4 (under U.S. Coast Guard permit). Salinity regime is similar to seawater.</geographicDescription>
<boundingCoordinates>
<westBoundingCoordinate>-81.318961</westBoundingCoordinate>
<eastBoundingCoordinate>-81.292844</eastBoundingCoordinate>
<northBoundingCoordinate>31.552554</northBoundingCoordinate>
<southBoundingCoordinate>31.533604</southBoundingCoordinate>
</boundingCoordinates>
</geographicCoverage>
<geographicCoverage>
<geographicDescription>GCE Study Site GCE3 -- North Sapelo, Sapelo Island, Georgia, USA.  High salinity marsh/Sapelo Sound site.  Few or no small creeks, but one large creek is easily accessed. Further upstream upland drainage is affected by culvert at Reynolds' duck pond. Upland is heavily forested. Hydrographic sonde is deployed adjacent to this site attached to a channel marker (under U.S. Coast Guard permit). A huge mud flat is present at the northern tip of Sapelo Island.</geographicDescription>
<boundingCoordinates>
<westBoundingCoordinate>-81.233249</westBoundingCoordinate>
<eastBoundingCoordinate>-81.195661</eastBoundingCoordinate>
<northBoundingCoordinate>31.546868</northBoundingCoordinate>
<southBoundingCoordinate>31.515188</southBoundingCoordinate>
</boundingCoordinates>
</geographicCoverage>
<geographicCoverage>
<geographicDescription>GCE Study Site GCE4 -- Meridian, Georgia, USA.  Inland marsh and tidal creek site near Meridian, Georgia. The primary marsh site is to the south of the dock in front of the Sapelo Island Visitor Center. Some small creeks and one large creek (Hudson Creek) are present. Upland is heavily forested. Marsh to the north of the dock can be used for additional studies if larger areas are required. Upland to the North is being developed for residential use, so future access is uncertain. The USGS super station site (weather station plus multiple-sensor sonde) is deployed off the ferry dock. Salinity is similar to seawater because there is little freshwater input from the upland.</geographicDescription>
<boundingCoordinates>
<westBoundingCoordinate>-81.370752</westBoundingCoordinate>
<eastBoundingCoordinate>-81.357256</eastBoundingCoordinate>
<northBoundingCoordinate>31.463533</northBoundingCoordinate>
<southBoundingCoordinate>31.448419</southBoundingCoordinate>
</boundingCoordinates>
</geographicCoverage>
<geographicCoverage>
<geographicDescription>GCE Study Site GCE5 -- Folly River, Georgia, USA.  Salt marsh/tidal creek site at the Folly River near Doboy Sound.  No upland areas present. The north side of Doboy Sound immediately opposite is similar, but creeks are not as nice. No existing markers are close enough for sonde deployment, so we will initially use the existing sonde at Marsh Landing operated by UGAMI for surrogate hydrographic data.</geographicDescription>
<boundingCoordinates>
<westBoundingCoordinate>-81.354413</westBoundingCoordinate>
<eastBoundingCoordinate>-81.327201</eastBoundingCoordinate>
<northBoundingCoordinate>31.442538</northBoundingCoordinate>
<southBoundingCoordinate>31.417640</southBoundingCoordinate>
</boundingCoordinates>
</geographicCoverage>
<geographicCoverage>
<geographicDescription>GCE Study Site GCE6 -- Dean Creek, Sapelo Island, Georgia, USA.  Doboy Sound/salt marsh site at the southern end of Sapelo Island near Dean Creek and the Sapelo lighthouse.  A few small creeks are present, but a large creek (Dean Creek) is easily accessed. Upland is composed of small hammocks and some constructed causeways, with sand dune complexes east of Dean Creek and extending to the beach. Upper end of the watershed is affected by a culvert at Beach Road and heavy student use of marsh immediately adjacent to culvert. A hydrographic sonde is deployed in Doboy Sound near Commodore Island approximately 1.5km from this site. GCE6 is also the focus of Sapelo Island Microbial Observatory research on microbial diversity  and  genomics (http://simo.marsci.uga.edu)</geographicDescription>
<boundingCoordinates>
<westBoundingCoordinate>-81.299522</westBoundingCoordinate>
<eastBoundingCoordinate>-81.264378</eastBoundingCoordinate>
<northBoundingCoordinate>31.394072</northBoundingCoordinate>
<southBoundingCoordinate>31.371003</southBoundingCoordinate>
</boundingCoordinates>
</geographicCoverage>
<geographicCoverage>
<geographicDescription>GCE Study Site GCE7 -- Carrs Island, Georgia, USA.  Freshwater marsh site along the northern bank of Hammersmith Creek at the south end of Carrs Island. Upland area is heavily forested. Northern 3/4 of the island was diked for rice agriculture, but the southern 1/4 is undisturbed. A hydrographic sonde is deployed in the Altamaha River near Hammersmith Creek, adjacent to this site.</geographicDescription>
<boundingCoordinates>
<westBoundingCoordinate>-81.493498</westBoundingCoordinate>
<eastBoundingCoordinate>-81.475900</eastBoundingCoordinate>
<northBoundingCoordinate>31.348774</northBoundingCoordinate>
<southBoundingCoordinate>31.334364</southBoundingCoordinate>
</boundingCoordinates>
</geographicCoverage>
<geographicCoverage>
<geographicDescription>GCE Study Site GCE8 -- Alligator Creek, Georgia, USA.  Mid-estuary/salt marsh site on the west side of Friday Cap Creek along the Altamaha River. This is a brackish marsh with salinities around 14 PSU during drought, less than 5 PSU normally. A hydrographic sonde is deployed adjacent to this site in the Altamaha River near Alligator Creek, attached to the US Coast Guard Daymarker 2 pilings.</geographicDescription>
<boundingCoordinates>
<westBoundingCoordinate>-81.426272</westBoundingCoordinate>
<eastBoundingCoordinate>-81.410634</eastBoundingCoordinate>
<northBoundingCoordinate>31.317808</northBoundingCoordinate>
<southBoundingCoordinate>31.304063</southBoundingCoordinate>
</boundingCoordinates>
</geographicCoverage>
<geographicCoverage>
<geographicDescription>GCE Study Site GCE9 -- Rockdedundy Island, Georgia, USA.  Lower estuary tidal creek and marsh site at Rockdedundy Island west of Wolf Island. A hydrographic sonde is deployed approximately 2km from this site in the Altamaha River near Rockdedundy Island, attached to the US Coast Guard Daymarker 201 pilings.</geographicDescription>
<boundingCoordinates>
<westBoundingCoordinate>-81.346730</westBoundingCoordinate>
<eastBoundingCoordinate>-81.326495</eastBoundingCoordinate>
<northBoundingCoordinate>31.358142</northBoundingCoordinate>
<southBoundingCoordinate>31.339173</southBoundingCoordinate>
</boundingCoordinates>
</geographicCoverage>
<geographicCoverage>
<geographicDescription>GCE Study Site GCE10 -- Hunt Camp, Sapelo Island, Georgia, USA.  Barrier island/marsh site on western Sapelo Island.  This site is located at the upper reaches of the Duplin River, and is within the Sapelo Island National Estuarine Research Reserve. Existing well fields border small marsh area to northwest, some wells have been installed to south end of hammock where marsh is more extensive and permanent plots are located. Two existing hydrographic sondes and weather stations within this site are operated by SINERR (Hunt Camp dock) and UGAMI (flume dock).</geographicDescription>
<boundingCoordinates>
<westBoundingCoordinate>-81.295506</westBoundingCoordinate>
<eastBoundingCoordinate>-81.258908</eastBoundingCoordinate>
<northBoundingCoordinate>31.497026</northBoundingCoordinate>
<southBoundingCoordinate>31.462320</southBoundingCoordinate>
</boundingCoordinates>
</geographicCoverage>
</coverage>
</studyExtent>
<samplingDescription>
<section>
<title>Mollusc Size Survey</title>
<para>Samples were taken within 3 meters of the GCE permanent monitoring plots, which were established in the marsh areas at each GCE sampling site in October, 2000. Each site was divided into two nominal zones -- creekbank and mid-marsh -- and eight plots were randomly located in each zone and marked with stakes.</para>
<para>This study represents a regular component of the population monitoring program of the GCE-LTER. It was designed to document size distributions of common infaunal and epifaunal mollusc species and track their changes over space and time at each of the ten intertidal, marsh monitoring sites within the GCE-LTER domain. All molluscs within randomly placed, small quadrats at four plots in the mid and creekbank marshes at each of the permanent monitoring sites were collected by hand. This design resulted in four replicate samples per zone (n = 4) at each site (n = 8 per site). Collections were made by different teams of trained individuals (staff and volunteers). Molluscs were returned to the lab, preserved and each individual was measured to the nearest 0.1mm.</para>
<para>For each sample, an area of marsh was selected that was similar in gross appearance and near to (within 3 m of) a GCE permanent monitoring plot. The permanent plots were not used so as to avoid damaging the plants within them. Permanent plots 1, 3, 6, and 8 in each zone were chosen to be the anchor plots for selecting actual sample areas. When wrack or other disturbances necessitated the use of alternate plots, these are indicated in the data set and noted as anomalies.</para>
</section>
</samplingDescription>
<spatialSamplingUnits>
<referencedEntityId>INV-GCEM-1309.kml</referencedEntityId>
</spatialSamplingUnits>
</sampling>
</methods>
<project>
<title>Georgia Coastal Ecosystems LTER Project II</title>
<personnel>
<individualName>
<givenName>Merryl</givenName>
<surName>Alber</surName>
</individualName>
<role>principalInvestigator</role>
</personnel>
<personnel>
<individualName>
<givenName>Steven</givenName>
<givenName>C.</givenName>
<surName>Pennings</surName>
</individualName>
<role>principalInvestigator</role>
</personnel>
<personnel>
<individualName>
<givenName>Wade</givenName>
<givenName>M.</givenName>
<surName>Sheldon</surName>
</individualName>
<role>informationManager</role>
</personnel>
<abstract><para>The Georgia Coastal Ecosystems (GCE) LTER program, located on the central Georgia coast, was established in 2000. The study domain encompasses three adjacent sounds (Altamaha, Doboy, Sapelo) and includes upland (mainland, barrier islands, marsh hammocks), intertidal (fresh, brackish and salt marsh) and submerged (river, estuary, continental shelf) habitats. Patterns and processes in this complex landscape vary spatially within and between sites, and temporally on multiple scales (tidal, diurnal, seasonal, and interannual). Overlain on this spatial and temporal variation are long-term trends caused by climate change, sea level rise, and human alterations of the landscape. These long-term trends are likely to manifest in many ways, including changes in water quality, river discharge, runoff and tidal inundation patterns throughout the estuarine landscape. The overarching goal of the GCE program is to understand the mechanisms by which variation in the quality, source and amount of both fresh and salt water create temporal and spatial variability in estuarine habitats and processes, in order to predict directional changes that will occur in response to long-term shifts in estuarine salinity patterns. The objectives of the current funding cycle are 1) to continue to document long-term patterns of environmental forcing to the coastal zone, 2) to link environmental forcing to observed spatial and temporal patterns of biogeochemical processes, primary production, community dynamics, decomposition and disturbance, 3) to investigate the underlying mechanisms by which environmental gradients along the longitudinal (freshwater-saltwater) and 4) lateral (upland-subtidal) axes of estuaries drive ecosystem change, and 5) to explore the relative importance of larval transport and the conditions of the adult environment in determining community and genetic structure across both the longitudinal and vertical gradients of the estuary. To meet these objectives, we utilize a suite of approaches including long-term monitoring of abiotic drivers and ecosystem responses; manipulative and natural experiments designed to enable us to examine the importance of key ecosystem drivers; and modeling.</para></abstract>
<funding><para>This material is based upon work supported by the National Science Foundation under grant numbers OCE-9982133 and OCE-0620959. Any opinions, findings, conclusions, or recommendations expressed in the material are those of the author(s) and do not necessarily reflect the views of the National Science Foundation.</para></funding>
</project>
<dataTable>
<entityName>INV-GCEM-1309</entityName>
<entityDescription>Fall 2012 mollusc population size distribution monitoring</entityDescription>
<physical>
<objectName>INV-GCEM-1309_2_0.CSV</objectName>
<size unit="kilobyte">248.86</size>
<characterEncoding>ASCII</characterEncoding>
<dataFormat>
<textFormat>
<numHeaderLines>5</numHeaderLines>
<numFooterLines>0</numFooterLines>
<recordDelimiter>\r\n</recordDelimiter>
<numPhysicalLinesPerRecord>1</numPhysicalLinesPerRecord>
<attributeOrientation>column</attributeOrientation>
<simpleDelimited>
<fieldDelimiter>,</fieldDelimiter>
<quoteCharacter>"</quoteCharacter>
</simpleDelimited>
</textFormat>
</dataFormat>
<distribution>
<online>
<onlineDescription>Spreadsheet comma-separated value (CSV) text file with a five line header containing the data set title, column titles, units and column types</onlineDescription>
<url function="download">http://gce-lter.marsci.uga.edu/public/app/send_file.asp?name=metacat-user&amp;email=none&amp;affiliation=LNO&amp;notify=0&amp;accession=INV-GCEM-1309&amp;filename=INV-GCEM-1309_2_0.CSV</url>
</online>
<access authSystem="knb" order="allowFirst" scope="document">
<allow>
<principal>uid=GCE,o=lter,dc=ecoinformatics,dc=org</principal>
<permission>all</permission>
</allow>
<allow>
<principal>public</principal>
<permission>read</permission>
</allow>
</access>
</distribution>
</physical>
<methods>
<methodStep>
<description><para>Data file post-processing in the GCE-LTER Information Management Office</para></description>
<software><title>GCE Data Toolbox for MATLAB(r)</title>
<creator>
<individualName>
<salutation>Mr.</salutation>
<givenName>Wade</givenName>
<givenName>M.</givenName>
<surName>Sheldon</surName>
</individualName>
<address>
<deliveryPoint>Dept. of Marine Sciences</deliveryPoint>
<deliveryPoint>University of Georgia</deliveryPoint>
<city>Athens</city>
<administrativeArea>Georgia</administrativeArea>
<postalCode>30602-3636</postalCode>
<country>USA</country>
</address>
<electronicMailAddress>sheldon@uga.edu</electronicMailAddress>
<onlineUrl>http://gce-lter.marsci.uga.edu/public/app/personnel_bios.asp?id=wsheldon</onlineUrl>
</creator>
<associatedParty>
<organizationName>Georgia Coastal Ecosystems LTER Project</organizationName>
<address>
<deliveryPoint>Dept. of Marine Sciences</deliveryPoint>
<deliveryPoint>University of Georgia</deliveryPoint>
<city>Athens</city>
<administrativeArea>Georgia</administrativeArea>
<postalCode>30602-3636</postalCode>
<country>USA</country>
</address>
<electronicMailAddress>gcelter@uga.edu</electronicMailAddress>
<role>sponsoring research program</role>
</associatedParty>
<abstract>
<para>The GCE Data Toolbox is a comprehensive library of functions for metadata-based analysis
quality control, transformation and management of ecological data sets. The toolbox is based on the GCE Data 
Structure, a MATLAB specification for storing tabular data along with all information required to interpret 
the data and generate formatted metadata (documentation). Metadata fields in the structure are queried 
by toolbox functions for all operations, allowing functions to process and format values appropriately 
based on the type of information they represent. This semantic processing approach supports highly 
automated and intelligent data analysis and ensures data set validity throughout all processing steps.</para>
</abstract>
<implementation>
<distribution>
<online>
<url function="information">http://gce-lter.marsci.uga.edu/public/im/tools/toolbox_download.htm</url>
</online>
</distribution>
<operatingSystem>Linux</operatingSystem>
<operatingSystem>Microsoft Windows</operatingSystem>
<operatingSystem>Sun Solaris</operatingSystem>
<operatingSystem>Apple Macintosh OS/X</operatingSystem>
<programmingLanguage>MATLAB</programmingLanguage>
</implementation>
<version>3.x</version></software>
<subStep>
<description>
<para>09/15/2014: new GCE Data Structure 1.1 created ("newstruct")</para>
</description>
</subStep>
<subStep>
<description>
<para>09/15/2014: 3181 rows imported from ASCII data file "INV-GCEM-1309.txt" ("imp_ascii")</para>
</description>
</subStep>
<subStep>
<description>
<para>09/15/2014: 81 metadata fields in file header parsed ("parse_header")</para>
</description>
</subStep>
<subStep>
<description>
<para>09/15/2014: data structure validated ("gce_valid")</para>
</description>
</subStep>
<subStep>
<description>
<para>09/15/2014: Q/C flagging criteria applied, "flags" field updated ("dataflag")</para>
</description>
</subStep>
<subStep>
<description>
<para>09/15/2014: added column "Location" at position 7 ("addcol")</para>
</description>
</subStep>
<subStep>
<description>
<para>09/15/2014: added Longitude and Latitude columns by matching values in the Location column to entries in the GCE geographic database ("add_stationcoords")</para>
</description>
</subStep>
<subStep>
<description>
<para>09/15/2014: 106 values in "Location" were updated with new values ("update_data")</para>
</description>
</subStep>
<subStep>
<description>
<para>09/15/2014: Q/C flagging criteria applied for column(s) Location, "flags" field updated ("dataflag")</para>
</description>
</subStep>
<subStep>
<description>
<para>09/15/2014: added Longitude and Latitude columns by matching values in the Location column to entries in the GCE geographic database ("add_stationcoords")</para>
</description>
</subStep>
<subStep>
<description>
<para>09/15/2014: 68 values in "Location" were updated with new values ("update_data"): changed record 3 from "GCE1_CB16" to "GCE1_CB26", changed record 9 from "GCE1_MM38" to "GCE1_MM48", changed record 27 from "GCE2_CB43" to "GCE2_CB53", changed record 28 from "GCE2_CB43" to "GCE2_CB53", changed record 29 from "GCE2_CB43" to "GCE2_CB53", changed record 30 from "GCE2_CB43" to "GCE2_CB53", changed record 31 from "GCE2_CB43" to "GCE2_CB53", changed record 32 from "GCE2_CB43" to "GCE2_CB53", changed record 33 from "GCE2_CB43" to "GCE2_CB53", changed record 34 from "GCE2_CB43" to "GCE2_CB53", changed record 35 from "GCE2_CB43" to "GCE2_CB53", changed record 36 from "GCE2_CB43" to "GCE2_CB53", changed record 942 from "GCE5_CB26" to "GCE5_CB36", changed record 1030 from "GCE6_CB13" to "GCE6_CB23", changed record 1031 from "GCE6_CB13" to "GCE6_CB23", changed record 1032 from "GCE6_CB13" to "GCE6_CB23", changed record 1549 from "GCE8_CB16" to "GCE8_CB26", changed record 1550 from "GCE8_CB16" to "GCE8_CB26", changed record 1551 from "GCE8_CB16" to "GCE8_CB26", changed record 1552 from "GCE8_CB16" to "GCE8_CB26", changed record 1553 from "GCE8_CB16" to "GCE8_CB26", changed record 1554 from "GCE8_CB16" to "GCE8_CB26", changed record 1555 from "GCE8_CB18" to "GCE8_CB28", changed record 1904 from "GCE1_CB16" to "GCE1_CB26", changed record 1915 from "GCE3_CB31" to "GCE3_CB41", changed record 1916 from "GCE3_CB43" to "GCE3_CB53", changed record 1918 from "GCE3_CB58" to "GCE3_CB68", changed record 1919 from "GCE3_CB58" to "GCE3_CB68", changed record 1931 from "GCE5_CB26" to "GCE5_CB36", changed record 1938 from "GCE6_CB13" to "GCE6_CB23", changed record 2036 from "GCE8_CB16" to "GCE8_CB26", changed record 2037 from "GCE8_CB18" to "GCE8_CB28", changed record 2446 from "GCE1_CB16" to "GCE1_CB26", changed record 2453 from "GCE2_CB43" to "GCE2_CB53", changed record 2478 from "GCE5_CB26" to "GCE5_CB36", changed record 2485 from "GCE6_CB13" to "GCE6_CB23", changed record 2502 from "GCE8_CB16" to "GCE8_CB26", changed record 2503 from "GCE8_CB18" to "GCE8_CB28", changed record 2534 from "GCE1_CB16" to "GCE1_CB26", changed record 2541 from "GCE2_CB43" to "GCE2_CB53", changed record 2566 from "GCE5_CB26" to "GCE5_CB36", changed record 2573 from "GCE6_CB13" to "GCE6_CB23", changed record 2590 from "GCE8_CB16" to "GCE8_CB26", changed record 2591 from "GCE8_CB18" to "GCE8_CB28", changed record 2622 from "GCE1_CB16" to "GCE1_CB26", changed record 2629 from "GCE2_CB43" to "GCE2_CB53", changed record 2654 from "GCE5_CB26" to "GCE5_CB36", changed record 2661 from "GCE6_CB13" to "GCE6_CB23", changed record 2678 from "GCE8_CB16" to "GCE8_CB26", changed record 2679 from "GCE8_CB18" to "GCE8_CB28", changed record 2710 from "GCE1_CB16" to "GCE1_CB26", changed record 2717 from "GCE2_CB43" to "GCE2_CB53", changed record 2742 from "GCE5_CB26" to "GCE5_CB36", changed record 2749 from "GCE6_CB13" to "GCE6_CB23", changed record 2766 from "GCE8_CB16" to "GCE8_CB26", changed record 2767 from "GCE8_CB18" to "GCE8_CB28", changed record 2808 from "GCE1_CB16" to "GCE1_CB26", changed record 2824 from "GCE2_CB43" to "GCE2_CB53", changed record 2871 from "GCE5_CB26" to "GCE5_CB36", changed record 2887 from "GCE6_CB13" to "GCE6_CB23", changed record 2914 from "GCE8_CB16" to "GCE8_CB26", changed record 2915 from "GCE8_CB18" to "GCE8_CB28", changed record 3095 from "GCE1_CB16" to "GCE1_CB26", changed record 3102 from "GCE2_CB43" to "GCE2_CB53", changed record 3127 from "GCE5_CB26" to "GCE5_CB36", changed record 3134 from "GCE6_CB13" to "GCE6_CB23", changed record 3151 from "GCE8_CB16" to "GCE8_CB26", changed record 3152 from "GCE8_CB18" to "GCE8_CB28"</para>
</description>
</subStep>
<subStep>
<description>
<para>09/15/2014: Q/C flagging criteria applied for column(s) Location, "flags" field updated ("dataflag")</para>
</description>
</subStep>
<subStep>
<description>
<para>09/15/2014: added Longitude and Latitude columns by matching values in the Location column to entries in the GCE geographic database ("add_stationcoords")</para>
</description>
</subStep>
<subStep>
<description>
<para>09/15/2014: 37 values in "Location" were updated with new values ("update_data"): changed record 3 from "GCE1_CB26" to "GCE1_CB36", changed record 9 from "GCE1_MM48" to "GCE1_MM58", changed record 27 from "GCE2_CB53" to "GCE2_CB63", changed record 28 from "GCE2_CB53" to "GCE2_CB63", changed record 29 from "GCE2_CB53" to "GCE2_CB63", changed record 30 from "GCE2_CB53" to "GCE2_CB63", changed record 31 from "GCE2_CB53" to "GCE2_CB63", changed record 32 from "GCE2_CB53" to "GCE2_CB63", changed record 33 from "GCE2_CB53" to "GCE2_CB63", changed record 34 from "GCE2_CB53" to "GCE2_CB63", changed record 35 from "GCE2_CB53" to "GCE2_CB63", changed record 36 from "GCE2_CB53" to "GCE2_CB63", changed record 942 from "GCE5_CB36" to "GCE5_CB46", changed record 1904 from "GCE1_CB26" to "GCE1_CB36", changed record 1915 from "GCE3_CB41" to "GCE3_CB51", changed record 1916 from "GCE3_CB53" to "GCE3_CB63", changed record 1918 from "GCE3_CB68" to "GCE3_CB78", changed record 1919 from "GCE3_CB68" to "GCE3_CB78", changed record 1931 from "GCE5_CB36" to "GCE5_CB46", changed record 2446 from "GCE1_CB26" to "GCE1_CB36", changed record 2453 from "GCE2_CB53" to "GCE2_CB63", changed record 2478 from "GCE5_CB36" to "GCE5_CB46", changed record 2534 from "GCE1_CB26" to "GCE1_CB36", changed record 2541 from "GCE2_CB53" to "GCE2_CB63", changed record 2566 from "GCE5_CB36" to "GCE5_CB46", changed record 2622 from "GCE1_CB26" to "GCE1_CB36", changed record 2629 from "GCE2_CB53" to "GCE2_CB63", changed record 2654 from "GCE5_CB36" to "GCE5_CB46", changed record 2710 from "GCE1_CB26" to "GCE1_CB36", changed record 2717 from "GCE2_CB53" to "GCE2_CB63", changed record 2742 from "GCE5_CB36" to "GCE5_CB46", changed record 2808 from "GCE1_CB26" to "GCE1_CB36", changed record 2824 from "GCE2_CB53" to "GCE2_CB63", changed record 2871 from "GCE5_CB36" to "GCE5_CB46", changed record 3095 from "GCE1_CB26" to "GCE1_CB36", changed record 3102 from "GCE2_CB53" to "GCE2_CB63", changed record 3127 from "GCE5_CB36" to "GCE5_CB46"</para>
</description>
</subStep>
<subStep>
<description>
<para>09/15/2014: Q/C flagging criteria applied for column(s) Location, "flags" field updated ("dataflag")</para>
</description>
</subStep>
<subStep>
<description>
<para>09/15/2014: added Longitude and Latitude columns by matching values in the Location column to entries in the GCE geographic database ("add_stationcoords")</para>
</description>
</subStep>
<subStep>
<description>
<para>09/15/2014: 29 values in "Location" were updated with new values ("update_data"): changed record 9 from "GCE1_MM58" to "GCE1_MM68", changed record 27 from "GCE2_CB63" to "GCE2_CB73", changed record 28 from "GCE2_CB63" to "GCE2_CB73", changed record 29 from "GCE2_CB63" to "GCE2_CB73", changed record 30 from "GCE2_CB63" to "GCE2_CB73", changed record 31 from "GCE2_CB63" to "GCE2_CB73", changed record 32 from "GCE2_CB63" to "GCE2_CB73", changed record 33 from "GCE2_CB63" to "GCE2_CB73", changed record 34 from "GCE2_CB63" to "GCE2_CB73", changed record 35 from "GCE2_CB63" to "GCE2_CB73", changed record 36 from "GCE2_CB63" to "GCE2_CB73", changed record 942 from "GCE5_CB46" to "GCE5_CB56", changed record 1915 from "GCE3_CB51" to "GCE3_CB61", changed record 1916 from "GCE3_CB63" to "GCE3_CB73", changed record 1918 from "GCE3_CB78" to "GCE3_CB88", changed record 1919 from "GCE3_CB78" to "GCE3_CB88", changed record 1931 from "GCE5_CB46" to "GCE5_CB56", changed record 2453 from "GCE2_CB63" to "GCE2_CB73", changed record 2478 from "GCE5_CB46" to "GCE5_CB56", changed record 2541 from "GCE2_CB63" to "GCE2_CB73", changed record 2566 from "GCE5_CB46" to "GCE5_CB56", changed record 2629 from "GCE2_CB63" to "GCE2_CB73", changed record 2654 from "GCE5_CB46" to "GCE5_CB56", changed record 2717 from "GCE2_CB63" to "GCE2_CB73", changed record 2742 from "GCE5_CB46" to "GCE5_CB56", changed record 2824 from "GCE2_CB63" to "GCE2_CB73", changed record 2871 from "GCE5_CB46" to "GCE5_CB56", changed record 3102 from "GCE2_CB63" to "GCE2_CB73", changed record 3127 from "GCE5_CB46" to "GCE5_CB56"</para>
</description>
</subStep>
<subStep>
<description>
<para>09/15/2014: Q/C flagging criteria applied for column(s) Location, "flags" field updated ("dataflag")</para>
</description>
</subStep>
<subStep>
<description>
<para>09/15/2014: added Longitude and Latitude columns by matching values in the Location column to entries in the GCE geographic database ("add_stationcoords")</para>
</description>
</subStep>
<subStep>
<description>
<para>09/15/2014: 29 values in "Location" were updated with new values ("update_data"): changed record 9 from "GCE1_MM68" to "GCE1_MM78", changed record 27 from "GCE2_CB73" to "GCE2_CB83", changed record 28 from "GCE2_CB73" to "GCE2_CB83", changed record 29 from "GCE2_CB73" to "GCE2_CB83", changed record 30 from "GCE2_CB73" to "GCE2_CB83", changed record 31 from "GCE2_CB73" to "GCE2_CB83", changed record 32 from "GCE2_CB73" to "GCE2_CB83", changed record 33 from "GCE2_CB73" to "GCE2_CB83", changed record 34 from "GCE2_CB73" to "GCE2_CB83", changed record 35 from "GCE2_CB73" to "GCE2_CB83", changed record 36 from "GCE2_CB73" to "GCE2_CB83", changed record 942 from "GCE5_CB56" to "GCE5_CB66", changed record 1915 from "GCE3_CB61" to "GCE3_CB71", changed record 1916 from "GCE3_CB73" to "GCE3_CB83", changed record 1918 from "GCE3_CB88" to "GCE3_CB98", changed record 1919 from "GCE3_CB88" to "GCE3_CB98", changed record 1931 from "GCE5_CB56" to "GCE5_CB66", changed record 2453 from "GCE2_CB73" to "GCE2_CB83", changed record 2478 from "GCE5_CB56" to "GCE5_CB66", changed record 2541 from "GCE2_CB73" to "GCE2_CB83", changed record 2566 from "GCE5_CB56" to "GCE5_CB66", changed record 2629 from "GCE2_CB73" to "GCE2_CB83", changed record 2654 from "GCE5_CB56" to "GCE5_CB66", changed record 2717 from "GCE2_CB73" to "GCE2_CB83", changed record 2742 from "GCE5_CB56" to "GCE5_CB66", changed record 2824 from "GCE2_CB73" to "GCE2_CB83", changed record 2871 from "GCE5_CB56" to "GCE5_CB66", changed record 3102 from "GCE2_CB73" to "GCE2_CB83", changed record 3127 from "GCE5_CB56" to "GCE5_CB66"</para>
</description>
</subStep>
<subStep>
<description>
<para>09/15/2014: Q/C flagging criteria applied for column(s) Location, "flags" field updated ("dataflag")</para>
</description>
</subStep>
<subStep>
<description>
<para>09/15/2014: added Longitude and Latitude columns by matching values in the Location column to entries in the GCE geographic database ("add_stationcoords")</para>
</description>
</subStep>
<subStep>
<description>
<para>09/15/2014: 29 values in "Location" were updated with new values ("update_data"): changed record 9 from "GCE1_MM78" to "GCE1_MM88", changed record 27 from "GCE2_CB83" to "GCE2_CB93", changed record 28 from "GCE2_CB83" to "GCE2_CB93", changed record 29 from "GCE2_CB83" to "GCE2_CB93", changed record 30 from "GCE2_CB83" to "GCE2_CB93", changed record 31 from "GCE2_CB83" to "GCE2_CB93", changed record 32 from "GCE2_CB83" to "GCE2_CB93", changed record 33 from "GCE2_CB83" to "GCE2_CB93", changed record 34 from "GCE2_CB83" to "GCE2_CB93", changed record 35 from "GCE2_CB83" to "GCE2_CB93", changed record 36 from "GCE2_CB83" to "GCE2_CB93", changed record 942 from "GCE5_CB66" to "GCE5_CB76", changed record 1915 from "GCE3_CB71" to "GCE3_CB81", changed record 1916 from "GCE3_CB83" to "GCE3_CB93", changed record 1918 from "GCE3_CB98" to "GCE3_CB108", changed record 1919 from "GCE3_CB98" to "GCE3_CB108", changed record 1931 from "GCE5_CB66" to "GCE5_CB76", changed record 2453 from "GCE2_CB83" to "GCE2_CB93", changed record 2478 from "GCE5_CB66" to "GCE5_CB76", changed record 2541 from "GCE2_CB83" to "GCE2_CB93", changed record 2566 from "GCE5_CB66" to "GCE5_CB76", changed record 2629 from "GCE2_CB83" to "GCE2_CB93", changed record 2654 from "GCE5_CB66" to "GCE5_CB76", changed record 2717 from "GCE2_CB83" to "GCE2_CB93", changed record 2742 from "GCE5_CB66" to "GCE5_CB76", changed record 2824 from "GCE2_CB83" to "GCE2_CB93", changed record 2871 from "GCE5_CB66" to "GCE5_CB76", changed record 3102 from "GCE2_CB83" to "GCE2_CB93", changed record 3127 from "GCE5_CB66" to "GCE5_CB76"</para>
</description>
</subStep>
<subStep>
<description>
<para>09/15/2014: Q/C flagging criteria applied for column(s) Location, "flags" field updated ("dataflag")</para>
</description>
</subStep>
<subStep>
<description>
<para>09/15/2014: added Longitude and Latitude columns by matching values in the Location column to entries in the GCE geographic database ("add_stationcoords")</para>
</description>
</subStep>
<subStep>
<description>
<para>09/15/2014: 29 values in "Location" were updated with new values ("update_data"): changed record 9 from "GCE1_MM88" to "GCE1_MM28", changed record 27 from "GCE2_CB93" to "GCE2_CB33", changed record 28 from "GCE2_CB93" to "GCE2_CB33", changed record 29 from "GCE2_CB93" to "GCE2_CB33", changed record 30 from "GCE2_CB93" to "GCE2_CB33", changed record 31 from "GCE2_CB93" to "GCE2_CB33", changed record 32 from "GCE2_CB93" to "GCE2_CB33", changed record 33 from "GCE2_CB93" to "GCE2_CB33", changed record 34 from "GCE2_CB93" to "GCE2_CB33", changed record 35 from "GCE2_CB93" to "GCE2_CB33", changed record 36 from "GCE2_CB93" to "GCE2_CB33", changed record 942 from "GCE5_CB76" to "GCE5_CB16", changed record 1915 from "GCE3_CB81" to "GCE3_CB21", changed record 1916 from "GCE3_CB93" to "GCE3_CB33", changed record 1918 from "GCE3_CB108" to "GCE3_CB48", changed record 1919 from "GCE3_CB108" to "GCE3_CB48", changed record 1931 from "GCE5_CB76" to "GCE5_CB16", changed record 2453 from "GCE2_CB93" to "GCE2_CB33", changed record 2478 from "GCE5_CB76" to "GCE5_CB16", changed record 2541 from "GCE2_CB93" to "GCE2_CB33", changed record 2566 from "GCE5_CB76" to "GCE5_CB16", changed record 2629 from "GCE2_CB93" to "GCE2_CB33", changed record 2654 from "GCE5_CB76" to "GCE5_CB16", changed record 2717 from "GCE2_CB93" to "GCE2_CB33", changed record 2742 from "GCE5_CB76" to "GCE5_CB16", changed record 2824 from "GCE2_CB93" to "GCE2_CB33", changed record 2871 from "GCE5_CB76" to "GCE5_CB16", changed record 3102 from "GCE2_CB93" to "GCE2_CB33", changed record 3127 from "GCE5_CB76" to "GCE5_CB16"</para>
</description>
</subStep>
<subStep>
<description>
<para>09/15/2014: Q/C flagging criteria applied for column(s) Location, "flags" field updated ("dataflag")</para>
</description>
</subStep>
<subStep>
<description>
<para>09/15/2014: 29 values in "Location" were updated with new values ("update_data"): changed record 9 from "GCE1_MM28" to "GCE1_MM18", changed record 27 from "GCE2_CB33" to "GCE2_CB23", changed record 28 from "GCE2_CB33" to "GCE2_CB23", changed record 29 from "GCE2_CB33" to "GCE2_CB23", changed record 30 from "GCE2_CB33" to "GCE2_CB23", changed record 31 from "GCE2_CB33" to "GCE2_CB23", changed record 32 from "GCE2_CB33" to "GCE2_CB23", changed record 33 from "GCE2_CB33" to "GCE2_CB23", changed record 34 from "GCE2_CB33" to "GCE2_CB23", changed record 35 from "GCE2_CB33" to "GCE2_CB23", changed record 36 from "GCE2_CB33" to "GCE2_CB23", changed record 942 from "GCE5_CB16" to "GCE5_CB6", changed record 1915 from "GCE3_CB21" to "GCE3_CB11", changed record 1916 from "GCE3_CB33" to "GCE3_CB23", changed record 1918 from "GCE3_CB48" to "GCE3_CB38", changed record 1919 from "GCE3_CB48" to "GCE3_CB38", changed record 1931 from "GCE5_CB16" to "GCE5_CB6", changed record 2453 from "GCE2_CB33" to "GCE2_CB23", changed record 2478 from "GCE5_CB16" to "GCE5_CB6", changed record 2541 from "GCE2_CB33" to "GCE2_CB23", changed record 2566 from "GCE5_CB16" to "GCE5_CB6", changed record 2629 from "GCE2_CB33" to "GCE2_CB23", changed record 2654 from "GCE5_CB16" to "GCE5_CB6", changed record 2717 from "GCE2_CB33" to "GCE2_CB23", changed record 2742 from "GCE5_CB16" to "GCE5_CB6", changed record 2824 from "GCE2_CB33" to "GCE2_CB23", changed record 2871 from "GCE5_CB16" to "GCE5_CB6", changed record 3102 from "GCE2_CB33" to "GCE2_CB23", changed record 3127 from "GCE5_CB16" to "GCE5_CB6"</para>
</description>
</subStep>
<subStep>
<description>
<para>09/15/2014: Q/C flagging criteria applied for column(s) Location, "flags" field updated ("dataflag")</para>
</description>
</subStep>
<subStep>
<description>
<para>09/15/2014: added Longitude and Latitude columns by matching values in the Location column to entries in the GCE geographic database ("add_stationcoords")</para>
</description>
</subStep>
<subStep>
<description>
<para>09/15/2014: 5 values in "Location" were updated with new values ("update_data"): changed record 9 from "GCE1_MM18" to "GCE1_MM8", changed record 1915 from "GCE3_CB11" to "GCE3_CB1", changed record 1916 from "GCE3_CB23" to "GCE3_CB13", changed record 1918 from "GCE3_CB38" to "GCE3_CB28", changed record 1919 from "GCE3_CB38" to "GCE3_CB28"</para>
</description>
</subStep>
<subStep>
<description>
<para>09/15/2014: Q/C flagging criteria applied for column(s) Location, "flags" field updated ("dataflag")</para>
</description>
</subStep>
<subStep>
<description>
<para>09/15/2014: added Longitude and Latitude columns by matching values in the Location column to entries in the GCE geographic database ("add_stationcoords")</para>
</description>
</subStep>
<subStep>
<description>
<para>09/15/2014: 3 values in "Location" were updated with new values ("update_data"): changed record 1916 from "GCE3_CB13" to "GCE3_CB3", changed record 1918 from "GCE3_CB28" to "GCE3_CB18", changed record 1919 from "GCE3_CB28" to "GCE3_CB18"</para>
</description>
</subStep>
<subStep>
<description>
<para>09/15/2014: Q/C flagging criteria applied for column(s) Location, "flags" field updated ("dataflag")</para>
</description>
</subStep>
<subStep>
<description>
<para>09/15/2014: added Longitude and Latitude columns by matching values in the Location column to entries in the GCE geographic database ("add_stationcoords")</para>
</description>
</subStep>
<subStep>
<description>
<para>09/15/2014: 2 values in "Location" were updated with new values ("update_data"): changed record 1918 from "GCE3_CB18" to "GCE3_CB8", changed record 1919 from "GCE3_CB18" to "GCE3_CB8"</para>
</description>
</subStep>
<subStep>
<description>
<para>09/15/2014: Q/C flagging criteria applied for column(s) Location, "flags" field updated ("dataflag")</para>
</description>
</subStep>
<subStep>
<description>
<para>09/15/2014: added Longitude and Latitude columns by matching values in the Location column to entries in the GCE geographic database ("add_stationcoords")</para>
</description>
</subStep>
<subStep>
<description>
<para>09/15/2014: added column "Location_Notes" at position 8 ("addcol")</para>
</description>
</subStep>
<subStep>
<description>
<para>09/15/2014: updated 1 metadata fields in the Data sections ("addmeta")</para>
</description>
</subStep>
<subStep>
<description>
<para>09/15/2014: manually added "E" flags to 106 records in column(s) Location, Latitude and Longitude ("addflags")</para>
</description>
</subStep>
<subStep>
<description>
<para>09/15/2014: locked Q/C flag criteria for columns Location, Longitude and Latitude to prevent automatic evaluation ("flag_locks")</para>
</description>
</subStep>
<subStep>
<description>
<para>09/15/2014: updated 1 metadata fields in the Data sections ("addmeta")</para>
</description>
</subStep>
<subStep>
<description>
<para>09/15/2014: added geographic metadata based on matching values in columns Site and Location to site and transect names registered in "geo_polygons.mat" and location and station names registered in "geo_locations.mat" ("add_sitemetadata")</para>
</description>
</subStep>
<subStep>
<description>
<para>09/15/2014: updated 8 metadata fields in the Site sections ("addmeta")</para>
</description>
</subStep>
<subStep>
<description>
<para>09/15/2014: imported Dataset, Project, Site, Study, Status, Supplement metadata descriptors from the GCE Metabase ("imp_gcemetadata")</para>
</description>
</subStep>
<subStep>
<description>
<para>09/15/2014: updated 56 metadata fields in the Dataset, Project, Site, Status, Study, Supplement sections ("addmeta")</para>
</description>
</subStep>
<subStep>
<description>
<para>09/16/2014: updated 4 metadata fields ("addmeta")</para>
</description>
</subStep>
<subStep>
<description>
<para>09/16/2014: updated 15 metadata fields in the Status, Data sections to reflect attribute metadata ("updatecols")</para>
</description>
</subStep>
<subStep>
<description>
<para>09/16/2014: parsed and formatted metadata ("listmeta")</para>
</description>
</subStep>
</methodStep>
<qualityControl>
<description>
<para>Quality control analysis was performed using the GCE Data Toolbox for MATLAB software. Column data types are validated upon importing the table into MATLAB, and qualifier flags are automatically generated for data values based on QA/QC criteria for each data column pre-defined in metadata templates (e.g. value range checks, sanity checks, pattern checks). Automatically-assigned qualifier flags are reviewed graphically and revised or augmented as deemed appropriate by GCE information management staff, based on metadata information from the contributor, values of other measured variables, or statistical tests. Qualifier flags are also assigned to values that are imputed or derived, revised, or otherwise differ from values in the original data submission. A column of coded qualifier flags is generated and included in the data table if flags are assigned to any value in a data column.</para>
</description>
</qualityControl>
</methods>
<attributeList>
<attribute id="INV-GCEM-1309.1">
<attributeName>Year</attributeName>
<attributeDefinition>Calendar year of observation</attributeDefinition>
<storageType>integer</storageType>
<measurementScale>
<interval>
<unit>
<standardUnit>nominalYear</standardUnit>
</unit>
<precision>1</precision>
<numericDomain>
<numberType>whole</numberType>
<bounds>
<minimum exclusive="false">2012</minimum>
<maximum exclusive="false">2012</maximum>
</bounds>
</numericDomain>
</interval>
</measurementScale>
<missingValueCode>
<code>NaN</code>
<codeExplanation>value not recorded or censored based on quality control analysis (see methods)</codeExplanation>
</missingValueCode>
</attribute>
<attribute id="INV-GCEM-1309.2">
<attributeName>Month</attributeName>
<attributeDefinition>Calendar month of observation</attributeDefinition>
<storageType>integer</storageType>
<measurementScale>
<interval>
<unit>
<customUnit>nominalMonth</customUnit>
</unit>
<precision>1</precision>
<numericDomain>
<numberType>whole</numberType>
<bounds>
<minimum exclusive="false">10</minimum>
<maximum exclusive="false">10</maximum>
</bounds>
</numericDomain>
</interval>
</measurementScale>
<missingValueCode>
<code>NaN</code>
<codeExplanation>value not recorded or censored based on quality control analysis (see methods)</codeExplanation>
</missingValueCode>
</attribute>
<attribute id="INV-GCEM-1309.3">
<attributeName>Day</attributeName>
<attributeDefinition>Calendar day of observation</attributeDefinition>
<storageType>integer</storageType>
<measurementScale>
<interval>
<unit>
<standardUnit>nominalDay</standardUnit>
</unit>
<precision>1</precision>
<numericDomain>
<numberType>whole</numberType>
<bounds>
<minimum exclusive="false">1</minimum>
<maximum exclusive="false">31</maximum>
</bounds>
</numericDomain>
</interval>
</measurementScale>
<missingValueCode>
<code>NaN</code>
<codeExplanation>value not recorded or censored based on quality control analysis (see methods)</codeExplanation>
</missingValueCode>
</attribute>
<attribute id="INV-GCEM-1309.4">
<attributeName>Site</attributeName>
<attributeDefinition>Nominal GCE-LTER sampling site</attributeDefinition>
<storageType>integer</storageType>
<measurementScale>
<nominal>
<nonNumericDomain>
<enumeratedDomain>
<codeDefinition>
<code> 1</code>
<definition>GCE1</definition>
</codeDefinition>
<codeDefinition>
<code>2</code>
<definition>GCE2</definition>
</codeDefinition>
<codeDefinition>
<code>3</code>
<definition>GCE3</definition>
</codeDefinition>
<codeDefinition>
<code>4</code>
<definition>GCE4</definition>
</codeDefinition>
<codeDefinition>
<code>5</code>
<definition>GCE5</definition>
</codeDefinition>
<codeDefinition>
<code>6</code>
<definition>GCE6</definition>
</codeDefinition>
<codeDefinition>
<code>7</code>
<definition>GCE7</definition>
</codeDefinition>
<codeDefinition>
<code>8</code>
<definition>GCE8</definition>
</codeDefinition>
<codeDefinition>
<code>9</code>
<definition>GCE9</definition>
</codeDefinition>
<codeDefinition>
<code>10</code>
<definition>GCE10</definition>
</codeDefinition>
</enumeratedDomain>
</nonNumericDomain>
</nominal>
</measurementScale>
<missingValueCode>
<code>NaN</code>
<codeExplanation>value not recorded or censored based on quality control analysis (see methods)</codeExplanation>
</missingValueCode>
</attribute>
<attribute id="INV-GCEM-1309.5">
<attributeName>Zone</attributeName>
<attributeDefinition>Marsh zone code (1=Creekbank, 2=Mid-marsh)</attributeDefinition>
<storageType>integer</storageType>
<measurementScale>
<nominal>
<nonNumericDomain>
<enumeratedDomain>
<codeDefinition>
<code>1</code>
<definition>Creekbank zone</definition>
</codeDefinition>
<codeDefinition>
<code>2</code>
<definition>Mid-marsh zone</definition>
</codeDefinition>
<codeDefinition>
<code>3</code>
<definition>High-marsh Juncus zone</definition>
</codeDefinition>
</enumeratedDomain>
</nonNumericDomain>
</nominal>
</measurementScale>
<missingValueCode>
<code>NaN</code>
<codeExplanation>value not recorded or censored based on quality control analysis (see methods)</codeExplanation>
</missingValueCode>
</attribute>
<attribute id="INV-GCEM-1309.6">
<attributeName>Plot</attributeName>
<attributeDefinition>GCE-LTER permanent plot number</attributeDefinition>
<storageType>integer</storageType>
<measurementScale>
<nominal>
<nonNumericDomain>
<textDomain>
<definition>GCE-LTER permanent plot number</definition>
</textDomain>
</nonNumericDomain>
</nominal>
</measurementScale>
<missingValueCode>
<code>NaN</code>
<codeExplanation>value not recorded or censored based on quality control analysis (see methods)</codeExplanation>
</missingValueCode>
</attribute>
<attribute id="INV-GCEM-1309.7">
<attributeName>Location</attributeName>
<attributeDefinition>Geographic location code in the GCE Metadata Database for the sampling plot</attributeDefinition>
<storageType>string</storageType>
<measurementScale>
<nominal>
<nonNumericDomain>
<textDomain>
<definition>Geographic location code in the GCE Metadata Database for the sampling plot</definition>
</textDomain>
</nonNumericDomain>
</nominal>
</measurementScale>
</attribute>
<attribute id="INV-GCEM-1309.8">
<attributeName>Location_Notes</attributeName>
<attributeDefinition>Notes on location assignments and geographic accuracy</attributeDefinition>
<storageType>string</storageType>
<measurementScale>
<nominal>
<nonNumericDomain>
<textDomain>
<definition>Notes on location assignments and geographic accuracy</definition>
</textDomain>
</nonNumericDomain>
</nominal>
</measurementScale>
</attribute>
<attribute id="INV-GCEM-1309.9">
<attributeName>Longitude</attributeName>
<attributeDefinition>Geographic longitude in decimal degrees</attributeDefinition>
<storageType>float</storageType>
<measurementScale>
<interval>
<unit>
<standardUnit>degree</standardUnit>
</unit>
<precision>0.000001</precision>
<numericDomain>
<numberType>real</numberType>
<bounds>
<minimum exclusive="false">-180</minimum>
<maximum exclusive="false">180</maximum>
</bounds>
</numericDomain>
</interval>
</measurementScale>
<missingValueCode>
<code>NaN</code>
<codeExplanation>value not recorded or censored based on quality control analysis (see methods)</codeExplanation>
</missingValueCode>
</attribute>
<attribute id="INV-GCEM-1309.10">
<attributeName>Latitude</attributeName>
<attributeDefinition>Geographic latitude in decimal degrees</attributeDefinition>
<storageType>float</storageType>
<measurementScale>
<interval>
<unit>
<standardUnit>degree</standardUnit>
</unit>
<precision>0.000001</precision>
<numericDomain>
<numberType>real</numberType>
<bounds>
<minimum exclusive="false">-90</minimum>
<maximum exclusive="false">90</maximum>
</bounds>
</numericDomain>
</interval>
</measurementScale>
<missingValueCode>
<code>NaN</code>
<codeExplanation>value not recorded or censored based on quality control analysis (see methods)</codeExplanation>
</missingValueCode>
</attribute>
<attribute id="INV-GCEM-1309.11">
<attributeName>Species</attributeName>
<attributeDefinition>Latinized name of the mollusc species collected</attributeDefinition>
<storageType>string</storageType>
<measurementScale>
<nominal>
<nonNumericDomain>
<enumeratedDomain>
<codeDefinition>
<code>Littoraria</code>
<definition>Littoraria irrorata</definition>
</codeDefinition>
<codeDefinition>
<code>Melampus</code>
<definition>Melampus bidentatus</definition>
</codeDefinition>
<codeDefinition>
<code>Detracia</code>
<definition> Detracia floridana</definition>
</codeDefinition>
<codeDefinition>
<code>Ilyanassa</code>
<definition>Ilyanassa obsoleta</definition>
</codeDefinition>
<codeDefinition>
<code>Hydrobiidae</code>
<definition>unidentified hydrobiid snail</definition>
</codeDefinition>
<codeDefinition>
<code>Geukensia</code>
<definition>Geukensia demissa</definition>
</codeDefinition>
<codeDefinition>
<code>Polymesoda</code>
<definition>Polymesoda caroliniana</definition>
</codeDefinition>
<codeDefinition>
<code>  Succineidae</code>
<definition>unidentified succineid (amber) snails</definition>
</codeDefinition>
</enumeratedDomain>
</nonNumericDomain>
</nominal>
</measurementScale>
</attribute>
<attribute id="INV-GCEM-1309.12">
<attributeName>Mollusc_Length</attributeName>
<attributeDefinition>Length of measurable individuals collected from each plot</attributeDefinition>
<storageType>float</storageType>
<measurementScale>
<ratio>
<unit>
<standardUnit>millimeter</standardUnit>
</unit>
<precision>0.1</precision>
<numericDomain>
<numberType>real</numberType>
<bounds>
<minimum exclusive="false">0</minimum>
</bounds>
</numericDomain>
</ratio>
</measurementScale>
<missingValueCode>
<code>NaN</code>
<codeExplanation>value not recorded or censored based on quality control analysis (see methods)</codeExplanation>
</missingValueCode>
</attribute>
<attribute id="INV-GCEM-1309.13">
<attributeName>Condition</attributeName>
<attributeDefinition>Binary code to indicate shell condition of the individual specimen</attributeDefinition>
<storageType>integer</storageType>
<measurementScale>
<nominal>
<nonNumericDomain>
<enumeratedDomain>
<codeDefinition>
<code>0</code>
<definition>Undamaged</definition>
</codeDefinition>
<codeDefinition>
<code>1</code>
<definition>Damaged</definition>
</codeDefinition>
</enumeratedDomain>
</nonNumericDomain>
</nominal>
</measurementScale>
<missingValueCode>
<code>NaN</code>
<codeExplanation>value not recorded or censored based on quality control analysis (see methods)</codeExplanation>
</missingValueCode>
</attribute>
<attribute id="INV-GCEM-1309.14">
<attributeName>Notes</attributeName>
<attributeDefinition>Field sampling notes</attributeDefinition>
<storageType>string</storageType>
<measurementScale>
<nominal>
<nonNumericDomain>
<textDomain>
<definition>Field sampling notes</definition>
</textDomain>
</nonNumericDomain>
</nominal>
</measurementScale>
</attribute>
</attributeList>
<numberOfRecords>3181</numberOfRecords>
</dataTable>
<otherEntity id="INV-GCEM-1309.kml">
<entityName>INV-GCEM-1309.kml</entityName>
<entityDescription>Google Earth Keyhole Markup Language file describing the geographic locations sampled in data set knb-lter-gce.438.8</entityDescription>
<physical>
<objectName>INV-GCEM-1309.kml</objectName>
<dataFormat>
<externallyDefinedFormat>
<formatName>application/vnd.google-earth.kml+xml</formatName>
</externallyDefinedFormat>
</dataFormat>
<distribution>
<online>
<url function="download">http://gce-lter.marsci.uga.edu/public/app/send_kml.asp?filename=INV-GCEM-1309.kml&amp;uri=http%3A%2F%2Fgce-lter.marsci.uga.edu%2Fgce_metabase%2Fxml%2Fdataset_geography.kml%3FAccession%3DINV-GCEM-1309</url>
</online>
<access authSystem="knb" order="allowFirst" scope="document">
<allow>
<principal>uid=GCE,o=lter,dc=ecoinformatics,dc=org</principal>
<permission>all</permission>
</allow>
<allow>
<principal>public</principal>
<permission>read</permission>
</allow>
</access>
</distribution>
</physical>
<entityType>KML</entityType>
</otherEntity>
</dataset>
<additionalMetadata>
<metadata>
<stmml:unitList xmlns:stmml="http://www.xml-cml.org/schema/stmml-1.1" xsi:schemaLocation="http://www.xml-cml.org/schema/stmml-1.1 http://gce-lter.marsci.uga.edu/public/files/schemas/eml-210/stmml.xsd">
<!--note that the unitTypes here are taken from the eml-unitDictionary.xml--><stmml:unit id="nominalMonth" name="nominalMonth">
<stmml:description>one month including a variable number of seconds</stmml:description>
</stmml:unit>
</stmml:unitList>
</metadata>
</additionalMetadata>
</eml:eml>
