<?xml version="1.0" encoding="UTF-8"?>
<eml:eml packageId="knb-lter-nwt.110.5" scope="system"
  system="https://pasta.lternet.edu"
  xmlns:ds="eml://ecoinformatics.org/dataset-2.1.1"
  xmlns:eml="eml://ecoinformatics.org/eml-2.1.1"
  xmlns:stmml="http://www.xml-cml.org/schema/stmml-1.1"
  xmlns:xs="http://www.w3.org/2001/XMLSchema"
  xmlns:xsi="http://www.w3.org/2001/XMLSchema-instance" xsi:schemaLocation="eml://ecoinformatics.org/eml-2.1.1    http://nis.lternet.edu/schemas/EML/eml-2.1.1/eml.xsd">
  <access authSystem="https://pasta.lternet.edu/authentication"
    order="allowFirst" scope="document" system="https://pasta.lternet.edu">
    <allow>
      <principal>uid=NWT,o=lter,dc=ecoinformatics,dc=org</principal>
      <permission>all</permission>
    </allow>
    <allow>
      <principal>public</principal>
      <permission>read</permission>
    </allow>
  </access>
  <dataset scope="document">
    <title>Stream water chemistry for Lake Albion inlet, 1984 - 2004.</title>
    <creator scope="document">
      <individualName>
        <givenName>Nel</givenName>
        <surName>Caine</surName>
      </individualName>
      <address scope="document">
        <deliveryPoint>INSTAAR, University of Colorado</deliveryPoint>
        <deliveryPoint>1560 30th Street</deliveryPoint>
        <deliveryPoint>UCB 450</deliveryPoint>
        <city>Boulder</city>
        <administrativeArea>Colorado</administrativeArea>
        <postalCode>80309-0450</postalCode>
        <country>UNITED STATES</country>
      </address>
    </creator>
    <metadataProvider>
      <organizationName>Niwot Ridge LTER</organizationName>
      <positionName>Information Manager</positionName>
      <address>
        <deliveryPoint>INSTAAR, University of Colorado</deliveryPoint>
        <deliveryPoint>1560 30th Street</deliveryPoint>
        <deliveryPoint>UCB 450</deliveryPoint>
        <city>Boulder</city>
        <administrativeArea>CO</administrativeArea>
        <postalCode>80309-0450</postalCode>
        <country>USA</country>
      </address>
      <phone phonetype="voice">303-492-2594</phone>
      <electronicMailAddress>lternwt@colorado.edu</electronicMailAddress>
      <onlineUrl>http://niwot.colorado.edu/</onlineUrl>
    </metadataProvider>
    <associatedParty id="12010" scope="system" system="FLS">
      <individualName>
        <givenName>Mark</givenName>
        <surName>Williams</surName>
      </individualName>
      <address>
        <deliveryPoint>INSTAAR, University of Colorado</deliveryPoint>
        <deliveryPoint>1560 30th Street</deliveryPoint>
        <deliveryPoint>UCB 450</deliveryPoint>
        <city>Boulder</city>
        <administrativeArea>CO</administrativeArea>
        <postalCode>80309-0450</postalCode>
      </address>
      <phone phonetype="voice">(303) 492-8830</phone>
      <electronicMailAddress>mark.williams@colorado.edu</electronicMailAddress>
      <role>Data Contact</role>
    </associatedParty>
    <associatedParty id="12020" scope="system" system="FLS">
      <organizationName>Niwot Ridge LTER</organizationName>
      <positionName>Information Manager</positionName>
      <address>
        <deliveryPoint>INSTAAR, University of Colorado</deliveryPoint>
        <deliveryPoint>1560 30th Street</deliveryPoint>
        <deliveryPoint>UCB 450</deliveryPoint>
        <city>Boulder</city>
        <administrativeArea>CO</administrativeArea>
        <postalCode>80309-0450</postalCode>
        <country>USA</country>
      </address>
      <phone phonetype="voice">303-492-2594</phone>
      <electronicMailAddress>lternwt@colorado.edu</electronicMailAddress>
      <onlineUrl>http://niwot.colorado.edu/</onlineUrl>
      <role>Data Contact</role>
    </associatedParty>
    <pubDate>1993</pubDate>
    <abstract>
      <section>
        <title>Some of these data were published:</title>
        <para>Caine, N., E.M. Thurman, D.J. Furbish, and T.A. Moses. 1983. Water quality
					data from the Green Lakes Valley, 1981-1982. University of Colorado Long-Term
					Ecological Research Data Report 83/7. 47 pp.</para>
        <para>Caine, N., J. Caine, and E.M. Thurman. 1987. Water quality data from the Green
					Lakes Valley, 1982-1986. University of Colorado Long-Term Ecological Research
					Data Report 87/5. 46 pp.</para>
        <para>Caine, N. 1989. Water quality data from the Green Lakes Valley, 1987-1988.
					University of Colorado Long-Term Ecological Research Data Report 89/1. 29
					pp.</para>
      </section>
      <para> This is a summary of major ion concentrations for stream water samples collected
				at the old parshall flume at the inlet to Lake Albion.</para>
    </abstract>
    <keywordSet>
      <keyword>hydrology</keyword>
      <keyword>water chemistry</keyword>
      <keyword>solute concentrations</keyword>
      <keyword>stream water quality</keyword>
      <keyword>surface water quality</keyword>
      <keyword>biogeochemistry</keyword>
      <keyword>organic_matter_dynamics</keyword>
      <keyword>inorganic_nutrients</keyword>
      <keyword>pH</keyword>
      <keyword>specific conductance</keyword>
      <keyword>hydrogen ions</keyword>
      <keyword>ammonium</keyword>
      <keyword>calcium</keyword>
      <keyword>magnesium</keyword>
      <keyword>sodium</keyword>
      <keyword>potassium</keyword>
      <keyword>chloride</keyword>
      <keyword>nitrate</keyword>
      <keyword>sulfate</keyword>
      <keyword>phosphate</keyword>
      <keyword>silicon</keyword>
      <keyword>cation sum</keyword>
      <keyword>anion sum</keyword>
      <keyword>charge balance</keyword>
      <keyword>total nitrogen</keyword>
      <keyword>total dissolved nitrogen</keyword>
      <keyword>particulate nitrogen</keyword>
      <keyword>dissolved organic nitrogen</keyword>
      <keyword>inorganic nitrogen</keyword>
      <keyword>total phosphorus</keyword>
      <keyword>total dissolved phosphorus</keyword>
      <keyword>particulate phosphorus</keyword>
      <keyword>dissolved organic phosphorus</keyword>
      <keyword>inorganic phosphorus</keyword>
      <keyword>delta oxygen-18</keyword>
      <keyword>delta deuterium</keyword>
      <keyword>tritium</keyword>
      <keyword>total carbon</keyword>
      <keyword>particulate carbon</keyword>
      <keyword>deuterium excess</keyword>
      <keyword>dissolved organic carbon</keyword>
      <keyword>Green Lakes Valley</keyword>
      <keyword>Lake Albion inlet</keyword>
      <keyword>Niwot Ridge LTER</keyword>
      <keyword>NWT</keyword>
    </keywordSet>
    <intellectualRights>
      <section>
        <title>Niwot LTER Data Policy</title>
        <para> The following acknowledgment should accompany any publication or citation of
					these data: <itemizedlist>
            <listitem>
              <para> Logistical support and/or data were provided by the NSF-supported
								Niwot Ridge (NWT) Long-Term Ecological Research (LTER) project and
								the University of Colorado (CU) Mountain Research Station (MRS).
							</para>
            </listitem>
            <listitem>
              <para> The user of NWT LTER data agrees to provide proper acknowledgment
								with each usage of the data. Citation of the name(s) of the
								investigator(s) responsible for the data set, in addition to the
								generic statement above, constitutes proper acknowledgment.
								Author(s) (including NWT investigators) of published material that
								makes use of previously unpublished NWT data agree to provide the
								NWT data manager with a PDF of that material as soon as it becomes
								available. The user of NWT data agrees not to resell or redistribute
								shared data.</para>
            </listitem>
          </itemizedlist>
        </para>
      </section>
      <section>
        <title>Disclaimer</title>
        <para> The NSF-supported NWT LTER project shall not be held liable for improper or
					incorrect use of the data described and/or contained herein, nor assumes
					liability for misuse, manipulation or distribution of the data. These data are
					not legal documents and are not intended to be used as such. The information
					contained in these data is dynamic and may change over time. The user of these
					data should be aware that, while efforts have been taken to ensure that these
					data are of the highest quality, there is no guarantee of perfection for the
					data contained herein and the possibility of errors exists. It is the
					responsibility of the data user to use the data appropriately and in a manner
					consistent with the limitations of data in general and these data in particular.
					Users assume responsibility to determine the usability of the dataset. NWT LTER
					gives no warranty, expressed or implied, as to the accuracy, reliability, or
					completeness of these data. It is strongly recommended that these data be
					directly acquired from the NWT LTER server and not indirectly through other
					sources that may have changed the data in some way. Although these data have
					been processed successfully on computer systems at CU, no warranty expressed or
					implied is made regarding the utility of the data on other systems for general
					or scientific purposes, nor shall the act of distribution constitute any such
					warranty. This disclaimer applies both to individual use of the data and
					aggregate use with other data. </para>
      </section>
    </intellectualRights>
    <distribution scope="document">
      <online>
        <url function="download">http://niwot.colorado.edu/data_csvs/inlesolu.nc.data.csv</url>
      </online>
    </distribution>
    <coverage scope="document">
      <temporalCoverage scope="document">
        <rangeOfDates>
          <beginDate>
            <calendarDate>1984-05-31</calendarDate>
          </beginDate>
          <endDate>
            <calendarDate>2004-11-11</calendarDate>
          </endDate>
        </rangeOfDates>
      </temporalCoverage>
      <geographicCoverage scope="document">
        <geographicDescription>Sampling location was the old parshall flume on the main
					channel inlet to Lake Albion. Original data are stored in Research Laboratory
					#3.</geographicDescription>
        <boundingCoordinates>
          <westBoundingCoordinate>-105.643 </westBoundingCoordinate>
          <eastBoundingCoordinate>-105.3753 </eastBoundingCoordinate>
          <northBoundingCoordinate>40.0615 </northBoundingCoordinate>
          <southBoundingCoordinate>39.9932 </southBoundingCoordinate>
        </boundingCoordinates>
      </geographicCoverage>
    </coverage>
    <maintenance>
      <description>
        <para>The documentation section of this file was developed from the NWT LTER Data
					Directory (Symphony files DDABSTRA.WR1, DDDOCUME.WR1, DDMASTER.WR1,
					DDVARIAB.WR1; last updated 16 December 1991) by Susan Kindig and Rick Ingersoll
					in early November 1992. Additional information for the documentation section, as
					well as the header and data sections were supplied by Nel Caine on 12 February
					1993. Data were compiled in January 1993 by Nel Caine from earlier files for
					individual years.[RCI, 15 February 1993] This file was put under sccs control on
					30 March 1993. See the appropriate history file for additional log
					information.[RCI 30 March 1993] Truncation of the final 0 had occurred for
					October dates when the original data were saved from spreadsheet software and
					these zeroes were replaced on 23 November 1993.[RCI 23 November 1993] Data for
					1984-1991 were reformatted in order to be consistent with post-1991 data formats
					on 2 May 1994. The variables, comments, and header sections were modified
					accordingly.[RCI 2 May 1994] Data for 1993 were appended to the data section on
					4 May 1994.[RCI 4 May 1994] On 11 July 1994, it was discovered that the spring
					1994 conversions from mg NO3/L to ueq NO3/L for 1984-1991 data had been
					incorrectly done (mg/L values were multiplied by 61.3 instead of 16.39). The
					1984-1991 data were extracted from this file, a script to correct the error was
					run on the extracted data, and the corrected data were used to replace the
					erroneous data on 12 July 1994. [RCI 12 July 1994] Data for 1992, as well as 1
					record for 1993, were provided by Chris Seibold on 16 November 1994; these data
					were processed and inserted into the data section on 17 November 1994.[RCI 17
					November 1994] All data for 920709 were converted to missing because all values
					were deemed to be too low (presumably because the sample was inadvertently
					diluted) by Mark Williams and Nel Caine.[RCI 30 January 1995] Data for 1994 were
					appended to the data section on 12 February 1996. Columns for total and
					dissolved N and P were also added to the data section on 12 February 1996.[MAH
					12 February 1996] Data for 1995 were appended to the data section on 26
					September 1996.[MAH 26 September 1996] Data for 1996 were appended to the data
					section on 3 September 1997. Columns for particulate, inorganic, and dissolved
					organic N and P as well as for PO4--- were also added to the data section on
					that date.[MAH 3 September 1997] The investigator contact information was
					updated on 9 June 1999.[MAH 9 June 1999] Added stream water quality to keywords
					section on 21 July 1999.[MAH 21 July 1999] Data for 1997 and 1998 were appended
					to the data section on 31 August 2000.[MAH 31 August 2000] Data for 1999 were
					appended to the data section on 23 April 2001.[TMA 23 April 2001] Data for 2000
					were appended to the data section on 05 November 2001.[TMA 05 November 2001] The
					values for total P, dissolved P, dissolved organic N, particulate N, and
					inorganic N were determined to be incorrect for 1997, 1998, and 1999. The values
					were corrected on 10 June 2003.[TMA 10 June 2003] Data for 2001 were appended to
					the data section.[TMA 03 November 2003] Data for 2002 were appended to the data
					section.[TMA 05 November 2003] Data for 2003 were appended to the data
					section.[TMA 22 March 2005] Four new columns were added to the data file,
					31-O18, 32-TOC, 33-DOC, 34-POC. Data for 2004 were appended to the data
					section.[TMA 25 May 2005] Data for 1991-2004 were reinserted into the data
					section due to several column errors and the fact that the Kiowa Lab had re-run
					many samples.[TMA 23 May 2007] Edited title and keywords for inclusion in core
					inorganic nutrients data sets.[HCH 22 April 2010] Dates were reformatted to
					yyyy-mm-dd; absence of value changed to NP (not performed); variables, keywords,
					and cols updated to reflect all variables in the data.[HCH 29 June 2013]</para>
        <para>begin 1984, end 2004, bimonthly.</para>
      </description>
    </maintenance>
    <contact>
      <positionName>Information Manager</positionName>
      <organizationName>LTER Network Office</organizationName>
      <address>
        <deliveryPoint>UNM Biology Department, MSC03-2020</deliveryPoint>
        <deliveryPoint>1 University of New Mexico</deliveryPoint>
        <city>Albuquerque</city>
        <administrativeArea>NM</administrativeArea>
        <postalCode>87131-0001</postalCode>
        <country>USA</country>
      </address>
      <phone phonetype="voice">505 277-2535</phone>
      <phone phonetype="fax">505 277-2541</phone>
      <electronicMailAddress>tech-support@lternet.edu</electronicMailAddress>
      <onlineUrl>http://www.lternet.edu</onlineUrl>
    </contact>
    <contact>
      <organizationName>Niwot Ridge LTER</organizationName>
      <positionName>Information Manager</positionName>
      <address>
        <deliveryPoint>Institute of Arctic and Alpine Research (INSTAAR)</deliveryPoint>
        <deliveryPoint>University of Colorado</deliveryPoint>
        <deliveryPoint>1560 30th Street</deliveryPoint>
        <deliveryPoint>UCB 450</deliveryPoint>
        <city>Boulder</city>
        <administrativeArea>CO</administrativeArea>
        <postalCode>80309-0450</postalCode>
        <country>USA</country>
      </address>
      <phone phonetype="voice">303-492-2594</phone>
      <electronicMailAddress>lternwt@colorado.edu</electronicMailAddress>
      <onlineUrl>http://niwot.colorado.edu/</onlineUrl>
    </contact>
    <publisher>
      <organizationName>Niwot Ridge LTER</organizationName>
      <positionName>Information Manager</positionName>
      <address>
        <deliveryPoint>Institute of Arctic and Alpine Research (INSTAAR)</deliveryPoint>
        <deliveryPoint>University of Colorado</deliveryPoint>
        <deliveryPoint>1560 30th Street</deliveryPoint>
        <deliveryPoint>UCB 450</deliveryPoint>
        <city>Boulder</city>
        <administrativeArea>CO</administrativeArea>
        <postalCode>80309-0450</postalCode>
        <country>USA</country>
      </address>
      <phone phonetype="voice">303-492-2594</phone>
      <electronicMailAddress>lternwt@colorado.edu</electronicMailAddress>
      <onlineUrl>http://niwot.colorado.edu/</onlineUrl>
    </publisher>
    <methods>
      <methodStep>
        <description>
          <para>Citations:</para>
          <para>Hoffman, K., J. Caine, and N. Caine. 1985. Surface water quality in the
						Green Lakes Valley prior to peak flow in 1985. University of Colorado
						Long-Term Ecological Research Data Report 85/7. 18 pp.</para>
          <para>Caine, N., and E.M. Thurman. 1990. Temporal and spatial variations in the
						solute content of an alpine stream, Colorado Front Range. Geomorphology 4:
						55-72.</para>
          <section>
            <para>Data for 1984-1991 were originally provided by Nel Caine as
						space-delimited ASCII files saved from a 1-2-3 spreadsheet and the later
						data sets were provided by the Kiowa Lab manager in space-delimited ASCII
						files saved from a 1-2-3 spreadsheet. The 2 formats differed in terms of
						units, number of columns, and column order. The times during at which
						samples were collected were not provided in the data for 1984-1991, although
						some of this information could be retrieved from the original field
						notebooks of Nel Caine. Similarly, charge balances were not provided with
						the earlier data but could be calculated from the other data. The charge
						balance was calculated as (cation sum - anion sum)/(cation sum + anion sum).
						The sampling site is at 3345 m elevation and represents a drainage area of
						354.7 ha. Concentrations below the detection limit are shown as zero. The
						following notes were provided by Chris Seibold (1 November 1994) on a
						hard-copy printout of the 1992 data: For 920521 sample - 820 QNS (quantity
						not sufficient) to repeat results. Calc ANC=23.59 Autotit ANC=45.73. For
						920709 sample - Conductance and ion concentrations low for some NS (missing)
						data. Total and dissolved N and P were measured beginning in 1994. "Empty"
						columns were added to data from previous years in order to maintain a
						cosistent format. Particulate, inorganic, and dissolved organic N and P as
						well as PO4--- were measured beginning in 1996. Some of these parameters had
						been measured on several of the 1995 samples, so all the data for 1995 were
						reprocessed to include these measurements and "empty" columns were added to
						data from previous years in order to maintain a cosistent format. Dissolved
						organic C was measured starting in 1998. Total organic C and particulate
						organic C were measured starting in 2002. Delta 18O was measured starting in
						1998. Units were originally reported as "ppm", but the correct units are
						"per mill" as confirmed by Chris Seibold (17 November 2011).</para>
          </section>
          <section>
            <para>The missing value indicator is one of the following codes: </para>
            <para>DNS=Data Not Submitted EQCL=Exceeds Quality Control Limits N/A=Not
							Applicable NP=Not Performed NSS=No Sample Submitted NV=Not Valid
							QNS=Quantity Not Sufficient Concentrations below the detection limit are
							shown as zero prior to 2007 and "u" subsequently.</para>
          </section>
          <section>
            <para>Measurement detection limits and precision as of March, 2011:</para>
            <para>
              <ulink url="http://niwot.colorado.edu/data_csvs/albisolu.nc.measurement.csv">Measurement detection limits and precision table</ulink>
            </para>
          </section>
          <section>
            <para>Note: columns for acidity, alkalinity, and tritium are present in the
							data set for consistency with other stream water chemistry data sets.
							Measurements for these variables were not performed for this data
							set.</para>
          </section>
        </description>
      </methodStep>
    </methods>
    <dataTable scope="document">
      <entityName>inlesolu.nc.data.csv</entityName>
      <entityDescription>Stream water chemistry for Lake Albion inlet, 1984 -
				2004.</entityDescription>
      <physical scope="document">
        <objectName>inlesolu.nc.data.csv</objectName>
        <dataFormat>
          <textFormat>
            <numHeaderLines>1</numHeaderLines>
            <numFooterLines>0</numFooterLines>
            <recordDelimiter>\r</recordDelimiter>
            <attributeOrientation>column</attributeOrientation>
            <simpleDelimited>
              <fieldDelimiter>,</fieldDelimiter>
              <quoteCharacter>"</quoteCharacter>
            </simpleDelimited>
          </textFormat>
        </dataFormat>
        <distribution>
          <online>
            <url function="download">https://pasta.lternet.edu/package/data/eml/knb-lter-nwt/110/5/1ee20eb448839892084f96e1898be094</url>
          </online>
        </distribution>
      </physical>
      <attributeList>
        <attribute scope="document">
          <attributeName>site</attributeName>
          <attributeLabel>site</attributeLabel>
          <attributeDefinition>site</attributeDefinition>
          <storageType>string</storageType>
          <measurementScale>
            <nominal>
              <nonNumericDomain>
                <textDomain>
                  <definition>site</definition>
                </textDomain>
              </nonNumericDomain>
            </nominal>
          </measurementScale>
          <missingValueCode>
            <code>NaN</code>
            <codeExplanation>value not recorded or invalid</codeExplanation>
          </missingValueCode>
        </attribute>
        <attribute>
          <attributeName>date</attributeName>
          <attributeLabel>date</attributeLabel>
          <attributeDefinition>date</attributeDefinition>
          <storageType>date</storageType>
          <measurementScale>
            <dateTime>
              <formatString>YYYY-MM-DD</formatString>
              <dateTimePrecision>1</dateTimePrecision>
              <dateTimeDomain>
                <bounds>
                  <minimum exclusive="false">1984-06-28</minimum>
                </bounds>
              </dateTimeDomain>
            </dateTime>
          </measurementScale>
          <missingValueCode>
            <code>NaN</code>
            <codeExplanation>missing</codeExplanation>
          </missingValueCode>
        </attribute>
        <attribute scope="document">
          <attributeName>time collected</attributeName>
          <attributeLabel>time collected </attributeLabel>
          <attributeDefinition>time collected (MST)</attributeDefinition>
          <storageType>date</storageType>
          <measurementScale>
            <dateTime>
              <formatString>HH24:MI</formatString>
              <dateTimeDomain>
                <bounds>
                  <minimum exclusive="false">0000</minimum>
                  <maximum exclusive="false">2400</maximum>
                </bounds>
              </dateTimeDomain>
            </dateTime>
          </measurementScale>
          <missingValueCode>
            <code>DNS</code>
            <codeExplanation>data not submitted</codeExplanation>
          </missingValueCode>
        </attribute>
        <attribute scope="document">
          <attributeName>pH</attributeName>
          <attributeLabel>pH</attributeLabel>
          <attributeDefinition>pH</attributeDefinition>
          <measurementScale>
            <ratio>
              <unit>
                <customUnit>pHUnits</customUnit>
              </unit>
              <numericDomain>
                <numberType>real</numberType>
              </numericDomain>
            </ratio>
          </measurementScale>
          <missingValueCode>
            <code>NP</code>
            <codeExplanation>not performed</codeExplanation>
          </missingValueCode>
        </attribute>
        <attribute scope="document">
          <attributeName>conductance</attributeName>
          <attributeLabel>conductance</attributeLabel>
          <attributeDefinition>conductance performed at 25 deg C</attributeDefinition>
          <measurementScale>
            <ratio>
              <unit>
                <customUnit>microsiemensPerCentimeter</customUnit>
              </unit>
              <numericDomain>
                <numberType>real</numberType>
              </numericDomain>
            </ratio>
          </measurementScale>
          <missingValueCode>
            <code>NP</code>
            <codeExplanation>not performed</codeExplanation>
          </missingValueCode>
        </attribute>
        <attribute scope="document">
          <attributeName>acid neutralizing capacity</attributeName>
          <attributeLabel>acid neutralizing capacity</attributeLabel>
          <attributeDefinition>acid neutralizing capacity</attributeDefinition>
          <measurementScale>
            <ratio>
              <unit>
                <customUnit>microequivalentsPerSquareMeterPerDay</customUnit>
              </unit>
              <numericDomain>
                <numberType>real</numberType>
              </numericDomain>
            </ratio>
          </measurementScale>
          <missingValueCode>
            <code>NP</code>
            <codeExplanation>not performed</codeExplanation>
          </missingValueCode>
        </attribute>
        <attribute scope="document">
          <attributeName>acidity</attributeName>
          <attributeLabel>acidity</attributeLabel>
          <attributeDefinition>acidity</attributeDefinition>
          <measurementScale>
            <ratio>
              <unit>
                <customUnit>microequivalentsPerSquareMeterPerDay</customUnit>
              </unit>
              <numericDomain>
                <numberType>real</numberType>
              </numericDomain>
            </ratio>
          </measurementScale>
          <missingValueCode>
            <code>NP</code>
            <codeExplanation>not performed</codeExplanation>
          </missingValueCode>
        </attribute>
        <attribute scope="document">
          <attributeName>alkalinity</attributeName>
          <attributeLabel>alkalinity</attributeLabel>
          <attributeDefinition>alkalinity</attributeDefinition>
          <measurementScale>
            <ratio>
              <unit>
                <customUnit>microequivalentsPerSquareMeterPerDay</customUnit>
              </unit>
              <numericDomain>
                <numberType>real</numberType>
              </numericDomain>
            </ratio>
          </measurementScale>
          <missingValueCode>
            <code>NP</code>
            <codeExplanation>not performed</codeExplanation>
          </missingValueCode>
        </attribute>
        <attribute scope="document">
          <attributeName>H+</attributeName>
          <attributeLabel>H+</attributeLabel>
          <attributeDefinition>H+ concentration</attributeDefinition>
          <measurementScale>
            <ratio>
              <unit>
                <customUnit>microequivalentsPerSquareMeterPerDay</customUnit>
              </unit>
              <numericDomain>
                <numberType>real</numberType>
              </numericDomain>
            </ratio>
          </measurementScale>
          <missingValueCode>
            <code>NP</code>
            <codeExplanation>not performed</codeExplanation>
          </missingValueCode>
        </attribute>
        <attribute scope="document">
          <attributeName>NH4+</attributeName>
          <attributeLabel>NH4+</attributeLabel>
          <attributeDefinition>NH4+ concentration</attributeDefinition>
          <measurementScale>
            <ratio>
              <unit>
                <customUnit>microequivalentsPerSquareMeterPerDay</customUnit>
              </unit>
              <numericDomain>
                <numberType>real</numberType>
              </numericDomain>
            </ratio>
          </measurementScale>
          <missingValueCode>
            <code>NP</code>
            <codeExplanation>not performed</codeExplanation>
          </missingValueCode>
        </attribute>
        <attribute scope="document">
          <attributeName>Ca++</attributeName>
          <attributeLabel>Ca++</attributeLabel>
          <attributeDefinition>Ca++ concentration</attributeDefinition>
          <measurementScale>
            <ratio>
              <unit>
                <customUnit>microequivalentsPerSquareMeterPerDay</customUnit>
              </unit>
              <numericDomain>
                <numberType>real</numberType>
              </numericDomain>
            </ratio>
          </measurementScale>
          <missingValueCode>
            <code>NP</code>
            <codeExplanation>not performed</codeExplanation>
          </missingValueCode>
        </attribute>
        <attribute scope="document">
          <attributeName>Mg++ concentration</attributeName>
          <attributeLabel>Mg++</attributeLabel>
          <attributeDefinition>Mg++ concentration</attributeDefinition>
          <measurementScale>
            <ratio>
              <unit>
                <customUnit>microequivalentsPerSquareMeterPerDay</customUnit>
              </unit>
              <numericDomain>
                <numberType>real</numberType>
              </numericDomain>
            </ratio>
          </measurementScale>
          <missingValueCode>
            <code>NP</code>
            <codeExplanation>not performed</codeExplanation>
          </missingValueCode>
        </attribute>
        <attribute scope="document">
          <attributeName>Na+</attributeName>
          <attributeLabel>Na+</attributeLabel>
          <attributeDefinition>Na+</attributeDefinition>
          <measurementScale>
            <ratio>
              <unit>
                <customUnit>microequivalentsPerSquareMeterPerDay</customUnit>
              </unit>
              <numericDomain>
                <numberType>real</numberType>
              </numericDomain>
            </ratio>
          </measurementScale>
          <missingValueCode>
            <code>NP</code>
            <codeExplanation>not performed</codeExplanation>
          </missingValueCode>
        </attribute>
        <attribute scope="document">
          <attributeName>K+</attributeName>
          <attributeLabel>K+ concentration</attributeLabel>
          <attributeDefinition>K+ concentration</attributeDefinition>
          <measurementScale>
            <ratio>
              <unit>
                <customUnit>microequivalentsPerSquareMeterPerDay</customUnit>
              </unit>
              <numericDomain>
                <numberType>real</numberType>
              </numericDomain>
            </ratio>
          </measurementScale>
          <missingValueCode>
            <code>NP</code>
            <codeExplanation>not performed</codeExplanation>
          </missingValueCode>
        </attribute>
        <attribute scope="document">
          <attributeName>Cl-</attributeName>
          <attributeLabel>Cl- concentration</attributeLabel>
          <attributeDefinition>Cl- concentration</attributeDefinition>
          <measurementScale>
            <ratio>
              <unit>
                <customUnit>microequivalentsPerSquareMeterPerDay</customUnit>
              </unit>
              <numericDomain>
                <numberType>real</numberType>
              </numericDomain>
            </ratio>
          </measurementScale>
          <missingValueCode>
            <code>NP</code>
            <codeExplanation>not performed</codeExplanation>
          </missingValueCode>
        </attribute>
        <attribute scope="document">
          <attributeName>NO3-</attributeName>
          <attributeLabel>NO3- concentration</attributeLabel>
          <attributeDefinition>NO3- concentration</attributeDefinition>
          <measurementScale>
            <ratio>
              <unit>
                <customUnit>microequivalentsPerSquareMeterPerDay</customUnit>
              </unit>
              <numericDomain>
                <numberType>real</numberType>
              </numericDomain>
            </ratio>
          </measurementScale>
          <missingValueCode>
            <code>NP</code>
            <codeExplanation>not performed</codeExplanation>
          </missingValueCode>
        </attribute>
        <attribute scope="document">
          <attributeName>SO4--</attributeName>
          <attributeLabel>SO4-- concentration</attributeLabel>
          <attributeDefinition>SO4-- concentration</attributeDefinition>
          <measurementScale>
            <ratio>
              <unit>
                <customUnit>microequivalentsPerSquareMeterPerDay</customUnit>
              </unit>
              <numericDomain>
                <numberType>real</numberType>
              </numericDomain>
            </ratio>
          </measurementScale>
          <missingValueCode>
            <code>NP</code>
            <codeExplanation>not performed</codeExplanation>
          </missingValueCode>
        </attribute>
        <attribute scope="document">
          <attributeName>PO4--- concentration</attributeName>
          <attributeLabel>PO4---</attributeLabel>
          <attributeDefinition>PO4--- concentration</attributeDefinition>
          <measurementScale>
            <ratio>
              <unit>
                <customUnit>microequivalentsPerSquareMeterPerDay</customUnit>
              </unit>
              <numericDomain>
                <numberType>real</numberType>
              </numericDomain>
            </ratio>
          </measurementScale>
          <missingValueCode>
            <code>NP</code>
            <codeExplanation>not performed</codeExplanation>
          </missingValueCode>
        </attribute>
        <attribute scope="document">
          <attributeName>Si</attributeName>
          <attributeLabel>Si concentration</attributeLabel>
          <attributeDefinition>Si concentration</attributeDefinition>
          <measurementScale>
            <ratio>
              <unit>
                <customUnit>micromolesPerLiter</customUnit>
              </unit>
              <numericDomain>
                <numberType>real</numberType>
              </numericDomain>
            </ratio>
          </measurementScale>
          <missingValueCode>
            <code>NP</code>
            <codeExplanation>not performed</codeExplanation>
          </missingValueCode>
        </attribute>
        <attribute scope="document">
          <attributeName>cation sum</attributeName>
          <attributeLabel>cation sum</attributeLabel>
          <attributeDefinition>cation sum</attributeDefinition>
          <measurementScale>
            <ratio>
              <unit>
                <customUnit>microequivalentsPerSquareMeterPerDay</customUnit>
              </unit>
              <numericDomain>
                <numberType>real</numberType>
              </numericDomain>
            </ratio>
          </measurementScale>
          <missingValueCode>
            <code>NP</code>
            <codeExplanation>not performed</codeExplanation>
          </missingValueCode>
        </attribute>
        <attribute scope="document">
          <attributeName>anion sum</attributeName>
          <attributeLabel>anion sum</attributeLabel>
          <attributeDefinition>anion sum</attributeDefinition>
          <measurementScale>
            <ratio>
              <unit>
                <customUnit>microequivalentsPerSquareMeterPerDay</customUnit>
              </unit>
              <numericDomain>
                <numberType>real</numberType>
              </numericDomain>
            </ratio>
          </measurementScale>
          <missingValueCode>
            <code>NP</code>
            <codeExplanation>not performed</codeExplanation>
          </missingValueCode>
        </attribute>
        <attribute scope="document">
          <attributeName>charge balance</attributeName>
          <attributeLabel>charge balance</attributeLabel>
          <attributeDefinition>charge balance</attributeDefinition>
          <measurementScale>
            <ratio>
              <unit>
                <customUnit>microequivalentsPerSquareMeterPerDay</customUnit>
              </unit>
              <numericDomain>
                <numberType>real</numberType>
              </numericDomain>
            </ratio>
          </measurementScale>
          <missingValueCode>
            <code>NP</code>
            <codeExplanation>not performed</codeExplanation>
          </missingValueCode>
        </attribute>
        <attribute scope="document">
          <attributeName>total n</attributeName>
          <attributeLabel>total n</attributeLabel>
          <attributeDefinition>total nitrogen</attributeDefinition>
          <measurementScale>
            <ratio>
              <unit>
                <customUnit>micromolesPerLiter</customUnit>
              </unit>
              <numericDomain>
                <numberType>real</numberType>
              </numericDomain>
            </ratio>
          </measurementScale>
          <missingValueCode>
            <code>NP</code>
            <codeExplanation>not performed</codeExplanation>
          </missingValueCode>
        </attribute>
        <attribute scope="document">
          <attributeName>total dissolved N</attributeName>
          <attributeLabel>total dissolved N</attributeLabel>
          <attributeDefinition>total dissolved N</attributeDefinition>
          <measurementScale>
            <ratio>
              <unit>
                <customUnit>micromolesPerLiter</customUnit>
              </unit>
              <numericDomain>
                <numberType>real</numberType>
              </numericDomain>
            </ratio>
          </measurementScale>
          <missingValueCode>
            <code>NP</code>
            <codeExplanation>not performed</codeExplanation>
          </missingValueCode>
        </attribute>
        <attribute scope="document">
          <attributeName>particulate N</attributeName>
          <attributeLabel>particulate N</attributeLabel>
          <attributeDefinition>particulate N</attributeDefinition>
          <measurementScale>
            <ratio>
              <unit>
                <customUnit>micromolesPerLiter</customUnit>
              </unit>
              <numericDomain>
                <numberType>real</numberType>
              </numericDomain>
            </ratio>
          </measurementScale>
          <missingValueCode>
            <code>NP</code>
            <codeExplanation>not performed</codeExplanation>
          </missingValueCode>
        </attribute>
        <attribute scope="document">
          <attributeName>dissolved organic N</attributeName>
          <attributeLabel>dissolved organic N</attributeLabel>
          <attributeDefinition>dissolved organic N</attributeDefinition>
          <measurementScale>
            <ratio>
              <unit>
                <customUnit>micromolesPerLiter</customUnit>
              </unit>
              <numericDomain>
                <numberType>real</numberType>
              </numericDomain>
            </ratio>
          </measurementScale>
          <missingValueCode>
            <code>NP</code>
            <codeExplanation>not performed</codeExplanation>
          </missingValueCode>
        </attribute>
        <attribute scope="document">
          <attributeName>inorganic N</attributeName>
          <attributeLabel>inorganic N</attributeLabel>
          <attributeDefinition>inorganic N</attributeDefinition>
          <measurementScale>
            <ratio>
              <unit>
                <customUnit>microequivalentsPerSquareMeterPerDay</customUnit>
              </unit>
              <numericDomain>
                <numberType>real</numberType>
              </numericDomain>
            </ratio>
          </measurementScale>
          <missingValueCode>
            <code>NP</code>
            <codeExplanation>not performed</codeExplanation>
          </missingValueCode>
        </attribute>
        <attribute scope="document">
          <attributeName>total phosphorus</attributeName>
          <attributeLabel>total p</attributeLabel>
          <attributeDefinition>total phosphorus</attributeDefinition>
          <measurementScale>
            <ratio>
              <unit>
                <customUnit>micromolesPerLiter</customUnit>
              </unit>
              <numericDomain>
                <numberType>real</numberType>
              </numericDomain>
            </ratio>
          </measurementScale>
          <missingValueCode>
            <code>NP</code>
            <codeExplanation>not performed</codeExplanation>
          </missingValueCode>
        </attribute>
        <attribute scope="document">
          <attributeName>total dissolved P</attributeName>
          <attributeLabel>total dissolved P</attributeLabel>
          <attributeDefinition>total dissolved P</attributeDefinition>
          <measurementScale>
            <ratio>
              <unit>
                <customUnit>micromolesPerLiter</customUnit>
              </unit>
              <numericDomain>
                <numberType>real</numberType>
              </numericDomain>
            </ratio>
          </measurementScale>
          <missingValueCode>
            <code>NP</code>
            <codeExplanation>not performed</codeExplanation>
          </missingValueCode>
        </attribute>
        <attribute scope="document">
          <attributeName>particulate P</attributeName>
          <attributeLabel>particulate P</attributeLabel>
          <attributeDefinition>particulate P</attributeDefinition>
          <measurementScale>
            <ratio>
              <unit>
                <customUnit>micromolesPerLiter</customUnit>
              </unit>
              <numericDomain>
                <numberType>real</numberType>
              </numericDomain>
            </ratio>
          </measurementScale>
          <missingValueCode>
            <code>NP</code>
            <codeExplanation>not performed</codeExplanation>
          </missingValueCode>
        </attribute>
        <attribute scope="document">
          <attributeName>dissolved organic P</attributeName>
          <attributeLabel>dissolved organic P</attributeLabel>
          <attributeDefinition>dissolved organic P</attributeDefinition>
          <measurementScale>
            <ratio>
              <unit>
                <customUnit>micromolesPerLiter</customUnit>
              </unit>
              <numericDomain>
                <numberType>real</numberType>
              </numericDomain>
            </ratio>
          </measurementScale>
          <missingValueCode>
            <code>NP</code>
            <codeExplanation>not performed</codeExplanation>
          </missingValueCode>
        </attribute>
        <attribute scope="document">
          <attributeName>inorganic P</attributeName>
          <attributeLabel>inorganic P</attributeLabel>
          <attributeDefinition>inorganic P</attributeDefinition>
          <measurementScale>
            <ratio>
              <unit>
                <customUnit>micromolesPerLiter</customUnit>
              </unit>
              <numericDomain>
                <numberType>real</numberType>
              </numericDomain>
            </ratio>
          </measurementScale>
          <missingValueCode>
            <code>NP</code>
            <codeExplanation>not performed</codeExplanation>
          </missingValueCode>
        </attribute>
        <attribute scope="document">
          <attributeName>delta 180</attributeName>
          <attributeLabel>delta 180</attributeLabel>
          <attributeDefinition>delta 180</attributeDefinition>
          <measurementScale>
            <ratio>
              <unit>
                <customUnit>partsPerMillion</customUnit>
              </unit>
              <numericDomain>
                <numberType>real</numberType>
              </numericDomain>
            </ratio>
          </measurementScale>
          <missingValueCode>
            <code>NP</code>
            <codeExplanation>not performed</codeExplanation>
          </missingValueCode>
        </attribute>
        <attribute scope="document">
          <attributeName>standard deviation delta 180</attributeName>
          <attributeLabel>standard deviation delta 180</attributeLabel>
          <attributeDefinition>standard deviation delta 180</attributeDefinition>
          <measurementScale>
            <ratio>
              <unit>
                <customUnit>partsPerMillion</customUnit>
              </unit>
              <numericDomain>
                <numberType>real</numberType>
              </numericDomain>
            </ratio>
          </measurementScale>
          <missingValueCode>
            <code>NP</code>
            <codeExplanation>not performed</codeExplanation>
          </missingValueCode>
        </attribute>
        <attribute scope="document">
          <attributeName>delta D</attributeName>
          <attributeLabel>delta D</attributeLabel>
          <attributeDefinition>delta D</attributeDefinition>
          <measurementScale>
            <ratio>
              <unit>
                <customUnit>partsPerMillion</customUnit>
              </unit>
              <numericDomain>
                <numberType>real</numberType>
              </numericDomain>
            </ratio>
          </measurementScale>
          <missingValueCode>
            <code>NP</code>
            <codeExplanation>not performed</codeExplanation>
          </missingValueCode>
        </attribute>
        <attribute scope="document">
          <attributeName>standard deviation delta D</attributeName>
          <attributeLabel>standard deviation delta D</attributeLabel>
          <attributeDefinition>standard deviation delta D</attributeDefinition>
          <measurementScale>
            <ratio>
              <unit>
                <customUnit>partsPerMillion</customUnit>
              </unit>
              <numericDomain>
                <numberType>real</numberType>
              </numericDomain>
            </ratio>
          </measurementScale>
          <missingValueCode>
            <code>NP</code>
            <codeExplanation>not performed</codeExplanation>
          </missingValueCode>
        </attribute>
        <attribute scope="document">
          <attributeName>D excess</attributeName>
          <attributeLabel>D excess</attributeLabel>
          <attributeDefinition>D excess</attributeDefinition>
          <measurementScale>
            <ratio>
              <unit>
                <customUnit>partsPerMillion</customUnit>
              </unit>
              <numericDomain>
                <numberType>real</numberType>
              </numericDomain>
            </ratio>
          </measurementScale>
          <missingValueCode>
            <code>NP</code>
            <codeExplanation>not performed</codeExplanation>
          </missingValueCode>
        </attribute>
        <attribute scope="document">
          <attributeName>tritium</attributeName>
          <attributeLabel>tritium</attributeLabel>
          <attributeDefinition>tritium</attributeDefinition>
          <measurementScale>
            <ratio>
              <unit>
                <customUnit>TUnits</customUnit>
              </unit>
              <numericDomain>
                <numberType>real</numberType>
              </numericDomain>
            </ratio>
          </measurementScale>
          <missingValueCode>
            <code>NP</code>
            <codeExplanation>not performed</codeExplanation>
          </missingValueCode>
        </attribute>
        <attribute scope="document">
          <attributeName>standard deviation tritium</attributeName>
          <attributeLabel>standard deviation tritium</attributeLabel>
          <attributeDefinition>standard deviation tritium</attributeDefinition>
          <measurementScale>
            <ratio>
              <unit>
                <customUnit>TUnits</customUnit>
              </unit>
              <numericDomain>
                <numberType>real</numberType>
              </numericDomain>
            </ratio>
          </measurementScale>
          <missingValueCode>
            <code>NP</code>
            <codeExplanation>not performed</codeExplanation>
          </missingValueCode>
        </attribute>
        <attribute scope="document">
          <attributeName>total organic carbon</attributeName>
          <attributeLabel>total organic C</attributeLabel>
          <attributeDefinition>total organic carbon</attributeDefinition>
          <measurementScale>
            <ratio>
              <unit>
                <standardUnit>milligramsPerLiter</standardUnit>
              </unit>
              <numericDomain>
                <numberType>real</numberType>
              </numericDomain>
            </ratio>
          </measurementScale>
          <missingValueCode>
            <code>NP</code>
            <codeExplanation>not performed</codeExplanation>
          </missingValueCode>
        </attribute>
        <attribute scope="document">
          <attributeName>dissolved organic carbon</attributeName>
          <attributeLabel>dissolved organic carbon</attributeLabel>
          <attributeDefinition>dissolved organic carbon</attributeDefinition>
          <measurementScale>
            <ratio>
              <unit>
                <standardUnit>milligramsPerLiter</standardUnit>
              </unit>
              <numericDomain>
                <numberType>real</numberType>
              </numericDomain>
            </ratio>
          </measurementScale>
          <missingValueCode>
            <code>NP</code>
            <codeExplanation>not performed</codeExplanation>
          </missingValueCode>
        </attribute>
        <attribute scope="document">
          <attributeName>particulate organic carbon</attributeName>
          <attributeLabel>particulate organic carbon</attributeLabel>
          <attributeDefinition>particulate organic carbon</attributeDefinition>
          <measurementScale>
            <ratio>
              <unit>
                <standardUnit>milligramsPerLiter</standardUnit>
              </unit>
              <numericDomain>
                <numberType>real</numberType>
              </numericDomain>
            </ratio>
          </measurementScale>
          <missingValueCode>
            <code>NP</code>
            <codeExplanation>not performed</codeExplanation>
          </missingValueCode>
        </attribute>
      </attributeList>
    </dataTable>
  </dataset>
  <additionalMetadata>
    <metadata>
      <unitList>
        <unit id="pHUnits" multiplerToSI="" name="pHUnits" parentSI="" unitType="dimensionless">
          <description>pH units</description>
        </unit>
        <unit id="TUnits" multiplerToSI="" name="TUnits" parentSI="" unitType="amountOfSubstanceConcentration">
          <description>Tritium Units are ratio of 1 tritium atom to 10^18 hydrogen
						atoms.</description>
        </unit>
        <unit id="microsiemensPerCentimeter" multiplerToSI="0.0001"
          name="microsiemensPerCentimeter" parentSI="siemen" unitType="conductance">
          <description>microSiemen per centimeter</description>
        </unit>
        <unit id="microequivalentsPerSquareMeterPerDay" multiplerToSI=""
          name="microequivalentsPerSquareMeterPerDay" parentSI="" unitType="amountOfSubstanceConcentration">
          <description>microequivalent per liter</description>
        </unit>
        <unit id="micromolesPerLiter" multiplerToSI=""
          name="micromolesPerLiter" parentSI="mole" unitType="amountOfSubstanceConcentration">
          <description>micromoles per liter</description>
        </unit>
        <unit id="partsPerMillion" multiplerToSI=""
          name="partsPerMillion" parentSI="none" unitType="dimensionless">
          <description>parts per million</description>
        </unit>
      </unitList>
    </metadata>
  </additionalMetadata>
</eml:eml>
