<?xml version="1.0" encoding="UTF-8"?>
<eml:eml packageId="knb-lter-nwt.413.8" scope="system"
  system="https://pasta.lternet.edu"
  xmlns:ds="eml://ecoinformatics.org/dataset-2.1.1"
  xmlns:eml="eml://ecoinformatics.org/eml-2.1.1"
  xmlns:stmml="http://www.xml-cml.org/schema/stmml-1.1"
  xmlns:xs="http://www.w3.org/2001/XMLSchema"
  xmlns:xsi="http://www.w3.org/2001/XMLSchema-instance" xsi:schemaLocation="eml://ecoinformatics.org/eml-2.1.1    http://nis.lternet.edu/schemas/EML/eml-2.1.1/eml.xsd">
  <access authSystem="https://pasta.lternet.edu/authentication"
    order="allowFirst" scope="document" system="https://pasta.lternet.edu">
    <allow>
      <principal>uid=NWT,o=lter,dc=ecoinformatics,dc=org</principal>
      <permission>all</permission>
    </allow>
    <allow>
      <principal>public</principal>
      <permission>read</permission>
    </allow>
  </access>
  <dataset>
    <title>Air temperature data for saddle chart recorder, 1981 - ongoing.</title>
    <creator>
      <individualName>
        <givenName>Mark</givenName>
        <surName>Losleben</surName>
      </individualName>
      <address>
        <deliveryPoint>Tree-Ring Lab, University of Arizona</deliveryPoint>
        <deliveryPoint>1215 E. Lowell Street</deliveryPoint>
        <deliveryPoint>Box 210045</deliveryPoint>
        <city>Tucson</city>
        <administrativeArea>Arizona</administrativeArea>
        <postalCode>85721</postalCode>
        <country>USA</country>
      </address>
      <phone phonetype="business">(520) 621-2518</phone>
      <electronicMailAddress>losleben@email.arizona.edu</electronicMailAddress>
    </creator>
    <metadataProvider>
      <organizationName>Niwot Ridge LTER</organizationName>
      <positionName>Information Manager</positionName>
      <address>
        <deliveryPoint>INSTAAR, University of Colorado</deliveryPoint>
        <deliveryPoint>1560 30th Street</deliveryPoint>
        <deliveryPoint>UCB 450</deliveryPoint>
        <city>Boulder</city>
        <administrativeArea>CO</administrativeArea>
        <postalCode>80309-0450</postalCode>
        <country>USA</country>
      </address>
      <phone phonetype="voice">303-492-2594</phone>
      <electronicMailAddress>lternwt@colorado.edu</electronicMailAddress>
      <onlineUrl>http://niwot.colorado.edu/</onlineUrl>
    </metadataProvider>
    <associatedParty id="12010" scope="system" system="FLS">
      <individualName>
        <givenName>Jennifer</givenName>
        <surName>Morse</surName>
      </individualName>
      <address>
        <deliveryPoint>INSTAAR, University of Colorado</deliveryPoint>
        <deliveryPoint>1560 30th Street</deliveryPoint>
        <deliveryPoint>UCB 450</deliveryPoint>
        <city>Boulder</city>
        <administrativeArea>CO</administrativeArea>
        <postalCode>80309-0450</postalCode>
        <country>USA</country>
      </address>
      <phone phonetype="voice">(720) 369-3550</phone>
      <electronicMailAddress>jennifer.f.morse@colorado.edu</electronicMailAddress>
      <role>Data Contact</role>
    </associatedParty>
    <associatedParty id="12020" scope="system" system="FLS">
      <organizationName>Niwot Ridge LTER</organizationName>
      <positionName>Information Manager</positionName>
      <address>
        <deliveryPoint>INSTAAR, University of Colorado</deliveryPoint>
        <deliveryPoint>1560 30th Street</deliveryPoint>
        <deliveryPoint>UCB 450</deliveryPoint>
        <city>Boulder</city>
        <administrativeArea>CO</administrativeArea>
        <postalCode>80309-0450</postalCode>
        <country>USA</country>
      </address>
      <phone phonetype="voice">303-492-2594</phone>
      <electronicMailAddress>lternwt@colorado.edu</electronicMailAddress>
      <onlineUrl>http://niwot.colorado.edu/</onlineUrl>
      <role>Data Contact</role>
    </associatedParty>
    <pubDate>2007</pubDate>
    <abstract>
      <para>
	Temperature data were collected on a daily time-scale
	from the Saddle climate station (3525 m) since 1981. Over time, 
	various circumstances have led to days with missing values. These 
	values were estimated from redundant sensors and nearby climate 
	stations and using various methodolgy.  Greenland 1987 was a basis 
	for methodology however when not possible to use this methodolgy,
	new methods were developed. </para>
      <para>NOTE: This LTER data portal display does not contain important maintenance/log information. 
		Please be sure to view the EML file (a text file that contains XML tags) which is included in 
		the zip archive (click on "Download zip archive") for legacy maintenance/log information 
		pertaining to each dataset. The EML file name will have the following format:
		knb-lter-nwt.[3 digit dataset number].[version number].xml. Most web browsers can 
		parse the EML so it's easier to read. Scroll down to the "maintenance" tag.</para>
    </abstract>
    <keywordSet>
      <keyword>climate</keyword>
      <keyword>weather</keyword>
      <keyword>meterology</keyword>
      <keyword>climatology</keyword>
      <keyword>temperature</keyword>
      <keyword>saddle</keyword>
      <keyword>infilling</keyword>
      <keyword>chart recorder</keyword>
      <keyword>Niwot Ridge LTER</keyword>
      <keyword>NWT</keyword>
    </keywordSet>
    <intellectualRights>
      <section>
        <title>Niwot LTER Data Policy</title>
        <para> The following acknowledgment should accompany any publication or 
				citation of these data: <itemizedlist>
            <listitem>
              <para> Logistical support and/or data were provided by the 
							NSF-supported Niwot Ridge (NWT) Long-Term Ecological Research (LTER) 
							project and the University of Colorado (CU) Mountain Research Station (MRS). </para>
            </listitem>
            <listitem>
              <para> The user of NWT LTER data agrees to provide proper 
							acknowledgment with each usage of the data. Citation of 
							the name(s) of the investigator(s) responsible for the 
							data set, in addition to the generic statement above, 
							constitutes proper acknowledgment. Author(s) (including NWT investigators) 
							of published material that makes use of previously unpublished 
							NWT data agree to provide the NWT data manager with a PDF of 
							that material as soon as it becomes available. The user of NWT 
							data agrees not to resell or redistribute shared data.</para>
            </listitem>
          </itemizedlist>
        </para>
      </section>
      <section>
        <title>Disclaimer</title>
        <para> The NSF-supported NWT LTER project shall not be held liable for 
				improper or incorrect use of the data described and/or contained 
				herein, nor assumes liability for misuse, manipulation or distribution 
				of the data. These data  
				are not legal documents and are not intended to be used as such. 
				The information contained in these data is dynamic and may change 
				over time. The user of these data should be aware that, 
				while efforts have been taken to ensure that these data are of the 
				highest quality, there is no guarantee of perfection for the data 
				contained herein and the possibility of errors exists. It is the 
				responsibility of the data user to use the data appropriately and 
				in a manner consistent with the limitations of data in 
				general and these data in particular. Users assume responsibility 
				to determine the usability of the dataset. NWT LTER gives no warranty, expressed or implied, as to 
				the accuracy, reliability, or completeness of these data. It is 
				strongly recommended that these data be directly acquired from 
				the NWT LTER server and not indirectly through other sources 
				that may have changed the data in some way. Although these data 
				have been processed successfully on computer systems at CU, no 
				warranty expressed or implied is made regarding the utility of 
				the data on other systems for general or scientific purposes, 
				nor shall the act of distribution constitute any such warranty. 
				This disclaimer applies both to individual use of the data and 
				aggregate use with other data.  </para>
      </section>
    </intellectualRights>
    <distribution>
      <online>
        <url function="download">http://niwot.colorado.edu/data_csvs/sdltdayv.ml.data.csv</url>
      </online>
    </distribution>
    <coverage>
      <temporalCoverage>
        <rangeOfDates>
          <beginDate>
            <calendarDate>1981-07-09</calendarDate>
          </beginDate>
          <endDate>
            <calendarDate>2012-12-31</calendarDate>
          </endDate>
        </rangeOfDates>
      </temporalCoverage>
      <geographicCoverage>
        <geographicDescription>Study site was the Saddle climate station (3525 m).
	</geographicDescription>
        <boundingCoordinates>
          <westBoundingCoordinate>-105.643  </westBoundingCoordinate>
          <eastBoundingCoordinate>-105.3753 </eastBoundingCoordinate>
          <northBoundingCoordinate>40.0615   </northBoundingCoordinate>
          <southBoundingCoordinate>39.9932   </southBoundingCoordinate>
        </boundingCoordinates>
      </geographicCoverage>
    </coverage>
    <maintenance>
      <description>
        <para>The initial iteration of this file was generated by Todd Ackerman over 
		the course of March - November 2006.  The file was put under sccs
		control on 15 November 2006.[TMA 15 November 2006] 2005 and 2006 data
		were appended to the data section.[TMA 21 February 2007] 2007 data
		were appended to the data section.[TMA 19 March 2008] 2008 data were 
		appended.[TMA 9 February 2009] 2009 and 2010 data were appended.
		[HCH 11 December 2011] 2011 and 2012 data were appended; title, 
		keywords, comments, and cols were edited. Dates were changed to
		yyyy-mm-dd and missing values to NaN.[HCH 30 June 2013]</para>
        <para>begin 8 September 1981, ongoing, daily.</para>
      </description>
    </maintenance>
    <contact>
      <positionName>Information Manager</positionName>
      <organizationName>LTER Network Office</organizationName>
      <address>
        <deliveryPoint>UNM Biology Department, MSC03-2020</deliveryPoint>
        <deliveryPoint>1 University of New Mexico</deliveryPoint>
        <city>Albuquerque</city>
        <administrativeArea>NM</administrativeArea>
        <postalCode>87131-0001</postalCode>
        <country>USA</country>
      </address>
      <phone phonetype="voice">505 277-2535</phone>
      <phone phonetype="fax">505 277-2541</phone>
      <electronicMailAddress>tech-support@lternet.edu</electronicMailAddress>
      <onlineUrl>http://www.lternet.edu</onlineUrl>
    </contact>
    <contact>
      <organizationName>Niwot Ridge LTER</organizationName>
      <positionName>Information Manager</positionName>
      <address>
        <deliveryPoint>Institute of Arctic and Alpine Research (INSTAAR)</deliveryPoint>
        <deliveryPoint>University of Colorado</deliveryPoint>
        <deliveryPoint>1560 30th Street</deliveryPoint>
        <deliveryPoint>UCB 450</deliveryPoint>
        <city>Boulder</city>
        <administrativeArea>CO</administrativeArea>
        <postalCode>80309-0450</postalCode>
        <country>USA</country>
      </address>
      <phone phonetype="voice">303-492-2594</phone>
      <electronicMailAddress>lternwt@colorado.edu</electronicMailAddress>
      <onlineUrl>http://niwot.colorado.edu/</onlineUrl>
    </contact>
    <publisher>
      <organizationName>Niwot Ridge LTER</organizationName>
      <positionName>Information Manager</positionName>
      <address>
        <deliveryPoint>Institute of Arctic and Alpine Research (INSTAAR)</deliveryPoint>
        <deliveryPoint>University of Colorado</deliveryPoint>
        <deliveryPoint>1560 30th Street</deliveryPoint>
        <deliveryPoint>UCB 450</deliveryPoint>
        <city>Boulder</city>
        <administrativeArea>CO</administrativeArea>
        <postalCode>80309-0450</postalCode>
        <country>USA</country>
      </address>
      <phone phonetype="voice">303-492-2594</phone>
      <electronicMailAddress>lternwt@colorado.edu</electronicMailAddress>
      <onlineUrl>http://niwot.colorado.edu/</onlineUrl>
    </publisher>
    <methods>
      <methodStep>
        <description>
          <para>Citations:</para>
          <para>Greenland, D.E. 1987. The climate of Niwot Ridge. 
					University of Colorado Long-Term Ecological Research Data Report 87/7 </para>
          <para>
					Missing dates from the Niwot Ridge data set were determined.  When missing dates
					were found, adjacent sites where data were present were identified based on
					a pre-determined hierarchy (see below).</para>
          <para>
					Niwot Data Files used in compilation of summary:</para>
          <para>
					Temperature Data:</para>
          <para>
					1 Climate Report Data			---&gt;</para>
          <para>
					2 Chart Recorder Temperature data	---&gt;</para>
          <para>
					3 DP211 data				---&gt;</para>
          <para>
					4 Cr21x</para>
          <para>
					(Method Flag 1) Regression Methodology:</para>
          <para>
					A regression was performed using the chart recorder data at the missing site and the 
					adjacent site using a 14 day window prior to and after the missing day, the regression 
					equation was applied to the value at the known site to determine the value for filling 
					the missing site. A r^2 value above 0.6 were considered acceptable.  If the r^2 was below 
					0.6, or missing, a Standard Deviation Method was used to fill the missing value 
					(see Method Flag 2).</para>
          <para>
					(Method Flag 2) Standard Deviation Methodology:</para>
          <para>
					Ratios of known site values and standard deviations were used in order to determine the 
					replacement values. The standard deviation was taken for the day (mm/dd) in question 
					throughout the climate record at both the known site and the unknown site and applied thusly:</para>
          <para>
					
					 	Known Site Date Value (yyyy-mm-dd)                                      (x)</para>
          <para>
					 ______________________________________________  :  __________________________________________________</para>
          <para>
					 
					 Std. Dev. of the day (mm-dd) at the known site      Std. Dev. of the day (mm-dd) at the unknown site</para>
          <para>
					Temperature data adjacency hierarchy (if value missing from charts):</para>
          <para>
					(1) Saddle Dp211 data logger</para>
          <para>
					(2) Saddl Cr21x data logger</para>
          <para>
					(3) D1 Chart Recorder</para>
          <para>
					Chart notes:</para>
          <para>
					2012-06-08 to 06-18	slow clock or drum got stuck, lots of flies in the drum</para>
          <para>
					2012-06-19 to 06-25	clock did not work, had to replace batts; week high = 16 deg., low = 0 deg.</para>
          <para>
					2012-07-17 to 07-23	slow clock; temp high = 15 deg., low = 5 deg.</para>
          <para>
					2012-07-24 to 07-30	drum not turning, daily values lost; week high = 18 deg., low = 6 deg.</para>
          <para>
					2012-07-31 to 08-06	drum not spinning, broken; week high = 20 deg., low = 5 deg.</para>
          <para>
					2012-08-07 to 08-21	slow clock; high = 18 deg., low = 1 deg.</para>
          <para>
					2012-09-29 t0 10-15	slow clock; all temps missing</para>
          <para>
					2012-10-09 to 10-16	slow clock; high = 11 deg., low = -5 deg.</para>
          <para>
					2012-10-16 to 10-23	slow clock; high = 9 deg., low = -11 deg.</para>
          <para>
					2012-12-12 to 12-26	hydrogthermograph packed with snow, pen frozen; all temps missing</para>
          <para>
					No infilling for 2010 to 2012 data was performed.
				</para>
        </description>
      </methodStep>
    </methods>
    <dataTable>
      <entityName>sdltdayv.ml.data.csv</entityName>
      <entityDescription>Air temperature data for saddle chart recorder, 1981 - ongoing.</entityDescription>
      <physical>
        <objectName>sdltdayv.ml.data.csv</objectName>
        <dataFormat>
          <textFormat>
            <numHeaderLines>1</numHeaderLines>
            <numFooterLines>0</numFooterLines>
            <recordDelimiter>\r</recordDelimiter>
            <attributeOrientation>column</attributeOrientation>
            <simpleDelimited>
              <fieldDelimiter>,</fieldDelimiter>
              <quoteCharacter>"</quoteCharacter>
            </simpleDelimited>
          </textFormat>
        </dataFormat>
        <distribution>
          <online>
            <url function="download">https://pasta.lternet.edu/package/data/eml/knb-lter-nwt/413/8/959706d8363818230d1225946cb40f45</url>
          </online>
        </distribution>
      </physical>
      <attributeList>
        <attribute>
          <attributeName>date</attributeName>
          <attributeLabel>date</attributeLabel>
          <attributeDefinition>date</attributeDefinition>
          <storageType>date</storageType>
          <measurementScale>
            <dateTime>
              <formatString>YYYY-MM-DD</formatString>
              <dateTimePrecision>1</dateTimePrecision>
              <dateTimeDomain>
                <bounds>
                  <minimum exclusive="false">1952-10-01</minimum>
                </bounds>
              </dateTimeDomain>
            </dateTime>
          </measurementScale>
          <missingValueCode>
            <code>NaN</code>
            <codeExplanation>missing</codeExplanation>
          </missingValueCode>
        </attribute>
        <attribute>
          <attributeName>max air temperature (degC)</attributeName>
          <attributeLabel>max air temperature (degC)</attributeLabel>
          <attributeDefinition>maximum air temperature</attributeDefinition>
          <storageType>float</storageType>
          <measurementScale>
            <ratio>
              <unit>
                <standardUnit>celsius</standardUnit>
              </unit>
              <numericDomain>
                <numberType>real</numberType>
                <bounds>
                  <minimum exclusive="false">-27 </minimum>
                  <maximum exclusive="false">25</maximum>
                </bounds>
              </numericDomain>
            </ratio>
          </measurementScale>
          <missingValueCode>
            <code>NaN</code>
            <codeExplanation>missing</codeExplanation>
          </missingValueCode>
        </attribute>
        <attribute>
          <attributeName>max air temperature infilling method</attributeName>
          <attributeLabel>max air temperature infilling method</attributeLabel>
          <attributeDefinition>maximum air temperature method flag</attributeDefinition>
          <storageType>string</storageType>
          <measurementScale>
            <nominal>
              <nonNumericDomain>
                <enumeratedDomain>
                  <codeDefinition>
                    <code>1</code>
                    <definition>Regression Methodology</definition>
                  </codeDefinition>
                  <codeDefinition>
                    <code>2</code>
                    <definition>Standard Deviation Methodology</definition>
                  </codeDefinition>
                </enumeratedDomain>
              </nonNumericDomain>
            </nominal>
          </measurementScale>
          <missingValueCode>
            <code>NaN</code>
            <codeExplanation>missing</codeExplanation>
          </missingValueCode>
        </attribute>
        <attribute>
          <attributeName>min air temperature (degC)</attributeName>
          <attributeLabel>min air temperature (degC)</attributeLabel>
          <attributeDefinition>minimum air temperature</attributeDefinition>
          <storageType>float</storageType>
          <measurementScale>
            <ratio>
              <unit>
                <standardUnit>celsius</standardUnit>
              </unit>
              <numericDomain>
                <numberType>real</numberType>
                <bounds>
                  <minimum exclusive="false">-38 </minimum>
                  <maximum exclusive="false">11</maximum>
                </bounds>
              </numericDomain>
            </ratio>
          </measurementScale>
          <missingValueCode>
            <code>NaN</code>
            <codeExplanation>missing</codeExplanation>
          </missingValueCode>
        </attribute>
        <attribute>
          <attributeName>min air temperature infilling method</attributeName>
          <attributeLabel>min air temperature infilling method</attributeLabel>
          <attributeDefinition>minimum air temperature method flag</attributeDefinition>
          <storageType>string</storageType>
          <measurementScale>
            <nominal>
              <nonNumericDomain>
                <enumeratedDomain>
                  <codeDefinition>
                    <code>1</code>
                    <definition>Regression Methodology</definition>
                  </codeDefinition>
                  <codeDefinition>
                    <code>2</code>
                    <definition>Standard Deviation Methodology</definition>
                  </codeDefinition>
                </enumeratedDomain>
              </nonNumericDomain>
            </nominal>
          </measurementScale>
          <missingValueCode>
            <code>NaN</code>
            <codeExplanation>missing</codeExplanation>
          </missingValueCode>
        </attribute>
        <attribute>
          <attributeName>avg air temperature (degC)</attributeName>
          <attributeLabel>avg air temperature (degC)</attributeLabel>
          <attributeDefinition>mean air temperature</attributeDefinition>
          <storageType>float</storageType>
          <measurementScale>
            <ratio>
              <unit>
                <standardUnit>celsius</standardUnit>
              </unit>
              <numericDomain>
                <numberType>real</numberType>
                <bounds>
                  <minimum exclusive="false">-29 </minimum>
                  <maximum exclusive="false">16</maximum>
                </bounds>
              </numericDomain>
            </ratio>
          </measurementScale>
          <missingValueCode>
            <code>NaN</code>
            <codeExplanation>missing</codeExplanation>
          </missingValueCode>
        </attribute>
      </attributeList>
    </dataTable>
  </dataset>
</eml:eml>
