<?xml version="1.0" encoding="UTF-8"?>
<eml:eml packageId="knb-lter-nwt.738.2"
  system="https://pasta.lternet.edu"
  xmlns:eml="eml://ecoinformatics.org/eml-2.1.1"
  xmlns:xsi="http://www.w3.org/2001/XMLSchema-instance" xsi:schemaLocation="eml://ecoinformatics.org/eml-2.1.0&#xa;&#x9;&#x9;&#x9;&#x9;http://nis.lternet.edu/schemas/EML/eml-2.1.0/eml.xsd">
  <access authSystem="https://pasta.lternet.edu/authentication"
    order="allowFirst" scope="document"
    system="https://pasta.lternet.edu"
    xmlns:cit="eml://ecoinformatics.org/literature-2.1.0"
    xmlns:doc="eml://ecoinformatics.org/documentation-2.1.0"
    xmlns:ds="eml://ecoinformatics.org/dataset-2.1.0"
    xmlns:prot="eml://ecoinformatics.org/protocol-2.1.0"
    xmlns:res="eml://ecoinformatics.org/resource-2.1.0"
    xmlns:stmml="http://www.xml-cml.org/schema/stmml"
    xmlns:sw="eml://ecoinformatics.org/software-2.1.0" xmlns:xs="http://www.w3.org/2001/XMLSchema">
    <allow>
      <principal>uid=NWT,o=lter,dc=ecoinformatics,dc=org</principal>
      <permission>all</permission>
    </allow>
    <allow>
      <principal>public</principal>
      <permission>read</permission>
    </allow>
  </access>
  <dataset id="" system="ESRI MetaID"
    xmlns:cit="eml://ecoinformatics.org/literature-2.1.0"
    xmlns:doc="eml://ecoinformatics.org/documentation-2.1.0"
    xmlns:ds="eml://ecoinformatics.org/dataset-2.1.0"
    xmlns:prot="eml://ecoinformatics.org/protocol-2.1.0"
    xmlns:res="eml://ecoinformatics.org/resource-2.1.0"
    xmlns:stmml="http://www.xml-cml.org/schema/stmml"
    xmlns:sw="eml://ecoinformatics.org/software-2.1.0" xmlns:xs="http://www.w3.org/2001/XMLSchema">
    <title>DRG-100k, Niwot Ridge LTER Project Area, Colorado</title>
    <creator>
      <individualName>
        <surName>U.S. Geological Survey</surName>
      </individualName>
    </creator>
    <metadataProvider>
      <positionName>Customer Services Representative</positionName>
      <address>
        <deliveryPoint>USGS Center for Earth Resources Observation &amp; Science</deliveryPoint>
        <city>Sioux Falls</city>
        <administrativeArea>SD</administrativeArea>
        <postalCode>57198-0001</postalCode>
        <country>USA</country>
      </address>
      <phone phonetype="voice">605/594-6151</phone>
      <phone phonetype="voice">1-800-252-4547</phone>
      <electronicMailAddress>custserv@usgs.gov</electronicMailAddress>
    </metadataProvider>
    <series>Digital Raster Graphics</series>
    <abstract>
      <para>A digital raster graphic (DRG) is a scanned image of a U.S.Geological Survey (USGS) topographic map.  The scanned image includes all map collar information.  The image inside the map neatline is georeferenced to the surface of Earth.  The DRG can be used to collect, review, and revise other digital data especially digital line graphs (DLG).  When the DRG is combined with other digital products, such as digital orthophoto quadrangles (DOQ) or digital elevation models (DEM), the resulting image provides additional visual information for the extraction and revision of base cartographic information.  The USGS is producing DRGs of the 1:24,000-, 1:25,000-, 1:63,360-(Alaska), 1:100,000-, and 1:250,000-scale topographic map series.
							NOTE: This EML metadata file does not contain important geospatial 
							data processing information. Before using any NWT LTER geospatial 
							data read the arcgis metadata XML file in either ISO or FGDC compliant 
							format, using ArcGIS software (ArcCatalog &gt; description), or by 
							viewing the .xml file provided with the geospatial dataset.
						</para>
    </abstract>
    <keywordSet>
      <keyword keywordType="theme">aerial photograph</keyword>
      <keyword keywordType="theme">cartography</keyword>
      <keyword keywordType="theme">cities</keyword>
      <keyword keywordType="theme">county boundaries</keyword>
      <keyword keywordType="theme">earth</keyword>
      <keyword keywordType="theme">EROS</keyword>
      <keyword keywordType="theme">hydrography</keyword>
      <keyword keywordType="theme">lakes</keyword>
      <keyword keywordType="theme">manmade features</keyword>
      <keyword keywordType="theme">mapping</keyword>
      <keyword keywordType="theme">orthophoto</keyword>
      <keyword keywordType="theme">orthophotoquad</keyword>
      <keyword keywordType="theme">photography</keyword>
      <keyword keywordType="theme">railroads</keyword>
      <keyword keywordType="theme">rivers</keyword>
      <keyword keywordType="theme">roads</keyword>
      <keyword keywordType="theme">topography</keyword>
      <keyword keywordType="theme">U.S. Public Land Survey System</keyword>
      <keyword keywordType="theme">USGS</keyword>
      <keyword keywordType="theme">water</keyword>
      <keyword keywordType="theme">imageryBaseMapsEarthCover</keyword>
      <keyword keywordType="theme">geoscientificInformation</keyword>
      <keyword keywordType="theme">location</keyword>
      <keywordThesaurus>None</keywordThesaurus>
    </keywordSet>
    <keywordSet>
      <keyword keywordType="place">United States</keyword>
      <keyword keywordType="place">U.S.</keyword>
      <keyword keywordType="place">US</keyword>
      <keywordThesaurus>U.S. Department of Commerce, 1995, Countries, dependencies, areas of special sovereignty, and their principal administrative divisions, Federal Information Processing Standard 10-4,): Washington, D.C., National Institute of Standards and Technology</keywordThesaurus>
    </keywordSet>
    <additionalInfo>
      <section>
        <title>Data presentation form</title>
        <para>map</para>
      </section>
      <section>
        <title>Series publication Identification and issue</title>
        <para>Digital Raster Graphics0.1</para>
      </section>
      <section>
        <title>Other citation details</title>
        <para>Earth Science Information Centers (ESIC) offernationwide information and sales service for USGS map products and earth science publications.  For additional information, contact any USGS Earth Science               Information Center (ESIC), or call 1-888-ASK-USGS.</para>
      </section>
      <section>
        <title>Other descriptive Information about the data set</title>
        <para>Digital raster graphic (DRG) data on CD-ROM are being produced by the U.S. Geological Survey (USGS) through an Innovative Partnership agreement with The Land Information Technology Company Ltd. of Aurora, CO.  This series includes DRG's of USGS standard series quadrangle maps of the United States, its Trusts, and Territories.      AREA:       PERIMETER: 281244.906      DRG: F40105A1      XMIN: 414621.4375      YMIN: 4427527      XMAX: 500015.625      YMAX: 4483544.5      UNITS: METERS      SCALE: 100      ZONE: 13      QUAD: Estes Park</para>
      </section>
    </additionalInfo>
    <intellectualRights>
      <section>
        <title>Access constraints</title>
        <para>None</para>
      </section>
      <section>
        <title>Use Constraints</title>
        <para>Acknowledgment of the originating agencies would be appreciated in products derived from these data.  User should be aware that temporal changes may have occurred since this data set was collected and that some parts of this data may no longer represent actual surface conditions.  User should not use this data for critical applications without a full awareness of it's limitations."  Any user who modifies the data is obligated to describe the types of modifications they perform.  User specifically agrees not to misrepresent the data, nor to imply that changes made were approved or endorsed by the U.S. Geological Survey.  Please refer to http://www.usgs.gov/privacy.html for the USGS disclaimer.</para>
      </section>
      <section>
        <title>Distribution Liability</title>
        <para>Although these data have been processed successfully on a computer system at the USGS, no warranty expressed or implied is made by the USGS regarding the use of the data on any other system, nor does the act of distribution constitute any such warranty.  Data may have been compiled from various outside sources.  Spatial information may not meet National Map Accuracy Standards.  This information may be updated without notification. The USGS shall not be liable for any activity involving these data, installation, fitness of the data for a particular purpose, its use, or analyses results.</para>
      </section>
      <section>
        <title>Security Classification</title>
        <para>None</para>
        <para>Unclassified</para>
        <para>N/A</para>
      </section>
    </intellectualRights>
    <distribution>
      <online>
        <url>ftp://niwotftp.colorado.edu/pub/Spatial/packages/nwt7382.zip</url>
      </online>
    </distribution>
    <coverage>
      <geographicCoverage>
        <geographicDescription>United StatesU.S.US</geographicDescription>
        <boundingCoordinates>
          <westBoundingCoordinate>-105.660046</westBoundingCoordinate>
          <eastBoundingCoordinate>-105.513014</eastBoundingCoordinate>
          <northBoundingCoordinate>40.085641</northBoundingCoordinate>
          <southBoundingCoordinate>40.013564</southBoundingCoordinate>
        </boundingCoordinates>
      </geographicCoverage>
    </coverage>
    <purpose>
      <para>The DRG is used for validating digital line graphs (DLGs) and for DLG data collection and revision.  The DRG can help assess the completeness of digital data from other mapping agencies.  It can also be used to produce  "hybrid" products.  These include combined DRGs and DOQs for revising and collecting digital data, DRGs and DEMs for creating shaded-relief DRGs and combinations of DRG, DOQ, and DLG data.  Although a standard DRG is an effective mapping tool, its full potential for digital production is realized in combination with other digital data.</para>
    </purpose>
    <maintenance>
      <description>
        <section>
          <title>Progress</title>
          <para>Complete</para>
        </section>
        <section>
          <title>Update</title>
          <para>As needed</para>
        </section>
      </description>
      <maintenanceUpdateFrequency>otherMaintenancePeriod</maintenanceUpdateFrequency>
    </maintenance>
    <contact>
      <positionName>Information Manager</positionName>
      <organizationName>LTER Network Office</organizationName>
      <address>
        <deliveryPoint>UNM Biology Department, MSC03-2020</deliveryPoint>
        <deliveryPoint>1 University of New Mexico</deliveryPoint>
        <city>Albuquerque</city>
        <administrativeArea>NM</administrativeArea>
        <postalCode>87131-0001</postalCode>
        <country>USA</country>
      </address>
      <phone phonetype="voice">505 277-2535</phone>
      <phone phonetype="fax">505 277-2541</phone>
      <electronicMailAddress>tech-support@lternet.edu</electronicMailAddress>
      <onlineUrl>http://www.lternet.edu</onlineUrl>
    </contact>
    <contact>
      <organizationName>U.S. Geological Survey</organizationName>
      <positionName>Customer Services Representative</positionName>
      <address>
        <deliveryPoint>USGS Center for Earth Resources Observation &amp; Science</deliveryPoint>
        <city>Sioux Falls</city>
        <administrativeArea>SD</administrativeArea>
        <postalCode>57198-0001</postalCode>
        <country>USA</country>
      </address>
      <phone phonetype="voice">605/594-6151</phone>
      <phone phonetype="voice">1-800-252-4547</phone>
      <electronicMailAddress>custserv@usgs.gov</electronicMailAddress>
    </contact>
    <publisher>
      <organizationName>U.S. Geological Survey</organizationName>
    </publisher>
    <pubPlace>Sioux Falls, SD</pubPlace>
    <spatialRaster>
      <alternateIdentifier>nwt_drg_100k.tif</alternateIdentifier>
      <entityName>nwt_drg_100k.tif</entityName>
      <entityDescription>A digital raster graphic (DRG) is a scanned image of a U.S.Geological Survey (USGS) topographic map.  The scanned image includes all map collar information.  The image inside the map neatline is georeferenced to the surface of Earth.  The DRG can be used to collect, review, and revise other digital data especially digital line graphs (DLG).  When the DRG is combined with other digital products, such as digital orthophoto quadrangles (DOQ) or digital elevation models (DEM), the resulting image provides additional visual information for the extraction and revision of base cartographic information.  The USGS is producing DRGs of the 1:24,000-, 1:25,000-, 1:63,360-(Alaska), 1:100,000-, and 1:250,000-scale topographic map series.</entityDescription>
      <physical>
        <objectName>nwt_drg_100k.zip</objectName>
        <dataFormat>
          <externallyDefinedFormat>
            <formatName>geoTIF file</formatName>
          </externallyDefinedFormat>
        </dataFormat>
        <distribution>
          <online>
            <url>https://pasta.lternet.edu/package/data/eml/knb-lter-nwt/738/2/5cd94c99b883a5ef84bb90f4530a425a</url>
          </online>
        </distribution>
      </physical>
      <methods>
        <methodStep>
          <description>
            <para>Production of a DRG begins with the scanning of a paper 7.5-minute topographic map (map1) on a high-resolution scanner. Scanning resolutions range from 500-1,000 dpi with an output file of 160-300 Mb in size. Removal of screens (descreening) and color quantization to reduce the number of colors also takes place during the scanning phase. The raw scan file is then transformed and georeferenced using UTM coordinates of the sixteen 2.5-minute grid ticks, which are obtained using the in-house produced program COORDAT and stored in a ground control file. Those sixteen 2.5-minute ticks are interactively visited and assigned their respective UTM coordinates. The USGS program XSHAPES4 then performs a piecewise linear rubber sheet transformation. An output resolution of 2.4 meters (8.2 feet) is chosen to resample the file to 250 dpi. The image file is converted to a TIFF 6.0 image and further reduced by converting the file to a run length encoded PackBits compression (type 32773). The color palette of the compressed DRG is then standardized by replacing the original RGB values assigned during the scanning process with standard RGB value combinations using the in-house produced TIFFREMAP program.</para>
          </description>
        </methodStep>
        <methodStep>
          <description>
            <para>The metadata were imported and updated for display through the Seamless Data Distribution System at &lt;http://seamless.usgs.gov&gt;</para>
          </description>
        </methodStep>
      </methods>
      <attributeList>
        <attribute id="value">
          <attributeName>value</attributeName>
          <attributeDefinition>Saturation measured in 8 bits, between 0-255, where 0 is no saturation and 255 is full saturation.</attributeDefinition>
          <storageType typeSystem="http://www.esri.com/metadata/esriprof80.html"/>
          <measurementScale>
            <nominal>
              <nonNumericDomain>
                <textDomain>
                  <definition>No further information about this attribute was provided</definition>
                </textDomain>
              </nonNumericDomain>
            </nominal>
          </measurementScale>
        </attribute>
      </attributeList>
      <spatialReference>
        <horizCoordSysDef name="Transverse Mercator">
          <projCoordSys>
            <geogCoordSys>
              <datum name="D North American 1983"/>
              <spheroid denomFlatRatio="298.257222101" name="GRS 1980" semiAxisMajor="6378137.0"/>
              <primeMeridian longitude="0.0" name=" Greenwich"/>
              <unit name="degree"/>
            </geogCoordSys>
            <projection name="Transverse Mercator">
              <parameter
                description="a multiplier for reducing a distance obtained from a map by computation or scaling to the actual distance along the central meridian."
                name="Scale factor at central meridian" value="0.9996"/>
              <parameter
                description="The line of logitude at the center of the map projection"
                name="Longitude at central meridian" value="-105.0"/>
              <parameter
                description="The latitude chosen as center of the projection"
                name="Latitude of projection origin" value="0.0"/>
              <parameter
                description="A value added in a rectangular coordinate system, usually used to avoid negative values"
                name="False Easting" value="500000.0"/>
              <parameter
                description="A value added in a rectangular coordinate system, usually used to avoid negative values"
                name="False Northing" value="0.0"/>
              <unit name="meter"/>
            </projection>
          </projCoordSys>
        </horizCoordSysDef>
      </spatialReference>
      <horizontalAccuracy>
        <accuracyReport>A random sampling of DRGs is accuracy tested.  The accuracy test is performed by comparing the positions of UTM grid intersections on the source graphic against the corresponding location on the digital image.  A visual inspection determines whether those coordinates fall within the pixels that define a grid tick.  DRGs duplicate the horzontal accuracy of its source.</accuracyReport>
        <quantitativeAccuracyReport>
          <quantitativeAccuracyValue>1</quantitativeAccuracyValue>
          <quantitativeAccuracyMethod>DRGs retain the horizontal accuracy of the source maps.  Most USGS printed maps contain the National Map Accuracy Standards (NMAS) note in the collar area.  The NMAS states that for maps on publication scales of 1:20,000 or smaller, no more than 10 percent of the points tested shall be in error by more than 1/50 inch measured on the publication scale.  Test points must be "well-defined", that is, easily visible or recoverable on the ground.  For DRGs this accuracy statement applies only to that area of the DRG that falls within the neatline of the source map (excluding inset areas).  Overedge areas falling outside the transformation boundary area (the map neatline) can exhibit anomalies or discrepancies.   These anomalies also will appear in the map inset areas and in the map collar.  For maps without the NMAS note, the horizontal accuracy is unknown. However, the DRG will retain the accuracy of the source map.</quantitativeAccuracyMethod>
        </quantitativeAccuracyReport>
      </horizontalAccuracy>
      <verticalAccuracy>
        <accuracyReport>Vertical Accuracy Report not present</accuracyReport>
      </verticalAccuracy>
      <cellSizeXDirection>10.16</cellSizeXDirection>
      <cellSizeYDirection>10.16</cellSizeYDirection>
      <numberOfBands>1</numberOfBands>
      <rasterOrigin>Lower Left</rasterOrigin>
      <rows>779</rows>
      <columns>1229</columns>
      <verticals>unknown</verticals>
      <cellGeometry>pixel</cellGeometry>
    </spatialRaster>
    <otherEntity>
      <entityName>geoTIF_FGDC_metadata</entityName>
      <entityDescription>GeoTIF metadata in text format</entityDescription>
      <physical>
        <objectName>nwt7382_FGDC_metadata.txt</objectName>
        <dataFormat>
          <externallyDefinedFormat>
            <formatName>Natural language text</formatName>
          </externallyDefinedFormat>
        </dataFormat>
        <distribution>
          <online>
            <url>https://pasta.lternet.edu/package/data/eml/knb-lter-nwt/738/2/c8fec5ee5457cb58d7f11f4a947438fc</url>
          </online>
        </distribution>
      </physical>
      <entityType>GeoTIF metadata in text format</entityType>
    </otherEntity>
  </dataset>
</eml:eml>
