<?xml version="1.0" encoding="UTF-8"?>
<eml:eml packageId="knb-lter-nwt.743.3"
  system="https://pasta.lternet.edu"
  xmlns:eml="eml://ecoinformatics.org/eml-2.1.1"
  xmlns:xsi="http://www.w3.org/2001/XMLSchema-instance" xsi:schemaLocation="eml://ecoinformatics.org/eml-2.1.0&#xa;&#x9;&#x9;&#x9;&#x9;http://nis.lternet.edu/schemas/EML/eml-2.1.0/eml.xsd">
  <access authSystem="https://pasta.lternet.edu/authentication"
    order="allowFirst" scope="document"
    system="https://pasta.lternet.edu"
    xmlns:cit="eml://ecoinformatics.org/literature-2.1.0"
    xmlns:doc="eml://ecoinformatics.org/documentation-2.1.0"
    xmlns:ds="eml://ecoinformatics.org/dataset-2.1.0"
    xmlns:prot="eml://ecoinformatics.org/protocol-2.1.0"
    xmlns:res="eml://ecoinformatics.org/resource-2.1.0"
    xmlns:stmml="http://www.xml-cml.org/schema/stmml"
    xmlns:sw="eml://ecoinformatics.org/software-2.1.0" xmlns:xs="http://www.w3.org/2001/XMLSchema">
    <allow>
      <principal>uid=NWT,o=lter,dc=ecoinformatics,dc=org</principal>
      <permission>all</permission>
    </allow>
    <allow>
      <principal>public</principal>
      <permission>read</permission>
    </allow>
  </access>
  <dataset id="" system="ESRI MetaID"
    xmlns:cit="eml://ecoinformatics.org/literature-2.1.0"
    xmlns:doc="eml://ecoinformatics.org/documentation-2.1.0"
    xmlns:ds="eml://ecoinformatics.org/dataset-2.1.0"
    xmlns:prot="eml://ecoinformatics.org/protocol-2.1.0"
    xmlns:res="eml://ecoinformatics.org/resource-2.1.0"
    xmlns:stmml="http://www.xml-cml.org/schema/stmml"
    xmlns:sw="eml://ecoinformatics.org/software-2.1.0" xmlns:xs="http://www.w3.org/2001/XMLSchema">
    <title>Snow-Off Digital Terrain Model (DTM) shaded relief from 2010 LiDAR Niwot Ridge LTER
            Project Area, Colorado</title>
    <creator>
      <individualName>
        <givenName>Suzanne</givenName>
        <givenName>Prestrud</givenName>
        <surName>Anderson</surName>
      </individualName>
      <address>
        <deliveryPoint>University of Colorado, Institute of Arctic and Alpine Research (INSTAAR), UCB 450</deliveryPoint>
        <city>Boulder</city>
        <administrativeArea>CO</administrativeArea>
        <postalCode>80309</postalCode>
        <country>USA</country>
      </address>
      <electronicMailAddress>suzanne.anderson@colorado.edu</electronicMailAddress>
    </creator>
    <creator>
      <individualName>
        <givenName>Qinghua</givenName>
        <surName>Guo</surName>
      </individualName>
      <positionName>Project Director</positionName>
      <address>
        <deliveryPoint>University of California, Merced</deliveryPoint>
        <deliveryPoint>5200 North Lake Road</deliveryPoint>
        <city>Merced</city>
        <administrativeArea>CA</administrativeArea>
        <postalCode>95343</postalCode>
        <country>USA</country>
      </address>
      <phone phonetype="voice">209.228.2911</phone>
      <electronicMailAddress>qguo@ucmerced.edu</electronicMailAddress>
    </creator>
    <creator>
      <individualName>
        <givenName>Eric</givenName>
        <surName>Parrish</surName>
      </individualName>
      <address>
        <deliveryPoint>University of Colorado, Institute of Arctic and Alpine Research (INSTAAR), UCB 450</deliveryPoint>
        <city>Boulder</city>
        <administrativeArea>CO</administrativeArea>
        <postalCode>80309</postalCode>
        <country>USA</country>
      </address>
      <electronicMailAddress>Eric.Parrish@colorado.edu</electronicMailAddress>
    </creator>
    <metadataProvider>
      <organizationName>Niwot Ridge LTER</organizationName>
      <positionName>Information Manager</positionName>
      <address>
        <deliveryPoint>INSTAAR, University of Colorado</deliveryPoint>
        <deliveryPoint>1560 30th Street</deliveryPoint>
        <deliveryPoint>UCB 450</deliveryPoint>
        <city>Boulder</city>
        <administrativeArea>CO</administrativeArea>
        <postalCode>80309-0450</postalCode>
        <country>USA</country>
      </address>
      <phone phonetype="voice">303-492-2594</phone>
      <electronicMailAddress>lternwt@colorado.edu</electronicMailAddress>
      <onlineUrl>http://niwot.colorado.edu/</onlineUrl>
    </metadataProvider>
    <associatedParty id="12010" scope="system" system="FLS">
      <individualName>
        <givenName>Hope</givenName>
        <surName>Humphries</surName>
      </individualName>
      <address>
        <deliveryPoint>INSTAAR, University of Colorado</deliveryPoint>
        <deliveryPoint>1560 30th Street</deliveryPoint>
        <deliveryPoint>UCB 450</deliveryPoint>
        <city>Boulder</city>
        <administrativeArea>CO</administrativeArea>
        <postalCode>80309-0450</postalCode>
      </address>
      <phone phonetype="voice">(303) 492-2594</phone>
      <electronicMailAddress>hope.humphries@colorado.edu</electronicMailAddress>
      <role>Data Contact</role>
    </associatedParty>
    <associatedParty id="12020" scope="system" system="FLS">
      <organizationName>Niwot Ridge LTER</organizationName>
      <positionName>Information Manager</positionName>
      <address>
        <deliveryPoint>INSTAAR, University of Colorado</deliveryPoint>
        <deliveryPoint>1560 30th Street</deliveryPoint>
        <deliveryPoint>UCB 450</deliveryPoint>
        <city>Boulder</city>
        <administrativeArea>CO</administrativeArea>
        <postalCode>80309-0450</postalCode>
        <country>USA</country>
      </address>
      <phone phonetype="voice">303-492-2594</phone>
      <electronicMailAddress>lternwt@colorado.edu</electronicMailAddress>
      <onlineUrl>http://niwot.colorado.edu/</onlineUrl>
      <role>Data Contact</role>
    </associatedParty>
    <pubDate>20111231</pubDate>
    <series>Snow-Off LiDAR Point Cloud and Digital Elevation Models (DEMs) from 2010 for the
            Boulder Creek Critical Zone Observatory (CZO), Colorado</series>
    <abstract>
      <section>
        <title>Citation:</title>
        <para>
          <ulink url="http://niwot.colorado.edu/data/035_gis_data.php">Anderson, S.P., Qinghua, G.,
                        and Parrish, E.G., 2012, Snow-on and snow-off LiDAR point cloud data and digital
                        elevation models for study of topography, snow, ecosystems, and environmental
                        change at Boulder Creek Critical Zone Observatory, Colorado: Boulder Creek CZO,
                        INSTAAR, University of Colorado at Boulder, digital media.</ulink>
        </para>
      </section>
      <para>This 1m Digital Terrain Model (DTM) shaded relief is a snow-off DTM derived from
                bare-ground Light Detection and Ranging (LiDAR) point cloud data from August 2010
                for the Boulder Creek Critical Zone Observatory (CZO), near Boulder Colorado. This
                dataset is better suited for derived layers such as slope angle, aspect, and
                contours. The DTM was created from 1,375 LiDAR point cloud tiles subsampled from 10
                points/m2 to 1-meter postings, acquired by the National Center for Airborne Laser
                Mapping (NCALM) project. This data was collected in collaboration between the
                Boulder Creek CZO and NCALM, both funded by the National Science Foundation (NSF).
                The DTM has the functionality of a map layer for use in Geographic Information
                Systems (GIS) or remote sensing software. Total area imaged is 598.92 km^2. The
                LiDAR point cloud data was acquired with an Optech Gemini Airborne Laser Terrain
                Mapper (ALTM) and mounted in a Piper Twin PA-31 Chieftain with Inertial Measurement
                Unit (IMU) at a flying height of 600 m. Data from four GPS (Global Positioning
                System) ground stations were used for aircraft trajectory determination. The
                continuous DTM surface was created by mosaicing and then kriging 0.5 x 1 km LiDAR
                point cloud LAS-formated tiles using Golden Software's Surfer 8 Kriging algorithm.
                Horizontal accuracy is at least, but usually better than, 11 cm RMSE at 1 sigma and
                vertical accuracy is 5-30 cm RMSE at 1 sigma. The layer is available in IMAGINE
                format approx. 4 GB of data. It has a UTM zone 13 projection, with a NAD83 horizonal
                datum and a NAVD88 vertical datum, with FGDC-compliant metadata. A shaded relief
                model was also generated. A similar layer, the Digital Surface Model (DSM), is a
                first-stop elevation layer. Accessory layers consist of index map layers for point
                cloud tiles and flight lines, each with detailed attribute information such as
                acquisition date and tile file name. The DTM is available through an unrestricted
                public license. Other LiDAR DSMs, DTMs, and point cloud data available in this
                series include snow-on data for 2010. Together, the LiDAR DEMs and point cloud data
                will be of interest to land managers, scientists, and others for study of
                topography, snow, ecosystems, and environmental change. 
                </para>
      <para>NOTE: This EML metadata file
                does not contain important geospatial data processing information. Before using any
                NWT LTER geospatial data read the arcgis metadata XML file in either ISO or FGDC
                compliant format, using ArcGIS software (ArcCatalog &gt; description), or by viewing
                the .xml file provided with the geospatial dataset. </para>
    </abstract>
    <keywordSet>
      <keyword keywordType="theme">Cartography</keyword>
      <keyword keywordType="theme">Geodesy</keyword>
      <keyword keywordType="theme">Geography</keyword>
      <keyword keywordType="theme">Hydrography</keyword>
      <keyword keywordType="theme">Mapping</keyword>
      <keyword keywordType="theme">Topography</keyword>
      <keyword keywordType="theme">Remote</keyword>
      <keyword keywordType="theme">Sensing</keyword>
      <keyword keywordType="theme">DEM</keyword>
      <keyword keywordType="theme">DSM</keyword>
      <keyword keywordType="theme">DTM</keyword>
      <keyword keywordType="theme">scan</keyword>
      <keyword keywordType="theme">tiff</keyword>
      <keyword keywordType="theme">digital</keyword>
      <keyword keywordType="theme">elevation</keyword>
      <keyword keywordType="theme">water</keyword>
      <keyword keywordType="theme">LIDAR</keyword>
      <keyword keywordType="theme">point cloud</keyword>
      <keyword keywordType="theme">LAS</keyword>
      <keyword keywordType="theme">Watershed</keyword>
      <keyword keywordType="theme">LIDAR images</keyword>
      <keyword keywordType="theme">LIDAR</keyword>
      <keyword keywordType="theme">kriging</keyword>
      <keyword keywordType="theme">watershed management</keyword>
      <keyword keywordType="theme">digital cartographic data</keyword>
      <keyword keywordType="theme">geographic information system (GIS) dataset</keyword>
      <keyword keywordType="theme">geospatial data</keyword>
      <keyword keywordType="theme">elevation maps</keyword>
      <keyword keywordType="theme">topo maps</keyword>
      <keyword keywordType="theme">hydrologic maps</keyword>
      <keyword keywordType="theme">soils</keyword>
      <keyword keywordType="theme">climatology</keyword>
      <keyword keywordType="theme">ecology</keyword>
      <keyword keywordType="theme">petrology</keyword>
      <keyword keywordType="theme">climatic change</keyword>
      <keyword keywordType="theme">ecosystem functions</keyword>
      <keyword keywordType="theme">slope</keyword>
      <keyword keywordType="theme">imageryBaseMapsEarthCover</keyword>
      <keyword keywordType="theme">elevation</keyword>
      <keyword keywordType="theme">climatologyMeteorologyAtmosphere</keyword>
      <keyword keywordType="theme">environment</keyword>
      <keyword keywordType="theme">geoscientificInformation</keyword>
      <keyword keywordType="theme">InlandWaters</keyword>
      <keywordThesaurus>None</keywordThesaurus>
    </keywordSet>
    <keywordSet>
      <keyword keywordType="place">United States</keyword>
      <keyword keywordType="place">Colorado</keyword>
      <keyword keywordType="place">Boulder County</keyword>
      <keyword keywordType="place">Critical Zone Observatory</keyword>
      <keyword keywordType="place">Boulder</keyword>
      <keyword keywordType="place">Gordon Gulch</keyword>
      <keyword keywordType="place">Betasso Preserve</keyword>
      <keyword keywordType="place">Green Lakes Valley</keyword>
      <keyword keywordType="place">Como Creek</keyword>
      <keyword keywordType="place">Boulder</keyword>
      <keyword keywordType="place">Boulder Creek</keyword>
      <keyword keywordType="place">Arikaree Glacier</keyword>
      <keyword keywordType="place">Middle Boulder Creek</keyword>
      <keyword keywordType="place">Fourmile Canyon</keyword>
      <keyword keywordType="place">Fourmile Creek</keyword>
      <keyword keywordType="place">Bummer's Gulch</keyword>
      <keyword keywordType="place">Long Gulch</keyword>
      <keyword keywordType="place">Emerson Gulch</keyword>
      <keyword keywordType="place">Schoolhouse Gulch</keyword>
      <keyword keywordType="place">Melvin Gulch</keyword>
      <keyword keywordType="place">Gold Run Creek</keyword>
      <keywordThesaurus>Geographic Names Information System</keywordThesaurus>
    </keywordSet>
    <keywordSet>
      <keyword keywordType="stratum">Terrain</keyword>
      <keyword keywordType="stratum">Earth</keyword>
      <keyword keywordType="stratum">Surface</keyword>
      <keyword keywordType="stratum">Ground</keyword>
      <keywordThesaurus>None</keywordThesaurus>
    </keywordSet>
    <keywordSet>
      <keyword keywordType="temporal">August</keyword>
      <keyword keywordType="temporal">Summer</keyword>
      <keyword keywordType="temporal">2010</keyword>
      <keywordThesaurus>None</keywordThesaurus>
    </keywordSet>
    <additionalInfo>
      <section>
        <title>Edition: Version of title</title>
        <para>Version 1</para>
      </section>
      <section>
        <title>Data presentation form</title>
        <para>remote-sensing image</para>
      </section>
      <section>
        <title>Series publication Identification and issue</title>
        <para>Snow-Off LiDAR Point Cloud and Digital Elevation Models (DEMs) from 2010 for
                    the Boulder Creek Critical Zone Observatory (CZO), ColoradoDigital Surface
                    Model</para>
      </section>
      <section>
        <title>Other citation details</title>
        <para>Please give data set credit as below and cite as: Anderson, S.P., Qinghua, G.,
                    and Parrish, E.G., 2012, Snow-on and snow-off LiDAR point cloud data and digital
                    elevation models for study of topography, snow, ecosystems, and environmental
                    change at Boulder Creek Critical Zone Observatory, Colorado: Boulder Creek CZO,
                    INSTAAR, University of Colorado at Boulder, digital media.</para>
      </section>
      <section>
        <title>Other descriptive Information about the data set</title>
        <para>Filenaming convention for this dataset is
                    CZOsite_type-of-DEM_study-site-or-date_SnON-or-SnOff.tif. For example,
                    BcCZO_DSM_glv_SnOff.tif. bld = Boulder, bt = Betasso, gg = Gordon Gulch, and glv
                    = Green Lakes Valley.</para>
      </section>
      <section>
        <title>meters</title>
        <para/>
      </section>
    </additionalInfo>
    <intellectualRights>
      <section>
        <title>Niwot LTER Data Policy</title>
        <para> The following acknowledgment should accompany any publication or citation of
                    these data: <itemizedlist>
            <listitem>
              <para> Logistical support and/or data were provided by the NSF-supported
                                Niwot Ridge (NWT) Long-Term Ecological Research (LTER) project and
                                the University of Colorado (CU) Mountain Research Station (MRS).
                            </para>
            </listitem>
            <listitem>
              <para> The user of NWT LTER data agrees to provide proper acknowledgment
                                with each usage of the data. Citation of the name(s) of the
                                investigator(s) responsible for the data set, in addition to the
                                generic statement above, constitutes proper acknowledgment.
                                Author(s) (including NWT investigators) of published material that
                                makes use of previously unpublished NWT data agree to provide the
                                NWT data manager with a PDF of that material as soon as it becomes
                                available. The user of NWT data agrees not to resell or redistribute
                                shared data. </para>
            </listitem>
          </itemizedlist>
        </para>
      </section>
      <section>
        <title>Disclaimer</title>
        <para> The NSF-supported NWT LTER project shall not be held liable for improper or
                    incorrect use of the data described and/or contained herein, nor assumes
                    liability for misuse, manipulation or distribution of the data. These data and
                    related graphics (i.e. GIF or JPG format files) are not legal documents and are
                    not intended to be used as such. The information contained in these data is
                    dynamic and may change over time. The data are not better than the original
                    sources from which they were derived. The user of these data should be aware
                    that, while efforts have been taken to ensure that these data are of the highest
                    quality, there is no guarantee of perfection for the data contained herein and
                    the possibility of errors exists. It is the responsibility of the data user to
                    use the data appropriately and in a manner consistent with the limitations of
                    geospatial data in general and these data in particular. Users assume
                    responsibility to determine the usability of the dataset, as well as dataset
                    resolution and accuracy, for their purposes. It is not recommended that the data
                    be used at a scale larger than the source scale. The related graphics are
                    intended to aid the data user in acquiring relevant data; it is not appropriate
                    to use the related graphics as data. NWT LTER gives no warranty, expressed or
                    implied, as to the accuracy, reliability, or completeness of these data. It is
                    strongly recommended that these data be directly acquired from the NWT LTER
                    server and not indirectly through other sources that may have changed the data
                    in some way. Although these data have been processed successfully on computer
                    systems at CU, no warranty expressed or implied is made regarding the utility of
                    the data on other systems for general or scientific purposes, nor shall the act
                    of distribution constitute any such warranty. This disclaimer applies both to
                    individual use of the data and aggregate use with other data. </para>
      </section>
      <section>
        <title>Data Credit</title>
        <para>The following acknowledgment should accompany any publication or citation of
                    these data: Logistical support and/or data were provided by the NSF-supported
                    Boulder Creek Critical Zone Observatory and National Center for Airborne Laser
                    Mapping (NCALM). The user of Boulder Creek CZO data agrees to provide proper
                    acknowledgment with each usage of the data. Citation of the name(s) of the
                    investigator(s) responsible for the data set. In addition to the generic
                    statement above, constitute proper acknowledgment. Author(s) (including Boulder
                    Creek CZO investigators) of published material that makes use of previously
                    unpublished Boulder Creek CZO data agree to provide the Boulder Creek CZO data
                    manager with four (4) copies (preferably reprints) of that material for binding
                    as soon as it becomes available.</para>
      </section>
    </intellectualRights>
    <distribution>
      <online>
        <url> ftp://niwotftp.colorado.edu/pub/Spatial/packages/nwt7433.zip </url>
      </online>
    </distribution>
    <coverage>
      <geographicCoverage>
        <geographicDescription>United StatesColoradoBoulder CountyCritical Zone
                    ObservatoryBoulderGordon GulchBetasso PreserveGreen Lakes ValleyComo
                    CreekBoulderBoulder CreekArikaree GlacierMiddle Boulder CreekFourmile
                    CanyonFourmile CreekBummer's GulchLong GulchEmerson GulchSchoolhouse GulchMelvin
                    GulchGold Run Creek</geographicDescription>
        <boundingCoordinates>
          <westBoundingCoordinate>-105.716441</westBoundingCoordinate>
          <eastBoundingCoordinate>-105.216329</eastBoundingCoordinate>
          <northBoundingCoordinate>40.164253</northBoundingCoordinate>
          <southBoundingCoordinate>39.909797</southBoundingCoordinate>
        </boundingCoordinates>
      </geographicCoverage>
      <temporalCoverage>
        <rangeOfDates>
          <beginDate>
            <calendarDate>20100821</calendarDate>
          </beginDate>
          <endDate>
            <calendarDate>20100826</calendarDate>
          </endDate>
        </rangeOfDates>
      </temporalCoverage>
    </coverage>
    <purpose>
      <para>Elevation and snow data acquired for the Boulder Creek CZO area: 1) take advantage
                of state-of-the-art remote-sensing technologies to produce baseline geospatial data,
                2) benefit education and outreach, 3) promote multi-disciplinary research of
                environmental change in the Boulder Creek area. The elevation and snow data enable
                display and analysis of terrain features at high resolution. The elevation data are
                used as a fundamental layer of information in Geographic Information Systems (GIS)
                and Spatial Information Decision Support Systems (DSS), and can be used to generate
                datasets relating to hydrography, slope, aspect, and other features. A number of the
                priority layers of spatial information recognized by the National Spatial Data
                Infrastructure may be derived from terrain data, including elevation, hydrography,
                slope, and aspect.</para>
    </purpose>
    <maintenance>
      <description>
        <section>
          <title>Progress</title>
          <para>Complete</para>
        </section>
        <section>
          <title>Update</title>
          <para>Irregular</para>
        </section>
      </description>
      <maintenanceUpdateFrequency>otherMaintenancePeriod</maintenanceUpdateFrequency>
    </maintenance>
    <contact>
      <positionName>Information Manager</positionName>
      <organizationName>LTER Network Office</organizationName>
      <address>
        <deliveryPoint>UNM Biology Department, MSC03-2020</deliveryPoint>
        <deliveryPoint>1 University of New Mexico</deliveryPoint>
        <city>Albuquerque</city>
        <administrativeArea>NM</administrativeArea>
        <postalCode>87131-0001</postalCode>
        <country>USA</country>
      </address>
      <phone phonetype="voice">505 277-2535</phone>
      <phone phonetype="fax">505 277-2541</phone>
      <electronicMailAddress>tech-support@lternet.edu</electronicMailAddress>
      <onlineUrl>http://www.lternet.edu</onlineUrl>
    </contact>
    <contact>
      <individualName>
        <givenName>Suzanne</givenName>
        <givenName>Prestrud</givenName>
        <surName>Anderson</surName>
      </individualName>
      <positionName>Principal Investigator</positionName>
      <address>
        <deliveryPoint>University of Colorado, Institute of Arctic and Alpine Research (INSTAAR), UCB 450</deliveryPoint>
        <city>Boulder</city>
        <administrativeArea>CO</administrativeArea>
        <postalCode>80309</postalCode>
        <country>USA</country>
      </address>
      <electronicMailAddress>suzanne.anderson@colorado.edu</electronicMailAddress>
    </contact>
    <contact>
      <organizationName>Niwot Ridge LTER</organizationName>
      <positionName>Information Manager</positionName>
      <address>
        <deliveryPoint>INSTAAR, University of Colorado</deliveryPoint>
        <deliveryPoint>1560 30th Street</deliveryPoint>
        <deliveryPoint>UCB 450</deliveryPoint>
        <city>Boulder</city>
        <administrativeArea>CO</administrativeArea>
        <postalCode>80309-0450</postalCode>
        <country>USA</country>
      </address>
      <phone phonetype="voice">303-492-2594</phone>
      <electronicMailAddress>lternwt@colorado.edu</electronicMailAddress>
      <onlineUrl>http://niwot.colorado.edu/</onlineUrl>
    </contact>
    <publisher>
      <organizationName>National Center for Airborne Laser Mapping (NCALM)</organizationName>
    </publisher>
    <pubPlace>Berkley, CA</pubPlace>
    <spatialRaster id="nwt_dtm_01m_2010_SnOff_shaded_relief.tif">
      <alternateIdentifier>nwt_dtm_01m_2010_SnOff_shaded_relief.tif</alternateIdentifier>
      <entityName>nwt_dtm_01m_2010_SnOff_shaded_relief.tif</entityName>
      <entityDescription>This 1m Digital Terrain Model (DTM) shaded relief is a snow-off DTM
                derived from bare-ground Light Detection and Ranging (LiDAR) point cloud data from
                August 2010 for the Boulder Creek Critical Zone Observatory (CZO), near Boulder
                Colorado. This dataset is better suited for derived layers such as slope angle,
                aspect, and contours. The DTM was created from 1,375 LiDAR point cloud tiles
                subsampled from 10 points/m2 to 1-meter postings, acquired by the National Center
                for Airborne Laser Mapping (NCALM) project. This data was collected in collaboration
                between the Boulder Creek CZO and NCALM, both funded by the National Science
                Foundation (NSF). The DTM has the functionality of a map layer for use in Geographic
                Information Systems (GIS) or remote sensing software. Total area imaged is 598.92
                km^2. The LiDAR point cloud data was acquired with an Optech Gemini Airborne Laser
                Terrain Mapper (ALTM) and mounted in a Piper Twin PA-31 Chieftain with Inertial
                Measurement Unit (IMU) at a flying height of 600 m. Data from four GPS (Global
                Positioning System) ground stations were used for aircraft trajectory determination.
                The continuous DTM surface was created by mosaicing and then kriging 0.5 x 1 km
                LiDAR point cloud LAS-formated tiles using Golden Software's Surfer 8 Kriging
                algorithm. Horizontal accuracy is at least, but usually better than, 11 cm RMSE at 1
                sigma and vertical accuracy is 5-30 cm RMSE at 1 sigma. The layer is available in
                IMAGINE format approx. 4 GB of data. It has a UTM zone 13 projection, with a NAD83
                horizonal datum and a NAVD88 vertical datum, with FGDC-compliant metadata. A shaded
                relief model was also generated. A similar layer, the Digital Surface Model (DSM),
                is a first-stop elevation layer. Accessory layers consist of index map layers for
                point cloud tiles and flight lines, each with detailed attribute information such as
                acquisition date and tile file name. The DTM is available through an unrestricted
                public license. Other LiDAR DSMs, DTMs, and point cloud data available in this
                series include snow-on data for 2010. Together, the LiDAR DEMs and point cloud data
                will be of interest to land managers, scientists, and others for study of
                topography, snow, ecosystems, and environmental change.</entityDescription>
      <physical>
        <objectName>nwt_dtm_01m_2010_SnOff_shaded_relief.zip</objectName>
        <dataFormat>
          <externallyDefinedFormat>
            <formatName>geoTIF file</formatName>
          </externallyDefinedFormat>
        </dataFormat>
        <distribution>
          <online>
            <url>https://pasta.lternet.edu/package/data/eml/knb-lter-nwt/743/3/70a017d879e10613e96b805d959daba7</url>
          </online>
        </distribution>
      </physical>
      <methods>
        <methodStep>
          <description>
            <para>For more details see the processing report: </para>
            <para>
              <ulink url="ftp://niwotftp.colorado.edu/pub/Spatial/packages/BcCZO_2010_QA_QC_Snow_Off_Report.pdf">PDF Boulder Creek CZO QA/QC Snow Off Report</ulink>
            </para>
          </description>
        </methodStep>
        <methodStep>
          <description>
            <para>For more details see BcCZO_2010_QA_QC_Snow_Off_Report.pdf included with this data release. The LIDAR point
                            cloud data was acquired with an Optech Gemini Airborne Laser Terrain
                            Mapper (ALTM) 06SEN/CON195 and digitizer 08DIG017 system and mounted in
                            a Piper Twin PA-31 Chieftain with tail number N931SA at a flight
                            altitude of 600 meters and a flight speed of 65 meters/second. Swath
                            width is 255.07 m, swath overlap is 50%, point density is 10.28
                            points/m2, cross-track resolution is 0.254 m and down-track resolution
                            is 0.383 m. Data from four GPS ground stations were used with
                            coordinates relative to the NAD83 (CORS96) Reference Frame. Airplane
                            trajectories for all survey flights are processed using KARS software
                            (Kinematic and Rapid Static, Gerry Mader). GPS, trajectory, and inertial
                            measurement unit (IMU) data collected during the flight were output. The
                            collection was uneventful.</para>
          </description>
        </methodStep>
        <methodStep>
          <description>
            <para>For more details see BcCZO_2010_QA_QC_Snow_Off_Report.pdf included with this data release. GPS, trajectory,
                            and inertial measurement unit (IMU) data are input into APPLANIX
                            software POSPac (MMS 5.2) to produce a complete navigation solution,
                            SBET (Smoothed Best Estimated Trajectory). The SBET and raw laser range
                            data were combined using Optech's Dashmap processing program to generate
                            LAS-formated laser point data, stored by flight strip.</para>
          </description>
        </methodStep>
        <methodStep>
          <description>
            <para>For more details see BcCZO_2010_QA_QC_Snow_Off_Report.pdf included with this data release. LiDAR data strip
                            LAS files were filtered to ground and non-ground using TerraScan,
                            surface interpreted to mean vegetation, buildings, rocks, power poles,
                            etc. According to Ionut Iordache, "The LAS point tiles are classified
                            for ground and vegetation. I have used your thresholds [Suzanne
                            Anderson's definition of thresholds] of 2-9m for medium vegetation. But
                            please be aware that this kind of classification does not take into
                            account the structure of the tree, meaning that trees taller than 9m
                            will most likely be defined by points that belong to all 3 classes, with
                            only the top most points being part of the "large vegetation" class. For
                            example, this [using] is a 2m wide profile through the point cloud,
                            color-coded by class type: orange = ground, white = unclassified, light
                            blue = low veg (just a few points visible, right below the bulk of the
                            canopy, 0.5-2.0m above ground), green = medium veg (2.0 - 9.0m above
                            ground), dark green = high veg (&gt; 9.0m above ground). I have used
                            0.5m as a starting value for the veg classes because the ground
                            classification algorithm is minimum-elevation biased and the interface
                            between ground and non-ground points is not very cleanly defined,
                            especially under canopy. The classification codes used in the LAS files
                            are these: 1 - unclassified, 2 - ground, 3 - low veg, 4 - medium veg, 5
                            - high veg, 7 - low point (outliers), 9 - high aerial point (outliers
                            &gt;80m above ground), and 10 - isolated points (outliers)." Terrascan
                            processing produced 1500m x 1,000m tiles named using UTM coordinate
                            values. Use tile index maps to determine location of particular tiles.
                            Initial processing was done by Ionut Iordache and later processing of
                            the Gordon Gulch area was done by Abhinav Singhania.</para>
          </description>
        </methodStep>
        <methodStep>
          <description>
            <para>For more details see BcCZO_2010_QA_QC_Snow_Off_Report.pdf included with this data release. Terrascan
                            LAS-formated 0.5 x 1 km tiles, both ground (DTM) and non-ground (DSM),
                            were input for interpolation using kriging into Golden Software's Surfer
                            vs 8. Kriged DEMS were output to 1 m posting ESRI GRID-formated DEMs and
                            hillshades and mosaiced from tiles to final output area using Python and
                            Arc Macro Language (AML) scripts. Initial processing was done by Ionut
                            Iordache and later processing of the Gordon Gulch area and then
                            mosaicing into the former dataset was done by Abhinav Singhania.</para>
          </description>
        </methodStep>
        <methodStep>
          <description>
            <para>The QA/QC report includes the quality of pre-processed Lidar data
                            produced by NCALM. Areas of quality covered by this document include
                            completeness of the LiDAR data compared to the proposed study area
                            (Area), the average points per square meter for each tile (Point
                            Density), detailed point density of the entire site (Detailed Point
                            Density), overall point return intensity of the site (Intensity), visual
                            inspection of the hillshade digital elevation model (Hillshade) and the
                            attributes included in the Lidar data.</para>
          </description>
        </methodStep>
        <methodStep>
          <description>
            <para>NCALM data and reports were downloaded and quality-checked by Eric
                            Parrish, Melissa Foster and Abby Langston. Eric coordinated with NCALM
                            staff to obtain corrected data when the Gordon Gulch area was found to
                            be missing. Eric checked data extent and LAS tiles, DEMs and hillshades
                            to be sure that all data was included and that data values looked
                            correct. Eric also added the data to the CZO website for download by
                            scientists and other data-users. Eric organized and managed the dataset
                            so that it could be finalized by INSTAAR staff.</para>
          </description>
        </methodStep>
        <methodStep>
          <description>
            <para>Chi Yang collected all of the data organized by Eric and input it into
                            the CZO database. Chi also created point text files of the LAS tiles,
                            which Eric used to create point shapefiles of the LAS point cloud
                            files.</para>
          </description>
        </methodStep>
        <methodStep>
          <description>
            <para>Leanne Lestak created value added layers and metadata using ArcMap and
                            ArcCatalog; GeoTIFF DSMs, DTMs, hillshades, index shapefiles and FGDC
                            metadata in .html, .xml and .txt formats. The geoTIF standard is more
                            readily recognized by software packages and easier to use than ESRI
                            GRID-formated files. Leanne organized the data for ease-of-use and fully
                            documented all files with FGDC standard metadata. DSMs are composed of 4
                            tiles, labelled by area served, bld = Boulder, bt = Betasso, gg = Gordon
                            Gulch and glc = Green Lakes Valley. The DTM is one IMAGINE file.
                            Hillshades follow DSM and DTM tiling schema. Leanne worked with Chris
                            Crosby, the Open Topography project manager to facilitate posting of the
                            data to Open Topograhphy.</para>
          </description>
        </methodStep>
      </methods>
      <attributeList>
        <attribute id="Value">
          <attributeName>Value</attributeName>
          <attributeDefinition>Values that represent elevation, ground and
                        non-ground</attributeDefinition>
          <storageType typeSystem="http://www.esri.com/metadata/esriprof80.html"/>
          <measurementScale>
            <ratio>
              <unit>
                <standardUnit>meter</standardUnit>
              </unit>
              <precision>0.01 </precision>
              <numericDomain>
                <numberType>real</numberType>
                <bounds>
                  <minimum exclusive="false">1576</minimum>
                  <maximum exclusive="false">4548</maximum>
                </bounds>
              </numericDomain>
            </ratio>
          </measurementScale>
          <coverage>
            <temporalCoverage>
              <rangeOfDates>
                <beginDate>
                  <calendarDate>20100821</calendarDate>
                </beginDate>
                <endDate>
                  <calendarDate>20100826</calendarDate>
                </endDate>
              </rangeOfDates>
            </temporalCoverage>
          </coverage>
        </attribute>
      </attributeList>
      <spatialReference>
        <horizCoordSysDef name="Transverse Mercator">
          <projCoordSys>
            <geogCoordSys>
              <datum name="D North American 1983"/>
              <spheroid denomFlatRatio="298.257222101" name="GRS 1980" semiAxisMajor="6378137.0"/>
              <primeMeridian longitude="0.0" name=" Greenwich"/>
              <unit name="degree"/>
            </geogCoordSys>
            <projection name="Transverse Mercator">
              <parameter
                description="a multiplier for reducing a distance obtained from a map by computation or scaling to the actual distance along the central meridian."
                name="Scale factor at central meridian" value="0.9996"/>
              <parameter
                description="The line of logitude at the center of the map projection"
                name="Longitude at central meridian" value="-105.0"/>
              <parameter
                description="The latitude chosen as center of the projection"
                name="Latitude of projection origin" value="0.0"/>
              <parameter
                description="A value added in a rectangular coordinate system, usually used to avoid negative values"
                name="False Easting" value="500000.0"/>
              <parameter
                description="A value added in a rectangular coordinate system, usually used to avoid negative values"
                name="False Northing" value="0.0"/>
              <unit name="meter"/>
            </projection>
          </projCoordSys>
        </horizCoordSysDef>
      </spatialReference>
      <horizontalAccuracy>
        <accuracyReport>11 cm RMSE (1 sigma) or better horizontal accuracy. For more
                    information see BcCZO_2010_Project_Report.pdf and
                    NCALM_2007_WhitePaper.pdf included with this data release.</accuracyReport>
      </horizontalAccuracy>
      <verticalAccuracy>
        <accuracyReport>Vertical Accuracy Report not present</accuracyReport>
      </verticalAccuracy>
      <cellSizeXDirection>1</cellSizeXDirection>
      <cellSizeYDirection>1</cellSizeYDirection>
      <numberOfBands>1</numberOfBands>
      <rasterOrigin>Lower Left</rasterOrigin>
      <rows>7917</rows>
      <columns>12489</columns>
      <verticals>1</verticals>
      <cellGeometry>pixel</cellGeometry>
    </spatialRaster>
    <otherEntity>
      <entityName>geoTIF_FGDC_metadata</entityName>
      <entityDescription>GeoTIF metadata in text format</entityDescription>
      <physical>
        <objectName>nwt7433_FGDC_metadata.txt</objectName>
        <dataFormat>
          <externallyDefinedFormat>
            <formatName>Natural language text</formatName>
          </externallyDefinedFormat>
        </dataFormat>
        <distribution>
          <online>
            <url>https://pasta.lternet.edu/package/data/eml/knb-lter-nwt/743/3/c8fec5ee5457cb58d7f11f4a947438fc</url>
          </online>
        </distribution>
      </physical>
      <entityType>GeoTIF metadata in text format</entityType>
    </otherEntity>
    <otherEntity>
      <entityName>PDF_QA_QC_Snow_Off_Report</entityName>
      <entityDescription>PDF Boulder Creek CZO QA/QC Snow Off Report</entityDescription>
      <physical>
        <objectName>BcCZO_2010_QA_QC_Snow_Off_Report.pdf</objectName>
        <dataFormat>
          <externallyDefinedFormat>
            <formatName>Natural language PDF</formatName>
          </externallyDefinedFormat>
        </dataFormat>
        <distribution>
          <online>
            <url>https://pasta.lternet.edu/package/data/eml/knb-lter-nwt/743/3/2921f80a615f68771fe14db2f989c3f6</url>
          </online>
        </distribution>
      </physical>
      <entityType>PDF report</entityType>
    </otherEntity>
    <otherEntity>
      <entityName>PDF_NCALM_2007_Whitepaper</entityName>
      <entityDescription>PDF LiDAR Defining Factors White Paper</entityDescription>
      <physical>
        <objectName>NCALM_2007_WhitePaper.pdf</objectName>
        <dataFormat>
          <externallyDefinedFormat>
            <formatName>Natural language PDF</formatName>
          </externallyDefinedFormat>
        </dataFormat>
        <distribution>
          <online>
            <url>https://pasta.lternet.edu/package/data/eml/knb-lter-nwt/743/3/26a92e9e277d6a10c843492c3208e22f</url>
          </online>
        </distribution>
      </physical>
      <entityType>PDF White Paper</entityType>
    </otherEntity>
    <otherEntity>
      <entityName>PDF_ASPRS_LAS_standards_vs_1.2</entityName>
      <entityDescription>PDF ASPRS LAS standards vs 1.2</entityDescription>
      <physical>
        <objectName>BcCZO_ASPRS_LAS_standards_vs_1_2.pdf</objectName>
        <dataFormat>
          <externallyDefinedFormat>
            <formatName>Natural language text</formatName>
          </externallyDefinedFormat>
        </dataFormat>
        <distribution>
          <online>
            <url>https://pasta.lternet.edu/package/data/eml/knb-lter-nwt/743/3/baef584dd44d6869b679c2d91fd7679d</url>
          </online>
        </distribution>
      </physical>
      <entityType>PDF ASPRS LAS Standards</entityType>
    </otherEntity>
    <otherEntity>
      <entityName>PDF_Quality_LiDAR_Readings</entityName>
      <entityDescription>PDF Evaluating the Quality of LiDAR</entityDescription>
      <physical>
        <objectName>GEM_2005_Tutorial.pdf</objectName>
        <dataFormat>
          <externallyDefinedFormat>
            <formatName>Natural language PDF</formatName>
          </externallyDefinedFormat>
        </dataFormat>
        <distribution>
          <online>
            <url>https://pasta.lternet.edu/package/data/eml/knb-lter-nwt/743/3/a0fef07fe1f5a65f83bea982f3ab433f</url>
          </online>
        </distribution>
      </physical>
      <entityType>PDF Evaluating the Quality of LiDAR</entityType>
    </otherEntity>
  </dataset>
</eml:eml>
