<?xml version="1.0" encoding="UTF-8"?>
<eml:eml packageId="knb-lter-nwt.915.1"
  system="https://pasta.lternet.edu"
  xmlns:eml="eml://ecoinformatics.org/eml-2.1.1"
  xmlns:xsi="http://www.w3.org/2001/XMLSchema-instance" xsi:schemaLocation="eml://ecoinformatics.org/eml-2.1.0&#xa;&#x9;&#x9;&#x9;&#x9;http://nis.lternet.edu/schemas/EML/eml-2.1.0/eml.xsd">
  <access authSystem="https://pasta.lternet.edu/authentication"
    order="allowFirst" scope="document"
    system="https://pasta.lternet.edu"
    xmlns:cit="eml://ecoinformatics.org/literature-2.1.0"
    xmlns:doc="eml://ecoinformatics.org/documentation-2.1.0"
    xmlns:ds="eml://ecoinformatics.org/dataset-2.1.0"
    xmlns:prot="eml://ecoinformatics.org/protocol-2.1.0"
    xmlns:res="eml://ecoinformatics.org/resource-2.1.0"
    xmlns:stmml="http://www.xml-cml.org/schema/stmml"
    xmlns:sw="eml://ecoinformatics.org/software-2.1.0" xmlns:xs="http://www.w3.org/2001/XMLSchema">
    <allow>
      <principal>uid=NWT,o=lter,dc=ecoinformatics,dc=org</principal>
      <permission>all</permission>
    </allow>
    <allow>
      <principal>public</principal>
      <permission>read</permission>
    </allow>
  </access>
  <dataset id="" system="ESRI MetaID"
    xmlns:cit="eml://ecoinformatics.org/literature-2.1.0"
    xmlns:doc="eml://ecoinformatics.org/documentation-2.1.0"
    xmlns:ds="eml://ecoinformatics.org/dataset-2.1.0"
    xmlns:prot="eml://ecoinformatics.org/protocol-2.1.0"
    xmlns:res="eml://ecoinformatics.org/resource-2.1.0"
    xmlns:stmml="http://www.xml-cml.org/schema/stmml"
    xmlns:sw="eml://ecoinformatics.org/software-2.1.0" xmlns:xs="http://www.w3.org/2001/XMLSchema">
    <shortName>ss2001</shortName>
    <title>2001 Snow Survey for Green Lakes Valley, Niwot Ridge LTER, Colorado</title>
    <creator>
      <individualName>
        <givenName>Mark</givenName>
        <surName>Losleben</surName>
      </individualName>
      <positionName>Climate Technician</positionName>
      <organizationName>University of Colorado, Institute of Arctic and Alpine Research
				(INSTAAR)</organizationName>
      <positionName>Research Scientist</positionName>
      <address>
        <deliveryPoint>University of Colorado - INSTAAR, UCB 450</deliveryPoint>
        <city>Boulder</city>
        <administrativeArea>CO</administrativeArea>
        <postalCode>80309</postalCode>
        <country>USA</country>
      </address>
    </creator>
    <metadataProvider>
      <organizationName>University of Colorado, Institute of Arctic and Alpine Research
				(INSTAAR), Niwot Ridge LTER</organizationName>
      <positionName>Niwot Ridge LTER Data Manager</positionName>
      <address>
        <deliveryPoint>1560 30th Street</deliveryPoint>
        <city>Boulder</city>
        <administrativeArea>CO</administrativeArea>
        <postalCode>80309-0450</postalCode>
        <country>USA</country>
      </address>
      <phone phonetype="voice">303-492-2594</phone>
      <electronicMailAddress>lternwt@colorado.edu</electronicMailAddress>
    </metadataProvider>
    <pubDate>20020806</pubDate>
    <language>en</language>
    <abstract>
      <para>Yearly snow surveys were conducted in the Green Lakes Valley in the City of
				Boulder Watershed at the estimated peak of snowpack in late spring. Over a period of
				several days, surveying teams (1 to several people) traversed valley slopes
				measuring snow depth with avalanche probes. Locations of each depth measurement were
				recorded as waypoints in Garmin hand-held GPS units (eTrex Legend and eTrex Legend H
				models). Snow depths were recorded on standardized field sheets along with dates,
				recorder names, waypoint numbers, and comments. GPS locations were downloaded as
				text files from Garmin units using Topo! software, specifying NAD83 for surveys
				conducted after 2009. Download files contained waypoint number, latitude, longitude,
				date, and elevation. Each file was imported into a Microsoft Excel spreadsheet and
				snow depths corresponding to waypoints were entered manually from field sheets.
				Shapefiles were constructed in ArcInfo/ArcGIS from dbf files generated either
				directly from Excel spreadsheets (before 2008) or after importing into Microsoft
				Access and then exporting as dbfs. All shapefiles are provided in a UTM zone 13
				projection and NAD83 horizontal datum. NOTE: This EML metadata file does not contain
				important geospatial data processing information. Before using any NWT LTER
				geospatial data read the arcgis metadata XML file in either ISO or FGDC compliant
				format, using ArcGIS software (ArcCatalog &gt; description), or by viewing the .xml
				file provided with the geospatial dataset. </para>
    </abstract>
    <keywordSet>
      <keyword keywordType="theme">environment</keyword>
      <keyword keywordType="theme">Niwot Ridge</keyword>
      <keyword keywordType="theme">green lakes valley</keyword>
      <keyword keywordType="theme">snow survey</keyword>
      <keyword keywordType="theme">NWT</keyword>
      <keyword keywordType="theme">Colorado</keyword>
      <keyword keywordType="theme">Boulder</keyword>
      <keyword keywordType="theme">Niwot Ridge LTER</keyword>
    </keywordSet>
    <additionalInfo>
      <section>
        <title>Data presentation form</title>
        <para>vector digital data</para>
      </section>
    </additionalInfo>
    <intellectualRights>
      <section>
        <title>Niwot LTER Data Policy</title>
        <para> The following acknowledgment should accompany any publication or citation of
					these data: <itemizedlist>
            <listitem>
              <para> Logistical support and/or data were provided by the NSF-supported
								Niwot Ridge (NWT) Long-Term Ecological Research (LTER) project and
								the University of Colorado (CU) Mountain Research Station (MRS).
							</para>
            </listitem>
            <listitem>
              <para> The user of NWT LTER data agrees to provide proper acknowledgment
								with each usage of the data. Citation of the name(s) of the
								investigator(s) responsible for the data set, in addition to the
								generic statement above, constitutes proper acknowledgment.
								Author(s) (including NWT investigators) of published material that
								makes use of previously unpublished NWT data agree to provide the
								NWT data manager with a PDF of that material as soon as it becomes
								available. The user of NWT data agrees not to resell or redistribute
								shared data. </para>
            </listitem>
          </itemizedlist>
        </para>
      </section>
      <section>
        <title>Disclaimer</title>
        <para> The NSF-supported NWT LTER project shall not be held liable for improper or
					incorrect use of the data described and/or contained herein, nor assumes
					liability for misuse, manipulation or distribution of the data. These data and
					related graphics (i.e. GIF or JPG format files) are not legal documents and are
					not intended to be used as such. The information contained in these data is
					dynamic and may change over time. The data are not better than the original
					sources from which they were derived. The user of these data should be aware
					that, while efforts have been taken to ensure that these data are of the highest
					quality, there is no guarantee of perfection for the data contained herein and
					the possibility of errors exists. It is the responsibility of the data user to
					use the data appropriately and in a manner consistent with the limitations of
					geospatial data in general and these data in particular. Users assume
					responsibility to determine the usability of the dataset, as well as dataset
					resolution and accuracy, for their purposes. It is not recommended that the data
					be used at a scale larger than the source scale. The related graphics are
					intended to aid the data user in acquiring relevant data; it is not appropriate
					to use the related graphics as data. NWT LTER gives no warranty, expressed or
					implied, as to the accuracy, reliability, or completeness of these data. It is
					strongly recommended that these data be directly acquired from the NWT LTER
					server and not indirectly through other sources that may have changed the data
					in some way. Although these data have been processed successfully on computer
					systems at CU, no warranty expressed or implied is made regarding the utility of
					the data on other systems for general or scientific purposes, nor shall the act
					of distribution constitute any such warranty. This disclaimer applies both to
					individual use of the data and aggregate use with other data. </para>
      </section>
    </intellectualRights>
    <distribution>
      <online>
        <url> ftp://niwotftp.colorado.edu/pub/Spatial/packages/nwt9151.zip</url>
      </online>
    </distribution>
    <coverage>
      <geographicCoverage>
        <geographicDescription>Green Lakes Valley, Niwot Ridge,
					Colorado</geographicDescription>
        <boundingCoordinates>
          <westBoundingCoordinate>-105.644365</westBoundingCoordinate>
          <eastBoundingCoordinate>-105.616711</eastBoundingCoordinate>
          <northBoundingCoordinate>40.058748</northBoundingCoordinate>
          <southBoundingCoordinate>40.046031</southBoundingCoordinate>
        </boundingCoordinates>
      </geographicCoverage>
      <temporalCoverage>
        <singleDateTime>
          <calendarDate>2001</calendarDate>
        </singleDateTime>
      </temporalCoverage>
    </coverage>
    <purpose>
      <para>Continuing data set of snow depths in the Green Lakes Valley. Annual GLV Snow
				Survey</para>
    </purpose>
    <maintenance>
      <description>
        <section>
          <title>Progress</title>
          <para>Complete</para>
        </section>
        <section>
          <title>Update</title>
          <para>None planned</para>
        </section>
      </description>
      <maintenanceUpdateFrequency>otherMaintenancePeriod</maintenanceUpdateFrequency>
    </maintenance>
    <contact>
      <positionName>Information Manager</positionName>
      <organizationName>LTER Network Office</organizationName>
      <address>
        <deliveryPoint>UNM Biology Department, MSC03-2020</deliveryPoint>
        <deliveryPoint>1 University of New Mexico</deliveryPoint>
        <city>Albuquerque</city>
        <administrativeArea>NM</administrativeArea>
        <postalCode>87131-0001</postalCode>
        <country>USA</country>
      </address>
      <phone phonetype="voice">505 277-2535</phone>
      <phone phonetype="fax">505 277-2541</phone>
      <electronicMailAddress>tech-support@lternet.edu</electronicMailAddress>
      <onlineUrl>http://www.lternet.edu</onlineUrl>
    </contact>
    <contact>
      <positionName>Climate Technician</positionName>
      <address>
        <deliveryPoint>1560 30th Street</deliveryPoint>
        <city>Boulder</city>
        <administrativeArea>CO</administrativeArea>
        <postalCode>80309-0450</postalCode>
        <country>USA</country>
      </address>
      <electronicMailAddress>jennifer.f.morse@colorado.edu</electronicMailAddress>
    </contact>
    <publisher>
      <organizationName>University of Colorado, Institute of Arctic and Alpine Research
				(INSTAAR) Niwot Ridge LTER</organizationName>
    </publisher>
    <pubPlace>Boulder, CO</pubPlace>
    <spatialVector id="ss2001.zip">
      <alternateIdentifier>ss2001</alternateIdentifier>
      <entityName>ss2001.zip</entityName>
      <entityDescription>Yearly snow surveys were conducted in the Green Lakes Valley in the
				City of Boulder Watershed at the estimated peak of snowpack in late
				spring.</entityDescription>
      <physical>
        <objectName>ss2001.zip</objectName>
        <dataFormat>
          <externallyDefinedFormat>
            <formatName>ESRI shapefile</formatName>
          </externallyDefinedFormat>
        </dataFormat>
        <distribution>
          <online>
            <url>https://pasta.lternet.edu/package/data/eml/knb-lter-nwt/915/1/d877931407b295f0ad1eab048808f171</url>
          </online>
        </distribution>
      </physical>
      <methods>
        <methodStep>
          <description>
            <para>Yearly snow surveys were conducted in the Green Lakes Valley in the
							City of Boulder Watershed at the estimated peak of snowpack in late
							spring. Over a period of several days, surveying teams (1 to several
							people) traversed valley slopes measuring snow depth with avalanche
							probes. Locations of each depth measurement were recorded as waypoints
							in Garmin hand-held GPS units (eTrex Legend and eTrex Legend H models).
							Snow depths were recorded on standardized field sheets along with dates,
							recorder names, waypoint numbers, and comments. GPS locations were
							downloaded as text files from Garmin units using Topo! software,
							specifying NAD83 for surveys conducted after 2009. Download files
							contained waypoint number, latitude, longitude, date, and elevation.
							Each file was imported into a Microsoft Excel spreadsheet and snow
							depths corresponding to waypoints were entered manually from field
							sheets. Shapefiles were constructed in ArcInfo/ArcGIS from dbf files
							generated either directly from Excel spreadsheets (before 2008) or after
							importing into Microsoft Access and then exporting as dbfs. All
							shapefiles are provided in a UTM zone 13 projection and NAD83 horizontal
							datum.</para>
          </description>
        </methodStep>
      </methods>
      <attributeList>
        <attribute id="FID">
          <attributeName>FID</attributeName>
          <attributeLabel>FID</attributeLabel>
          <attributeDefinition>Internal feature number.</attributeDefinition>
          <storageType typeSystem="http://www.esri.com/metadata/esriprof80.html">OID</storageType>
          <measurementScale>
            <nominal>
              <nonNumericDomain>
                <textDomain>
                  <definition>Sequential unique whole numbers that are
										automatically generated.</definition>
                </textDomain>
              </nonNumericDomain>
            </nominal>
          </measurementScale>
        </attribute>
        <attribute id="Shape">
          <attributeName>Shape</attributeName>
          <attributeLabel>Shape</attributeLabel>
          <attributeDefinition>Feature geometry.</attributeDefinition>
          <storageType typeSystem="http://www.esri.com/metadata/esriprof80.html">Geometry</storageType>
          <measurementScale>
            <nominal>
              <nonNumericDomain>
                <textDomain>
                  <definition>Coordinates defining the features.</definition>
                </textDomain>
              </nonNumericDomain>
            </nominal>
          </measurementScale>
        </attribute>
        <attribute id="AREA">
          <attributeName>AREA</attributeName>
          <attributeLabel>AREA</attributeLabel>
          <attributeDefinition>Area of feature in internal units
						squared.</attributeDefinition>
          <storageType typeSystem="http://www.esri.com/metadata/esriprof80.html">Float</storageType>
          <measurementScale>
            <nominal>
              <nonNumericDomain>
                <textDomain>
                  <definition>Area is always zero for point coverages. Values are
										automatically generated.</definition>
                </textDomain>
              </nonNumericDomain>
            </nominal>
          </measurementScale>
        </attribute>
        <attribute id="PERIMETER">
          <attributeName>PERIMETER</attributeName>
          <attributeLabel>PERIMETER</attributeLabel>
          <attributeDefinition>Perimeter of feature in internal
						units.</attributeDefinition>
          <storageType typeSystem="http://www.esri.com/metadata/esriprof80.html">Float</storageType>
          <measurementScale>
            <nominal>
              <nonNumericDomain>
                <textDomain>
                  <definition>Perimeter is always zero for point coverages. Values
										are automatically generated.</definition>
                </textDomain>
              </nonNumericDomain>
            </nominal>
          </measurementScale>
        </attribute>
        <attribute id="SS2001_">
          <attributeName>SS2001_</attributeName>
          <attributeLabel>SS2001_</attributeLabel>
          <attributeDefinition>SS2001_</attributeDefinition>
          <storageType typeSystem="http://www.w3.org/2001/XMLSchema-datatypes">integer</storageType>
          <measurementScale>
            <nominal>
              <nonNumericDomain>
                <textDomain>
                  <definition>No further information about this attribute was
										provided</definition>
                </textDomain>
              </nonNumericDomain>
            </nominal>
          </measurementScale>
        </attribute>
        <attribute id="SS2001_ID">
          <attributeName>SS2001_ID</attributeName>
          <attributeLabel>SS2001_ID</attributeLabel>
          <attributeDefinition>SS2001_ID</attributeDefinition>
          <storageType typeSystem="http://www.w3.org/2001/XMLSchema-datatypes">integer</storageType>
          <measurementScale>
            <nominal>
              <nonNumericDomain>
                <textDomain>
                  <definition>No further information about this attribute was
										provided</definition>
                </textDomain>
              </nonNumericDomain>
            </nominal>
          </measurementScale>
        </attribute>
        <attribute id="ID">
          <attributeName>ID</attributeName>
          <attributeLabel>ID</attributeLabel>
          <attributeDefinition>ID</attributeDefinition>
          <storageType typeSystem="http://www.esri.com/metadata/esriprof80.html">Float</storageType>
          <measurementScale>
            <nominal>
              <nonNumericDomain>
                <textDomain>
                  <definition>No further information about this attribute was
										provided</definition>
                </textDomain>
              </nonNumericDomain>
            </nominal>
          </measurementScale>
        </attribute>
        <attribute id="LONGITUDE">
          <attributeName>LONGITUDE</attributeName>
          <attributeLabel>LONGITUDE</attributeLabel>
          <attributeDefinition>LONGITUDE</attributeDefinition>
          <storageType typeSystem="http://www.esri.com/metadata/esriprof80.html">Float</storageType>
          <measurementScale>
            <nominal>
              <nonNumericDomain>
                <textDomain>
                  <definition>No further information about this attribute was
										provided</definition>
                </textDomain>
              </nonNumericDomain>
            </nominal>
          </measurementScale>
        </attribute>
        <attribute id="LATITUDE">
          <attributeName>LATITUDE</attributeName>
          <attributeLabel>LATITUDE</attributeLabel>
          <attributeDefinition>LATITUDE</attributeDefinition>
          <storageType typeSystem="http://www.esri.com/metadata/esriprof80.html">Float</storageType>
          <measurementScale>
            <nominal>
              <nonNumericDomain>
                <textDomain>
                  <definition>No further information about this attribute was
										provided</definition>
                </textDomain>
              </nonNumericDomain>
            </nominal>
          </measurementScale>
        </attribute>
        <attribute id="POINT_TYPE">
          <attributeName>POINT_TYPE</attributeName>
          <attributeLabel>POINT_TYPE</attributeLabel>
          <attributeDefinition>POINT_TYPE</attributeDefinition>
          <storageType typeSystem="http://www.w3.org/2001/XMLSchema-datatypes">integer</storageType>
          <measurementScale>
            <nominal>
              <nonNumericDomain>
                <textDomain>
                  <definition>No further information about this attribute was
										provided</definition>
                </textDomain>
              </nonNumericDomain>
            </nominal>
          </measurementScale>
        </attribute>
        <attribute id="DEPTH">
          <attributeName>DEPTH</attributeName>
          <attributeLabel>DEPTH</attributeLabel>
          <attributeDefinition>DEPTH</attributeDefinition>
          <storageType typeSystem="http://www.w3.org/2001/XMLSchema-datatypes">integer</storageType>
          <measurementScale>
            <nominal>
              <nonNumericDomain>
                <textDomain>
                  <definition>No further information about this attribute was
										provided</definition>
                </textDomain>
              </nonNumericDomain>
            </nominal>
          </measurementScale>
        </attribute>
        <attribute id="COMMENT">
          <attributeName>COMMENT</attributeName>
          <attributeLabel>COMMENT</attributeLabel>
          <attributeDefinition>COMMENT</attributeDefinition>
          <storageType typeSystem="http://www.w3.org/2001/XMLSchema-datatypes">integer</storageType>
          <measurementScale>
            <nominal>
              <nonNumericDomain>
                <textDomain>
                  <definition>No further information about this attribute was
										provided</definition>
                </textDomain>
              </nonNumericDomain>
            </nominal>
          </measurementScale>
        </attribute>
        <attribute id="MAX_PDOP">
          <attributeName>MAX_PDOP</attributeName>
          <attributeLabel>MAX_PDOP</attributeLabel>
          <attributeDefinition>MAX_PDOP</attributeDefinition>
          <storageType typeSystem="http://www.w3.org/2001/XMLSchema-datatypes">integer</storageType>
          <measurementScale>
            <nominal>
              <nonNumericDomain>
                <textDomain>
                  <definition>No further information about this attribute was
										provided</definition>
                </textDomain>
              </nonNumericDomain>
            </nominal>
          </measurementScale>
        </attribute>
        <attribute id="CORR_TYPE">
          <attributeName>CORR_TYPE</attributeName>
          <attributeLabel>CORR_TYPE</attributeLabel>
          <attributeDefinition>CORR_TYPE</attributeDefinition>
          <storageType typeSystem="http://www.w3.org/2001/XMLSchema-datatypes">integer</storageType>
          <measurementScale>
            <nominal>
              <nonNumericDomain>
                <textDomain>
                  <definition>No further information about this attribute was
										provided</definition>
                </textDomain>
              </nonNumericDomain>
            </nominal>
          </measurementScale>
        </attribute>
        <attribute id="RCVR_TYPE">
          <attributeName>RCVR_TYPE</attributeName>
          <attributeLabel>RCVR_TYPE</attributeLabel>
          <attributeDefinition>RCVR_TYPE</attributeDefinition>
          <storageType typeSystem="http://www.w3.org/2001/XMLSchema-datatypes">integer</storageType>
          <measurementScale>
            <nominal>
              <nonNumericDomain>
                <textDomain>
                  <definition>No further information about this attribute was
										provided</definition>
                </textDomain>
              </nonNumericDomain>
            </nominal>
          </measurementScale>
        </attribute>
        <attribute id="GPS_DATE">
          <attributeName>GPS_DATE</attributeName>
          <attributeLabel>GPS_DATE</attributeLabel>
          <attributeDefinition>GPS_DATE</attributeDefinition>
          <storageType typeSystem="http://www.w3.org/2001/XMLSchema-datatypes">integer</storageType>
          <measurementScale>
            <nominal>
              <nonNumericDomain>
                <textDomain>
                  <definition>No further information about this attribute was
										provided</definition>
                </textDomain>
              </nonNumericDomain>
            </nominal>
          </measurementScale>
        </attribute>
        <attribute id="DATAFILE">
          <attributeName>DATAFILE</attributeName>
          <attributeLabel>DATAFILE</attributeLabel>
          <attributeDefinition>DATAFILE</attributeDefinition>
          <storageType typeSystem="http://www.w3.org/2001/XMLSchema-datatypes">integer</storageType>
          <measurementScale>
            <nominal>
              <nonNumericDomain>
                <textDomain>
                  <definition>No further information about this attribute was
										provided</definition>
                </textDomain>
              </nonNumericDomain>
            </nominal>
          </measurementScale>
        </attribute>
        <attribute id="STD_DEV">
          <attributeName>STD_DEV</attributeName>
          <attributeLabel>STD_DEV</attributeLabel>
          <attributeDefinition>STD_DEV</attributeDefinition>
          <storageType typeSystem="http://www.w3.org/2001/XMLSchema-datatypes">integer</storageType>
          <measurementScale>
            <nominal>
              <nonNumericDomain>
                <textDomain>
                  <definition>No further information about this attribute was
										provided</definition>
                </textDomain>
              </nonNumericDomain>
            </nominal>
          </measurementScale>
        </attribute>
        <attribute id="GPS_HEIGHT">
          <attributeName>GPS_HEIGHT</attributeName>
          <attributeLabel>GPS_HEIGHT</attributeLabel>
          <attributeDefinition>GPS_HEIGHT</attributeDefinition>
          <storageType typeSystem="http://www.w3.org/2001/XMLSchema-datatypes">integer</storageType>
          <measurementScale>
            <nominal>
              <nonNumericDomain>
                <textDomain>
                  <definition>No further information about this attribute was
										provided</definition>
                </textDomain>
              </nonNumericDomain>
            </nominal>
          </measurementScale>
        </attribute>
        <attribute id="HORZ_PREC">
          <attributeName>HORZ_PREC</attributeName>
          <attributeLabel>HORZ_PREC</attributeLabel>
          <attributeDefinition>HORZ_PREC</attributeDefinition>
          <storageType typeSystem="http://www.w3.org/2001/XMLSchema-datatypes">integer</storageType>
          <measurementScale>
            <nominal>
              <nonNumericDomain>
                <textDomain>
                  <definition>No further information about this attribute was
										provided</definition>
                </textDomain>
              </nonNumericDomain>
            </nominal>
          </measurementScale>
        </attribute>
        <attribute id="VERT_PREC">
          <attributeName>VERT_PREC</attributeName>
          <attributeLabel>VERT_PREC</attributeLabel>
          <attributeDefinition>VERT_PREC</attributeDefinition>
          <storageType typeSystem="http://www.w3.org/2001/XMLSchema-datatypes">integer</storageType>
          <measurementScale>
            <nominal>
              <nonNumericDomain>
                <textDomain>
                  <definition>No further information about this attribute was
										provided</definition>
                </textDomain>
              </nonNumericDomain>
            </nominal>
          </measurementScale>
        </attribute>
        <attribute id="X">
          <attributeName>X</attributeName>
          <attributeLabel>X</attributeLabel>
          <attributeDefinition>X</attributeDefinition>
          <storageType typeSystem="http://www.w3.org/2001/XMLSchema-datatypes">integer</storageType>
          <measurementScale>
            <nominal>
              <nonNumericDomain>
                <textDomain>
                  <definition>No further information about this attribute was
										provided</definition>
                </textDomain>
              </nonNumericDomain>
            </nominal>
          </measurementScale>
        </attribute>
        <attribute id="Y">
          <attributeName>Y</attributeName>
          <attributeLabel>Y</attributeLabel>
          <attributeDefinition>Y</attributeDefinition>
          <storageType typeSystem="http://www.w3.org/2001/XMLSchema-datatypes">integer</storageType>
          <measurementScale>
            <nominal>
              <nonNumericDomain>
                <textDomain>
                  <definition>No further information about this attribute was
										provided</definition>
                </textDomain>
              </nonNumericDomain>
            </nominal>
          </measurementScale>
        </attribute>
      </attributeList>
      <geometry>Point</geometry>
      <geometricObjectCount>193</geometricObjectCount>
      <spatialReference>
        <horizCoordSysName>NAD_1983_UTM_Zone_13N</horizCoordSysName>
      </spatialReference>
    </spatialVector>
    <otherEntity>
      <entityName>Shapefile_FGDC_metadata</entityName>
      <entityDescription>Shapefile metadata in text format</entityDescription>
      <physical>
        <objectName>nwt9151_FGDC_metadata.txt</objectName>
        <dataFormat>
          <externallyDefinedFormat>
            <formatName>Natural language text</formatName>
          </externallyDefinedFormat>
        </dataFormat>
        <distribution>
          <online>
            <url>https://pasta.lternet.edu/package/data/eml/knb-lter-nwt/915/1/24f32f25634e810babf0fe43bd58fa7f</url>
          </online>
        </distribution>
      </physical>
      <entityType>Shapefile metadata in text format</entityType>
    </otherEntity>
    <otherEntity>
      <entityName>Browse_JPG</entityName>
      <entityDescription>JPG graphic showing data extent.</entityDescription>
      <physical>
        <objectName>nwt9151_browse.jpg</objectName>
        <dataFormat>
          <externallyDefinedFormat>
            <formatName>JPG</formatName>
          </externallyDefinedFormat>
        </dataFormat>
        <distribution>
          <online>
            <url>https://pasta.lternet.edu/package/data/eml/knb-lter-nwt/915/1/136ba858a1285016564e68ea46f35059</url>
          </online>
        </distribution>
      </physical>
      <entityType>JPG</entityType>
    </otherEntity>
  </dataset>
</eml:eml>
